CASENUM,STRATUM,REGION,PJ,PSU,PSUSTRAT,WEIGHT,VE_TOTAL,MONTH,WKDY_IM,YEAR,HOUR_IM,MINUTE_IM,EVENT1_IM,MANCOL_IM,RELJCT1_IM,RELJCT2_IM,LGTCON_IM,WEATHR_IM,MAXSEV_IM,NO_INJ_IM,ALCHL_IM,LAND_USE,PVH_INVL,TYP_INT,REL_ROAD,CF1,CF2,CF3
201010428337,6,1,2,2,3,135.73,1,10,3,2010,22,11,73,0,0,1,3,2,0,0,2,1,0,1,4,,,
201010428339,3,1,2,2,3,27.146,2,10,1,2010,13,53,12,1,0,1,1,1,2,1,2,1,0,1,1,,,
201010428350,2,1,1,2,3,27.146,3,10,5,2010,15,40,12,6,0,1,1,1,3,2,2,1,0,1,1,,,
201010428357,5,1,1,2,3,54.292,2,10,3,2010,16,30,12,1,0,1,1,1,3,1,2,1,0,1,1,,,
201010428363,2,1,3,2,3,27.146,2,10,5,2010,9,43,12,6,0,1,1,10,0,0,2,1,0,1,1,,,
201010428370,3,1,6,2,3,49.28,2,10,1,2010,17,52,12,2,0,1,5,1,3,2,2,3,0,1,1,,,
201010428372,4,1,6,2,3,295.682,2,10,4,2010,17,5,12,6,0,2,5,1,0,0,2,3,0,2,1,,,
201010428373,5,1,6,2,3,49.28,1,10,3,2010,8,55,42,0,0,1,1,2,2,1,2,3,0,1,4,,,
201010428380,5,1,10,2,3,89.853,2,10,3,2010,11,15,12,6,0,4,1,1,2,1,2,1,0,1,1,,,
201010428382,4,1,9,2,3,287.619,1,10,6,2010,21,5,24,0,0,1,2,1,0,0,2,1,0,1,1,,,
201010428383,4,1,10,2,3,269.56,2,10,2,2010,18,37,12,2,0,1,3,1,0,0,2,1,0,1,1,,,
201010428389,5,1,4,2,3,53.887,2,10,2,2010,10,0,12,1,0,2,1,10,1,1,2,8,0,2,1,,,
201010428390,4,1,4,2,3,269.434,2,10,3,2010,7,41,12,7,0,1,1,2,0,0,2,8,0,1,7,,,
201010428392,5,1,4,2,3,53.887,1,10,3,2010,19,11,24,0,0,1,2,1,1,1,2,8,0,1,1,,,
201010428395,6,1,9,2,3,115.047,1,10,7,2010,1,30,74,0,0,1,3,1,0,0,2,1,0,1,4,,,
201010428396,6,1,4,2,3,107.773,2,10,2,2010,16,12,12,2,0,1,1,10,0,0,2,8,0,1,1,,,
201010428401,4,1,9,2,3,287.619,2,10,5,2010,16,27,12,6,0,2,1,1,1,1,2,1,0,2,1,,,
201010428402,5,1,9,2,3,57.524,1,10,5,2010,14,37,42,0,0,1,1,1,1,2,2,1,0,1,4,,,
201010428408,4,1,9,2,3,287.619,2,10,3,2010,9,34,12,6,0,2,1,2,0,0,2,1,0,3,1,,,
201010428409,6,1,9,2,3,115.047,1,10,1,2010,18,52,24,0,0,1,2,1,0,0,2,1,0,1,1,,,
201010428411,5,1,9,2,3,57.524,2,10,2,2010,17,48,12,2,0,1,1,2,1,2,2,1,0,1,1,,,
201010428415,4,1,9,2,3,287.619,2,9,4,2010,15,15,12,1,0,1,1,1,0,0,1,1,0,1,1,,,
201010428416,1,1,9,2,3,57.524,1,9,6,2010,2,40,38,0,0,1,2,10,3,1,1,1,0,1,5,,,
201010428418,5,1,9,2,3,57.524,1,9,5,2010,23,23,24,0,0,1,2,1,2,1,2,1,0,1,1,,,
201010428422,4,1,9,2,3,287.619,1,9,4,2010,23,53,24,0,0,1,3,1,0,0,2,1,0,1,1,,,
201010428424,5,1,9,2,3,57.524,1,9,5,2010,7,30,34,0,0,1,1,1,1,1,2,1,0,1,4,,,
201010428458,6,1,10,2,3,89.853,2,10,5,2010,16,46,12,6,0,1,1,1,0,0,1,1,0,1,1,,,
201010428459,4,1,10,2,3,269.56,1,10,6,2010,7,20,74,0,0,1,4,1,0,0,2,1,0,1,4,,,
201010428461,6,1,10,2,3,89.853,2,10,7,2010,13,25,12,7,0,1,1,10,0,0,1,1,0,1,1,,,
201010428463,6,1,10,2,3,89.853,2,10,2,2010,8,56,12,1,0,1,1,10,0,0,2,1,0,1,1,,,
201010428465,4,1,1,2,3,298.606,1,10,4,2010,18,30,24,0,0,1,2,10,0,0,2,1,0,1,1,,,
201010428467,6,1,10,2,3,89.853,2,10,1,2010,8,45,12,2,0,2,1,1,0,0,2,1,0,8,1,,,
201010428470,4,1,10,2,3,269.56,2,10,2,2010,17,41,12,1,0,2,1,10,0,0,2,1,0,8,1,,,
201010428474,3,1,1,2,3,27.146,1,10,2,2010,14,43,42,0,0,1,1,10,2,1,2,1,0,1,4,,,
201010428477,6,1,10,2,3,89.853,2,10,4,2010,14,23,12,1,0,2,1,2,1,1,2,1,0,8,1,,,
201010428481,4,1,3,2,3,298.606,2,10,5,2010,19,39,12,6,0,4,2,1,0,0,2,1,0,1,1,,,
201010428490,4,1,4,2,3,269.434,2,10,6,2010,21,54,12,1,0,4,3,1,0,0,2,8,0,1,1,,,
201010428493,6,1,4,2,3,107.773,1,10,2,2010,19,0,24,0,0,1,2,10,0,0,2,8,0,1,1,,,
201010428498,4,1,6,2,3,295.682,2,10,7,2010,13,20,14,0,0,4,1,1,0,0,2,3,1,1,7,,,
201010428504,6,1,1,2,3,135.73,1,10,5,2010,22,6,74,0,0,1,3,1,0,0,1,1,0,1,4,,,
201010428509,4,1,3,2,3,298.606,2,11,1,2010,12,5,12,6,0,4,1,10,0,0,2,1,0,1,1,,,
201010428513,3,1,6,2,3,49.28,1,10,1,2010,12,8,35,0,0,1,1,1,2,1,2,3,0,1,4,,,
201010428514,3,1,6,2,3,49.28,1,10,1,2010,15,29,32,0,0,1,1,1,3,1,2,3,0,1,4,,,
201010428515,5,1,6,2,3,49.28,2,10,3,2010,9,44,12,6,0,2,1,1,1,2,2,3,0,3,1,,,
201010428516,6,1,6,2,3,147.841,1,10,6,2010,0,31,42,0,0,1,2,1,0,0,1,3,0,1,4,,,
201010428519,4,1,6,2,3,295.682,1,10,7,2010,18,54,24,0,0,1,2,10,0,0,2,3,0,1,1,,,
201010428520,5,1,6,2,3,49.28,1,10,1,2010,6,43,39,0,0,1,4,2,1,1,2,3,0,1,4,,,
201010428523,6,1,6,2,3,147.841,1,10,4,2010,21,35,42,0,0,1,2,10,0,0,1,3,0,1,4,,,
201010428526,5,1,2,2,3,54.292,1,10,1,2010,23,39,30,0,0,1,3,1,1,1,2,1,0,1,4,,,
201010428527,2,1,2,2,3,27.146,1,11,3,2010,14,30,71,0,0,1,1,1,0,0,2,1,0,1,1,,,
201010428528,5,1,6,2,3,49.28,1,10,5,2010,22,14,42,0,0,1,2,1,2,1,2,3,0,1,4,,,
201010428529,5,1,6,2,3,49.28,1,10,1,2010,1,55,34,0,0,2,2,10,1,1,2,3,0,4,4,,,
201010428531,5,1,6,2,3,49.28,1,10,1,2010,4,52,32,0,0,1,2,10,2,1,2,3,0,1,4,,,
201010428532,3,1,2,2,3,27.146,1,11,3,2010,15,26,1,0,0,1,1,1,3,1,2,1,0,1,1,,,
201010428534,1,1,2,2,3,27.146,2,11,4,2010,15,39,12,7,0,1,1,1,3,1,2,1,0,1,1,,,
201010428536,4,1,10,2,3,269.56,3,10,5,2010,17,38,12,1,0,2,1,1,0,0,2,1,0,2,1,,,
201010428538,5,1,10,2,3,89.853,2,10,1,2010,18,28,12,1,0,4,2,10,1,2,2,1,0,1,1,,,
201010428540,1,1,6,2,3,49.28,1,11,2,2010,16,34,30,0,0,1,1,1,3,1,1,3,0,1,4,,,
201010428544,6,1,10,2,3,89.853,1,11,5,2010,11,55,33,0,0,1,1,2,0,0,2,1,0,1,4,,,
201010428545,5,1,6,2,3,49.28,1,11,3,2010,18,43,17,0,0,4,3,1,2,1,2,3,0,1,4,,,
201010428548,6,1,4,2,3,107.773,2,10,1,2010,14,0,12,1,0,2,1,10,0,0,2,8,0,3,1,,,
201010428564,6,1,16,2,3,106.645,1,5,2,2010,18,0,74,0,0,1,1,1,0,0,2,1,0,1,4,,,
201010428565,4,1,16,2,3,319.935,1,5,5,2010,22,30,24,0,0,1,2,10,0,0,2,1,0,1,1,,,
201010428567,6,1,16,2,3,106.645,1,5,2,2010,21,36,34,0,0,4,2,1,2,1,2,1,0,1,5,,,
201010428568,5,1,16,2,3,106.645,2,5,1,2010,18,0,12,6,0,4,1,1,3,4,2,1,0,1,1,,,
201010428570,4,1,16,2,3,319.935,1,6,7,2010,6,30,24,0,0,1,1,10,0,0,2,1,0,1,1,,,
201010428573,6,1,16,2,3,106.645,1,6,7,2010,12,49,24,0,0,1,1,10,0,0,2,1,0,1,1,,,
201010428574,6,1,16,2,3,106.645,2,6,6,2010,17,30,12,1,0,2,1,1,0,0,1,1,0,4,1,,,
201010428575,1,1,16,2,3,106.645,1,6,2,2010,9,41,74,0,0,1,1,1,3,1,2,1,0,1,4,,,
201010428576,4,1,16,2,3,319.935,2,6,3,2010,16,5,12,6,0,1,1,2,0,0,2,1,0,1,1,,,
201010428577,2,1,16,2,3,106.645,2,6,3,2010,7,0,12,1,0,1,1,1,0,0,2,1,0,1,1,,,
201010428579,5,1,16,2,3,106.645,2,7,6,2010,18,5,12,1,0,4,1,1,1,2,2,1,0,1,1,,,
201010428581,3,1,16,2,3,106.645,1,7,7,2010,12,45,53,0,0,1,1,1,2,1,2,1,0,1,5,,,
201010428582,3,1,16,2,3,106.645,1,7,6,2010,12,25,24,0,0,1,1,1,3,1,2,1,0,1,1,,,
201010428583,6,1,16,2,3,106.645,1,7,1,2010,10,50,42,0,0,1,1,1,2,1,2,1,0,1,4,,,
201010428584,6,1,16,2,3,106.645,2,7,6,2010,19,1,12,1,0,1,1,1,0,0,2,1,0,1,1,,,
201010428585,5,1,16,2,3,106.645,2,8,7,2010,12,37,12,6,0,2,1,1,1,1,2,1,0,2,1,,,
201010428586,6,1,16,2,3,106.645,2,8,1,2010,8,31,12,1,0,1,1,1,1,1,2,1,0,1,1,,,
201010428587,4,1,16,2,3,319.935,1,8,5,2010,20,50,59,0,0,1,3,1,0,0,2,1,0,1,4,,,
201010428588,6,1,16,2,3,106.645,2,8,7,2010,15,30,12,1,0,6,1,1,0,0,2,1,0,1,1,,,
201010428604,5,1,3,2,3,54.292,2,11,1,2010,16,9,12,6,0,2,1,1,1,2,2,1,0,8,1,,,
201010428608,4,1,6,2,3,295.682,2,11,5,2010,12,15,12,6,0,1,1,2,0,0,2,3,0,1,1,,,
201010428609,6,1,6,2,3,147.841,2,11,2,2010,8,11,12,6,0,4,1,2,0,0,2,3,0,1,1,,,
201010428617,2,1,3,2,3,27.146,2,11,5,2010,12,14,12,6,0,2,1,1,1,2,2,1,0,2,1,,,
201010428625,6,1,3,2,3,135.73,2,11,1,2010,15,6,12,1,0,5,1,1,0,0,2,1,0,8,1,,,
201010428627,4,1,3,2,3,298.606,2,11,1,2010,12,36,12,7,0,1,1,1,0,0,2,1,0,1,1,,,
201010428630,4,1,2,2,3,298.606,1,11,1,2010,22,33,24,0,0,1,2,1,0,0,2,1,0,1,1,,,
201010428638,6,1,2,2,3,135.73,2,11,4,2010,8,59,12,2,0,2,1,1,1,1,2,1,0,3,1,,,
201010428641,5,1,3,2,3,54.292,1,11,3,2010,14,21,75,0,0,1,1,2,1,1,2,1,0,1,4,,,
201010428647,5,1,6,2,3,49.28,1,11,2,2010,14,40,42,0,0,1,1,3,1,1,2,3,0,1,4,,,
201010428649,5,1,6,2,3,49.28,3,11,2,2010,12,30,12,1,0,1,1,2,3,1,2,3,0,1,1,,,
201010428650,5,1,6,2,3,49.28,1,11,2,2010,19,43,30,0,0,1,3,10,1,1,2,3,0,1,4,,,
201010428652,4,1,6,2,3,295.682,2,11,4,2010,17,0,12,1,0,1,3,1,1,1,2,3,0,1,1,,,
201010428655,6,1,6,2,3,147.841,1,11,5,2010,3,14,59,0,0,2,2,1,0,0,2,3,0,2,4,,,
201010428657,5,1,9,2,3,57.524,2,11,6,2010,11,31,12,1,0,2,1,1,1,3,2,1,0,2,1,,,
201010428660,6,1,9,2,3,115.047,2,11,6,2010,13,32,12,1,0,1,1,1,0,0,2,1,0,1,1,,,
201010428662,6,1,10,2,3,89.853,2,10,7,2010,14,36,12,1,0,1,1,1,0,0,2,1,0,1,1,,,
201010428663,6,1,9,2,3,115.047,2,11,3,2010,8,54,12,6,0,2,1,10,0,0,2,1,0,3,1,,,
201010428664,4,1,10,2,3,269.56,2,10,7,2010,16,49,12,6,0,2,1,1,0,0,2,1,0,8,1,,,
201010428667,6,1,10,2,3,89.853,2,11,7,2010,9,58,12,1,0,4,1,1,0,0,2,1,0,1,1,,,
201010428668,4,1,9,2,3,287.619,2,10,7,2010,20,15,12,6,0,2,2,1,0,0,2,1,0,3,1,,,
201010428673,4,1,10,2,3,269.56,1,11,7,2010,19,33,24,0,0,1,3,1,0,0,2,1,0,1,1,,,
201010428674,6,1,9,2,3,115.047,1,11,1,2010,4,55,42,0,0,1,2,1,0,0,2,1,0,1,4,,,
201010428679,6,1,10,2,3,89.853,3,11,3,2010,17,22,12,1,0,2,3,2,1,1,2,1,0,3,1,,,
201010428680,6,1,9,2,3,115.047,2,11,5,2010,8,35,12,1,0,1,1,2,0,0,2,1,0,1,1,,,
201010428681,4,1,10,2,3,269.56,2,11,3,2010,8,50,12,6,0,2,1,10,0,0,2,1,0,8,1,,,
201010428684,4,1,9,2,3,287.619,1,11,6,2010,7,0,43,0,0,1,1,2,0,0,2,1,0,1,1,,,
201010428687,2,1,9,2,3,57.524,2,11,4,2010,11,16,12,6,0,2,1,1,0,0,2,1,0,3,1,,,
201010428690,5,1,4,2,3,53.887,2,11,2,2010,14,37,12,1,0,1,1,2,2,2,2,8,0,1,1,,,
201010428691,1,1,9,2,3,57.524,2,10,3,2010,6,0,12,6,0,2,3,5,3,3,2,1,0,3,1,,,
201010428693,6,1,9,2,3,115.047,2,10,5,2010,12,51,12,1,0,2,1,1,0,0,2,1,0,3,1,,,
201010428694,4,1,4,2,3,269.434,2,11,4,2010,15,28,12,1,0,1,1,1,0,0,2,8,0,1,1,,,
201010428697,6,1,4,2,3,107.773,2,11,6,2010,18,0,12,1,0,1,1,1,0,0,2,8,0,1,1,,,
201010428698,6,1,9,2,3,115.047,1,10,2,2010,6,44,42,0,0,1,2,5,0,0,2,1,0,1,4,,,
201010428703,5,1,1,2,3,54.292,3,10,7,2010,14,46,74,0,0,1,1,10,1,6,2,1,0,1,4,,,
201010428710,4,1,1,2,3,298.606,1,10,6,2010,18,20,24,0,0,1,2,10,0,0,2,1,0,1,1,,,
201010428713,5,1,1,2,3,54.292,1,11,2,2010,11,5,74,0,0,1,1,1,2,1,1,1,0,1,4,,,
201010428714,6,1,1,2,3,135.73,1,11,6,2010,17,27,24,0,0,1,2,1,0,0,2,1,0,1,1,,,
201010428724,5,1,10,2,3,89.853,2,11,4,2010,9,6,12,2,0,2,1,1,2,1,2,1,0,3,1,,,
201010428730,4,1,10,2,3,269.56,1,11,2,2010,18,3,43,0,0,1,2,1,0,0,2,1,0,1,5,,,
201010428732,2,1,3,2,3,27.146,2,11,3,2010,15,11,12,1,0,1,1,1,1,1,2,1,0,1,1,,,
201010428736,6,1,3,2,3,135.73,2,11,2,2010,14,8,12,2,0,2,1,10,1,1,2,1,0,3,1,,,
201010428738,4,1,3,2,3,298.606,2,11,6,2010,11,14,12,7,0,1,1,10,0,0,2,1,0,1,1,,,
201010428744,4,1,6,2,3,295.682,1,11,4,2010,7,42,24,0,0,1,1,10,0,0,2,3,0,1,1,,,
201010428771,6,1,6,2,3,147.841,1,11,7,2010,5,20,24,0,0,1,2,1,0,0,2,3,0,1,1,,,
201010428775,4,1,6,2,3,295.682,1,11,2,2010,5,10,24,0,0,1,2,1,0,0,2,3,0,1,1,,,
201010428777,6,1,6,2,3,147.841,1,11,6,2010,6,55,34,0,0,1,4,2,0,0,2,3,0,1,4,,,
201010428781,5,1,6,2,3,49.28,1,11,3,2010,12,54,53,0,0,1,1,2,1,1,2,3,0,1,4,,,
201010428783,1,1,6,2,3,49.28,1,11,3,2010,22,34,42,0,0,1,2,10,3,1,2,3,0,1,4,,,
201010428785,4,1,10,2,3,269.56,2,11,2,2010,7,32,12,1,0,4,1,1,0,0,2,1,0,1,1,,,
201010428788,4,1,10,2,3,269.56,2,11,3,2010,19,4,12,7,0,1,3,10,0,0,2,1,0,1,1,,,
201010428796,4,1,2,2,3,298.606,1,11,1,2010,17,43,24,0,0,1,3,1,0,0,2,1,0,1,1,,,
201010428812,4,1,1,2,3,298.606,1,12,6,2010,18,30,74,0,0,1,3,4,0,0,2,1,0,1,4,,,
201010428815,6,1,1,2,3,135.73,1,12,1,2010,9,15,74,0,0,1,1,2,0,0,2,1,0,1,4,,,
201010428816,1,1,1,2,3,27.146,1,12,1,2010,8,0,42,0,0,1,1,2,3,1,2,1,0,1,5,,,
201010428822,5,1,1,2,3,54.292,2,11,7,2010,16,30,12,1,0,1,1,10,2,1,1,1,0,1,1,,,
201010428823,1,1,1,2,3,27.146,2,12,4,2010,13,30,12,6,0,2,1,2,3,1,2,1,0,3,1,,,
201010428831,4,1,1,2,3,298.606,1,11,1,2010,19,10,24,0,0,1,3,1,0,0,2,1,0,1,1,,,
201010428832,6,1,1,2,3,135.73,2,11,1,2010,15,25,12,6,0,4,1,10,0,0,2,1,0,1,1,,,
201010428844,4,1,3,2,3,298.606,2,12,3,2010,9,36,12,2,0,2,1,1,0,0,2,1,0,3,1,,,
201010428853,6,1,3,2,3,135.73,1,12,5,2010,17,43,24,0,0,1,2,1,0,0,2,1,0,1,1,,,
201010428860,6,1,3,2,3,135.73,2,12,7,2010,15,45,12,7,0,2,1,10,0,0,2,1,0,5,1,,,
201010428863,4,1,6,2,3,295.682,2,11,6,2010,14,46,12,7,0,1,1,1,0,0,2,3,0,1,1,,,
201010428867,2,1,6,2,3,49.28,2,12,5,2010,10,45,12,1,0,1,1,1,0,0,2,3,0,1,1,,,
201010428871,4,1,6,2,3,295.682,1,12,2,2010,17,12,24,0,0,1,2,10,0,0,2,3,0,1,1,,,
201010428872,5,1,6,2,3,49.28,1,12,2,2010,4,49,35,0,0,1,2,4,1,1,2,3,0,1,4,,,
201010428873,5,1,6,2,3,49.28,2,12,2,2010,15,49,12,6,0,1,1,4,1,2,2,3,0,1,4,,,
201010428874,6,1,6,2,3,147.841,1,12,7,2010,20,20,74,0,0,1,3,10,0,0,1,3,0,1,4,,,
201010428877,5,1,6,2,3,49.28,2,12,2,2010,13,48,12,6,0,2,1,10,1,2,2,3,0,2,1,,,
201010428881,5,1,9,2,3,57.524,1,11,5,2010,13,34,1,0,0,1,1,1,2,1,2,1,0,1,2,,,
201010428882,4,1,9,2,3,287.619,1,12,2,2010,8,25,24,0,0,1,1,1,0,0,2,1,0,1,1,,,
201010428883,6,1,10,2,3,89.853,2,12,5,2010,5,30,12,6,0,2,3,1,1,1,2,1,0,8,1,,,
201010428885,5,1,10,2,3,89.853,2,12,7,2010,12,36,12,1,0,1,1,1,5,2,2,1,0,1,1,,,
201010428889,6,1,9,2,3,115.047,1,11,3,2010,9,29,74,0,0,1,1,10,0,0,2,1,0,1,3,,,
201010428891,5,1,10,2,3,89.853,2,12,4,2010,12,20,12,2,0,2,1,10,1,2,2,1,0,3,1,,,
201010428894,6,1,9,2,3,115.047,1,11,7,2010,14,15,35,0,0,1,1,10,0,0,2,1,0,1,5,,,
201010428896,4,1,9,2,3,287.619,1,11,5,2010,18,40,24,0,0,1,2,1,0,0,2,1,0,1,1,,,
201010428904,6,1,9,2,3,115.047,1,11,1,2010,21,40,24,0,0,1,2,1,0,0,2,1,0,1,1,,,
201010428907,6,1,9,2,3,115.047,1,11,2,2010,23,54,24,0,0,1,3,1,0,0,2,1,0,1,1,,,
201010428908,4,1,9,2,3,287.619,2,11,6,2010,8,44,12,1,0,2,1,1,0,0,2,1,0,2,1,,,
201010428912,3,1,9,2,3,57.524,1,11,7,2010,21,14,21,0,0,1,2,1,3,1,1,1,0,1,1,,,
201010428915,4,1,9,2,3,287.619,2,11,5,2010,12,25,12,7,0,1,1,1,0,0,2,1,0,1,1,,,
201010428926,5,1,1,2,3,54.292,2,12,7,2010,0,25,12,6,0,4,3,1,1,1,2,1,0,1,1,,,
201010428933,4,1,3,2,3,298.606,3,12,2,2010,15,44,12,1,0,1,1,1,1,1,2,1,0,1,1,,,
201010428938,1,1,2,2,3,27.146,1,12,5,2010,0,13,30,0,0,1,2,1,3,2,1,1,0,1,4,,,
201010428942,6,1,2,2,3,135.73,2,12,5,2010,17,21,12,6,0,1,3,10,0,0,2,1,0,1,1,,,
201010428943,4,1,2,2,3,298.606,1,12,1,2010,7,13,74,0,0,1,1,3,0,0,2,1,0,1,4,,,
201010428959,4,1,3,2,3,298.606,3,12,7,2010,14,21,12,1,0,1,1,1,0,0,2,1,0,1,1,,,
201010428962,4,1,10,2,3,269.56,1,12,2,2010,14,36,21,0,0,1,1,10,0,0,2,1,0,1,1,,,
201010428963,6,1,6,2,3,147.841,1,12,6,2010,21,43,35,0,0,1,2,4,0,0,2,3,0,1,4,,,
201010428966,4,1,6,2,3,295.682,1,12,5,2010,6,30,24,0,0,1,4,10,0,0,2,3,0,1,1,,,
201010428969,2,1,6,2,3,49.28,1,12,3,2010,1,10,1,0,0,6,2,1,0,0,2,3,0,1,4,,,
201010428970,5,1,6,2,3,49.28,1,12,5,2010,6,18,30,0,0,1,4,1,1,1,2,3,0,1,4,,,
201010428971,6,1,4,2,3,107.773,2,12,3,2010,11,25,14,0,0,1,1,10,0,0,2,8,1,1,7,,,
201010428973,5,1,6,2,3,49.28,2,12,7,2010,17,35,12,1,0,1,2,10,1,3,2,3,0,1,1,,,
201010428975,4,1,4,2,3,269.434,1,12,4,2010,18,35,24,0,0,1,2,1,0,0,2,8,0,1,1,,,
201010428978,6,1,6,2,3,147.841,1,12,1,2010,17,10,30,0,0,1,2,2,0,0,2,3,0,1,4,,,
201010428985,6,1,4,2,3,107.773,1,12,1,2010,4,51,34,0,0,1,2,3,0,0,2,8,0,1,4,,,
201010428986,5,1,4,2,3,53.887,1,12,1,2010,4,56,75,0,0,1,2,3,1,1,2,8,0,1,5,,,
201010429004,6,1,1,2,3,135.73,1,12,5,2010,16,6,74,0,0,1,1,1,0,0,2,1,0,1,4,,,
201010429007,4,1,1,2,3,298.606,2,12,4,2010,15,1,12,1,0,5,1,1,0,0,2,1,0,1,1,,,
201010429011,5,1,1,2,3,54.292,1,12,3,2010,3,9,32,0,0,1,2,1,2,1,2,1,0,1,4,,,
201010429013,5,1,10,2,3,89.853,2,12,1,2010,20,43,12,2,0,2,3,2,1,1,2,1,0,8,1,,,
201010429015,4,1,10,2,3,269.56,2,12,6,2010,11,35,12,6,0,4,1,10,0,0,2,1,0,1,1,,,
201010429018,6,1,10,2,3,89.853,2,12,2,2010,17,1,12,6,0,2,5,1,0,0,1,1,0,8,1,,,
201010429022,4,1,10,2,3,269.56,1,12,4,2010,11,0,22,0,0,2,1,1,1,1,2,1,0,2,1,,,
201010429024,5,1,3,2,3,54.292,3,12,6,2010,12,16,12,1,0,1,1,1,1,1,2,1,0,1,1,,,
201010429027,5,1,10,2,3,89.853,1,12,3,2010,12,58,42,0,0,1,1,10,1,1,2,1,0,1,5,,,
201010429030,5,1,3,2,3,54.292,2,12,7,2010,11,55,12,1,0,1,1,10,1,3,2,1,0,1,1,,,
201010429033,5,1,3,2,3,54.292,2,12,5,2010,10,53,12,6,0,4,1,1,1,2,2,1,0,1,1,,,
201010429034,6,1,3,2,3,135.73,2,12,2,2010,13,54,12,6,0,4,1,10,1,1,2,1,0,1,1,,,
201010429037,6,1,4,2,3,107.773,2,12,5,2010,15,46,12,1,0,1,1,1,0,0,2,8,0,1,1,,,
201010429038,5,1,3,2,3,54.292,2,12,2,2010,11,24,12,6,0,2,1,1,1,1,2,1,0,8,1,,,
201010429039,2,1,4,2,3,53.887,1,12,6,2010,5,36,74,0,0,2,3,1,0,0,2,8,0,3,4,,,
201010429046,5,1,4,2,3,53.887,1,12,7,2010,4,20,34,0,0,1,2,1,3,1,1,8,0,1,4,,,
201010429054,4,1,4,2,3,269.434,2,12,4,2010,7,54,12,6,0,4,1,10,0,0,2,8,0,1,1,,,
201010429055,4,1,6,2,3,295.682,1,12,4,2010,18,30,24,0,0,1,2,1,0,0,2,3,0,1,1,,,
201010429066,4,1,6,2,3,295.682,1,12,7,2010,18,30,24,0,0,1,2,1,0,0,2,3,0,1,1,,,
201010429068,6,1,6,2,3,147.841,2,12,1,2010,17,0,12,6,0,4,5,1,1,1,2,3,0,1,1,,,
201010429084,4,1,10,2,3,269.56,2,12,5,2010,17,59,12,1,0,2,2,1,0,0,2,1,0,8,1,,,
201010429085,6,1,10,2,3,89.853,1,12,1,2010,15,30,25,0,0,1,1,4,0,0,2,1,0,1,1,,,
201010429086,4,1,3,2,3,298.606,1,12,2,2010,19,11,74,0,0,5,2,1,0,0,2,1,0,1,4,,,
201010429087,6,1,10,2,3,89.853,1,12,1,2010,13,2,71,0,0,1,1,4,0,0,2,1,0,1,4,,,
201010429088,5,1,10,2,3,89.853,1,12,3,2010,8,37,48,0,0,1,1,1,1,1,2,1,0,1,4,,,
201010429095,4,1,10,2,3,269.56,1,12,2,2010,17,37,21,0,0,1,3,4,1,1,2,1,0,1,1,,,
201010429098,6,1,6,2,3,147.841,1,12,4,2010,5,30,24,0,0,1,2,10,0,0,2,3,0,1,1,,,
201010429101,2,1,6,2,3,49.28,2,12,2,2010,14,9,12,1,0,1,1,10,1,1,2,3,0,1,1,,,
201010429104,5,1,6,2,3,49.28,1,12,6,2010,16,55,43,0,0,1,3,10,1,1,2,3,0,1,4,,,
201010429105,6,1,6,2,3,147.841,1,12,6,2010,6,30,24,0,0,1,4,1,0,0,2,3,0,1,1,,,
201010429107,4,1,6,2,3,295.682,1,12,5,2010,0,10,24,0,0,1,2,1,0,0,2,3,0,1,1,,,
201010429124,6,1,10,2,3,89.853,2,12,5,2010,8,20,12,1,0,4,1,1,0,0,2,1,0,1,1,,,
201010429125,4,1,4,2,3,269.434,2,12,2,2010,15,14,12,6,0,1,1,1,0,0,2,8,0,1,1,,,
201010429126,2,1,4,2,3,53.887,1,12,2,2010,10,55,43,0,0,1,1,1,0,0,2,8,0,1,5,,,
201010429143,1,1,2,2,3,27.146,2,12,2,2010,18,28,12,2,0,1,2,4,2,1,2,1,0,1,1,,,
201010429148,5,1,6,2,3,49.28,1,12,5,2010,13,32,42,0,0,1,1,10,1,1,2,3,0,1,5,,,
201010429151,4,1,6,2,3,295.682,1,12,6,2010,18,0,42,0,0,1,2,10,0,0,2,3,0,1,4,,,
201010429157,4,1,9,2,3,287.619,1,12,6,2010,13,20,24,0,0,1,1,1,0,0,2,1,0,1,1,,,
201010429158,5,1,9,2,3,57.524,1,12,1,2010,16,18,42,0,0,1,2,4,2,1,2,1,0,1,5,,,
201010429163,6,1,9,2,3,115.047,1,12,5,2010,11,28,30,0,0,1,1,1,0,0,2,1,0,1,4,,,
201010429167,6,1,9,2,3,115.047,1,12,2,2010,14,2,59,0,0,1,1,1,0,0,2,1,0,1,5,,,
201010429173,6,1,9,2,3,115.047,2,12,1,2010,14,21,12,1,0,4,1,10,0,0,2,1,0,1,1,,,
201010429175,5,1,9,2,3,57.524,1,12,7,2010,9,2,30,0,0,1,1,1,1,2,2,1,0,1,4,,,
201010429176,4,1,9,2,3,287.619,1,12,6,2010,17,31,24,0,0,1,2,1,0,0,2,1,0,1,1,,,
201010429177,6,1,9,2,3,115.047,2,12,6,2010,15,9,12,1,0,1,1,1,1,1,2,1,0,1,1,,,
201010429179,6,1,9,2,3,115.047,1,12,1,2010,8,25,30,0,0,1,1,3,0,0,2,1,0,1,4,,,