CASENUM,STRATUM,REGION,PJ,PSU,PSUSTRAT,WEIGHT,VE_TOTAL,MONTH,WKDY_IM,YEAR,HOUR_IM,MINUTE_IM,EVENT1_IM,MANCOL_IM,RELJCT1_IM,RELJCT2_IM,LGTCON_IM,WEATHR_IM,MAXSEV_IM,NO_INJ_IM,ALCHL_IM,LAND_USE,PVH_INVL,TYP_INT,REL_ROAD,CF1,CF2,CF3
201010792383,5,1,3,3,1,55.866,2,5,7,2010,5,10,12,6,0,2,4,1,2,1,2,3,0,8,1,,,
201010792384,4,1,7,3,1,293.219,2,5,7,2010,16,15,12,1,0,1,1,1,0,0,2,3,0,1,1,,,
201010792397,4,1,4,3,1,293.494,2,5,2,2010,14,40,12,6,0,1,1,1,0,0,2,3,0,1,1,,,
201010792407,5,1,4,3,1,59.694,3,5,7,2010,0,35,12,1,0,1,3,1,1,1,2,3,0,1,1,,,
201010792431,1,1,4,3,1,4.974,2,5,1,2010,22,0,12,6,0,2,6,2,3,1,1,3,0,8,1,,,
201010792481,2,1,3,3,1,5.079,2,6,4,2010,9,45,12,6,0,1,1,1,0,0,2,3,0,1,1,,,
201010792482,6,1,3,3,1,132.047,2,6,4,2010,11,45,14,0,0,1,1,1,0,0,2,3,1,1,7,,,
201010792485,4,1,3,3,1,294.566,2,6,4,2010,14,40,12,6,0,2,1,1,0,0,2,3,0,8,1,,,
201010792500,3,1,8,3,1,19.864,1,5,6,2010,16,10,22,0,0,2,1,1,2,1,2,3,0,8,1,,,
201010792514,4,1,10,3,1,296.564,1,6,3,2010,11,11,21,0,0,2,1,1,1,1,2,3,0,8,1,,,
201010792539,6,1,8,3,1,129.114,2,6,5,2010,15,20,12,6,0,2,1,1,0,0,2,3,0,8,1,,,
201010792551,3,1,21,3,1,14.573,1,5,2,2010,22,30,21,0,0,1,3,1,2,1,2,3,0,1,1,,,
201010792571,2,1,1,3,1,2.491,2,6,5,2010,22,35,12,6,0,2,3,1,1,1,2,3,0,8,1,,,
201010792593,2,1,4,3,1,4.974,2,6,4,2010,8,30,12,6,0,2,1,1,1,1,2,3,0,8,1,,,
201010792598,3,1,4,3,1,19.898,2,6,4,2010,13,42,12,6,0,2,1,1,3,1,2,3,0,8,1,,,
201010792606,2,1,4,3,1,4.974,2,6,3,2010,16,0,12,7,0,1,1,2,1,1,2,3,0,1,1,,,
201010792643,4,1,13,3,1,295.16,1,6,1,2010,5,0,21,0,0,1,4,1,1,1,2,3,0,1,1,,,
201010792647,2,1,7,3,1,5.056,2,5,2,2010,13,20,12,6,0,2,1,1,0,0,2,3,0,8,1,,,
201010792656,2,1,7,3,1,5.056,2,6,5,2010,5,58,12,1,0,2,4,1,0,0,2,3,0,8,1,,,
201010792658,5,1,7,3,1,55.611,2,6,5,2010,9,0,12,6,0,2,1,1,1,2,2,3,0,8,1,,,
201010792673,6,1,7,3,1,131.443,2,6,6,2010,3,39,12,6,0,6,3,1,0,0,2,3,0,1,1,,,
201010792679,5,1,13,3,1,59.032,2,6,6,2010,13,45,12,1,0,1,1,1,1,3,2,3,0,1,1,,,
201010792693,4,1,4,3,1,293.494,2,6,6,2010,14,39,14,0,0,2,1,1,1,1,2,3,1,10,,,,
201010792713,3,1,16,3,1,15.62,1,6,4,2010,9,55,21,0,0,2,1,1,3,2,2,3,0,8,1,,,
201010792725,4,1,16,3,1,296.785,2,6,2,2010,17,15,12,1,0,2,1,1,1,1,2,3,0,8,1,,,
201010792747,5,1,21,3,1,58.293,2,6,6,2010,14,14,12,6,0,2,1,1,1,3,2,3,0,8,1,,,
201010792748,3,1,21,3,1,14.573,1,6,6,2010,17,0,22,0,0,2,1,1,3,1,2,3,0,8,1,,,
201010792766,4,1,21,3,1,291.467,2,6,6,2010,20,15,12,6,0,1,1,1,0,0,2,3,0,1,1,,,
201010792824,3,1,3,3,1,20.315,3,6,5,2010,17,55,12,6,0,4,1,1,2,2,2,3,0,1,1,,,
201010792830,4,1,8,3,1,292.99,1,6,4,2010,22,45,21,0,0,2,3,2,1,1,2,3,0,2,1,,,
201010792856,3,1,1,3,1,17.436,1,6,3,2010,12,55,21,0,0,1,1,1,5,1,2,3,0,1,1,,,
201010792929,4,1,3,3,1,294.566,2,6,1,2010,14,40,12,6,0,2,1,1,0,0,2,3,0,8,1,,,
201010792960,5,1,3,3,1,55.866,2,6,5,2010,7,50,12,6,0,2,1,1,1,1,2,3,0,8,1,,,
201010792975,3,1,7,3,1,20.222,1,6,5,2010,7,5,21,0,0,2,1,1,2,1,2,3,0,8,1,,,
201010792976,4,1,7,3,1,293.219,2,6,5,2010,11,21,14,0,0,1,1,1,0,0,2,3,1,1,7,,,
201010793018,2,1,10,3,1,4.783,2,6,6,2010,8,24,12,6,0,1,1,1,1,1,2,3,0,1,1,,,
201010793044,4,1,13,3,1,295.16,2,6,5,2010,17,32,12,1,0,1,,1,1,1,2,3,0,1,1,,,
201010793054,3,1,16,3,1,15.62,1,6,7,2010,12,39,22,0,0,1,1,1,4,2,2,3,0,8,1,,,
201010793060,5,1,16,3,1,54.671,2,6,3,2010,12,1,12,6,0,2,1,1,1,3,2,3,0,8,1,,,
201010793072,3,1,16,3,1,15.62,1,6,5,2010,8,9,22,0,0,2,1,1,3,1,2,3,0,8,1,,,
201010793098,5,1,21,3,1,58.293,1,6,3,2010,7,55,25,0,0,1,1,1,1,1,2,3,0,1,3,,,
201010793107,6,1,21,3,1,131.16,2,6,3,2010,15,40,12,1,0,1,1,1,0,0,2,3,0,1,1,,,
201010793153,5,1,1,3,1,57.288,2,6,1,2010,0,19,12,6,0,2,3,1,1,4,2,3,0,8,1,,,
201010793161,2,1,21,3,1,14.573,1,6,5,2010,12,50,71,0,0,1,1,1,0,0,2,3,0,1,1,,,
201010793198,6,1,4,3,1,129.336,3,6,2,2010,22,40,12,1,0,1,3,1,1,3,2,3,0,1,1,,,
201010793212,2,1,4,3,1,4.974,2,6,5,2010,6,45,12,6,0,2,1,1,1,1,2,3,0,8,1,,,
201010793230,4,1,4,3,1,293.494,2,6,7,2010,11,30,14,0,0,1,1,1,0,0,2,3,1,1,7,,,
201010793244,4,1,16,3,1,296.785,2,6,4,2010,13,30,12,6,0,1,1,1,0,0,2,3,0,1,7,,,
201010793262,4,1,21,3,1,291.467,2,6,2,2010,18,46,12,1,0,1,1,1,0,0,2,3,0,1,1,,,
201010793342,3,1,8,3,1,19.864,1,6,1,2010,21,1,21,0,0,2,3,1,2,1,2,3,0,2,1,,,
201010793371,4,1,1,3,1,293.914,1,6,6,2010,22,39,21,0,0,2,3,1,1,1,2,3,0,8,1,,,
201010793445,4,1,3,3,1,294.566,2,6,1,2010,14,15,12,1,0,1,1,1,0,0,2,3,0,1,1,,,
201010793462,3,1,4,3,1,19.898,1,6,4,2010,18,35,21,0,0,2,1,1,2,1,2,3,0,8,1,,,
201010793480,5,1,4,3,1,59.694,2,6,1,2010,1,30,12,6,0,2,3,1,1,11,2,3,0,8,1,,,
201010793520,4,1,7,3,1,293.219,2,7,7,2010,13,45,12,7,0,1,1,1,0,0,2,3,0,1,1,,,
201010793535,2,1,16,3,1,7.81,2,7,7,2010,9,20,12,6,0,2,1,1,4,2,2,3,0,8,1,,,
201010793546,3,1,21,3,1,14.573,1,7,6,2010,14,34,22,0,0,2,1,1,3,2,1,3,0,2,1,,,
201010793547,4,1,21,3,1,291.467,2,7,6,2010,15,45,12,1,0,1,1,1,0,0,2,3,0,1,1,,,
201010793558,4,1,10,3,1,296.564,2,6,7,2010,3,40,12,7,0,1,3,1,0,0,2,3,0,1,1,,,
201010793572,3,1,10,3,1,19.133,1,6,4,2010,15,35,21,0,0,2,1,1,3,1,1,3,0,8,1,,,
201010793600,2,1,4,3,1,4.974,2,7,5,2010,14,40,12,6,0,2,1,10,1,1,2,3,0,8,1,,,
201010793614,4,1,8,3,1,292.99,2,6,4,2010,17,45,14,0,0,1,1,1,0,0,2,3,1,1,7,,,
201010793636,5,1,8,3,1,59.591,2,6,3,2010,15,27,12,1,0,1,1,1,1,3,2,3,0,1,1,,,
201010793652,3,1,13,3,1,14.758,1,6,1,2010,7,20,21,0,0,2,1,1,2,1,2,3,0,8,1,,,
201010793678,1,1,3,3,1,5.079,1,6,6,2010,7,25,25,0,0,1,1,1,4,1,2,3,0,1,3,,,
201010793700,3,1,3,3,1,20.315,1,6,7,2010,20,8,22,0,0,2,1,1,2,1,2,3,0,8,1,,,
201010793730,6,1,1,3,1,129.522,3,7,6,2010,20,20,12,1,0,2,5,1,0,0,2,3,1,8,1,,,
201010793817,3,1,16,3,1,15.62,1,7,3,2010,10,40,22,0,0,2,1,1,3,2,2,3,0,8,1,,,
201010793823,4,1,13,3,1,295.16,1,7,2,2010,12,20,22,0,0,1,1,1,1,1,2,3,0,1,1,,,
201010793841,4,1,4,3,1,293.494,2,7,3,2010,17,20,12,1,0,1,1,1,0,0,2,3,0,1,1,,,
201010793846,3,1,4,3,1,19.898,1,7,6,2010,18,45,22,0,0,1,1,1,2,1,2,3,0,1,1,,,
201010793884,3,1,8,3,1,19.864,2,6,5,2010,14,14,14,0,0,1,1,1,2,1,2,3,1,1,7,,,
201010793898,4,1,3,3,1,294.566,2,7,1,2010,20,50,12,6,0,2,5,1,0,0,2,3,0,8,1,,,
201010793914,3,1,3,3,1,20.315,1,7,4,2010,19,50,15,0,0,1,1,1,2,1,2,3,0,1,1,,,
201010793920,5,1,3,3,1,55.866,2,7,5,2010,8,25,12,6,0,2,1,10,1,2,2,3,0,8,1,,,
201010793971,3,1,21,3,1,14.573,1,7,3,2010,13,45,22,0,0,4,1,1,2,1,2,3,0,1,1,,,
201010793981,3,1,21,3,1,14.573,1,7,6,2010,9,40,21,0,0,2,1,1,3,1,2,3,0,2,1,,,
201010793984,4,1,21,3,1,291.467,2,7,1,2010,0,35,14,0,0,2,3,1,0,0,2,3,1,8,7,,,
201010794012,2,1,4,3,1,4.974,2,7,4,2010,10,30,12,7,0,1,1,10,0,0,2,3,0,1,1,,,
201010794049,4,1,8,3,1,292.99,2,7,1,2010,21,46,14,0,0,1,3,1,0,0,2,3,1,1,7,,,
201010794073,3,1,13,3,1,14.758,1,7,3,2010,13,10,21,0,0,2,1,2,2,1,2,3,0,2,1,,,
201010794113,6,1,3,3,1,132.047,2,7,7,2010,17,30,12,1,0,2,1,1,0,0,2,3,0,3,1,,,
201010794146,3,1,16,3,1,15.62,1,7,2,2010,10,46,22,0,0,2,1,1,2,1,2,3,0,8,1,,,
201010794156,4,1,16,3,1,296.785,2,7,5,2010,11,49,14,0,0,1,1,10,0,0,2,3,1,1,7,,,
201010794167,2,1,7,3,1,5.056,2,7,7,2010,7,7,12,1,1,5,1,1,1,1,2,3,0,8,1,,,
201010794217,3,1,21,3,1,14.573,1,7,1,2010,19,50,21,0,0,1,1,1,3,1,2,3,0,1,1,,,
201010794218,2,1,21,3,1,14.573,2,7,2,2010,12,20,12,6,0,2,1,1,1,1,2,3,0,8,1,,,
201010794221,5,1,21,3,1,58.293,2,7,4,2010,8,13,12,6,0,2,1,10,1,1,2,3,0,8,1,,,
201010794227,3,1,21,3,1,14.573,1,7,5,2010,21,42,21,0,0,2,3,1,2,1,2,3,0,8,1,,,
201010794242,4,1,21,3,1,291.467,2,7,7,2010,15,0,12,1,0,1,1,1,0,0,2,3,0,1,1,,,
201010794249,3,1,21,3,1,14.573,1,7,6,2010,18,48,21,0,0,2,1,1,3,1,2,3,0,8,1,,,
201010794273,3,1,10,3,1,19.133,2,7,7,2010,15,0,12,2,0,2,1,1,2,1,2,3,0,8,1,,,
201010794283,4,1,3,3,1,294.566,2,7,1,2010,0,1,14,0,0,1,2,1,1,1,2,3,1,1,7,,,
201010794295,3,1,3,3,1,20.315,1,7,2,2010,17,25,21,0,0,1,1,10,3,1,2,3,0,1,1,,,
201010794298,2,1,3,3,1,5.079,1,7,3,2010,16,30,22,0,0,2,1,10,2,1,2,3,0,8,1,,,
201010794339,3,1,13,3,1,14.758,1,7,7,2010,14,45,21,0,0,1,1,1,2,1,2,3,0,1,1,,,
201010794342,4,1,13,3,1,295.16,2,7,2,2010,12,57,14,0,0,1,1,1,0,0,2,3,1,1,6,,,
201010794361,2,1,4,3,1,4.974,4,7,2,2010,21,45,14,0,0,1,5,1,2,2,2,3,3,1,7,,,
201010794375,2,1,4,3,1,4.974,2,7,6,2010,13,10,12,1,0,2,1,2,3,1,2,3,0,8,1,,,
201010794376,3,1,4,3,1,19.898,1,7,6,2010,22,5,21,0,0,2,6,1,2,1,2,3,0,8,1,,,
201010794381,4,1,4,3,1,293.494,2,7,6,2010,5,5,12,7,0,2,3,1,0,0,2,3,0,8,1,,,
201010794429,4,1,1,3,1,293.914,2,7,7,2010,20,55,12,1,0,2,3,10,0,0,2,3,0,8,1,,,
201010794448,5,1,7,3,1,55.611,2,7,7,2010,13,3,12,1,0,2,1,1,1,2,2,3,0,8,1,,,
201010794457,4,1,7,3,1,293.219,2,7,5,2010,13,45,12,6,0,1,1,1,0,0,2,3,0,1,1,,,
201010794537,4,1,8,3,1,292.99,2,7,3,2010,9,45,12,1,0,2,1,1,0,0,2,3,0,8,1,,,
201010794538,3,1,8,3,1,19.864,3,7,3,2010,18,10,12,6,0,1,1,1,2,1,2,3,1,1,1,,,
201010794553,2,1,13,3,1,7.379,2,7,6,2010,12,50,12,1,0,1,1,1,0,0,2,3,0,1,1,,,
201010794554,3,1,13,3,1,14.758,1,7,1,2010,23,33,21,0,0,1,3,1,3,1,2,3,0,1,1,,,
201010794578,3,1,7,3,1,20.222,1,7,2,2010,9,14,21,0,0,2,1,1,2,1,2,3,0,8,1,,,
201010794599,6,1,7,3,1,131.443,2,7,7,2010,16,16,14,0,0,1,1,1,0,0,2,3,1,1,7,,,
201010794610,2,1,4,3,1,4.974,2,7,2,2010,13,15,12,6,0,2,1,1,1,1,2,3,0,2,1,,,
201010794620,2,1,4,3,1,4.974,2,7,6,2010,5,35,12,1,0,1,4,1,2,2,2,3,0,1,1,,,
201010794630,3,1,16,3,1,15.62,1,7,3,2010,8,20,22,0,0,2,1,1,2,1,2,3,0,8,1,,,
201010794712,3,1,3,3,1,20.315,1,7,4,2010,20,20,21,0,0,1,1,1,2,1,2,3,0,1,1,,,
201010794728,4,1,10,3,1,296.564,2,7,7,2010,1,45,12,6,0,2,3,1,0,0,2,3,0,8,1,,,
201010794743,3,1,21,3,1,14.573,4,7,6,2010,0,25,12,6,0,2,3,1,3,1,2,3,2,2,1,,,
201010794761,4,1,16,3,1,296.785,2,8,3,2010,10,59,12,8,0,2,1,1,5,2,2,3,0,8,1,,,
201010794853,2,1,7,3,1,5.056,2,8,4,2010,11,25,12,7,0,1,1,1,2,2,2,3,0,1,1,,,
201010794872,2,1,1,3,1,2.491,1,8,3,2010,15,50,21,0,0,1,1,1,2,1,2,3,0,1,7,,,
201010794923,4,1,3,3,1,294.566,2,7,7,2010,14,30,12,1,0,1,1,1,0,0,2,3,0,1,1,,,
201010794983,5,1,10,3,1,57.399,1,8,1,2010,9,11,19,0,0,1,1,1,1,1,2,3,0,1,5,,,
201010795014,3,1,1,3,1,17.436,1,8,4,2010,19,15,21,0,0,2,5,1,2,1,2,3,0,2,1,,,
201010795015,2,1,1,3,1,2.491,2,8,4,2010,11,20,12,1,0,2,1,1,0,0,2,3,0,3,1,,,
201010795030,4,1,21,3,1,291.467,3,7,7,2010,16,18,12,1,0,1,1,1,0,0,2,3,0,1,1,,,
201010795040,5,1,21,3,1,58.293,2,8,4,2010,9,30,12,6,0,2,1,1,1,3,2,3,0,8,1,,,
201010795041,3,1,21,3,1,14.573,1,7,7,2010,17,0,21,0,0,2,1,1,3,1,2,3,0,8,1,,,
201010795052,6,1,21,3,1,131.16,2,8,2,2010,17,35,12,6,0,2,1,1,0,0,2,3,0,2,1,,,
201010795054,4,1,21,3,1,291.467,2,8,3,2010,16,26,12,7,0,1,1,1,0,0,2,3,0,1,1,,,
201010795056,3,1,21,3,1,14.573,1,8,4,2010,10,20,21,0,0,2,1,1,2,1,2,3,0,8,1,,,
201010795088,5,1,3,3,1,55.866,2,8,2,2010,22,40,12,1,0,2,3,1,1,3,2,3,0,8,1,,,
201010795096,3,1,3,3,1,20.315,1,8,3,2010,16,21,22,0,0,2,1,1,2,1,2,3,0,2,1,,,
201010795108,4,1,3,3,1,294.566,2,7,3,2010,18,56,12,1,0,2,1,1,1,1,2,3,0,8,1,,,
201010795140,5,1,8,3,1,59.591,2,8,3,2010,17,0,12,6,0,2,1,1,2,2,2,3,0,8,1,,,
201010795167,4,1,7,3,1,293.219,2,8,5,2010,16,30,12,6,0,2,1,2,0,0,2,3,0,8,1,,,
201010795195,4,1,4,3,1,293.494,4,8,4,2010,16,30,12,6,0,2,1,1,1,1,2,3,2,2,1,,,
201010795221,4,1,13,3,1,295.16,2,8,2,2010,16,40,14,0,0,2,1,1,0,0,2,3,1,8,7,,,
201010795237,1,1,13,3,1,7.379,2,8,7,2010,14,20,12,6,0,2,1,1,3,3,2,3,0,8,1,,,
201010795252,2,1,13,3,1,7.379,2,8,4,2010,13,40,12,1,0,2,1,1,1,1,2,3,0,8,1,,,
201010795253,6,1,13,3,1,132.822,2,8,5,2010,5,30,14,0,0,2,4,1,0,0,2,3,1,8,7,,,
201010795257,3,1,13,3,1,14.758,1,8,6,2010,3,45,21,0,0,2,2,1,3,1,2,3,0,8,1,,,
201010795305,5,1,1,3,1,57.288,3,8,2,2010,15,55,12,6,0,1,1,1,1,2,2,3,1,1,1,,,
201010795336,5,1,4,3,1,59.694,1,8,4,2010,23,0,25,0,0,1,3,1,2,1,2,3,0,1,3,,,
201010795363,3,1,3,3,1,20.315,1,8,1,2010,21,10,22,0,0,1,3,2,2,1,2,3,0,1,1,,,
201010795407,2,1,7,3,1,5.056,5,8,6,2010,22,15,12,6,0,1,3,1,3,3,2,3,3,1,1,,,
201010795435,4,1,8,3,1,292.99,2,8,3,2010,19,20,12,1,0,2,1,1,1,1,2,3,0,8,1,,,
201010795453,5,1,13,3,1,59.032,2,8,1,2010,16,55,12,6,0,2,1,10,1,4,1,3,0,8,1,,,
201010795454,2,1,13,3,1,7.379,2,8,2,2010,13,50,12,1,0,2,1,1,0,0,2,3,0,8,1,,,
201010795462,4,1,13,3,1,295.16,2,8,5,2010,7,29,14,0,0,1,1,1,0,0,2,3,1,1,7,,,
201010795493,4,1,1,3,1,293.914,2,8,3,2010,23,40,12,1,0,1,3,2,1,1,2,3,0,1,1,,,
201010795517,3,1,21,3,1,14.573,2,8,5,2010,19,19,21,0,0,1,1,1,3,2,2,3,1,1,1,,,
201010795524,4,1,21,3,1,291.467,2,8,1,2010,11,11,12,6,0,2,1,2,0,0,2,3,0,8,1,,,
201010795528,5,1,21,3,1,58.293,4,8,3,2010,22,8,12,7,0,1,6,1,1,3,1,3,2,1,1,,,
201010795575,4,1,3,3,1,294.566,2,8,3,2010,22,0,12,6,0,2,3,10,1,3,2,3,0,8,1,,,
201010795599,2,1,3,3,1,5.079,2,8,5,2010,11,13,12,6,0,2,1,1,1,2,2,3,0,8,1,,,
201010795638,6,1,8,3,1,129.114,1,8,3,2010,12,30,7,0,0,1,1,1,0,0,2,3,0,1,1,,,
201010795650,3,1,8,3,1,19.864,1,8,5,2010,11,0,22,0,0,2,1,1,2,2,2,3,0,8,1,,,
201010795672,4,1,10,3,1,296.564,1,8,1,2010,18,30,22,0,0,2,1,2,1,1,1,3,0,8,1,,,
201010795676,6,1,10,3,1,129.149,2,8,7,2010,21,35,12,1,0,2,3,1,0,0,2,3,0,8,1,,,
201010795699,3,1,10,3,1,19.133,1,8,1,2010,12,10,21,0,0,2,1,1,3,3,2,3,0,8,1,,,
201010795721,4,1,4,3,1,293.494,1,8,6,2010,17,10,21,0,0,1,1,1,1,1,2,3,0,1,1,,,
201010795723,6,1,4,3,1,129.336,2,8,6,2010,21,30,12,6,0,1,3,1,0,0,2,3,0,1,1,,,
201010795729,2,1,21,3,1,14.573,2,8,6,2010,10,5,12,1,0,2,1,1,0,0,2,3,0,8,1,,,
201010795730,3,1,21,3,1,14.573,1,8,6,2010,12,50,22,0,0,2,1,1,2,1,2,3,0,2,1,,,
201010795749,4,1,21,3,1,291.467,2,9,4,2010,7,30,12,6,0,2,1,1,0,0,2,3,0,8,1,,,
201010795751,5,1,21,3,1,58.293,2,9,5,2010,15,4,12,6,0,2,1,1,1,2,1,3,0,2,1,,,
201010795789,3,1,1,3,1,17.436,2,9,2,2010,4,55,12,6,0,2,3,1,2,1,2,3,0,8,1,,,
201010795790,3,1,3,3,1,20.315,1,8,2,2010,6,20,22,0,0,2,1,1,2,1,2,3,0,8,1,,,
201010795835,4,1,3,3,1,294.566,2,8,6,2010,13,38,12,6,0,2,1,1,1,1,2,3,0,8,1,,,
201010795871,4,1,8,3,1,292.99,1,9,6,2010,23,9,22,0,0,1,3,1,1,1,2,3,0,1,1,,,
201010795884,4,1,7,3,1,293.219,2,8,3,2010,8,30,14,0,0,2,1,1,0,0,2,3,1,8,6,,,
201010795888,2,1,7,3,1,5.056,3,8,3,2010,8,52,12,1,0,1,1,1,1,2,2,3,0,1,1,,,
201010795905,1,1,7,3,1,5.056,2,9,7,2010,4,40,12,1,0,1,3,1,2,2,2,3,0,1,1,,,
201010795926,1,1,7,3,1,5.056,4,8,6,2010,16,25,12,1,0,1,1,1,3,8,2,3,0,1,1,,,
201010795932,2,1,13,3,1,7.379,2,9,5,2010,4,12,12,6,0,2,3,1,3,1,2,3,0,8,1,,,
201010795945,2,1,4,3,1,4.974,2,8,2,2010,12,30,12,7,1,5,1,1,0,0,2,3,0,1,1,,,
201010795978,3,1,4,3,1,19.898,1,8,1,2010,17,0,21,0,0,2,1,1,3,1,2,3,0,8,1,,,
201010795982,4,1,16,3,1,296.785,2,8,6,2010,16,5,12,7,0,2,1,1,0,0,2,3,0,8,1,,,
201010796008,3,1,16,3,1,15.62,1,9,4,2010,14,45,22,0,0,2,1,1,2,1,2,3,0,2,1,,,
201010796017,3,1,16,3,1,15.62,2,9,7,2010,18,41,12,6,0,2,1,1,2,1,2,3,0,8,1,,,
201010796051,6,1,21,3,1,131.16,2,9,3,2010,17,15,12,6,0,2,1,1,0,0,2,3,0,2,1,,,
201010796063,4,1,16,3,1,296.785,2,9,4,2010,8,29,12,1,0,2,1,1,0,0,2,3,0,2,1,,,
201010796128,3,1,13,3,1,14.758,1,9,7,2010,9,0,21,0,0,1,3,1,2,1,2,3,0,8,1,,,
201010796209,1,1,7,3,1,5.056,1,9,1,2010,3,5,25,0,0,1,3,1,1,2,2,3,0,1,3,,,
201010796242,3,1,21,3,1,14.573,1,9,2,2010,20,35,22,0,0,2,3,10,2,1,2,3,0,2,1,,,
201010796245,4,1,21,3,1,291.467,2,9,3,2010,13,20,12,6,0,2,1,1,1,2,2,3,0,8,1,,,
201010796283,2,1,7,3,1,5.056,1,9,1,2010,16,45,22,0,0,2,1,1,2,1,2,3,0,8,1,,,
201010796297,4,1,7,3,1,293.219,2,9,6,2010,8,29,12,6,0,1,1,1,0,0,2,3,0,1,1,,,
201010796306,2,1,3,3,1,5.079,2,9,5,2010,10,5,12,6,0,2,1,1,1,1,2,3,0,2,1,,,
201010796379,5,1,3,3,1,55.866,2,9,3,2010,4,50,12,6,0,2,3,1,1,1,2,3,0,8,1,,,
201010796397,4,1,3,3,1,294.566,2,9,5,2010,20,21,12,1,0,1,3,2,0,0,2,3,0,1,1,,,
201010796408,3,1,16,3,1,15.62,1,9,2,2010,15,30,21,0,0,1,1,1,2,1,2,3,0,1,1,,,
201010796439,4,1,4,3,1,293.494,2,9,7,2010,4,39,12,1,0,1,3,1,0,0,2,3,0,1,1,,,
201010796445,3,1,4,3,1,19.898,1,9,7,2010,18,25,21,0,0,2,1,1,2,1,2,3,0,2,1,,,
201010796456,2,1,4,3,1,4.974,2,9,5,2010,18,0,1,0,0,1,1,2,1,1,2,3,0,1,1,,,
201010796457,2,1,4,3,1,4.974,2,9,5,2010,18,0,1,0,0,1,1,2,1,2,2,3,0,1,1,,,
201010796476,4,1,1,3,1,293.914,2,9,6,2010,10,45,14,0,0,1,1,1,0,0,2,3,1,1,7,,,
201010796511,4,1,8,3,1,292.99,2,9,1,2010,13,0,12,6,0,1,1,1,0,0,2,3,0,1,1,,,
201010796532,3,1,21,3,1,14.573,1,9,2,2010,8,15,21,0,0,2,1,1,2,1,2,3,0,2,1,,,
201010796534,5,1,21,3,1,58.293,2,9,2,2010,18,20,12,6,0,2,1,1,1,1,2,3,0,8,1,,,
201010796538,4,1,21,3,1,291.467,2,9,2,2010,22,44,12,1,0,2,3,1,0,0,2,3,0,3,1,,,
201010796544,3,1,8,3,1,19.864,1,9,3,2010,15,40,22,0,0,2,1,1,3,2,2,3,0,8,1,,,
201010796545,3,1,21,3,1,14.573,1,9,4,2010,6,0,21,0,0,1,1,1,2,1,2,3,0,1,1,,,
201010796578,4,1,10,3,1,296.564,2,9,2,2010,17,0,12,6,0,1,1,1,0,0,2,3,0,1,1,,,
201010796601,3,1,16,3,1,15.62,1,9,3,2010,11,40,21,0,0,2,1,1,2,1,2,3,0,8,1,,,
201010796615,3,1,7,3,1,20.222,1,9,4,2010,16,44,21,0,0,2,1,1,3,1,2,3,0,8,1,,,
201010796642,3,1,3,3,1,20.315,1,9,1,2010,13,11,22,0,0,1,1,1,2,1,2,3,0,1,1,,,
201010796653,2,1,3,3,1,5.079,2,9,2,2010,8,20,12,7,0,2,1,1,1,1,2,3,0,8,1,,,
201010796662,6,1,3,3,1,132.047,2,8,3,2010,12,45,12,7,0,1,1,1,1,1,2,3,0,1,1,,,
201010796696,1,1,4,3,1,4.974,2,9,4,2010,23,35,12,6,0,2,3,10,3,2,2,3,0,8,1,,,
201010796704,2,1,4,3,1,4.974,2,9,7,2010,13,42,12,6,0,2,1,1,2,3,2,3,0,8,1,,,
201010796710,5,1,4,3,1,59.694,1,9,1,2010,5,5,18,0,0,1,3,1,1,2,2,3,0,1,1,,,
201010796729,2,1,8,3,1,4.966,2,9,3,2010,16,35,12,6,0,1,1,10,0,0,2,3,0,1,1,,,
201010796788,2,1,1,3,1,2.491,1,9,4,2010,14,30,22,0,0,1,1,1,1,1,2,3,0,1,1,,,
201010796803,5,1,1,3,1,57.288,2,10,7,2010,22,15,12,6,0,2,6,1,1,3,2,3,0,8,1,,,
201010796833,3,1,3,3,1,20.315,2,9,2,2010,23,30,12,6,0,2,3,10,3,3,2,3,0,8,1,,,
201010796835,4,1,3,3,1,294.566,2,9,2,2010,11,35,14,0,0,1,1,10,0,0,2,3,1,1,7,,,
201010796847,2,1,3,3,1,5.079,2,9,5,2010,8,20,12,6,0,2,1,2,1,2,2,3,0,8,1,,,
201010796859,2,1,3,3,1,5.079,2,10,7,2010,20,30,12,6,0,2,3,1,0,0,2,3,0,8,1,,,
201010796861,5,1,3,3,1,55.866,2,10,1,2010,14,0,12,6,0,2,1,1,1,2,2,3,0,8,1,,,
201010796869,1,1,10,3,1,4.783,1,9,1,2010,20,22,25,0,0,2,3,1,3,2,2,3,0,8,3,,,
201010796891,4,1,13,3,1,295.16,2,9,4,2010,9,23,12,1,0,2,1,1,0,0,2,3,0,8,1,,,
201010796898,2,1,13,3,1,7.379,2,9,5,2010,11,20,12,6,0,2,1,1,0,0,2,3,0,3,1,,,
201010796926,4,1,4,3,1,293.494,2,9,5,2010,13,10,14,0,0,1,1,10,0,0,2,3,1,1,7,,,
201010796968,5,1,7,3,1,55.611,4,10,7,2010,4,45,12,6,0,2,3,1,1,4,2,3,2,8,1,,,
201010796989,3,1,10,3,1,19.133,2,10,1,2010,22,15,12,6,0,2,3,2,3,1,2,3,0,8,1,,,
201010797017,3,1,21,3,1,14.573,2,9,4,2010,0,58,12,6,0,2,3,10,2,1,2,3,0,2,1,,,
201010797025,4,1,21,3,1,291.467,2,10,3,2010,5,40,12,6,0,2,3,1,0,0,2,3,0,8,1,,,
201010797033,3,1,21,3,1,14.573,1,10,2,2010,11,30,21,0,0,2,1,2,2,1,2,3,0,8,1,,,
201010797049,3,1,3,3,1,20.315,1,10,3,2010,19,20,21,0,0,1,3,1,2,1,2,3,0,1,1,,,