CASENUM,STRATUM,REGION,PJ,PSU,PSUSTRAT,WEIGHT,VE_TOTAL,MONTH,WKDY_IM,YEAR,HOUR_IM,MINUTE_IM,EVENT1_IM,MANCOL_IM,RELJCT1_IM,RELJCT2_IM,LGTCON_IM,WEATHR_IM,MAXSEV_IM,NO_INJ_IM,ALCHL_IM,LAND_USE,PVH_INVL,TYP_INT,REL_ROAD,CF1,CF2,CF3
201010797057,2,1,3,3,1,5.079,2,10,5,2010,11,40,12,6,0,1,1,1,1,2,2,3,0,1,1,,,
201010797130,3,1,13,3,1,14.758,1,10,1,2010,13,0,22,0,0,2,1,1,2,1,2,3,0,2,1,,,
201010797135,4,1,7,3,1,293.219,2,10,3,2010,13,20,14,0,0,1,1,1,0,0,2,3,1,1,,,,
201010797159,5,1,13,3,1,59.032,3,10,1,2010,12,45,12,6,0,2,1,1,1,2,2,3,0,2,1,,,
201010797167,3,1,7,3,1,20.222,1,10,6,2010,15,30,21,0,0,2,1,1,2,1,2,3,0,8,1,,,
201010797202,4,1,8,3,1,292.99,2,9,5,2010,14,36,12,7,0,2,1,10,0,0,2,3,0,8,1,,,
201010797227,5,1,21,3,1,58.293,2,10,2,2010,21,30,12,6,0,4,3,2,1,4,2,3,0,1,1,,,
201010797232,4,1,21,3,1,291.467,2,10,6,2010,13,45,12,6,0,2,1,1,0,0,2,3,0,8,1,,,
201010797282,5,1,8,3,1,59.591,2,10,3,2010,13,52,12,6,0,2,1,1,1,2,2,3,0,8,1,,,
201010797294,4,1,3,3,1,294.566,2,10,4,2010,2,5,12,6,0,2,3,1,1,3,2,3,0,8,1,,,
201010797317,4,1,13,3,1,295.16,2,10,2,2010,2,38,14,0,0,1,3,1,0,0,2,3,1,1,7,,,
201010797334,5,1,16,3,1,54.671,2,9,6,2010,2,10,12,6,0,1,3,1,1,2,2,3,0,1,1,,,
201010797335,4,1,16,3,1,296.785,2,9,4,2010,11,20,12,7,0,1,1,1,0,0,2,3,0,1,1,,,
201010797349,6,1,16,3,1,132.772,2,10,1,2010,22,23,12,1,0,2,6,2,0,0,2,3,0,8,1,,,
201010797359,2,1,16,3,1,7.81,2,10,5,2010,18,20,12,2,0,2,1,1,1,1,2,3,0,8,1,,,
201010797375,2,1,4,3,1,4.974,2,10,3,2010,17,30,12,6,0,1,1,1,1,3,2,3,0,1,1,,,
201010797383,3,1,4,3,1,19.898,1,10,4,2010,22,40,21,0,0,2,3,1,2,1,2,3,0,8,1,,,
201010797390,1,1,4,3,1,4.974,1,10,5,2010,21,45,39,0,0,2,3,2,3,1,2,3,0,8,5,,,
201010797397,4,1,4,3,1,293.494,1,10,5,2010,17,0,21,0,0,2,1,2,1,1,2,3,0,8,1,,,
201010797425,6,1,7,3,1,131.443,5,10,6,2010,17,10,12,6,0,1,1,1,0,0,2,3,2,1,1,,,
201010797504,2,1,4,3,1,4.974,2,10,4,2010,8,30,12,6,0,1,1,1,1,1,2,3,0,1,1,,,
201010797505,2,1,4,3,1,4.974,1,10,5,2010,9,0,22,0,0,2,1,10,2,1,2,3,0,2,1,,,
201010797512,2,1,4,3,1,4.974,2,10,6,2010,4,0,14,0,0,1,3,1,2,3,2,3,1,1,7,,,
201010797539,5,1,10,3,1,57.399,2,10,4,2010,1,5,12,1,0,2,3,1,1,3,2,3,0,8,1,,,
201010797560,4,1,1,3,1,293.914,1,10,3,2010,15,30,21,0,0,1,1,1,1,1,2,3,0,1,1,,,
201010797564,4,1,16,3,1,296.785,2,10,3,2010,16,22,12,6,0,2,1,1,1,2,2,3,0,8,1,,,
201010797599,3,1,8,3,1,19.864,1,10,5,2010,20,28,21,0,0,2,3,2,3,1,2,3,0,8,1,,,
201010797628,4,1,8,3,1,292.99,1,10,5,2010,16,50,22,0,0,2,1,1,1,2,2,3,0,8,1,,,
201010797656,2,1,21,3,1,14.573,3,10,5,2010,13,28,12,7,0,2,1,1,0,0,1,3,0,8,1,,,
201010797661,6,1,21,3,1,131.16,2,10,7,2010,16,20,12,1,0,1,1,1,0,0,2,3,0,1,1,,,
201010797662,5,1,21,3,1,58.293,2,10,1,2010,13,50,12,6,0,2,1,1,1,2,2,3,0,8,1,,,
201010797681,4,1,7,3,1,293.219,1,10,5,2010,7,55,21,0,0,2,1,10,0,0,2,3,0,8,1,,,
201010797710,2,1,3,3,1,5.079,2,10,5,2010,15,19,12,1,0,2,1,1,2,1,2,3,0,8,1,,,
201010797732,3,1,3,3,1,20.315,1,10,1,2010,20,30,22,0,0,1,3,10,2,1,2,3,0,1,1,,,
201010797757,4,1,21,3,1,291.467,1,10,4,2010,15,45,22,0,0,1,1,10,1,1,2,3,0,1,1,,,
201010797804,1,1,13,3,1,7.379,4,10,6,2010,16,0,12,2,0,2,1,1,3,4,2,3,1,2,1,,,
201010797828,2,1,1,3,1,2.491,2,10,5,2010,11,40,12,7,0,1,1,1,1,1,2,3,0,1,1,,,
201010797845,4,1,13,3,1,295.16,2,10,5,2010,23,9,12,1,0,2,3,1,1,1,2,3,0,3,1,,,
201010797887,4,1,3,3,1,294.566,2,10,3,2010,15,45,12,6,0,2,1,10,0,0,2,3,0,8,1,,,
201010797888,5,1,3,3,1,55.866,2,10,1,2010,0,30,12,6,0,4,6,2,1,4,2,3,0,1,1,,,
201010797899,2,1,3,3,1,5.079,2,10,5,2010,18,0,12,1,0,2,3,1,1,1,2,3,0,8,1,,,
201010797913,1,1,3,3,1,5.079,1,10,1,2010,4,40,33,0,0,1,3,1,3,2,2,3,0,1,3,,,
201010797917,2,1,4,3,1,4.974,2,10,4,2010,5,0,12,6,0,1,3,2,0,0,2,3,0,1,1,,,
201010797918,2,1,4,3,1,4.974,3,10,5,2010,7,28,12,7,0,2,1,1,1,1,2,3,0,8,1,,,
201010797930,4,1,4,3,1,293.494,2,10,7,2010,23,40,14,0,0,2,3,1,0,0,2,3,1,8,7,,,
201010797949,3,1,16,3,1,15.62,1,10,7,2010,4,10,21,0,0,2,3,1,3,1,1,3,0,10,1,,,
201010797982,6,1,13,3,1,132.822,2,11,4,2010,11,20,12,6,0,2,1,1,0,0,2,3,0,2,1,,,
201010798025,2,1,4,3,1,4.974,2,11,2,2010,13,0,12,6,0,2,1,1,1,1,2,3,0,8,1,,,
201010798067,2,1,7,3,1,5.056,2,11,6,2010,23,12,12,7,0,1,3,1,0,0,2,3,0,1,1,,,
201010798072,4,1,7,3,1,293.219,2,11,7,2010,18,15,14,0,0,1,5,1,1,1,2,3,1,1,7,,,
201010798093,2,1,3,3,1,5.079,2,11,2,2010,8,50,12,6,0,2,1,1,0,0,2,3,0,8,1,,,
201010798110,2,1,3,3,1,5.079,2,11,5,2010,13,45,12,1,0,1,1,2,1,1,2,3,0,1,1,,,
201010798148,4,1,10,3,1,296.564,2,10,2,2010,10,45,12,7,0,1,1,1,0,0,2,3,0,1,1,,,
201010798154,2,1,10,3,1,4.783,2,10,5,2010,14,39,12,6,0,2,1,1,1,1,2,3,0,8,1,,,
201010798162,2,1,1,3,1,2.491,4,11,5,2010,15,40,12,6,0,2,1,2,3,2,2,3,2,8,1,,,
201010798220,4,1,21,3,1,291.467,2,11,5,2010,21,40,12,1,0,2,3,2,1,2,2,3,0,8,1,,,
201010798260,3,1,4,3,1,19.898,1,11,6,2010,8,40,21,0,0,2,1,1,2,1,2,3,0,8,1,,,
201010798326,5,1,21,3,1,58.293,2,11,6,2010,18,53,12,6,0,2,3,1,1,2,2,3,0,8,1,,,
201010798330,3,1,21,3,1,14.573,1,11,6,2010,23,30,22,0,0,2,3,1,3,1,2,3,0,8,1,,,
201010798366,4,1,3,3,1,294.566,1,11,3,2010,12,40,1,0,0,2,1,1,1,1,2,3,0,8,1,,,
201010798373,2,1,3,3,1,5.079,2,11,3,2010,23,35,12,2,0,2,3,1,3,1,2,3,0,2,1,,,
201010798378,6,1,3,3,1,132.047,1,11,4,2010,8,10,30,0,0,1,1,1,1,1,2,3,0,1,4,,,
201010798384,4,1,8,3,1,292.99,2,11,1,2010,20,40,12,7,0,1,3,1,1,1,2,3,0,1,1,,,
201010798427,3,1,16,3,1,15.62,1,10,6,2010,17,0,21,0,0,1,1,1,2,1,2,3,0,1,1,,,
201010798439,3,1,16,3,1,15.62,1,11,4,2010,8,0,21,0,0,2,1,1,2,1,2,3,0,2,1,,,
201010798450,4,1,16,3,1,296.785,2,11,1,2010,11,15,12,1,0,1,1,1,0,0,2,3,0,1,1,,,
201010798488,5,1,21,3,1,58.293,2,11,2,2010,7,50,12,6,0,2,1,1,1,1,2,3,0,2,1,,,
201010798489,4,1,21,3,1,291.467,1,11,2,2010,16,45,22,0,0,2,1,1,1,1,2,3,0,3,1,,,
201010798495,3,1,21,3,1,14.573,1,11,4,2010,17,40,21,0,0,2,3,1,2,1,2,3,0,8,1,,,
201010798502,3,1,21,3,1,14.573,1,11,1,2010,15,28,21,0,0,1,1,1,3,2,2,3,0,1,1,,,
201010798522,4,1,1,3,1,293.914,2,11,5,2010,13,25,12,6,0,2,1,1,0,0,2,3,0,8,1,,,
201010798530,3,1,1,3,1,17.436,1,11,6,2010,15,0,21,0,0,2,1,1,2,1,2,3,0,2,1,,,
201010798624,3,1,7,3,1,20.222,1,11,2,2010,18,30,21,0,0,2,3,10,2,1,2,3,0,8,1,,,
201010798625,5,1,7,3,1,55.611,4,11,3,2010,6,0,12,6,0,2,4,2,1,2,2,3,2,2,1,,,
201010798634,2,1,7,3,1,5.056,2,11,4,2010,14,40,12,7,0,1,1,1,0,0,1,3,0,1,1,,,
201010798659,2,1,8,3,1,4.966,2,11,5,2010,16,0,12,1,0,2,1,1,0,0,2,3,0,8,1,,,
201010798666,3,1,8,3,1,19.864,1,11,2,2010,16,59,21,0,0,2,3,1,2,1,2,3,0,8,1,,,
201010798667,6,1,8,3,1,129.114,3,11,2,2010,20,0,14,0,0,1,3,1,0,0,2,3,2,1,7,,,
201010798681,1,1,8,3,1,4.966,2,11,4,2010,7,15,12,6,0,2,1,1,3,4,1,3,0,8,1,,,
201010798684,6,1,4,3,1,129.336,2,11,1,2010,17,15,12,6,0,4,5,1,0,0,2,3,0,1,1,,,
201010798691,4,1,4,3,1,293.494,2,11,3,2010,15,30,12,6,0,2,1,10,0,0,2,3,0,8,1,,,
201010798719,4,1,3,3,1,294.566,2,11,1,2010,15,0,12,6,0,2,1,1,0,0,2,3,0,8,1,,,
201010798757,4,1,10,3,1,296.564,2,11,1,2010,14,25,14,0,0,1,1,1,0,0,2,3,1,1,7,,,
201010798772,4,1,13,3,1,295.16,2,11,4,2010,9,0,12,6,0,2,1,1,0,0,2,3,0,8,1,,,
201010798810,5,1,1,3,1,57.288,2,11,4,2010,18,36,12,6,0,2,3,1,1,2,2,3,0,8,1,,,
201010798854,4,1,8,3,1,292.99,2,11,4,2010,13,30,14,0,0,1,1,1,0,0,2,3,1,1,7,,,
201010798865,4,1,7,3,1,293.219,2,11,3,2010,16,6,12,6,0,4,1,10,0,0,2,3,0,1,1,,,
201010798999,4,1,21,3,1,291.467,2,11,7,2010,17,55,12,7,0,1,3,1,0,0,1,3,0,1,1,,,
201010799000,3,1,21,3,1,14.573,1,11,7,2010,17,50,21,0,0,2,5,1,2,1,2,3,0,2,1,,,
201010799023,5,1,8,3,1,59.591,3,11,3,2010,14,50,12,6,0,2,1,2,1,4,2,3,1,8,1,,,
201010799034,1,1,8,3,1,4.966,2,11,1,2010,2,19,12,6,0,4,3,1,3,2,1,3,0,1,1,,,
201010799064,2,1,4,3,1,4.974,2,10,5,2010,14,2,12,1,0,2,1,10,1,1,2,3,0,8,1,,,
201010799072,4,1,4,3,1,293.494,2,12,5,2010,12,50,45,0,0,1,1,1,0,0,2,3,1,1,1,,,
201010799135,4,1,16,3,1,296.785,2,11,3,2010,19,0,12,2,0,2,3,1,0,0,2,3,0,3,1,,,
201010799203,4,1,7,3,1,293.219,1,12,4,2010,10,17,21,0,0,2,1,1,1,1,2,3,0,8,1,,,
201010799221,2,1,16,3,1,7.81,1,12,3,2010,13,30,21,0,0,2,1,1,4,1,2,3,0,2,1,,,
201010799242,4,1,13,3,1,295.16,2,12,4,2010,20,16,14,0,0,1,3,1,0,0,2,3,1,1,7,,,
201010799262,4,1,21,3,1,291.467,1,12,3,2010,11,52,21,0,0,1,1,1,5,1,2,3,0,1,1,,,
201010799276,6,1,21,3,1,131.16,2,12,7,2010,18,25,12,1,0,2,3,1,0,0,2,3,0,8,1,,,
201010799290,3,1,8,3,1,19.864,1,12,2,2010,16,50,21,0,0,2,3,1,2,1,2,3,0,3,1,,,
201010799318,2,1,10,3,1,4.783,2,12,5,2010,11,45,12,6,0,2,1,1,1,2,2,3,0,8,1,,,
201010799353,4,1,3,3,1,294.566,2,12,5,2010,15,40,12,6,0,2,1,1,0,0,2,3,0,8,1,,,
201010799378,1,1,3,3,1,5.079,2,12,3,2010,23,0,12,2,0,2,3,1,3,4,2,3,0,8,1,,,
201010799430,2,1,4,3,1,4.974,4,12,5,2010,8,55,12,1,0,2,1,1,0,0,2,3,0,8,1,,,
201010799442,5,1,4,3,1,59.694,3,12,1,2010,13,30,12,1,0,5,1,2,1,1,1,3,0,1,1,,,
201010799473,2,1,10,3,1,4.783,1,12,6,2010,6,11,21,0,0,1,3,1,1,1,2,3,0,1,1,,,
201010799474,4,1,16,3,1,296.785,3,12,1,2010,11,19,12,7,0,1,1,2,1,1,2,3,1,1,1,,,
201010799481,3,1,16,3,1,15.62,1,12,7,2010,23,5,22,0,0,1,3,1,3,1,2,3,0,1,1,,,
201010799512,4,1,8,3,1,292.99,2,12,1,2010,0,57,12,6,0,2,3,2,0,0,2,3,0,8,1,,,
201010799540,4,1,3,3,1,294.566,2,12,3,2010,6,55,14,0,0,1,1,10,0,0,2,3,1,1,7,,,
201010799546,5,1,3,3,1,55.866,2,12,3,2010,21,43,12,6,0,2,3,1,2,2,2,3,0,8,1,,,
201010799592,4,1,4,3,1,293.494,1,12,7,2010,16,50,43,0,0,1,1,1,0,0,2,3,0,1,1,,,
201010799676,4,1,21,3,1,291.467,2,12,2,2010,9,0,14,0,0,2,1,1,0,0,2,3,1,8,7,,,
201010799679,5,1,21,3,1,58.293,2,12,4,2010,19,25,12,1,0,2,3,1,0,0,2,3,0,2,1,,,
201010799683,3,1,21,3,1,14.573,1,12,5,2010,17,53,21,0,0,2,3,1,3,1,2,3,0,8,1,,,
201010799716,4,1,1,3,1,293.914,2,12,2,2010,21,43,12,1,0,1,3,1,0,0,2,3,0,1,1,,,
201010799736,3,1,16,3,1,15.62,1,12,4,2010,9,15,21,0,0,2,1,1,3,1,2,3,0,2,1,,,
201010799825,4,1,13,3,1,295.16,3,12,1,2010,14,10,12,6,0,2,1,4,0,0,2,3,0,8,1,,,
201010799846,3,1,4,3,1,19.898,1,12,2,2010,12,45,21,0,0,2,1,1,2,1,2,3,0,8,1,,,
201010799857,2,1,4,3,1,4.974,2,12,3,2010,11,50,12,6,0,2,1,1,0,0,2,3,0,8,1,,,
201010799907,2,1,7,3,1,5.056,2,12,2,2010,7,18,12,1,0,1,1,1,0,0,2,3,0,1,1,,,
201010799918,4,1,7,3,1,293.219,1,12,4,2010,19,55,21,0,0,1,2,1,1,1,2,3,0,1,1,,,
201010799965,4,1,10,3,1,296.564,2,12,2,2010,18,27,12,7,0,1,3,1,1,1,2,3,0,1,1,,,
201011169044,6,1,1,4,3,130.465,2,1,3,2010,14,11,12,1,0,1,1,1,0,0,2,3,0,1,1,,,
201011169055,4,1,1,4,3,300.07,2,1,2,2010,13,42,12,7,0,2,1,1,0,0,2,3,0,3,1,,,
201011169063,5,1,2,4,3,52.186,1,1,6,2010,5,13,30,0,0,2,3,4,1,1,2,2,0,1,1,,,
201011169098,3,1,2,4,3,13.047,1,1,2,2010,23,5,21,0,0,2,3,1,3,1,2,2,0,8,1,,,
201011169099,5,1,2,4,3,52.186,1,1,6,2010,3,28,33,0,0,2,3,2,3,1,1,2,0,3,4,,,
201011169100,6,1,2,4,3,130.465,1,1,6,2010,2,58,33,0,0,1,3,2,2,1,2,2,0,1,4,,,
201011169106,4,1,2,4,3,300.07,3,1,1,2010,12,16,12,1,0,2,1,1,0,0,2,2,0,2,1,,,
201011169128,4,1,3,4,3,300.07,2,1,6,2010,15,30,12,1,0,4,1,1,0,0,2,3,0,1,1,,,
201011169154,4,1,11,4,3,296.808,1,1,6,2010,7,14,59,0,0,4,4,4,0,0,2,8,0,1,4,,,
201011169156,1,1,11,4,3,59.362,2,1,1,2010,11,59,12,1,0,2,1,1,3,4,2,8,0,2,1,,,
201011169164,4,1,6,4,3,298.504,2,1,3,2010,12,9,12,6,0,4,1,1,0,0,2,8,0,1,1,,,
201011169166,6,1,6,4,3,135.684,2,1,4,2010,11,30,12,6,0,2,1,1,0,0,2,8,0,2,1,,,
201011169169,5,1,6,4,3,54.273,2,1,6,2010,15,52,12,6,0,2,1,1,1,1,2,8,0,10,1,,,
201011169174,4,1,7,4,3,305.288,2,1,2,2010,13,33,12,6,0,4,1,1,0,0,2,1,0,1,1,,,
201011169203,6,1,1,4,3,130.465,2,1,3,2010,14,18,12,1,1,5,1,1,0,0,2,3,0,1,1,,,
201011169211,5,1,1,4,3,52.186,2,1,1,2010,19,50,12,2,0,4,3,1,1,2,2,3,0,1,1,,,
201011169214,4,1,1,4,3,300.07,2,1,2,2010,10,36,12,1,1,5,1,1,0,0,2,3,0,1,1,,,
201011169250,6,1,4,4,3,130.465,2,1,3,2010,20,50,12,1,1,5,3,1,0,0,2,2,0,1,1,,,
201011169251,5,1,4,4,3,52.186,2,1,4,2010,6,54,12,6,0,2,1,1,1,3,2,2,0,3,1,,,
201011169296,2,1,2,4,3,13.047,2,1,4,2010,12,58,12,7,0,2,1,1,2,1,2,2,0,8,1,,,
201011169310,6,1,2,4,3,130.465,2,1,6,2010,13,4,12,2,0,2,1,10,2,1,2,2,0,2,1,,,
201011169313,4,1,2,4,3,300.07,2,1,5,2010,8,45,12,1,0,2,1,1,0,0,2,2,0,8,1,,,
201011169344,4,1,17,4,3,243.187,2,1,2,2010,14,53,12,7,0,1,1,1,0,0,2,1,0,1,1,,,
201011169345,6,1,3,4,3,130.465,2,1,2,2010,8,15,12,6,0,2,1,1,0,0,2,3,0,2,1,,,
201011169359,5,1,3,4,3,52.186,2,1,7,2010,19,50,12,6,0,2,3,1,2,2,2,3,0,2,1,,,
201011169360,4,1,11,4,3,296.808,1,1,4,2010,23,33,18,0,0,1,3,1,0,0,2,8,0,1,1,,,
201011169361,6,1,11,4,3,118.723,2,1,3,2010,13,10,12,6,0,2,1,1,1,3,2,8,0,2,1,,,
201011169369,5,1,6,4,3,54.273,2,1,5,2010,18,2,12,6,0,4,3,1,1,1,2,8,0,1,1,,,
201011169377,6,1,7,4,3,135.684,1,1,3,2010,7,44,42,0,0,1,1,10,0,0,2,1,0,1,4,,,
201011169408,6,1,4,4,3,130.465,2,1,5,2010,15,6,12,1,1,5,1,1,0,0,2,2,0,1,1,,,
201011169412,6,1,1,4,3,130.465,2,1,5,2010,17,28,12,1,0,2,3,1,0,0,2,3,0,3,1,,,
201011169416,5,1,1,4,3,52.186,2,1,4,2010,17,0,12,6,0,2,5,1,1,2,2,3,0,3,1,,,
201011169426,4,1,1,4,3,300.07,2,1,6,2010,7,23,12,6,0,2,1,1,0,0,2,3,0,3,1,,,
201011169445,6,1,1,4,3,130.465,2,1,5,2010,16,8,12,1,0,1,1,1,0,0,2,3,0,1,1,,,
201011169459,6,1,2,4,3,130.465,1,1,4,2010,9,54,18,0,0,1,1,1,1,1,2,2,0,1,4,,,
201011169471,4,1,2,4,3,300.07,2,1,4,2010,16,1,12,6,0,4,1,1,1,1,2,2,0,1,1,,,
201011169477,5,1,2,4,3,52.186,3,1,5,2010,15,16,12,1,0,2,1,1,1,2,2,2,0,10,1,,,
201011169497,4,1,3,4,3,300.07,2,1,1,2010,13,47,12,1,1,5,1,2,0,0,2,3,0,1,1,,,
201011169502,6,1,3,4,3,130.465,2,1,7,2010,12,1,12,1,0,2,1,1,0,0,2,3,0,2,1,,,
201011169505,3,1,3,4,3,13.047,1,1,1,2010,3,38,21,0,0,2,3,1,2,1,2,3,0,2,1,,,
201011169518,4,1,7,4,3,305.288,2,1,7,2010,21,46,12,1,0,2,3,1,0,0,2,1,0,2,1,,,
201011169521,6,1,7,4,3,135.684,2,1,3,2010,14,40,12,6,0,4,1,1,0,0,2,1,0,1,1,,,
201011169524,1,1,6,4,3,27.137,2,1,6,2010,18,42,12,6,0,4,3,1,3,1,2,8,0,1,1,,,
201011169527,4,1,6,4,3,298.504,2,1,5,2010,9,35,12,8,0,2,1,1,0,0,2,8,0,2,1,,,
201011169531,5,1,6,4,3,54.273,2,1,1,2010,14,36,12,6,0,2,1,2,1,1,2,8,0,3,1,,,
201011169550,6,1,2,4,3,130.465,2,1,1,2010,16,16,12,2,0,2,1,1,0,0,2,2,0,3,1,,,
201011169556,5,1,2,4,3,52.186,2,1,7,2010,17,16,12,6,0,2,5,1,2,1,2,2,0,2,1,,,
201011169572,1,1,2,4,3,13.047,2,1,3,2010,8,29,12,6,0,2,1,1,3,2,2,2,0,3,1,,,
201011169577,4,1,2,4,3,300.07,2,1,4,2010,11,17,12,6,0,4,1,1,0,0,2,2,0,1,1,,,
201011169580,5,1,2,4,3,52.186,2,1,3,2010,19,26,12,1,0,2,3,1,1,1,2,2,0,3,1,,,
201011169585,6,1,2,4,3,130.465,3,1,4,2010,13,51,12,6,0,2,1,1,0,0,2,2,0,2,1,,,
201011169606,5,1,2,4,3,52.186,1,1,7,2010,5,14,30,0,0,1,3,1,1,1,2,2,0,1,4,,,
201011169622,4,1,3,4,3,300.07,2,1,2,2010,18,15,12,1,0,2,2,2,0,0,2,3,0,2,1,,,
201011169630,6,1,3,4,3,130.465,2,1,6,2010,18,36,12,2,0,4,3,1,1,1,2,3,0,1,1,,,
201011169632,5,1,3,4,3,52.186,2,1,7,2010,9,5,12,6,0,4,1,1,3,2,2,3,0,1,1,,,
201011169646,4,1,7,4,3,305.288,1,1,4,2010,22,2,24,0,0,1,3,1,0,0,2,1,0,1,1,,,
201011169654,5,1,6,4,3,54.273,2,1,7,2010,19,40,12,1,0,2,3,1,1,1,2,8,0,3,1,,,
201011169659,4,1,6,4,3,298.504,2,1,6,2010,20,53,12,7,0,2,3,1,0,0,2,8,0,2,1,,,
201011169667,4,1,11,4,3,296.808,2,1,2,2010,13,58,12,6,0,1,1,1,0,0,2,8,0,1,1,,,
201011169670,5,1,17,4,3,121.593,2,1,4,2010,10,47,12,2,0,2,1,1,1,2,2,1,0,2,1,,,
201011169671,4,1,17,4,3,243.187,2,1,4,2010,6,50,12,1,0,2,1,1,1,2,2,1,0,10,1,,,
201011169673,4,1,4,4,3,300.07,1,1,1,2010,11,7,33,0,0,1,1,1,0,0,2,2,0,1,4,,,
201011169686,5,1,4,4,3,52.186,2,1,1,2010,17,27,12,6,0,2,3,1,2,2,2,2,0,2,1,,,
201011169692,2,1,1,4,3,13.047,2,1,5,2010,7,27,12,6,0,2,1,1,4,2,2,3,0,2,1,,,
201011169705,3,1,1,4,3,13.047,1,1,3,2010,19,54,33,0,0,1,3,1,3,1,2,3,0,1,4,,,
201011169721,6,1,1,4,3,130.465,2,1,2,2010,14,56,12,1,0,2,1,1,1,2,2,3,0,2,1,,,
201011169722,4,1,1,4,3,300.07,2,1,2,2010,16,1,12,1,0,1,3,2,0,0,2,3,0,1,1,,,
201011169728,1,1,1,4,3,13.047,1,1,1,2010,3,9,33,0,0,1,2,1,3,1,1,3,0,1,4,,,
201011169739,5,1,1,4,3,52.186,2,1,7,2010,12,29,12,6,0,1,1,1,1,1,2,3,0,1,1,,,
201011169770,4,1,2,4,3,300.07,2,2,5,2010,19,5,12,7,0,4,2,1,0,0,2,2,0,1,1,,,
201011169775,1,1,2,4,3,13.047,2,2,4,2010,6,49,12,1,0,2,4,10,3,1,2,2,0,10,1,,,
201011169779,6,1,2,4,3,130.465,2,1,6,2010,15,40,12,6,0,2,1,1,0,0,2,2,0,2,1,,,
201011169787,5,1,2,4,3,52.186,2,2,2,2010,18,21,12,1,0,2,3,1,2,4,2,2,0,3,1,,,
201011169805,4,1,3,4,3,300.07,2,2,3,2010,17,43,12,7,0,1,3,1,1,1,2,3,0,1,1,,,
201011169813,2,1,3,4,3,13.047,2,1,6,2010,10,43,12,7,0,2,1,10,1,1,2,3,0,2,1,,,
201011169847,5,1,6,4,3,54.273,2,2,4,2010,10,21,12,6,0,2,1,4,1,2,2,8,0,2,1,,,
201011169850,5,1,6,4,3,54.273,2,2,5,2010,18,22,12,1,0,2,3,1,3,2,2,8,0,2,1,,,
201011169856,4,1,11,4,3,296.808,1,2,1,2010,19,5,18,0,0,1,3,1,0,0,2,8,0,1,4,,,
201011169857,6,1,11,4,3,118.723,2,2,6,2010,21,57,12,6,0,2,3,4,0,0,2,8,0,2,1,,,
201011169872,5,1,4,4,3,52.186,1,1,7,2010,20,14,42,0,0,1,3,4,1,1,2,2,0,1,5,,,
201011169890,4,1,1,4,3,300.07,2,2,3,2010,16,54,12,1,0,2,5,10,0,0,2,3,0,2,1,,,
201011169894,6,1,1,4,3,130.465,2,2,2,2010,10,22,12,1,0,2,1,1,0,0,2,3,0,2,1,,,
201011169901,3,1,1,4,3,13.047,1,1,4,2010,17,57,21,0,0,1,2,1,3,1,2,3,0,1,1,,,
201011169909,5,1,1,4,3,52.186,2,1,6,2010,18,17,12,2,0,2,3,1,2,3,2,3,0,2,1,,,
201011169924,6,1,1,4,3,130.465,2,1,7,2010,20,52,12,6,0,2,3,4,1,2,2,3,0,2,1,,,
201011169932,4,1,1,4,3,300.07,2,1,1,2010,15,35,12,7,0,4,1,1,0,0,2,3,0,1,1,,,
201011169940,6,1,7,4,3,135.684,1,2,2,2010,21,18,30,0,0,2,3,1,0,0,2,1,0,7,8,,,
201011169941,5,1,1,4,3,52.186,2,2,4,2010,14,35,12,1,0,1,1,4,1,3,2,3,0,1,1,,,
201011169943,4,1,7,4,3,305.288,1,2,3,2010,8,41,33,0,0,4,1,1,0,0,2,1,0,1,4,,,
201011169990,4,1,2,4,3,300.07,2,2,3,2010,12,44,12,1,0,2,1,1,1,1,2,2,0,2,1,,,
201011169992,3,1,2,4,3,13.047,1,2,2,2010,8,59,22,0,0,2,1,1,3,1,2,2,0,3,1,,,
201011169994,2,1,7,4,3,33.921,2,2,6,2010,14,6,12,6,0,4,1,1,1,1,2,1,0,1,1,,,
201011169995,6,1,2,4,3,130.465,2,2,1,2010,10,35,12,6,0,2,1,1,0,0,2,2,0,3,1,,,
201011169996,6,1,7,4,3,135.684,3,2,7,2010,18,27,12,1,0,1,3,1,0,0,2,1,0,1,1,,,
201011170019,1,1,2,4,3,13.047,2,2,2,2010,10,11,12,6,0,2,1,1,3,2,2,2,0,2,1,,,
201011170027,4,1,11,4,3,296.808,2,2,7,2010,16,5,12,6,0,4,1,4,0,0,2,8,0,1,1,,,
201011170037,6,1,11,4,3,118.723,2,2,4,2010,16,17,12,6,0,2,3,4,0,0,2,8,0,2,1,,,
201011170050,6,1,11,4,3,118.723,1,2,5,2010,3,11,53,0,0,1,2,1,0,0,2,8,0,1,5,,,
201011170065,6,1,17,4,3,121.593,1,2,2,2010,4,3,24,0,0,1,3,1,0,0,2,1,0,1,1,,,
201011170069,4,1,2,4,3,300.07,2,2,7,2010,13,12,12,6,0,2,1,10,0,0,2,2,0,2,1,,,
201011170075,3,1,2,4,3,13.047,1,2,6,2010,15,31,21,0,0,2,1,10,3,1,2,2,0,8,1,,,
201011170079,6,1,1,4,3,130.465,2,2,6,2010,23,8,12,6,0,1,3,4,0,0,2,3,0,1,1,,,
201011170085,4,1,1,4,3,300.07,2,2,1,2010,16,11,12,6,0,4,1,1,0,0,2,3,0,1,1,,,
201011170089,2,1,3,4,3,13.047,4,2,5,2010,13,9,12,1,0,2,1,1,1,2,2,3,0,2,1,,,