CASENUM,STRATUM,REGION,PJ,PSU,PSUSTRAT,WEIGHT,VE_TOTAL,MONTH,WKDY_IM,YEAR,HOUR_IM,MINUTE_IM,EVENT1_IM,MANCOL_IM,RELJCT1_IM,RELJCT2_IM,LGTCON_IM,WEATHR_IM,MAXSEV_IM,NO_INJ_IM,ALCHL_IM,LAND_USE,PVH_INVL,TYP_INT,REL_ROAD,CF1,CF2,CF3
201011176100,6,1,1,4,3,130.465,1,9,5,2010,19,2,25,0,0,1,3,2,0,0,2,3,0,1,3,,,
201011176102,1,1,1,4,3,13.047,3,9,5,2010,21,54,12,6,0,4,3,10,3,3,2,3,0,1,1,,,
201011176105,4,1,11,4,3,296.808,2,8,2,2010,15,24,12,7,0,2,1,1,0,0,2,8,0,2,1,,,
201011176122,4,1,7,4,3,305.288,2,9,3,2010,7,20,12,6,0,2,1,1,0,0,2,1,0,2,1,,,
201011176123,5,1,1,4,3,52.186,1,9,4,2010,15,21,33,0,0,1,1,1,2,2,2,3,0,1,4,,,
201011176127,6,1,7,4,3,135.684,2,9,3,2010,10,55,12,6,0,2,1,1,1,1,2,1,0,2,1,,,
201011176139,6,1,7,4,3,135.684,2,9,1,2010,19,50,12,1,0,2,3,1,0,0,2,1,0,8,1,,,
201011176144,4,1,1,4,3,300.07,2,9,3,2010,13,31,12,7,0,2,1,1,0,0,2,3,0,2,1,,,
201011176145,2,1,1,4,3,13.047,2,9,3,2010,14,20,12,1,0,2,1,1,0,0,2,3,0,3,1,,,
201011176153,2,1,17,4,3,121.593,2,9,6,2010,16,59,12,6,0,2,1,1,3,1,2,1,0,2,1,,,
201011176163,4,1,4,4,3,300.07,2,9,6,2010,16,48,12,6,0,4,1,1,3,1,2,2,0,1,1,,,
201011176175,6,1,4,4,3,130.465,2,9,3,2010,14,52,12,1,0,1,1,1,2,2,2,2,0,1,1,,,
201011176184,5,1,11,4,3,59.362,3,9,6,2010,14,32,12,6,0,2,1,1,1,3,2,8,0,3,1,,,
201011176186,4,1,11,4,3,296.808,2,9,4,2010,20,46,14,0,0,4,3,1,0,0,2,8,1,1,7,,,
201011176188,3,1,11,4,3,59.362,2,9,7,2010,13,36,12,2,0,2,1,1,3,3,2,8,0,2,1,,,
201011176194,6,1,7,4,3,135.684,1,9,4,2010,23,10,42,0,0,1,2,2,0,0,2,1,0,1,4,,,
201011176198,6,1,6,4,3,135.684,2,9,5,2010,14,31,12,6,0,2,1,1,1,3,2,8,0,3,1,,,
201011176199,2,1,6,4,3,27.137,1,9,5,2010,10,21,33,0,0,1,1,1,3,1,2,8,0,1,4,,,
201011176201,5,1,6,4,3,54.273,1,9,5,2010,15,59,1,0,0,1,1,10,2,1,2,8,0,1,4,,,
201011176219,6,1,2,4,3,130.465,2,9,4,2010,15,24,12,1,0,2,1,1,2,2,2,2,0,2,1,,,
201011176237,4,1,2,4,3,300.07,2,9,2,2010,8,46,12,1,0,1,1,1,0,0,2,2,0,1,1,,,
201011176244,5,1,2,4,3,52.186,2,9,6,2010,12,34,12,6,0,2,1,1,1,2,2,2,0,8,1,,,
201011176260,1,1,3,4,3,13.047,1,9,1,2010,3,19,33,0,0,2,3,1,3,1,1,3,0,3,4,,,
201011176261,5,1,3,4,3,52.186,2,9,4,2010,19,28,12,1,0,2,3,1,1,2,1,3,0,3,1,,,
201011176268,6,1,3,4,3,130.465,2,9,7,2010,12,16,12,6,0,2,1,1,0,0,2,3,0,3,1,,,
201011176273,5,1,3,4,3,52.186,2,9,3,2010,10,24,12,6,0,2,1,1,1,1,2,3,0,3,1,,,
201011176275,4,1,3,4,3,300.07,2,9,3,2010,16,16,12,1,1,5,1,1,1,1,2,3,0,1,1,,,
201011176287,6,1,1,4,3,130.465,3,9,6,2010,15,5,12,1,0,1,1,1,1,2,2,3,0,1,1,,,
201011176297,4,1,1,4,3,300.07,2,9,7,2010,17,27,12,1,0,2,1,1,0,0,2,3,0,3,1,,,
201011176315,5,1,1,4,3,52.186,2,9,3,2010,16,8,12,1,0,2,1,1,2,1,2,3,0,3,1,,,
201011176325,5,1,1,4,3,52.186,2,9,4,2010,22,27,12,6,0,1,3,2,1,1,2,3,0,1,1,,,
201011176327,1,1,1,4,3,13.047,2,9,1,2010,20,13,12,6,0,2,3,1,3,2,2,3,0,2,1,,,
201011176336,4,1,1,4,3,300.07,2,9,3,2010,15,40,12,6,0,4,1,1,0,0,2,3,0,1,1,,,
201011176337,6,1,1,4,3,130.465,2,9,6,2010,13,31,12,2,0,4,1,1,0,0,2,3,0,1,1,,,
201011176366,6,1,17,4,3,121.593,2,9,5,2010,15,54,12,1,0,2,1,1,0,0,2,1,0,8,1,,,
201011176367,6,1,17,4,3,121.593,2,9,5,2010,16,0,12,1,0,2,1,1,1,1,2,1,0,4,1,,,
201011176368,4,1,17,4,3,243.187,3,9,5,2010,16,50,12,1,0,2,1,1,0,0,2,1,0,8,1,,,
201011176369,5,1,17,4,3,121.593,3,9,6,2010,19,32,12,1,0,2,3,1,2,2,2,1,0,2,1,,,
201011176377,6,1,7,4,3,135.684,2,9,5,2010,14,24,12,6,0,2,1,10,0,0,2,1,0,2,1,,,
201011176378,4,1,7,4,3,305.288,2,10,6,2010,13,53,12,6,0,2,1,2,0,0,2,1,0,2,1,,,
201011176382,4,1,6,4,3,298.504,1,9,6,2010,20,50,59,0,0,2,1,1,0,0,2,8,0,2,4,,,
201011176390,6,1,2,4,3,130.465,3,9,2,2010,13,6,12,1,0,1,1,2,0,0,2,2,0,1,1,,,
201011176400,4,1,2,4,3,300.07,2,9,2,2010,19,0,12,7,0,1,1,10,0,0,2,2,0,1,1,,,
201011176403,2,1,2,4,3,13.047,2,9,2,2010,10,48,12,1,0,1,1,2,0,0,2,2,0,1,1,,,
201011176406,3,1,2,4,3,13.047,1,9,2,2010,2,54,21,0,0,1,3,1,2,1,1,2,0,1,1,,,
201011176439,6,1,3,4,3,130.465,2,9,6,2010,18,52,12,6,0,1,2,1,1,1,2,3,0,1,1,,,
201011176446,1,1,1,4,3,13.047,2,9,4,2010,2,5,12,6,0,2,3,1,3,2,1,3,0,3,1,,,
201011176467,4,1,1,4,3,300.07,1,10,7,2010,0,17,18,0,0,1,3,1,0,0,2,3,0,1,1,,,
201011176489,6,1,1,4,3,130.465,2,9,7,2010,19,47,12,6,0,2,3,1,2,1,1,3,0,3,1,,,
201011176509,5,1,1,4,3,52.186,2,9,2,2010,9,22,12,6,0,2,1,2,2,2,2,3,0,2,1,,,
201011176517,1,1,3,4,3,13.047,1,9,4,2010,18,42,25,0,0,1,1,1,3,1,1,3,0,1,3,,,
201011176526,6,1,4,4,3,130.465,1,9,2,2010,12,29,42,0,0,1,1,2,0,0,2,2,0,1,4,,,
201011176546,5,1,4,4,3,52.186,2,9,3,2010,19,52,12,1,0,2,3,1,1,2,2,2,0,2,1,,,
201011176550,6,1,4,4,3,130.465,1,9,5,2010,2,39,30,0,0,1,3,1,0,0,2,2,0,1,4,,,
201011176563,4,1,3,4,3,300.07,2,10,5,2010,14,8,12,6,0,2,1,1,0,0,2,3,0,2,1,,,
201011176566,5,1,3,4,3,52.186,1,10,5,2010,10,28,33,0,0,1,1,1,1,1,2,3,0,1,4,,,
201011176596,4,1,3,4,3,300.07,3,10,7,2010,7,34,12,1,0,2,1,1,0,0,2,3,0,2,1,,,
201011176600,5,1,3,4,3,52.186,2,10,7,2010,20,41,14,0,0,1,2,1,2,1,2,3,1,1,7,,,
201011176613,1,1,2,4,3,13.047,3,10,1,2010,1,56,12,2,0,1,3,1,3,3,1,2,0,1,1,,,
201011176617,5,1,2,4,3,52.186,2,10,2,2010,11,42,12,1,0,2,1,2,1,2,2,2,0,3,1,,,
201011176623,6,1,2,4,3,130.465,2,10,6,2010,15,35,12,6,0,2,1,1,0,0,2,2,0,2,1,,,
201011176634,4,1,2,4,3,300.07,2,10,7,2010,20,18,12,1,0,2,3,1,0,0,2,2,0,8,1,,,
201011176636,5,1,2,4,3,52.186,1,10,6,2010,0,17,33,0,0,2,3,1,1,1,2,2,0,3,4,,,
201011176642,4,1,11,4,3,296.808,2,10,6,2010,17,20,12,6,0,2,1,1,1,1,2,8,0,2,1,,,
201011176644,6,1,11,4,3,118.723,2,10,6,2010,14,14,12,6,0,2,1,1,0,0,2,8,0,2,1,,,
201011176666,1,1,2,4,3,13.047,3,9,5,2010,7,26,12,7,0,2,1,10,1,2,2,2,0,2,1,,,
201011176686,4,1,2,4,3,300.07,2,10,2,2010,17,16,12,1,0,2,1,2,0,0,2,2,0,8,1,,,
201011176690,2,1,2,4,3,13.047,2,10,2,2010,13,14,12,1,0,4,1,2,0,0,2,2,0,1,1,,,
201011176691,6,1,7,4,3,135.684,2,10,4,2010,13,55,12,6,0,2,1,1,2,2,2,1,0,3,1,,,
201011176701,5,1,2,4,3,52.186,2,10,2,2010,15,13,12,6,0,2,1,2,1,1,2,2,0,2,1,,,
201011176703,6,1,6,4,3,135.684,2,9,1,2010,16,20,12,6,0,2,1,10,2,1,2,8,0,3,1,,,
201011176705,6,1,2,4,3,130.465,2,10,2,2010,16,50,12,6,0,2,1,2,1,1,2,2,0,2,1,,,
201011176717,6,1,6,4,3,135.684,2,10,1,2010,16,27,12,6,0,4,1,2,0,0,2,8,0,1,1,,,
201011176732,2,1,4,4,3,13.047,2,10,3,2010,14,58,12,6,0,4,1,1,0,0,2,2,0,1,1,,,
201011176739,4,1,4,4,3,300.07,2,9,6,2010,17,33,14,0,0,1,1,1,0,0,2,2,1,1,7,,,
201011176743,4,1,6,4,3,298.504,1,10,4,2010,13,59,59,0,1,5,1,1,0,0,2,8,0,1,4,,,
201011176749,5,1,6,4,3,54.273,2,10,5,2010,7,29,12,2,0,4,1,1,2,1,2,8,0,1,1,,,
201011176754,4,1,7,4,3,305.288,1,10,1,2010,0,57,33,0,0,2,3,1,0,0,1,1,0,2,4,,,
201011176765,4,1,7,4,3,305.288,2,10,2,2010,16,45,14,0,0,4,1,1,0,0,2,1,1,1,7,,,
201011176773,5,1,7,4,3,67.842,1,10,5,2010,18,50,30,0,0,1,2,2,2,1,2,1,0,1,4,,,
201011176776,6,1,7,4,3,135.684,2,10,7,2010,12,3,12,1,0,2,1,1,2,1,2,1,0,8,1,,,
201011176783,5,1,11,4,3,59.362,2,10,3,2010,17,58,12,6,0,2,1,1,1,2,2,8,0,2,1,,,
201011176784,6,1,17,4,3,121.593,1,10,1,2010,19,3,42,0,0,1,3,2,0,0,2,1,0,1,4,,,
201011176802,4,1,2,4,3,300.07,3,10,5,2010,15,34,12,1,0,1,1,2,1,1,2,2,0,1,1,,,
201011176811,5,1,2,4,3,52.186,2,10,1,2010,22,12,12,6,0,2,3,1,1,1,2,2,0,3,1,,,
201011176826,3,1,2,4,3,13.047,1,10,5,2010,21,30,21,0,0,5,3,10,2,2,2,2,0,1,1,,,
201011176827,4,1,1,4,3,300.07,2,10,7,2010,15,27,12,1,0,2,1,1,0,0,2,3,0,2,1,,,
201011176836,1,1,1,4,3,13.047,2,10,5,2010,7,21,12,6,0,2,1,1,1,1,2,3,0,3,1,,,
201011176839,3,1,2,4,3,13.047,1,10,5,2010,9,20,22,0,0,2,1,1,3,1,2,2,0,8,1,,,
201011176843,6,1,1,4,3,130.465,2,10,5,2010,10,20,12,6,0,2,1,1,0,0,2,3,0,3,1,,,
201011176851,6,1,2,4,3,130.465,2,10,4,2010,17,3,12,8,0,1,1,1,1,1,2,2,0,1,1,,,
201011176862,6,1,3,4,3,130.465,2,10,5,2010,9,59,12,1,0,1,1,1,0,0,2,3,0,1,1,,,
201011176873,3,1,3,4,3,13.047,1,10,7,2010,20,2,22,0,0,2,3,1,2,1,2,3,0,2,1,,,
201011176891,6,1,3,4,3,130.465,2,10,3,2010,12,24,12,6,0,4,1,1,0,0,2,3,0,1,1,,,
201011176892,5,1,3,4,3,52.186,2,10,7,2010,22,19,12,6,0,2,3,1,1,2,2,3,0,2,1,,,
201011176898,4,1,3,4,3,300.07,2,10,6,2010,17,32,12,6,0,2,1,1,0,0,2,3,0,2,1,,,
201011176924,6,1,4,4,3,130.465,1,10,4,2010,15,2,53,0,0,1,1,1,0,0,2,2,0,1,4,,,
201011176953,2,1,1,4,3,13.047,2,10,3,2010,15,0,12,1,0,2,1,1,1,1,2,3,0,3,1,,,
201011176957,4,1,1,4,3,300.07,2,10,6,2010,11,18,12,6,0,2,1,1,0,0,2,3,0,2,1,,,
201011176958,5,1,1,4,3,52.186,2,10,6,2010,13,20,12,1,0,2,1,1,1,2,2,3,0,2,1,,,
201011176962,6,1,1,4,3,130.465,2,10,6,2010,16,9,12,1,0,1,1,1,0,0,2,3,0,1,1,,,
201011176969,1,1,1,4,3,13.047,1,10,1,2010,1,21,33,0,0,1,3,1,3,1,1,3,0,1,4,,,
201011176975,3,1,1,4,3,13.047,1,10,1,2010,13,10,1,0,0,2,1,1,2,1,2,3,0,2,1,,,
201011176976,1,1,1,4,3,13.047,2,10,1,2010,16,30,12,1,0,2,1,1,2,1,2,3,0,8,1,,,
201011177000,4,1,1,4,3,300.07,2,10,3,2010,18,18,12,1,0,2,1,10,1,1,2,3,0,2,1,,,
201011177001,6,1,1,4,3,130.465,2,10,3,2010,18,37,12,1,0,2,2,10,0,0,2,3,0,3,1,,,
201011177003,5,1,1,4,3,52.186,1,10,4,2010,0,8,33,0,0,1,3,1,1,1,2,3,0,1,4,,,
201011177031,4,1,2,4,3,300.07,2,10,4,2010,8,12,12,6,0,2,1,1,0,0,2,2,0,2,1,,,
201011177043,5,1,2,4,3,52.186,2,10,3,2010,19,57,12,1,0,1,3,1,1,2,2,2,0,1,1,,,
201011177044,1,1,2,4,3,13.047,2,10,6,2010,9,18,12,6,0,2,1,1,3,1,2,2,0,2,1,,,
201011177091,4,1,3,4,3,300.07,2,10,6,2010,19,9,12,7,0,1,3,1,0,0,2,3,0,1,1,,,
201011177094,5,1,3,4,3,52.186,2,10,7,2010,11,51,12,1,0,4,1,1,1,1,2,3,0,1,1,,,
201011177095,6,1,3,4,3,130.465,2,10,7,2010,12,47,12,6,0,4,1,1,1,2,2,3,0,1,1,,,
201011177106,6,1,6,4,3,135.684,2,10,5,2010,16,14,12,6,0,2,1,1,0,0,2,8,0,2,1,,,
201011177108,4,1,6,4,3,298.504,2,10,1,2010,9,51,14,0,0,1,3,1,1,1,2,8,1,1,7,,,
201011177117,4,1,7,4,3,305.288,2,10,3,2010,15,45,12,1,0,1,1,1,1,1,2,1,0,1,1,,,
201011177120,5,1,7,4,3,67.842,3,10,6,2010,16,40,12,1,0,1,1,1,1,1,2,1,0,1,1,,,
201011177121,6,1,7,4,3,135.684,4,10,6,2010,18,39,12,1,0,1,3,1,0,0,2,1,0,1,1,,,
201011177129,4,1,11,4,3,296.808,2,10,5,2010,13,16,12,1,0,2,1,1,0,0,2,8,0,4,1,,,
201011177131,5,1,11,4,3,59.362,2,10,5,2010,19,3,12,1,0,2,3,2,1,1,2,8,0,3,1,,,
201011177135,3,1,17,4,3,121.593,1,10,4,2010,22,58,21,0,0,2,3,1,2,1,2,1,0,2,1,,,
201011177136,4,1,17,4,3,243.187,3,10,5,2010,14,10,12,1,0,1,1,2,0,0,2,1,0,1,1,,,
201011177138,1,1,4,4,3,13.047,1,10,2,2010,3,1,33,0,0,1,3,1,3,2,2,2,0,1,4,,,
201011177144,5,1,4,4,3,52.186,2,10,6,2010,15,41,12,6,0,2,1,1,1,1,2,2,0,2,1,,,
201011177150,2,1,4,4,3,13.047,2,10,3,2010,11,25,12,1,0,2,1,1,2,2,2,2,0,4,1,,,
201011177154,4,1,4,4,3,300.07,2,10,7,2010,22,43,12,1,0,1,3,1,0,0,2,2,0,1,1,,,
201011177155,6,1,4,4,3,130.465,1,10,7,2010,19,6,18,0,0,1,2,1,0,0,2,2,0,1,1,,,
201011177162,2,1,4,4,3,13.047,3,10,2,2010,14,17,12,6,0,2,1,1,1,1,2,2,0,2,1,,,
201011177171,1,1,1,4,3,13.047,2,10,7,2010,18,52,12,6,0,5,3,1,3,1,1,3,0,2,1,,,
201011177185,1,1,1,4,3,13.047,3,10,6,2010,18,41,12,2,0,2,3,1,3,1,2,3,0,2,1,,,
201011177201,4,1,1,4,3,300.07,3,10,5,2010,18,1,12,1,0,2,3,1,0,0,2,3,0,2,1,,,
201011177210,5,1,1,4,3,52.186,1,10,4,2010,14,22,33,0,0,1,1,1,1,1,2,3,0,1,4,,,
201011177218,2,1,1,4,3,13.047,2,10,3,2010,5,51,12,1,0,4,3,2,1,1,2,3,0,1,1,,,
201011177223,1,1,1,4,3,13.047,2,10,3,2010,17,3,12,6,0,2,1,1,3,2,2,3,0,2,1,,,
201011177234,4,1,1,4,3,300.07,1,10,2,2010,17,47,22,0,0,2,1,1,0,0,2,3,0,2,1,,,
201011177249,5,1,2,4,3,52.186,2,10,5,2010,15,54,12,1,0,1,1,1,1,3,2,2,0,1,1,,,
201011177251,4,1,2,4,3,300.07,2,10,5,2010,18,39,12,6,0,4,2,1,0,0,2,2,0,1,1,,,
201011177268,6,1,2,4,3,130.465,2,10,4,2010,17,23,12,1,0,1,5,2,0,0,2,2,0,1,1,,,
201011177272,1,1,2,4,3,13.047,1,10,3,2010,10,45,46,0,1,5,1,1,2,1,2,2,0,2,8,,,
201011177285,3,1,2,4,3,13.047,2,6,5,2010,20,32,12,6,0,4,3,1,2,2,1,2,0,1,1,,,
201011177291,5,1,2,4,3,52.186,2,10,7,2010,7,51,12,6,0,2,1,1,1,1,2,2,0,2,1,,,
201011177292,4,1,2,4,3,300.07,2,10,1,2010,16,42,12,1,0,2,1,1,0,0,2,2,0,2,1,,,
201011177321,4,1,3,4,3,300.07,2,10,2,2010,17,56,12,1,0,1,1,1,0,0,2,3,0,1,1,,,
201011177326,5,1,6,4,3,54.273,2,10,2,2010,17,0,12,6,1,4,1,1,2,1,2,8,0,1,1,,,
201011177334,4,1,11,4,3,296.808,2,10,4,2010,8,56,12,6,0,2,1,1,0,0,2,8,0,2,1,,,
201011177343,1,1,1,4,3,13.047,2,10,6,2010,19,10,12,6,0,2,3,1,3,1,2,3,0,8,1,,,
201011177352,6,1,1,4,3,130.465,2,10,6,2010,15,40,12,1,0,1,1,1,0,0,2,3,0,1,1,,,
201011177362,1,1,1,4,3,13.047,2,10,7,2010,15,25,12,2,0,2,1,1,3,3,2,3,0,3,1,,,
201011177374,4,1,1,4,3,300.07,2,10,5,2010,12,35,12,1,0,2,1,1,0,0,2,3,0,2,1,,,
201011177387,5,1,1,4,3,52.186,2,10,4,2010,16,55,12,2,0,2,1,2,1,3,2,3,0,3,1,,,
201011177391,6,1,1,4,3,130.465,2,10,4,2010,19,16,12,1,0,2,3,2,0,0,2,3,0,8,1,,,
201011177408,4,1,1,4,3,300.07,2,10,2,2010,8,25,12,1,0,2,1,1,0,0,2,3,0,3,1,,,
201011177436,6,1,2,4,3,130.465,3,10,6,2010,12,23,12,1,0,2,1,1,0,0,2,2,0,8,1,,,
201011177450,5,1,2,4,3,52.186,2,11,2,2010,10,58,12,6,0,2,1,1,1,1,2,2,0,2,1,,,
201011177456,4,1,2,4,3,300.07,2,11,5,2010,9,1,12,6,0,2,1,2,0,0,2,2,0,3,1,,,
201011177479,6,1,2,4,3,130.465,1,11,2,2010,10,42,17,0,0,1,1,1,0,0,2,2,0,1,4,,,
201011177480,3,1,2,4,3,13.047,1,11,2,2010,16,24,22,0,0,2,5,1,2,1,1,2,0,8,1,,,
201011177486,4,1,2,4,3,300.07,3,11,2,2010,9,39,12,6,0,2,1,1,0,0,2,2,0,3,1,,,
201011177523,2,1,4,4,3,13.047,2,10,2,2010,8,37,12,6,0,2,1,1,3,1,2,2,0,3,1,,,
201011177537,1,1,4,4,3,13.047,1,10,7,2010,5,53,33,0,0,1,3,1,3,1,2,2,0,1,4,,,
201011177539,4,1,4,4,3,300.07,2,10,6,2010,6,58,12,7,0,2,1,1,1,1,2,2,0,8,1,,,
201011177547,6,1,4,4,3,130.465,1,10,4,2010,14,14,33,0,0,1,1,1,0,0,2,2,0,1,4,,,
201011177556,3,1,4,4,3,13.047,2,10,1,2010,12,10,12,1,0,2,1,1,3,1,2,2,0,2,1,,,
201011177559,5,1,17,4,3,121.593,2,10,7,2010,23,4,12,6,0,2,2,1,2,2,2,1,0,2,1,,,
201011177560,4,1,17,4,3,243.187,2,10,3,2010,13,40,12,1,0,2,1,1,0,0,2,1,0,2,1,,,
201011177562,3,1,17,4,3,121.593,2,10,5,2010,7,52,12,6,0,4,1,10,3,2,2,1,0,1,1,,,
201011177564,4,1,17,4,3,243.187,2,10,6,2010,12,53,12,1,0,2,1,1,1,2,2,1,0,2,1,,,
201011177567,4,1,17,4,3,243.187,2,11,3,2010,6,57,12,1,0,2,4,1,1,1,2,1,0,8,1,,,
201011177570,3,1,11,4,3,59.362,1,10,7,2010,23,30,21,0,0,2,3,1,3,1,2,8,0,8,1,,,
201011177573,5,1,6,4,3,54.273,1,10,3,2010,1,14,53,0,0,1,3,1,2,1,2,8,0,1,4,,,
201011177586,5,1,7,4,3,67.842,2,10,1,2010,0,47,12,2,0,2,3,1,1,2,2,1,0,2,1,,,
201011177588,3,1,7,4,3,33.921,2,10,3,2010,10,3,21,0,0,4,1,1,2,1,2,1,1,1,1,,,
201011177590,4,1,7,4,3,305.288,2,10,5,2010,15,1,12,1,0,1,1,1,0,0,2,1,0,1,1,,,
201011177603,2,1,1,4,3,13.047,3,11,6,2010,13,27,12,1,0,2,1,1,1,1,2,3,0,8,1,,,
201011177614,6,1,1,4,3,130.465,1,11,1,2010,0,58,30,0,0,2,3,1,0,0,1,3,0,3,4,,,
201011177621,4,1,1,4,3,300.07,2,11,5,2010,7,48,12,1,0,2,1,2,0,0,2,3,0,2,1,,,
201011177654,1,1,1,4,3,13.047,2,11,4,2010,21,15,12,2,0,2,3,1,3,3,2,3,0,2,1,,,
201011177655,4,1,1,4,3,300.07,2,11,4,2010,21,9,12,6,0,4,3,1,0,0,2,3,0,1,1,,,
201011177673,6,1,1,4,3,130.465,2,11,3,2010,18,52,12,8,0,2,3,1,2,1,2,3,0,3,1,,,
201011177675,1,1,3,4,3,13.047,2,11,3,2010,21,10,12,2,0,2,3,1,3,3,2,3,0,2,1,,,
201011177683,1,1,17,4,3,121.593,1,11,7,2010,4,0,30,0,0,1,3,1,3,2,2,1,0,1,4,,,
201011177685,5,1,17,4,3,121.593,2,11,7,2010,20,17,12,6,0,2,3,1,1,1,1,1,0,3,1,,,
201011177687,6,1,11,4,3,118.723,2,11,3,2010,7,38,12,6,0,2,1,1,0,0,2,8,0,3,1,,,
201011177688,4,1,11,4,3,296.808,2,11,6,2010,23,41,14,0,0,1,3,1,0,0,2,8,1,1,7,,,
201011177691,3,1,6,4,3,27.137,1,10,1,2010,16,57,1,0,0,1,1,1,3,1,2,8,0,1,5,,,
201011177695,4,1,6,4,3,298.504,2,11,6,2010,9,16,12,1,0,4,1,10,0,0,2,8,0,1,1,,,
201011177699,6,1,6,4,3,135.684,1,11,2,2010,9,14,46,0,0,2,1,1,1,1,2,8,0,3,4,,,
201011177704,5,1,6,4,3,54.273,2,11,7,2010,15,46,12,6,0,2,1,1,2,3,2,8,0,3,1,,,
201011177712,6,1,7,4,3,135.684,2,10,7,2010,17,12,12,1,0,2,1,1,0,0,2,1,0,2,1,,,
201011177721,4,1,7,4,3,305.288,3,11,6,2010,17,15,12,1,0,1,3,1,0,0,2,1,0,1,1,,,
201011177724,5,1,4,4,3,52.186,2,11,3,2010,14,35,12,7,0,2,1,1,1,2,2,2,0,3,1,,,
201011177749,2,1,3,4,3,13.047,2,11,4,2010,13,32,12,7,0,4,1,1,2,3,2,3,0,1,1,,,
201011177752,5,1,3,4,3,52.186,4,11,4,2010,6,1,12,6,0,2,4,1,1,1,2,3,2,2,1,,,
201011177757,6,1,3,4,3,130.465,2,11,3,2010,13,52,12,6,0,2,1,1,0,0,2,3,0,2,1,,,
201011177761,4,1,3,4,3,300.07,2,11,2,2010,20,54,12,6,0,2,3,1,0,0,1,3,0,3,1,,,
201011177796,5,1,1,4,3,52.186,2,11,6,2010,16,49,12,6,0,2,3,1,1,2,2,3,0,2,1,,,
201011177813,4,1,1,4,3,300.07,2,11,1,2010,19,14,12,1,0,2,3,1,0,0,2,3,0,2,1,,,
201011177815,3,1,1,4,3,13.047,1,10,5,2010,16,55,21,0,0,2,1,1,3,1,2,3,0,2,1,,,
201011177825,1,1,1,4,3,13.047,4,11,4,2010,19,25,12,1,0,2,2,1,3,1,2,3,0,8,1,,,
201011177852,5,1,6,4,3,54.273,2,11,2,2010,6,52,12,6,0,4,1,1,1,2,2,8,0,1,1,,,
201011177853,4,1,6,4,3,298.504,2,11,5,2010,14,12,12,6,0,2,1,1,0,0,2,8,0,2,1,,,
201011177855,2,1,6,4,3,27.137,2,11,7,2010,13,12,12,6,0,2,1,1,3,1,2,8,0,3,1,,,
201011177863,3,1,6,4,3,27.137,1,11,6,2010,12,7,21,0,0,2,1,1,2,1,2,8,0,2,1,,,
201011177864,6,1,6,4,3,135.684,3,11,6,2010,17,20,12,1,0,1,3,1,0,0,2,8,0,1,1,,,
201011177868,5,1,7,4,3,67.842,3,11,4,2010,15,32,12,1,0,1,1,1,2,3,2,1,0,1,1,,,
201011177869,3,1,7,4,3,33.921,1,11,5,2010,10,5,42,0,0,2,1,1,3,1,2,1,0,3,5,,,
201011177873,6,1,7,4,3,135.684,3,11,4,2010,8,11,12,1,0,2,1,1,0,0,2,1,0,8,1,,,
201011177876,5,1,7,4,3,67.842,1,11,5,2010,1,46,30,0,0,1,3,1,2,2,1,1,0,1,4,,,
201011177883,5,1,1,4,3,52.186,2,11,7,2010,20,57,14,0,0,1,3,1,1,1,2,3,1,1,7,,,
201011177884,6,1,1,4,3,130.465,2,11,7,2010,12,55,12,2,0,2,1,1,0,0,2,3,0,2,1,,,
201011177901,4,1,1,4,3,300.07,2,11,7,2010,17,27,12,1,0,1,5,1,0,0,2,3,0,1,1,,,
201011177911,1,1,1,4,3,13.047,2,11,1,2010,13,8,12,6,0,2,1,1,3,1,2,3,0,2,1,,,
201011177919,5,1,1,4,3,52.186,2,11,4,2010,8,48,12,6,0,2,1,1,1,2,2,3,0,2,1,,,
201011177937,6,1,1,4,3,130.465,2,11,4,2010,7,9,12,6,0,2,1,1,1,1,2,3,0,3,1,,,
201011177940,4,1,3,4,3,300.07,3,11,4,2010,15,52,12,1,0,2,1,1,0,0,2,3,0,8,1,,,
201011177952,5,1,1,4,3,52.186,2,11,4,2010,17,51,12,6,0,2,3,1,2,4,2,3,0,3,1,,,
201011177962,4,1,1,4,3,300.07,1,11,1,2010,3,0,43,0,0,1,2,1,0,0,1,3,0,1,5,,,
201011178009,4,1,2,4,3,300.07,2,11,4,2010,9,6,12,1,0,2,1,1,0,0,2,2,0,2,1,,,
201011178019,3,1,2,4,3,13.047,1,11,3,2010,17,36,22,0,0,2,3,10,2,1,2,2,0,2,1,,,
201011178025,3,1,2,4,3,13.047,1,11,3,2010,11,53,21,0,0,1,1,10,2,1,2,2,0,1,1,,,
201011178028,5,1,2,4,3,52.186,1,11,3,2010,8,35,74,0,0,2,1,2,1,1,2,2,0,2,4,,,
201011178033,6,1,2,4,3,130.465,2,11,6,2010,11,5,12,1,0,1,1,1,0,0,2,2,0,1,1,,,
201011178043,4,1,2,4,3,300.07,3,11,7,2010,12,21,12,1,0,2,1,1,1,1,2,2,0,8,1,,,
201011178057,1,1,2,4,3,13.047,2,11,7,2010,15,56,12,6,0,2,1,1,1,1,2,2,0,2,1,,,
201011178059,3,1,2,4,3,13.047,1,11,4,2010,22,3,21,0,0,1,3,1,3,1,2,2,0,1,1,,,
201011178060,5,1,2,4,3,52.186,3,11,4,2010,21,9,12,1,0,2,3,1,1,2,2,2,0,2,1,,,
201011178074,6,1,2,4,3,130.465,2,11,2,2010,17,48,12,1,0,4,3,10,0,0,2,2,0,1,1,,,