CASENUM,STRATUM,REGION,PJ,PSU,PSUSTRAT,WEIGHT,VE_TOTAL,MONTH,WKDY_IM,YEAR,HOUR_IM,MINUTE_IM,EVENT1_IM,MANCOL_IM,RELJCT1_IM,RELJCT2_IM,LGTCON_IM,WEATHR_IM,MAXSEV_IM,NO_INJ_IM,ALCHL_IM,LAND_USE,PVH_INVL,TYP_INT,REL_ROAD,CF1,CF2,CF3
201011178093,4,1,2,4,3,300.07,2,11,4,2010,13,31,12,1,0,1,1,1,0,0,2,2,0,1,1,,,
201011178095,6,1,1,4,3,130.465,2,11,3,2010,17,31,12,1,0,2,3,1,0,0,1,3,0,3,1,,,
201011178115,4,1,1,4,3,300.07,2,11,5,2010,14,51,14,0,0,4,1,2,0,0,2,3,1,1,7,,,
201011178119,1,1,1,4,3,13.047,1,11,6,2010,8,39,42,0,0,1,1,1,3,2,2,3,0,1,4,,,
201011178128,5,1,3,4,3,52.186,2,11,5,2010,15,52,12,6,0,2,1,10,2,3,2,3,0,2,1,,,
201011178134,6,1,1,4,3,130.465,2,11,7,2010,12,15,12,6,0,2,1,10,0,0,2,3,0,2,1,,,
201011178165,3,1,11,4,3,59.362,1,11,4,2010,15,56,22,0,0,2,1,1,2,1,2,8,0,2,1,,,
201011178169,4,1,11,4,3,296.808,2,11,4,2010,9,5,12,6,0,2,1,1,0,0,2,8,0,3,1,,,
201011178179,4,1,7,4,3,305.288,2,11,5,2010,19,40,12,1,0,2,3,2,1,2,2,1,0,3,1,,,
201011178181,6,1,7,4,3,135.684,1,11,6,2010,11,57,30,0,0,1,1,1,0,0,2,1,0,1,4,,,
201011178203,4,1,4,4,3,300.07,1,11,3,2010,18,5,24,0,0,1,3,10,0,0,2,2,0,1,1,,,
201011178204,6,1,4,4,3,130.465,1,11,1,2010,7,31,31,0,0,1,1,1,1,1,2,2,0,1,4,,,
201011178211,5,1,4,4,3,52.186,1,11,6,2010,0,4,38,0,0,1,3,1,1,1,2,2,0,1,5,,,
201011178228,3,1,4,4,3,13.047,1,11,5,2010,19,40,21,0,0,1,2,1,2,2,2,2,0,1,4,,,
201011178231,6,1,4,4,3,130.465,2,11,4,2010,8,3,12,1,0,2,1,1,0,0,2,2,0,2,1,,,
201011178245,4,1,4,4,3,300.07,2,11,5,2010,17,5,12,1,0,1,1,1,1,1,1,2,0,1,1,,,
201011178255,5,1,6,4,3,54.273,2,11,3,2010,18,36,12,6,0,2,3,1,2,1,2,8,0,2,1,,,
201011178258,4,1,6,4,3,298.504,2,11,6,2010,16,59,12,6,0,2,3,1,0,0,2,8,0,3,1,,,
201011178260,6,1,6,4,3,135.684,1,11,1,2010,6,42,40,0,0,1,1,1,0,0,2,8,0,1,4,,,
201011178270,5,1,7,4,3,67.842,2,11,1,2010,17,55,33,0,0,2,3,1,1,2,1,1,0,8,5,,,
201011178271,6,1,7,4,3,135.684,2,11,3,2010,7,46,12,6,0,4,1,10,0,0,2,1,0,1,1,,,
201011178275,6,1,11,4,3,118.723,1,11,3,2010,1,19,30,0,0,1,3,2,0,0,2,8,0,1,4,,,
201011178280,4,1,17,4,3,243.187,2,11,6,2010,16,57,12,6,0,2,5,1,0,0,2,1,0,2,1,,,
201011178281,6,1,17,4,3,121.593,1,11,2,2010,3,18,74,0,1,5,3,1,0,0,2,1,0,1,4,,,
201011178283,6,1,17,4,3,121.593,3,11,6,2010,13,40,12,1,0,1,1,1,1,2,2,1,0,1,1,,,
201011178289,3,1,2,4,3,13.047,1,12,5,2010,20,34,21,0,0,1,3,1,2,1,2,2,0,1,1,,,
201011178303,6,1,2,4,3,130.465,3,12,4,2010,16,39,12,1,0,2,1,1,0,0,2,2,0,2,1,,,
201011178317,5,1,2,4,3,52.186,1,11,7,2010,10,26,33,0,0,2,1,1,1,1,2,2,0,3,4,,,
201011178322,4,1,2,4,3,300.07,2,11,6,2010,13,52,14,0,0,4,1,2,1,1,2,2,1,1,7,,,
201011178333,6,1,2,4,3,130.465,4,11,5,2010,14,3,12,6,0,2,1,2,0,0,2,2,1,2,1,,,
201011178350,4,1,3,4,3,300.07,2,12,5,2010,17,3,12,1,0,2,3,1,0,0,2,3,0,3,1,,,
201011178359,1,1,3,4,3,13.047,1,11,1,2010,15,12,25,0,0,2,1,1,3,1,2,3,0,2,3,,,
201011178385,4,1,3,4,3,300.07,2,11,4,2010,22,13,12,8,0,2,3,1,0,0,2,3,0,3,1,,,
201011178392,6,1,3,4,3,130.465,1,11,5,2010,14,2,42,0,0,1,1,2,0,0,2,3,0,1,3,,,
201011178409,1,1,1,4,3,13.047,1,11,5,2010,22,35,33,0,0,1,3,1,2,1,1,3,0,1,4,,,
201011178410,4,1,1,4,3,300.07,2,11,4,2010,10,25,12,1,0,2,1,1,0,0,2,3,0,8,1,,,
201011178412,1,1,1,4,3,13.047,2,12,1,2010,17,38,12,1,0,2,5,1,1,1,2,3,0,3,1,,,
201011178417,3,1,1,4,3,13.047,1,12,2,2010,18,10,21,0,0,4,2,1,3,1,1,3,0,3,1,,,
201011178422,2,1,1,4,3,13.047,3,11,2,2010,12,2,12,7,0,2,1,1,0,0,2,3,0,2,1,,,
201011178427,6,1,1,4,3,130.465,2,12,6,2010,12,26,12,1,0,2,1,1,0,0,2,3,0,2,1,,,
201011178445,5,1,1,4,3,52.186,3,12,1,2010,18,14,12,1,0,1,2,1,1,3,2,3,0,1,1,,,
201011178456,4,1,1,4,3,300.07,2,12,4,2010,10,22,12,1,0,1,1,2,1,1,2,3,0,1,1,,,
201011178463,2,1,1,4,3,13.047,2,12,4,2010,19,35,12,1,0,2,3,1,0,0,2,3,0,2,1,,,
201011178466,6,1,1,4,3,130.465,2,11,2,2010,7,9,12,2,0,2,1,1,0,0,2,3,0,3,1,,,
201011178480,5,1,1,4,3,52.186,3,11,3,2010,17,40,12,1,0,1,3,1,1,1,2,3,0,1,1,,,
201011178495,5,1,2,4,3,52.186,2,12,4,2010,12,17,12,2,0,4,1,1,1,1,2,2,0,1,1,,,
201011178498,3,1,2,4,3,13.047,1,12,4,2010,19,8,21,0,0,2,3,1,2,5,2,2,0,2,1,,,
201011178500,4,1,2,4,3,300.07,2,12,4,2010,17,20,12,1,0,1,3,1,0,0,2,2,0,1,1,,,
201011178510,6,1,2,4,3,130.465,2,12,6,2010,15,4,12,6,0,2,1,1,0,0,2,2,0,2,1,,,
201011178533,6,1,4,4,3,130.465,1,12,7,2010,7,12,42,0,0,1,4,1,0,0,2,2,0,1,4,,,
201011178545,1,1,7,4,3,33.921,1,12,4,2010,1,24,1,0,0,2,2,1,4,1,1,1,0,8,,,,
201011178549,6,1,7,4,3,135.684,2,12,2,2010,13,32,12,7,0,2,1,10,0,0,2,1,0,2,1,,,
201011178559,5,1,6,4,3,54.273,2,12,5,2010,10,55,12,6,0,2,1,1,1,1,2,8,0,3,1,,,
201011178574,5,1,3,4,3,52.186,3,12,5,2010,15,43,12,6,0,2,1,1,1,2,2,3,0,2,1,,,
201011178575,4,1,6,4,3,298.504,1,12,4,2010,19,39,24,0,0,1,3,1,0,0,2,8,0,1,1,,,
201011178586,4,1,11,4,3,296.808,2,11,2,2010,8,46,14,0,0,1,1,1,0,0,2,8,1,1,7,,,
201011178589,6,1,11,4,3,118.723,3,11,7,2010,11,53,12,7,0,2,1,1,0,0,2,8,0,8,1,,,
201011178592,4,1,3,4,3,300.07,2,12,3,2010,16,24,12,1,1,5,1,1,1,1,2,3,0,1,1,,,
201011178599,5,1,11,4,3,59.362,2,12,1,2010,3,38,12,6,0,2,3,1,2,3,1,8,0,2,1,,,
201011178601,6,1,11,4,3,118.723,2,12,4,2010,14,36,12,7,0,2,1,1,0,0,2,8,0,3,1,,,
201011178603,3,1,11,4,3,59.362,1,12,5,2010,20,37,22,0,0,2,3,1,2,1,2,8,0,2,1,,,
201011178604,6,1,3,4,3,130.465,2,12,3,2010,9,18,12,1,0,1,1,1,0,0,2,3,0,1,1,,,
201011178613,3,1,3,4,3,13.047,1,12,1,2010,12,49,22,0,0,1,1,1,2,1,2,3,0,1,1,,,
201011178622,3,1,1,4,3,13.047,1,12,5,2010,8,23,21,0,0,1,1,1,3,2,2,3,0,1,1,,,
201011178628,4,1,1,4,3,300.07,2,12,6,2010,13,32,12,1,0,2,1,10,0,0,2,3,0,2,1,,,
201011178652,6,1,1,4,3,130.465,2,12,1,2010,8,45,12,2,0,4,1,2,0,0,2,3,0,1,1,,,
201011178655,5,1,1,4,3,52.186,2,12,1,2010,18,28,12,6,0,2,3,2,2,1,2,3,0,3,1,,,
201011178667,4,1,1,4,3,300.07,2,12,4,2010,9,8,12,7,0,2,1,1,0,0,2,3,0,8,1,,,
201011178711,4,1,4,4,3,300.07,2,12,4,2010,18,4,12,1,0,2,3,1,0,0,2,2,0,8,1,,,
201011178714,5,1,4,4,3,52.186,4,12,4,2010,17,53,12,6,0,4,3,1,1,3,2,2,0,1,1,,,
201011178722,5,1,6,4,3,54.273,3,12,1,2010,10,59,12,6,0,2,1,2,1,1,2,8,0,2,1,,,
201011178724,6,1,6,4,3,135.684,1,12,2,2010,19,16,30,0,0,1,3,2,0,0,2,8,0,1,4,,,
201011178732,4,1,7,4,3,305.288,2,12,3,2010,14,54,12,1,0,1,1,1,0,0,2,1,0,1,1,,,
201011178739,4,1,17,4,3,243.187,2,12,4,2010,12,11,12,6,0,4,1,1,0,0,2,1,0,1,1,,,
201011178752,4,1,2,4,3,300.07,2,12,5,2010,18,15,12,8,0,2,3,4,0,0,2,2,0,8,1,,,
201011178782,4,1,2,4,3,300.07,2,12,4,2010,16,28,12,1,0,1,5,1,1,1,2,2,0,1,1,,,
201011178784,5,1,2,4,3,52.186,2,12,4,2010,15,54,12,6,0,2,1,1,1,2,2,2,0,2,1,,,
201011178790,6,1,2,4,3,130.465,2,12,3,2010,8,58,12,6,0,2,1,1,0,0,2,2,0,3,1,,,
201011178800,3,1,2,4,3,13.047,1,12,6,2010,16,58,21,0,0,2,3,1,2,1,2,2,0,2,1,,,
201011178809,5,1,2,4,3,52.186,1,12,1,2010,14,5,38,0,0,1,1,2,1,2,2,2,0,1,5,,,
201011178833,6,1,3,4,3,130.465,1,12,6,2010,3,1,33,0,0,1,3,1,1,1,2,3,0,1,4,,,
201011178841,4,1,3,4,3,300.07,2,12,5,2010,17,2,12,1,0,2,3,4,1,2,2,3,0,2,1,,,
201011178870,5,1,3,4,3,52.186,2,12,2,2010,16,38,12,6,0,2,5,1,2,1,2,3,0,3,1,,,
201011178873,6,1,3,4,3,130.465,2,12,4,2010,7,49,12,6,0,2,1,1,0,0,2,3,0,2,1,,,
201011178882,1,1,3,4,3,13.047,4,12,6,2010,17,34,12,1,0,2,3,1,2,4,2,3,0,8,1,,,
201011178887,4,1,3,4,3,300.07,2,12,2,2010,14,39,12,1,0,2,1,1,0,0,2,3,0,2,1,,,
201011178909,6,1,3,4,3,130.465,2,12,4,2010,14,5,12,6,0,4,1,1,0,0,2,3,0,1,1,,,
201011178923,4,1,1,4,3,300.07,3,12,6,2010,8,21,12,6,0,2,1,1,0,0,2,3,0,2,1,,,
201011178928,5,1,1,4,3,52.186,3,12,6,2010,14,52,12,1,0,2,1,1,1,1,2,3,0,2,1,,,
201011178935,6,1,1,4,3,130.465,2,12,6,2010,19,24,12,6,0,2,3,10,1,1,2,3,0,2,1,,,
201011178945,5,1,1,4,3,52.186,2,12,7,2010,18,5,12,1,0,2,3,1,1,2,1,3,0,2,1,,,
201011178960,4,1,1,4,3,300.07,2,12,5,2010,15,52,12,1,0,1,1,4,0,0,2,3,0,1,1,,,
201011178989,6,1,1,4,3,130.465,4,12,4,2010,16,43,12,1,0,1,5,1,1,2,2,3,0,1,1,,,
201011178998,4,1,1,4,3,300.07,2,12,4,2010,16,8,12,1,0,2,1,1,0,0,2,3,0,2,1,,,
201011179015,6,1,1,4,3,130.465,2,12,2,2010,7,40,12,6,0,4,1,10,0,0,2,3,0,1,1,,,
201011179048,4,1,1,4,3,300.07,1,12,5,2010,13,53,59,0,0,2,1,1,0,0,2,3,0,3,4,,,
201011179052,5,1,1,4,3,52.186,1,12,5,2010,15,56,53,0,0,1,1,1,2,1,2,3,0,1,4,,,
201011179055,3,1,2,4,3,13.047,1,12,4,2010,9,48,21,0,0,2,1,1,3,1,2,2,0,2,4,,,
201011179061,3,1,2,4,3,13.047,1,12,4,2010,19,8,21,0,0,1,3,1,2,1,2,2,0,1,1,,,
201011179069,4,1,2,4,3,300.07,2,12,4,2010,11,41,12,1,0,1,1,1,1,1,2,2,0,1,1,,,
201011179070,6,1,2,4,3,130.465,3,12,2,2010,14,21,12,6,0,4,1,1,0,0,2,2,0,1,1,,,
201011179088,6,1,1,4,3,130.465,1,12,1,2010,13,33,30,0,0,4,1,4,0,0,2,3,0,1,4,,,
201011179107,6,1,2,4,3,130.465,3,12,6,2010,9,50,12,6,0,2,1,1,0,0,2,2,0,3,1,,,
201011179109,4,1,1,4,3,300.07,2,12,3,2010,19,42,12,6,0,2,3,1,0,0,2,3,0,2,1,,,
201011179118,5,1,1,4,3,52.186,3,12,4,2010,13,12,12,7,1,5,1,1,1,3,2,3,0,1,1,,,
201011179140,1,1,2,4,3,13.047,1,12,1,2010,14,1,30,0,0,1,1,10,3,1,2,2,0,1,4,,,
201011179160,4,1,1,4,3,300.07,2,12,3,2010,17,19,12,1,1,2,3,1,0,0,2,3,0,2,1,,,
201011179167,5,1,1,4,3,52.186,3,12,2,2010,13,58,12,6,0,2,1,1,1,1,2,3,0,2,1,,,
201011179194,6,1,4,4,3,130.465,1,12,1,2010,12,13,33,0,0,1,1,4,0,0,2,2,0,1,4,,,
201011179218,4,1,4,4,3,300.07,2,12,5,2010,17,37,12,1,0,2,3,4,0,0,2,2,0,2,1,,,
201011179222,2,1,4,4,3,13.047,2,12,2,2010,11,32,12,8,0,1,1,1,0,0,2,2,0,1,1,,,
201011179227,5,1,4,4,3,52.186,2,12,1,2010,13,25,12,1,0,1,1,1,1,1,2,2,0,1,1,,,
201011179271,5,1,2,4,3,52.186,2,12,6,2010,10,16,12,6,0,1,1,2,2,2,2,2,0,1,1,,,
201011179275,2,1,2,4,3,13.047,2,12,4,2010,21,33,12,1,0,2,3,1,0,0,2,2,0,3,1,,,
201011179276,2,1,2,4,3,13.047,2,12,4,2010,15,32,12,6,0,2,1,1,0,0,2,2,0,8,1,,,
201011179289,4,1,2,4,3,300.07,2,12,5,2010,9,36,12,7,0,2,1,1,0,0,2,2,0,8,1,,,
201011179300,6,1,2,4,3,130.465,2,12,7,2010,21,31,12,6,0,2,3,1,1,1,2,2,0,2,1,,,
201011179327,4,1,3,4,3,300.07,2,12,5,2010,12,9,12,1,0,2,1,1,2,1,2,3,0,2,1,,,
201011179349,3,1,3,4,3,13.047,1,12,7,2010,13,55,7,0,0,2,1,1,3,1,2,3,0,2,1,,,
201011179360,4,1,3,4,3,300.07,2,12,3,2010,17,25,12,6,0,2,5,1,0,0,2,3,0,2,1,,,
201011179366,5,1,3,4,3,52.186,2,12,4,2010,15,38,12,1,0,1,1,1,2,1,2,3,0,1,1,,,
201011179371,6,1,3,4,3,130.465,2,12,4,2010,13,57,12,2,0,2,1,1,1,1,2,3,0,3,1,,,
201011179408,6,1,1,4,3,130.465,2,12,5,2010,12,37,12,1,0,1,1,1,1,1,2,3,0,1,1,,,
201011179422,4,1,1,4,3,300.07,1,12,6,2010,5,45,46,0,0,2,3,1,0,0,2,3,0,3,4,,,
201011179436,6,1,7,4,3,135.684,1,12,5,2010,16,16,33,0,0,1,5,4,0,0,2,1,0,1,4,,,
201011179439,4,1,7,4,3,305.288,2,12,5,2010,17,5,12,1,0,2,3,4,0,0,2,1,0,2,1,,,
201011179450,5,1,7,4,3,67.842,2,12,5,2010,9,19,12,6,0,2,1,1,2,3,2,1,0,2,1,,,
201011179451,6,1,7,4,3,135.684,2,12,6,2010,12,38,12,1,0,1,1,1,1,1,2,1,0,1,1,,,
201011179465,5,1,1,4,3,52.186,2,12,3,2010,20,41,12,6,0,2,3,1,1,1,2,3,0,3,1,,,
201011179468,4,1,17,4,3,243.187,2,12,5,2010,11,47,12,1,0,2,1,1,0,0,2,1,0,3,1,,,
201011179471,4,1,17,4,3,243.187,1,12,1,2010,13,4,40,0,0,2,1,4,0,0,2,1,0,3,4,,,
201011179474,6,1,17,4,3,121.593,2,12,1,2010,13,28,12,6,0,2,1,4,0,0,2,1,0,3,1,,,
201011179477,6,1,17,4,3,121.593,2,12,6,2010,17,21,12,1,0,2,3,1,1,2,2,1,0,3,1,,,
201011179481,4,1,17,4,3,243.187,2,12,6,2010,22,50,12,2,0,1,3,1,1,1,2,1,0,1,1,,,
201011179501,4,1,11,4,3,296.808,2,12,4,2010,8,45,12,1,0,2,1,1,0,0,2,8,0,2,1,,,
201011179503,5,1,11,4,3,59.362,2,12,7,2010,9,23,14,0,0,1,1,1,1,2,2,8,1,1,5,,,
201011179506,5,1,11,4,3,59.362,2,12,2,2010,11,21,12,6,0,2,1,1,2,3,2,8,0,2,1,,,
201011179509,4,1,6,4,3,298.504,2,12,5,2010,17,30,12,1,0,2,3,4,0,0,2,8,0,2,1,,,
201011179514,4,1,11,4,3,296.808,2,12,3,2010,18,19,12,8,0,1,5,1,0,0,2,8,0,1,1,,,
201011179515,6,1,11,4,3,118.723,3,12,5,2010,21,27,14,0,0,2,3,4,2,1,2,8,2,8,7,,,
201011179518,5,1,11,4,3,59.362,1,12,6,2010,7,30,48,0,0,1,1,1,1,1,2,8,0,1,4,,,
201011179528,4,1,6,4,3,298.504,1,12,2,2010,17,50,24,0,0,1,2,1,0,0,2,8,0,1,1,,,
201011179532,5,1,6,4,3,54.273,2,12,6,2010,14,0,12,6,0,2,1,1,3,2,2,8,0,2,1,,,
201011179539,6,1,6,4,3,135.684,1,12,1,2010,11,52,30,0,0,2,1,4,2,1,2,8,0,3,4,,,
201011179547,4,1,6,4,3,298.504,2,12,3,2010,18,24,12,1,0,2,3,1,0,0,2,8,0,8,1,,,
201011179566,6,1,4,4,3,130.465,2,12,5,2010,17,28,12,6,0,2,2,1,0,0,2,2,0,8,1,,,
201011179602,4,1,3,4,3,300.07,2,12,5,2010,18,9,12,1,0,2,3,1,0,0,2,3,0,2,1,,,
201011179609,5,1,3,4,3,52.186,3,12,3,2010,10,51,12,1,0,1,1,1,1,3,2,3,0,1,1,,,
201011179612,6,1,3,4,3,130.465,2,12,5,2010,7,43,12,1,0,1,1,1,0,0,2,3,0,1,1,,,
201011179664,4,1,7,4,3,305.288,2,12,3,2010,19,45,12,1,0,2,3,4,0,0,2,1,0,2,1,,,
201011180140,2,1,4,4,3,13.047,2,12,4,2010,11,44,12,2,0,1,1,1,2,1,2,2,0,1,1,,,
201011517583,6,1,1,5,2,132.552,2,1,7,2010,22,40,12,6,0,1,3,1,0,0,2,3,0,1,1,,,
201011517585,5,1,1,5,2,60.753,2,1,4,2010,8,38,12,2,0,1,1,1,2,4,2,3,0,1,1,,,
201011517604,3,1,2,5,2,16.569,2,1,5,2010,10,6,12,1,0,2,1,1,2,1,2,8,0,8,1,,,
201011517605,6,1,39,5,2,97.37,3,1,3,2010,14,52,12,1,0,2,1,1,2,3,2,8,0,8,1,,,
201011517611,4,1,3,5,2,292.719,2,1,6,2010,16,22,12,1,0,2,1,1,5,1,2,2,0,2,1,,,
201011517618,6,1,5,5,2,128.575,3,1,3,2010,16,44,12,6,0,2,1,1,0,0,2,2,0,2,1,,,
201011517625,6,1,11,5,2,126.587,2,1,3,2010,17,39,12,1,0,2,2,1,0,0,2,1,0,8,1,,,
201011517635,6,1,27,5,2,148.624,1,1,4,2010,20,10,74,0,0,1,3,1,0,0,1,1,0,1,4,,,
201011517637,3,1,8,5,2,16.459,2,1,4,2010,22,38,14,0,0,1,2,1,2,2,2,1,1,1,6,,,
201011517651,6,1,22,5,2,122.832,2,1,5,2010,13,23,12,6,0,4,1,1,1,2,1,1,0,1,1,,,
201011517671,5,1,11,5,2,63.294,2,1,4,2010,6,31,12,8,0,2,3,1,1,1,2,1,0,8,1,,,
201011517676,5,1,27,5,2,49.541,1,1,4,2010,15,52,35,0,0,2,1,1,5,1,2,1,0,3,4,,,
201011517681,6,1,16,5,2,134.54,2,1,5,2010,8,37,12,6,0,4,1,1,0,0,2,1,0,1,1,,,
201011517697,2,1,2,5,2,5.523,2,1,2,2010,17,30,12,1,1,5,3,1,0,0,2,8,0,8,1,,,
201011517699,2,1,2,5,2,5.523,2,1,4,2010,18,28,12,6,0,2,2,1,2,1,2,8,0,3,1,,,
201011517746,6,1,2,5,2,132.552,1,1,6,2010,12,25,30,0,0,1,1,1,0,0,2,8,0,1,4,,,
201011517752,2,1,2,5,2,5.523,2,1,3,2010,9,11,12,6,0,2,1,1,0,0,2,8,0,2,1,,,
201011517753,5,1,2,5,2,60.753,3,1,3,2010,20,9,12,6,0,1,3,1,2,2,2,8,0,1,1,,,
201011517756,6,1,11,5,2,126.587,2,1,6,2010,18,14,12,6,0,2,3,1,0,0,2,1,0,2,1,,,
201011517788,2,1,1,5,2,5.523,2,1,3,2010,6,50,12,6,0,2,4,1,0,0,2,3,0,8,1,,,
201011517790,6,1,1,5,2,132.552,3,1,6,2010,9,17,12,1,0,1,1,1,5,2,1,3,0,1,1,,,
201011517803,4,1,27,5,2,297.248,2,1,7,2010,16,46,12,6,0,2,1,1,0,0,2,1,0,3,1,,,
201011517816,6,1,8,5,2,131.668,1,2,5,2010,21,45,30,0,0,1,3,1,0,0,2,1,0,1,4,,,
201011517823,6,1,5,5,2,128.575,1,1,1,2010,0,16,24,0,0,1,2,4,0,0,2,2,0,1,1,,,
201011517852,2,1,2,5,2,5.523,2,2,2,2010,9,30,12,6,0,2,1,1,0,0,2,8,0,2,1,,,
201011517920,6,1,2,5,2,132.552,1,2,3,2010,18,31,30,0,0,1,3,4,0,0,2,8,0,1,4,,,
201011517930,2,1,3,5,2,5.523,2,2,6,2010,3,48,12,1,0,2,3,1,5,1,2,2,0,3,1,,,
201011517931,2,1,3,5,2,5.523,2,2,7,2010,2,57,12,6,0,2,3,1,0,0,2,2,0,3,1,,,
201011517935,5,1,5,5,2,64.288,1,2,4,2010,7,10,48,0,0,1,1,1,2,1,2,2,0,1,3,,,
201011517939,5,1,22,5,2,61.416,2,2,5,2010,17,48,12,1,0,4,2,1,5,1,2,1,0,1,1,,,
201011517941,6,1,22,5,2,122.832,1,2,7,2010,2,2,30,0,0,1,2,4,0,0,2,1,0,1,4,,,
201011517994,5,1,22,5,2,61.416,2,2,4,2010,2,28,12,6,0,2,2,4,5,1,2,1,0,2,1,,,
201011517997,6,1,22,5,2,122.832,2,2,2,2010,13,30,12,2,0,1,1,1,1,1,2,1,0,1,1,,,
201011518000,6,1,27,5,2,148.624,1,3,3,2010,5,37,74,0,0,1,2,1,1,1,2,1,0,1,3,,,
201011518003,6,1,11,5,2,126.587,1,2,5,2010,23,30,33,0,0,1,3,4,0,0,2,1,0,1,4,,,
201011518007,2,1,16,5,2,22.423,2,2,4,2010,11,12,12,1,0,1,1,1,0,0,2,1,0,1,1,,,
201011518009,6,1,16,5,2,134.54,3,2,6,2010,13,1,12,6,0,2,1,1,1,2,2,1,0,8,1,,,
201011518032,1,1,2,5,2,5.523,1,1,1,2010,20,53,74,0,0,1,2,1,3,1,1,8,0,1,4,,,
201011518050,6,1,8,5,2,131.668,2,2,7,2010,12,43,12,8,0,1,1,1,0,0,2,1,0,1,1,,,
201011518057,5,1,22,5,2,61.416,2,2,7,2010,9,50,12,6,0,2,1,1,3,1,2,1,0,3,1,,,
201011518070,3,1,1,5,2,16.569,1,2,2,2010,12,7,21,0,0,2,1,1,2,1,2,3,0,8,1,,,
201011518072,6,1,1,5,2,132.552,3,3,2,2010,16,12,12,6,0,2,1,1,0,0,2,3,0,8,1,,,
201011518082,5,1,2,5,2,60.753,2,3,1,2010,17,10,12,6,0,2,1,1,1,2,2,8,0,2,1,,,
201011518090,5,1,27,5,2,49.541,2,3,5,2010,18,1,12,2,0,2,5,1,1,1,2,1,0,8,1,,,
201011518111,6,1,22,5,2,122.832,2,2,6,2010,7,42,12,6,0,2,1,4,0,0,2,1,0,3,1,,,
201011518152,4,1,1,5,2,292.719,2,3,2,2010,17,25,12,6,0,2,1,1,1,1,2,3,0,8,1,,,
201011518172,6,1,2,5,2,132.552,1,3,7,2010,20,52,42,0,0,1,2,2,0,0,2,8,0,1,5,,,
201011518175,4,1,8,5,2,296.254,2,3,1,2010,21,34,12,6,0,2,3,1,1,1,2,1,0,2,1,,,
201011518193,4,1,11,5,2,295.37,2,3,5,2010,16,57,12,2,0,2,1,1,1,2,2,1,0,2,1,,,
201011518196,5,1,11,5,2,63.294,2,3,7,2010,9,17,12,6,0,2,1,1,2,2,2,1,0,2,1,,,
201011518210,6,1,16,5,2,134.54,1,3,1,2010,9,14,74,0,0,1,1,1,0,0,2,1,0,1,4,,,
201011518216,2,1,16,5,2,22.423,3,3,6,2010,12,45,12,1,0,2,1,1,1,1,2,1,0,3,1,,,
201011518220,5,1,1,5,2,60.753,1,3,7,2010,7,26,74,0,1,5,2,2,2,1,2,3,0,1,3,,,
201011518223,5,1,22,5,2,61.416,2,3,5,2010,18,8,12,6,0,2,3,1,5,1,2,1,0,3,1,,,
201011518253,3,1,8,5,2,16.459,1,3,2,2010,14,37,21,0,0,2,1,2,2,1,2,1,0,2,1,,,
201011518255,6,1,22,5,2,122.832,1,3,5,2010,4,0,33,0,0,1,2,1,0,0,2,1,0,1,4,,,
201011518264,6,1,3,5,2,132.552,3,3,5,2010,14,27,12,2,0,2,1,1,5,2,2,2,1,3,1,,,
201011518265,5,1,39,5,2,97.37,2,3,2,2010,15,49,12,1,0,1,1,2,2,1,2,8,0,1,1,,,
201011518277,1,1,2,5,2,5.523,2,2,1,2010,14,30,12,2,0,1,1,1,4,4,1,8,0,1,1,,,
201011518290,6,1,8,5,2,131.668,2,4,7,2010,12,23,12,1,0,2,1,1,0,0,2,1,0,2,1,,,
201011518296,5,1,27,5,2,49.541,2,4,4,2010,8,14,12,2,0,2,1,1,1,2,2,1,0,3,1,,,
201011518310,3,1,1,5,2,16.569,1,3,5,2010,15,19,21,0,0,2,1,1,2,1,2,3,0,8,1,,,
201011518311,6,1,1,5,2,132.552,5,3,6,2010,15,14,12,1,0,1,1,1,0,0,2,3,0,1,1,,,
201011518315,1,1,1,5,2,5.523,2,3,3,2010,14,56,12,6,0,2,1,1,3,2,2,3,0,8,1,,,
201011518325,3,1,2,5,2,16.569,1,3,1,2010,22,40,59,0,0,1,2,1,3,1,1,8,0,1,4,,,
201011518331,6,1,2,5,2,132.552,3,4,4,2010,7,59,12,1,0,1,1,1,0,0,2,8,0,1,1,,,
201011518336,6,1,5,5,2,128.575,1,4,4,2010,16,53,42,0,0,1,1,1,5,1,2,2,0,1,5,,,
201011518345,5,1,22,5,2,61.416,3,4,5,2010,6,55,12,6,0,2,1,1,2,1,2,1,0,2,1,,,
201011518351,2,1,1,5,2,5.523,2,4,7,2010,7,48,12,6,0,4,1,1,1,1,2,3,0,1,1,,,
201011518356,2,1,1,5,2,5.523,2,4,6,2010,12,0,12,1,0,1,1,1,0,0,1,3,0,1,1,,,
201011518367,2,1,2,5,2,5.523,2,4,7,2010,16,6,12,6,0,2,1,1,1,2,2,8,0,2,1,,,
201011518376,5,1,3,5,2,60.753,3,4,1,2010,3,37,14,0,0,1,3,1,2,1,1,2,2,1,2,,,
201011518380,6,1,27,5,2,148.624,2,4,2,2010,15,50,12,6,0,2,1,1,0,0,2,1,0,3,1,,,
201011518383,6,1,11,5,2,126.587,2,4,6,2010,6,32,12,7,0,2,1,1,0,0,2,1,0,3,1,,,
201011518385,3,1,16,5,2,22.423,1,4,5,2010,15,55,21,0,0,2,1,1,2,1,2,1,0,3,1,,,