CASENUM,STRATUM,REGION,PJ,PSU,PSUSTRAT,WEIGHT,VE_TOTAL,MONTH,WKDY_IM,YEAR,HOUR_IM,MINUTE_IM,EVENT1_IM,MANCOL_IM,RELJCT1_IM,RELJCT2_IM,LGTCON_IM,WEATHR_IM,MAXSEV_IM,NO_INJ_IM,ALCHL_IM,LAND_USE,PVH_INVL,TYP_INT,REL_ROAD,CF1,CF2,CF3
201012801154,4,2,2,11,6,285.76,2,11,5,2010,13,24,12,1,0,1,1,1,0,0,2,1,0,1,1,,,
201012801170,3,2,2,11,6,19.051,2,11,5,2010,15,22,12,7,0,2,1,1,2,1,2,1,0,2,1,,,
201012801172,4,2,2,11,6,285.76,2,11,4,2010,22,5,12,1,0,1,2,10,0,0,2,1,0,1,1,,,
201012801187,6,2,2,11,6,133.355,2,11,2,2010,15,11,12,7,0,2,1,10,0,0,2,1,0,3,1,,,
201012801189,3,2,2,11,6,19.051,3,11,3,2010,15,48,12,1,0,1,1,1,2,1,2,1,0,1,1,,,
201012801190,4,2,2,11,6,285.76,2,11,2,2010,22,29,12,1,0,2,3,1,1,1,2,1,0,3,1,,,
201013035334,6,3,5,9,8,129.532,2,1,7,2010,5,47,14,0,0,1,4,1,1,1,2,2,1,1,6,,,
201013035336,1,3,5,9,8,4.798,1,1,6,2010,4,40,42,0,0,1,3,6,3,3,2,2,0,1,4,,,
201013035378,1,3,7,9,8,4.798,1,1,3,2010,23,20,30,0,0,1,3,10,3,1,2,2,0,1,4,,,
201013035393,6,3,13,9,8,121.475,1,1,2,2010,21,16,30,0,0,1,3,1,0,0,2,1,0,1,4,,,
201013035394,2,3,13,9,8,24.295,2,1,2,2010,13,20,74,0,0,1,1,1,0,0,2,1,0,1,4,,,
201013035410,5,3,13,9,8,48.59,2,1,3,2010,21,15,12,2,0,2,6,1,1,1,2,1,0,2,1,,,
201013035454,4,3,4,9,8,292.647,1,1,3,2010,12,28,21,0,0,1,1,1,1,1,2,1,0,1,2,,,
201013035459,1,3,4,9,8,4.798,1,1,5,2010,12,31,42,0,0,1,1,10,3,2,2,1,0,1,4,,,
201013035641,4,3,5,9,8,292.647,3,1,6,2010,8,9,12,6,0,2,1,10,0,0,2,2,1,3,1,,,
201013035648,5,3,5,9,8,57.57,2,1,1,2010,16,0,12,6,0,2,1,10,1,1,2,2,0,2,1,,,
201013035659,3,3,8,9,8,15.754,1,1,6,2010,5,30,42,0,0,1,4,10,1,1,2,1,0,1,4,,,
201013035671,4,3,8,9,8,291.442,2,1,5,2010,6,27,14,0,0,2,4,10,0,0,2,1,1,2,7,,,
201013035687,1,3,7,9,8,4.798,1,1,2,2010,22,0,74,0,1,5,3,1,3,1,1,2,0,1,3,,,
201013035695,3,3,7,9,8,19.19,3,1,4,2010,8,27,12,1,0,2,1,10,2,1,2,2,0,8,1,,,
201013035719,3,3,4,9,8,19.19,2,1,7,2010,11,35,12,6,0,4,1,10,2,2,2,1,0,1,1,,,
201013035722,1,3,3,9,8,4.798,1,1,1,2010,8,50,46,0,0,1,1,2,3,1,2,3,0,1,4,,,
201013035724,2,3,3,9,8,4.798,2,1,2,2010,10,49,12,6,0,2,1,10,1,1,2,3,0,8,1,,,
201013035750,2,3,5,9,8,4.798,2,1,3,2010,21,28,45,0,0,4,3,10,0,0,2,2,1,1,1,,,
201013035769,1,3,5,9,8,4.798,2,1,1,2010,2,8,12,2,0,1,3,10,3,3,1,2,0,1,1,,,
201013035792,6,3,7,9,8,129.532,2,1,6,2010,16,6,12,7,0,2,1,1,0,0,2,2,0,8,1,,,
201013035825,5,3,4,9,8,57.57,3,1,3,2010,22,9,12,1,0,2,2,10,2,4,2,1,0,8,1,,,
201013035828,6,3,4,9,8,129.532,2,1,5,2010,7,30,12,1,0,1,1,10,0,0,2,1,0,1,1,,,
201013035837,1,3,4,9,8,4.798,1,1,1,2010,2,0,30,0,0,2,3,1,3,1,2,1,0,2,4,,,
201013035870,3,3,5,9,8,19.19,2,1,2,2010,17,38,12,6,0,2,5,1,2,1,2,2,0,2,1,,,
201013035885,5,3,7,9,8,57.57,2,1,7,2010,14,57,12,6,0,1,1,4,1,1,2,2,0,1,1,,,
201013035925,3,3,3,9,8,19.19,2,1,4,2010,14,44,12,2,0,4,1,10,2,1,2,3,0,1,1,,,
201013035933,6,3,13,9,8,121.475,2,1,4,2010,8,13,12,1,0,4,1,10,1,2,2,1,0,1,1,,,
201013035934,3,3,13,9,8,24.295,1,1,5,2010,6,30,21,0,0,1,3,1,2,1,2,1,0,1,1,,,
201013035938,5,3,13,9,8,48.59,4,1,3,2010,15,48,12,1,0,2,1,4,2,2,2,1,0,2,1,,,
201013035940,5,3,13,9,8,48.59,2,1,4,2010,6,18,12,6,0,2,3,1,2,2,2,1,0,2,1,,,
201013035970,1,3,2,9,8,4.798,1,1,6,2010,21,23,59,0,0,1,3,1,3,1,1,1,0,1,4,,,
201013035972,1,3,2,9,8,4.798,1,1,1,2010,0,44,35,0,0,1,2,1,3,1,2,1,0,1,3,,,
201013035987,4,3,2,9,8,292.647,2,1,6,2010,10,38,12,1,0,1,1,1,0,0,2,1,0,1,1,,,
201013036009,6,3,2,9,8,129.532,2,1,1,2010,0,8,12,1,0,2,3,1,0,0,1,1,0,8,1,,,
201013036025,6,3,5,9,8,129.532,2,2,3,2010,11,8,12,6,0,1,1,1,0,0,2,2,0,1,1,,,
201013036048,5,3,5,9,8,57.57,2,1,7,2010,11,0,12,6,0,1,1,4,1,1,2,2,0,1,1,,,
201013036052,2,3,5,9,8,4.798,2,1,7,2010,10,13,45,0,0,1,1,4,0,0,2,2,1,1,1,,,
201013036058,2,3,7,9,8,4.798,2,2,4,2010,12,30,12,1,0,2,1,1,3,1,2,2,0,2,1,,,
201013036069,4,3,3,9,8,292.647,2,1,5,2010,15,14,12,1,0,2,1,1,0,0,2,3,0,8,1,,,
201013036133,1,3,8,9,8,7.877,1,1,1,2010,6,10,34,0,0,2,3,1,3,1,2,1,0,3,4,,,
201013036159,4,3,4,9,8,292.647,2,2,1,2010,17,18,12,1,0,1,3,1,0,0,2,1,0,1,1,,,
201013036167,4,3,16,9,8,297.445,2,1,2,2010,7,15,12,6,0,4,1,1,0,0,2,1,0,1,1,,,
201013036183,4,3,7,9,8,292.647,2,2,5,2010,11,26,12,8,0,1,1,1,0,0,2,2,0,1,1,,,
201013036266,4,3,5,9,8,292.647,2,1,3,2010,16,30,12,1,0,2,5,10,0,0,2,2,0,8,1,,,
201013036283,3,3,2,9,8,19.19,2,2,2,2010,7,41,12,1,1,5,1,10,2,1,2,1,0,1,1,,,
201013036289,2,3,2,9,8,4.798,2,2,5,2010,4,33,12,1,0,1,2,10,1,1,2,1,0,1,1,,,
201013036303,1,3,2,9,8,4.798,2,1,7,2010,19,34,12,7,0,1,2,1,3,1,1,1,0,1,1,,,
201013036359,3,3,8,9,8,15.754,1,1,4,2010,18,38,21,0,0,1,3,1,2,1,2,1,0,1,1,,,
201013036360,3,3,4,9,8,19.19,1,2,5,2010,16,31,21,0,0,4,1,1,2,1,2,1,0,1,1,,,
201013036384,4,3,8,9,8,291.442,2,2,4,2010,8,35,12,6,0,2,1,1,0,0,2,1,0,8,1,,,
201013036386,1,3,8,9,8,7.877,2,2,5,2010,7,37,12,6,0,2,1,1,3,1,2,1,0,8,1,,,
201013036397,6,3,3,9,8,129.532,1,2,6,2010,6,30,48,0,0,1,4,1,0,0,2,3,0,1,4,,,
201013036399,6,3,13,9,8,121.475,2,2,6,2010,12,5,45,0,0,1,1,4,1,1,2,1,1,1,1,,,
201013036400,2,3,1,9,8,4.798,2,1,5,2010,23,56,54,11,0,1,3,1,0,0,1,1,0,1,1,,,
201013036401,2,3,1,9,8,4.798,2,2,4,2010,2,2,12,1,0,1,3,4,3,1,2,1,0,1,1,,,
201013036414,2,3,2,9,8,4.798,2,1,7,2010,11,38,12,1,0,1,1,4,1,1,2,1,0,1,1,,,
201013036415,4,3,13,9,8,291.54,2,2,4,2010,0,45,12,6,0,2,3,4,0,0,2,1,0,2,1,,,
201013036428,2,3,13,9,8,24.295,2,2,6,2010,4,49,12,6,0,2,3,1,0,0,2,1,0,2,1,,,
201013036432,3,3,3,9,8,19.19,2,2,4,2010,7,34,12,6,0,4,1,1,2,1,2,3,0,1,1,,,
201013036466,3,3,5,9,8,19.19,1,2,2,2010,18,28,21,0,0,1,3,2,2,1,2,2,0,1,1,,,
201013036486,1,3,2,9,8,4.798,2,2,5,2010,17,57,12,6,0,4,5,1,3,1,2,1,0,1,1,,,
201013036487,1,3,2,9,8,4.798,1,2,3,2010,19,12,48,0,0,1,2,4,3,1,2,1,0,1,3,,,
201013036491,2,3,2,9,8,4.798,1,2,4,2010,5,52,71,0,0,1,2,4,0,0,2,1,0,1,1,,,
201013036494,2,3,2,9,8,4.798,1,2,6,2010,10,45,74,0,0,1,1,1,2,1,2,1,0,1,3,,,
201013036500,2,3,2,9,8,4.798,2,2,3,2010,16,1,12,6,0,1,1,1,2,1,2,1,0,1,1,,,
201013036506,6,3,2,9,8,129.532,1,2,6,2010,5,17,33,0,0,1,4,1,0,0,2,1,0,1,4,,,
201013036520,2,3,2,9,8,4.798,2,2,1,2010,23,7,12,1,0,1,2,1,1,1,2,1,0,1,1,,,
201013036528,2,3,2,9,8,4.798,2,2,1,2010,13,2,12,6,0,1,1,4,2,1,2,1,0,1,1,,,
201013036531,2,3,2,9,8,4.798,2,2,1,2010,17,5,74,0,0,1,1,4,0,0,2,1,0,1,3,,,
201013036556,3,3,7,9,8,19.19,1,2,4,2010,9,30,22,0,0,2,1,1,2,1,2,2,0,8,1,,,
201013036564,6,3,7,9,8,129.532,2,2,1,2010,13,30,12,1,0,2,1,10,0,0,2,2,0,8,1,,,
201013036577,6,3,4,9,8,129.532,1,2,2,2010,13,3,30,0,0,2,1,1,0,0,2,1,0,8,4,,,
201013036580,5,3,8,9,8,55.138,2,2,2,2010,14,52,12,6,0,2,1,2,2,1,2,1,0,8,1,,,
201013036592,2,3,1,9,8,4.798,1,2,7,2010,22,55,5,0,0,1,6,1,1,1,2,1,0,1,1,,,
201013036598,6,3,13,9,8,121.475,2,2,1,2010,13,36,12,1,0,2,1,10,0,0,2,1,0,2,1,,,
201013036601,5,3,4,9,8,57.57,1,2,3,2010,22,0,38,0,0,1,3,1,2,1,2,1,0,1,5,,,
201013036604,5,3,13,9,8,48.59,2,2,3,2010,3,53,14,0,0,1,3,1,2,1,2,1,1,1,6,,,
201013036633,2,3,3,9,8,4.798,2,1,4,2010,0,10,12,1,0,1,3,1,0,0,2,3,0,1,1,,,
201013036637,5,3,3,9,8,57.57,2,2,5,2010,2,30,14,0,0,1,3,1,1,2,2,3,1,1,2,,,
201013036644,4,3,3,9,8,292.647,2,2,1,2010,21,3,12,6,0,2,3,1,0,0,2,3,0,3,1,,,
201013036678,5,3,5,9,8,57.57,1,2,1,2010,4,54,42,0,0,1,3,1,2,2,2,2,0,1,4,,,
201013036684,3,3,5,9,8,19.19,1,2,7,2010,0,10,30,0,0,1,3,1,2,1,1,2,0,1,4,,,
201013036700,1,3,5,9,8,4.798,1,2,5,2010,18,3,42,0,0,1,2,1,4,2,2,2,0,1,4,,,
201013036701,1,3,2,9,8,4.798,1,1,7,2010,5,34,33,0,0,1,2,10,3,1,2,1,0,1,4,,,
201013036708,4,3,2,9,8,292.647,1,1,7,2010,10,22,74,0,0,1,1,10,0,0,2,1,0,1,4,,,
201013036709,5,3,2,9,8,57.57,3,2,2,2010,17,6,74,0,0,1,5,1,3,1,2,1,0,1,3,,,
201013036714,1,3,2,9,8,4.798,1,2,1,2010,13,51,48,0,0,1,1,1,3,1,2,1,0,1,4,,,
201013036719,2,3,2,9,8,4.798,2,2,5,2010,10,41,12,6,0,1,1,1,0,0,2,1,0,1,1,,,
201013036720,1,3,2,9,8,4.798,2,2,7,2010,17,29,12,6,0,2,1,1,3,4,2,1,0,3,1,,,
201013036729,1,3,2,9,8,4.798,3,2,6,2010,9,37,12,6,0,2,1,1,3,1,2,1,0,2,1,,,
201013036752,1,3,7,9,8,4.798,1,1,7,2010,2,28,42,0,0,1,2,10,4,1,2,2,0,1,4,,,
201013036756,5,3,7,9,8,57.57,2,3,7,2010,16,30,12,1,0,1,1,1,2,4,2,2,0,1,1,,,
201013036768,3,3,4,9,8,19.19,2,1,3,2010,16,46,12,6,0,2,5,10,4,3,2,1,0,3,1,,,
201013036776,3,3,4,9,8,19.19,3,3,3,2010,22,35,12,1,0,2,3,2,2,1,2,1,0,2,1,,,
201013036818,3,3,3,9,8,19.19,1,2,6,2010,18,48,21,0,0,1,3,1,2,1,2,3,0,1,1,,,
201013036851,1,3,5,9,8,4.798,1,3,2,2010,8,25,42,0,0,1,1,1,3,1,2,2,0,1,4,,,
201013036852,1,3,7,9,8,4.798,2,3,4,2010,21,42,12,6,0,2,3,10,3,2,2,2,0,8,1,,,
201013036860,6,3,5,9,8,129.532,1,3,2,2010,6,51,40,0,0,1,1,10,0,0,2,2,0,1,4,,,
201013036865,1,3,7,9,8,4.798,2,3,6,2010,11,15,12,6,0,1,1,2,3,2,2,2,0,1,1,,,
201013036886,6,3,16,9,8,135.202,1,2,3,2010,23,40,42,0,0,1,3,4,0,0,2,1,0,1,4,,,
201013036937,1,3,3,9,8,4.798,2,3,5,2010,9,19,12,1,0,2,1,10,3,1,2,3,0,2,1,,,
201013036942,3,3,3,9,8,19.19,2,3,6,2010,16,26,12,1,0,2,1,2,2,1,2,3,0,8,1,,,
201013036953,6,3,8,9,8,133.906,1,3,5,2010,21,56,42,0,0,1,2,1,0,0,2,1,0,1,4,,,
201013036958,6,3,13,9,8,121.475,1,3,6,2010,13,1,33,0,0,7,1,10,0,0,2,1,0,1,4,,,
201013036960,4,3,13,9,8,291.54,2,3,7,2010,13,9,12,7,0,1,1,10,0,0,2,1,0,1,1,,,
201013036961,1,3,13,9,8,24.295,1,3,7,2010,0,6,30,0,0,1,3,10,3,1,2,1,0,1,4,,,
201013036968,5,3,13,9,8,48.59,3,3,4,2010,18,2,12,1,0,1,5,10,1,2,2,1,0,1,1,,,
201013037001,6,3,13,9,8,121.475,1,3,2,2010,20,48,42,0,0,1,3,2,0,0,2,1,0,1,3,,,
201013037007,5,3,8,9,8,55.138,2,3,6,2010,20,56,12,6,0,2,3,10,1,2,1,1,0,3,1,,,
201013037013,1,3,8,9,8,7.877,2,2,4,2010,6,20,12,6,0,2,4,4,3,3,2,1,0,3,1,,,
201013037038,5,3,5,9,8,57.57,1,3,6,2010,0,41,42,0,0,1,2,2,2,1,2,2,0,1,4,,,
201013037066,5,3,4,9,8,57.57,2,3,2,2010,12,42,12,6,0,2,1,10,2,2,2,1,0,8,1,,,
201013037077,3,3,4,9,8,19.19,1,3,5,2010,17,19,21,0,0,1,1,10,2,1,2,1,0,1,1,,,
201013037098,6,3,3,9,8,129.532,2,3,6,2010,8,0,12,6,0,2,1,10,0,0,2,3,0,3,1,,,
201013037122,4,3,5,9,8,292.647,1,3,5,2010,21,32,18,0,0,1,3,2,0,0,2,2,0,1,2,,,
201013037123,2,3,5,9,8,4.798,2,3,5,2010,17,7,12,7,0,1,1,10,2,1,2,2,0,1,1,,,
201013037147,3,3,5,9,8,19.19,2,3,5,2010,16,11,12,1,0,2,1,10,3,1,2,2,0,3,1,,,
201013037149,1,3,2,9,8,4.798,2,3,5,2010,19,2,12,1,0,1,3,10,3,3,2,1,0,1,1,,,
201013037150,1,3,2,9,8,4.798,1,3,6,2010,3,39,34,0,0,1,2,10,4,1,2,1,0,1,3,,,
201013037157,6,3,2,9,8,129.532,1,3,7,2010,3,29,74,0,0,1,3,2,0,0,2,1,0,1,3,,,
201013037163,1,3,2,9,8,4.798,2,3,1,2010,0,40,12,1,0,1,3,10,3,3,2,1,0,1,1,,,
201013037181,2,3,2,9,8,4.798,2,3,5,2010,9,54,12,6,0,1,1,10,2,1,2,1,0,1,1,,,
201013037192,3,3,2,9,8,19.19,3,1,4,2010,13,21,12,1,1,5,1,1,2,1,2,1,0,1,1,,,
201013037201,3,3,16,9,8,27.04,2,2,1,2010,15,16,12,6,0,2,1,10,2,1,2,1,0,8,1,,,
201013037202,5,3,16,9,8,54.081,2,2,7,2010,15,0,12,2,0,2,1,10,1,1,2,1,0,3,1,,,
201013037204,4,3,16,9,8,297.445,2,3,5,2010,16,12,12,2,0,1,1,10,0,0,2,1,0,1,11,,,
201013037219,4,3,7,9,8,292.647,2,3,7,2010,13,33,12,6,0,4,1,10,0,0,2,2,0,1,1,,,
201013037224,4,3,3,9,8,292.647,2,3,6,2010,13,40,12,1,0,2,1,1,0,0,2,3,0,2,1,,,
201013037231,5,3,3,9,8,57.57,2,3,6,2010,4,46,12,6,0,2,3,2,1,1,2,3,0,2,1,,,
201013037260,6,3,4,9,8,129.532,2,3,1,2010,0,10,12,1,0,2,3,10,0,0,2,1,0,2,1,,,
201013037261,2,3,4,9,8,4.798,2,3,2,2010,6,0,12,6,0,1,4,2,1,1,2,1,0,1,1,,,
201013037266,4,3,4,9,8,292.647,1,3,3,2010,15,40,21,0,0,4,1,10,1,2,2,1,0,1,1,,,
201013037287,5,3,13,9,8,48.59,2,3,7,2010,16,23,12,6,0,2,1,10,1,3,1,1,0,8,1,,,
201013037290,6,3,13,9,8,121.475,1,3,1,2010,22,5,2,0,0,1,3,10,0,0,2,1,0,1,1,,,
201013037293,3,3,13,9,8,24.295,2,3,1,2010,16,57,12,1,0,1,1,10,2,1,2,1,0,1,1,,,
201013037344,2,3,1,9,8,4.798,3,3,3,2010,6,5,12,1,0,1,3,1,2,1,2,1,0,1,1,,,
201013037358,4,3,8,9,8,291.442,2,3,4,2010,12,0,12,6,0,2,1,1,1,1,2,1,0,2,1,,,
201013037361,6,3,13,9,8,121.475,2,3,1,2010,20,48,12,1,0,2,3,2,1,1,2,1,0,2,1,,,
201013037369,1,3,7,9,8,4.798,1,3,6,2010,14,58,42,0,0,1,1,1,4,3,2,2,0,1,5,,,
201013037389,5,3,4,9,8,57.57,2,3,4,2010,14,41,12,1,0,1,1,10,1,2,2,1,0,1,1,,,
201013037422,6,3,5,9,8,129.532,1,3,1,2010,2,50,30,0,0,1,3,10,0,0,1,2,0,1,4,,,
201013037442,1,3,2,9,8,4.798,1,3,3,2010,13,11,33,0,0,1,1,10,3,1,2,1,0,1,4,,,
201013037443,1,3,2,9,8,4.798,1,4,5,2010,2,45,42,0,0,1,2,10,3,1,2,1,0,1,3,,,
201013037451,1,3,2,9,8,4.798,2,3,1,2010,1,41,12,1,0,1,2,10,3,2,2,1,0,1,1,,,
201013037452,1,3,2,9,8,4.798,1,3,3,2010,16,0,74,0,1,5,1,10,3,1,2,1,0,1,4,,,
201013037461,2,3,2,9,8,4.798,2,3,2,2010,14,29,12,1,0,1,1,2,2,2,2,1,0,1,1,,,
201013037463,2,3,2,9,8,4.798,5,3,3,2010,5,1,12,7,0,1,3,2,0,0,2,1,0,1,1,,,
201013037465,5,3,2,9,8,57.57,2,3,5,2010,13,57,12,6,0,2,1,10,2,1,2,1,0,2,1,,,
201013037468,2,3,2,9,8,4.798,3,3,2,2010,9,33,12,1,0,1,1,1,0,0,2,1,0,1,1,,,
201013037477,2,3,2,9,8,4.798,2,4,3,2010,8,35,12,1,0,1,1,10,1,1,2,1,0,1,1,,,
201013037478,6,3,2,9,8,129.532,1,1,2,2010,5,18,30,0,1,5,2,10,0,0,2,1,0,1,4,,,
201013037487,2,3,2,9,8,4.798,2,3,6,2010,17,57,12,6,0,1,1,10,3,1,2,1,0,1,1,,,
201013037506,5,3,8,9,8,55.138,2,4,3,2010,23,5,12,1,0,2,3,10,2,2,2,1,0,2,1,,,
201013037509,3,3,2,9,8,19.19,2,3,7,2010,16,15,14,0,1,5,1,10,3,2,2,1,1,1,2,,,
201013037510,2,3,2,9,8,4.798,3,4,3,2010,8,8,12,0,0,1,1,1,0,0,2,1,0,1,1,,,
201013037511,1,3,7,9,8,4.798,1,3,7,2010,8,57,42,0,0,1,1,10,4,2,2,2,0,1,4,,,
201013037521,5,3,7,9,8,57.57,5,4,3,2010,15,55,12,1,0,2,1,10,1,2,2,2,0,3,1,,,
201013037529,6,3,7,9,8,129.532,2,4,5,2010,23,22,12,6,0,2,3,10,2,2,2,2,0,3,1,,,
201013037535,5,3,16,9,8,54.081,2,3,5,2010,6,33,12,7,0,1,1,1,1,1,2,1,0,1,1,,,
201013037543,2,3,4,9,8,4.798,2,4,4,2010,6,28,12,6,0,4,4,10,0,0,2,1,0,1,1,,,
201013037604,3,3,3,9,8,19.19,1,3,1,2010,21,0,21,0,0,2,3,2,2,1,1,3,0,2,1,,,
201013037627,5,3,5,9,8,57.57,2,4,2,2010,15,50,12,6,0,2,1,1,1,1,2,2,0,3,1,,,
201013037660,1,3,2,9,8,4.798,1,3,3,2010,19,22,34,0,0,1,3,10,3,1,2,1,0,1,4,,,
201013037661,1,3,2,9,8,4.798,2,4,5,2010,9,56,12,6,0,2,1,10,4,2,2,1,0,2,1,,,
201013037666,2,3,2,9,8,4.798,1,4,7,2010,14,20,74,0,1,5,1,10,0,0,2,1,0,1,4,,,
201013037694,5,3,13,9,8,48.59,2,4,7,2010,10,32,12,7,0,1,1,10,2,2,2,1,0,1,1,,,
201013037695,4,3,13,9,8,291.54,2,4,7,2010,17,41,12,1,0,2,1,10,0,0,2,1,0,2,1,,,
201013037703,6,3,13,9,8,121.475,2,4,5,2010,16,53,12,2,0,2,1,10,0,0,2,1,0,2,1,,,
201013037707,3,3,7,9,8,19.19,1,4,2,2010,22,24,42,0,0,1,2,10,2,1,2,2,0,1,4,,,
201013037724,1,3,4,9,8,4.798,4,4,2,2010,17,45,12,6,0,2,1,10,3,4,2,1,0,2,1,,,
201013037727,1,3,4,9,8,4.798,1,4,3,2010,15,49,30,0,0,1,1,2,3,1,2,1,0,1,4,,,
201013037755,3,3,3,9,8,19.19,2,4,1,2010,3,3,12,1,0,1,3,10,2,1,1,3,0,1,1,,,
201013037770,4,3,3,9,8,292.647,2,4,3,2010,19,35,12,6,0,2,3,2,0,0,2,3,0,8,1,,,
201013037804,3,3,5,9,8,19.19,3,4,2,2010,9,48,12,1,0,2,1,10,2,1,2,2,0,2,1,,,
201013037820,1,3,2,9,8,4.798,2,4,7,2010,1,13,21,0,0,1,3,10,3,3,1,1,1,1,2,,,
201013037828,4,3,2,9,8,292.647,3,2,4,2010,13,46,12,1,0,1,1,10,0,0,2,1,0,1,1,,,
201013037839,2,3,8,9,8,7.877,1,4,3,2010,9,33,33,0,0,2,1,10,2,1,2,1,0,8,4,,,
201013037845,2,3,7,9,8,4.798,2,4,6,2010,2,45,12,1,0,1,3,10,1,1,1,2,0,1,1,,,
201013037860,3,3,3,9,8,19.19,3,4,6,2010,8,53,12,6,0,2,1,10,2,1,2,3,0,3,1,,,
201013037875,5,3,3,9,8,57.57,1,4,3,2010,20,32,42,0,0,1,3,10,1,1,2,3,0,1,4,,,
201013037884,6,3,3,9,8,129.532,3,3,3,2010,16,22,12,6,0,2,1,10,0,0,2,3,0,2,1,,,
201013037920,1,3,5,9,8,4.798,1,4,7,2010,21,29,42,0,0,1,2,10,3,1,2,2,0,1,4,,,
201013037921,1,3,5,9,8,4.798,1,4,1,2010,6,54,30,0,0,2,1,2,3,1,2,2,0,8,4,,,
201013037926,4,3,5,9,8,292.647,2,5,7,2010,12,30,12,1,0,1,1,10,1,1,2,2,0,1,1,,,
201013037944,5,3,5,9,8,57.57,3,3,7,2010,3,24,12,6,0,2,3,10,2,1,1,2,0,2,1,,,
201013037947,5,3,8,9,8,55.138,1,4,2,2010,16,19,59,0,0,1,1,2,2,1,2,1,0,1,4,,,
201013037970,1,3,8,9,8,7.877,2,4,5,2010,23,42,12,2,0,1,3,10,3,3,2,1,0,1,1,,,
201013037978,5,3,13,9,8,48.59,1,4,4,2010,16,33,33,0,0,1,1,10,2,1,2,1,0,1,4,,,
201013037979,6,3,13,9,8,121.475,2,4,3,2010,15,41,12,6,0,2,1,10,0,0,2,1,0,2,1,,,
201013037994,2,3,7,9,8,4.798,5,4,3,2010,16,1,12,7,0,1,1,10,2,6,2,2,0,1,1,,,
201013038013,3,3,3,9,8,19.19,1,4,6,2010,8,32,21,0,0,2,3,10,2,1,1,3,0,3,1,,,
201013038049,6,3,4,9,8,129.532,2,4,6,2010,17,45,12,1,0,1,1,10,0,0,2,1,0,1,1,,,
201013038059,5,3,4,9,8,57.57,1,4,2,2010,22,0,42,0,0,1,3,2,1,1,2,1,0,1,4,,,
201013038071,3,3,6,9,8,19.19,1,4,7,2010,20,59,21,0,0,1,3,10,2,1,1,8,0,1,1,,,
201013038093,6,3,5,9,8,129.532,3,5,2,2010,8,20,12,6,0,2,1,2,0,0,2,2,0,8,1,,,
201013038123,6,3,2,9,8,129.532,2,4,2,2010,22,5,12,6,0,2,2,10,0,0,1,1,0,2,1,,,
201013038131,2,3,2,9,8,4.798,3,4,5,2010,7,53,12,1,0,1,1,10,2,1,2,1,0,1,1,,,
201013038133,5,3,2,9,8,57.57,2,4,1,2010,18,14,12,6,0,2,1,10,2,1,2,1,0,2,1,,,
201013038146,3,3,2,9,8,19.19,1,4,7,2010,0,55,74,0,0,1,6,10,2,1,2,1,0,1,3,,,
201013038153,1,3,2,9,8,4.798,1,2,2,2010,0,0,48,0,0,1,3,10,4,1,2,1,0,1,3,,,
201013038155,1,3,2,9,8,4.798,1,4,6,2010,14,18,42,0,0,1,1,10,4,1,2,1,0,1,3,,,
201013038165,1,3,2,9,8,4.798,2,5,3,2010,13,55,12,1,0,1,1,10,3,2,2,1,0,1,1,,,
201013038179,4,3,4,9,8,292.647,2,5,7,2010,22,30,12,1,0,1,3,10,0,0,2,1,0,1,1,,,
201013038198,1,3,4,9,8,4.798,6,5,7,2010,15,30,12,1,0,2,1,10,3,1,2,1,0,8,1,,,
201013038212,1,3,8,9,8,7.877,1,5,7,2010,1,52,30,0,0,1,3,10,3,1,2,1,0,1,4,,,
201013038230,4,3,3,9,8,292.647,2,5,5,2010,21,16,12,6,1,5,2,10,1,2,2,3,0,2,1,,,
201013038237,3,3,3,9,8,19.19,1,5,6,2010,6,5,21,0,0,1,1,10,2,1,2,3,0,1,1,,,
201013038258,6,3,13,9,8,121.475,2,5,7,2010,11,20,12,6,0,2,1,10,0,0,2,1,0,2,1,,,
201013038281,5,3,13,9,8,48.59,1,5,4,2010,2,18,59,0,0,1,3,10,1,1,1,1,0,1,4,,,
201013038283,4,3,13,9,8,291.54,2,5,6,2010,16,32,12,7,0,1,1,10,1,1,2,1,0,1,1,,,
201013038288,5,3,13,9,8,48.59,2,5,2,2010,13,13,12,6,0,2,1,10,1,2,2,1,0,2,1,,,
201013038289,6,3,13,9,8,121.475,1,5,4,2010,0,53,30,0,0,2,3,10,0,0,2,1,0,8,4,,,
201013038304,2,3,2,9,8,4.798,2,4,1,2010,7,57,12,6,0,1,1,2,2,1,2,1,0,1,1,,,
201013038310,1,3,2,9,8,4.798,2,5,7,2010,21,4,12,1,0,1,3,10,3,2,1,1,0,1,1,,,
201013038323,5,3,5,9,8,57.57,2,5,3,2010,16,50,12,6,0,4,1,10,2,2,2,2,0,1,1,,,
201013038345,3,3,5,9,8,19.19,2,5,5,2010,18,45,12,6,0,2,5,10,2,1,2,2,0,2,1,,,
201013038353,2,3,7,9,8,4.798,2,5,2,2010,6,45,12,6,0,2,1,10,2,1,2,2,0,2,1,,,
201013038355,5,3,7,9,8,57.57,2,5,2,2010,16,49,12,6,0,4,1,10,1,2,2,2,0,1,1,,,
201013038391,3,3,4,9,8,19.19,2,5,3,2010,15,0,12,1,0,2,1,2,2,1,2,1,0,3,1,,,
201013038394,5,3,4,9,8,57.57,2,5,4,2010,16,2,12,6,0,2,1,10,1,1,2,1,0,2,1,,,
201013038440,1,3,5,9,8,4.798,2,4,7,2010,2,58,12,1,0,1,2,10,4,2,1,2,0,1,1,,,
201013038456,1,3,4,9,8,4.798,1,5,4,2010,19,38,42,0,0,1,5,10,4,2,1,1,0,1,4,,,
201013038503,1,3,4,9,8,4.798,2,5,6,2010,8,43,12,1,0,4,1,10,3,1,2,1,0,1,1,,,