CASENUM,STRATUM,REGION,PJ,PSU,PSUSTRAT,WEIGHT,VE_TOTAL,MONTH,WKDY_IM,YEAR,HOUR_IM,MINUTE_IM,EVENT1_IM,MANCOL_IM,RELJCT1_IM,RELJCT2_IM,LGTCON_IM,WEATHR_IM,MAXSEV_IM,NO_INJ_IM,ALCHL_IM,LAND_USE,PVH_INVL,TYP_INT,REL_ROAD,CF1,CF2,CF3
201013534165,4,2,5,11,6,285.76,1,1,2,2010,12,25,74,0,0,1,1,10,0,0,2,1,0,1,4,,,
201013534174,3,2,6,11,6,19.051,1,1,1,2010,15,14,42,0,0,1,1,1,3,3,1,1,0,1,4,,,
201013534177,3,2,7,11,6,48.988,2,1,2,2010,16,11,12,1,0,1,1,10,2,1,2,1,0,1,1,,,
201013534182,6,2,7,11,6,146.963,3,1,5,2010,17,6,12,6,0,2,5,4,0,0,2,1,0,2,1,,,
201013534275,5,2,1,11,6,57.152,1,1,2,2010,8,48,42,0,0,1,1,4,1,1,2,8,0,1,4,,,
201013534287,4,2,1,11,6,285.76,1,1,3,2010,23,45,24,0,0,1,2,4,0,0,2,8,0,1,1,,,
201013534305,4,2,1,11,6,285.76,2,1,5,2010,17,38,12,1,0,1,2,4,0,0,2,8,0,1,1,,,
201013534306,5,2,1,11,6,57.152,2,1,5,2010,17,57,12,2,0,1,2,4,3,1,2,8,0,1,1,,,
201013534323,4,2,1,11,6,285.76,1,1,7,2010,20,17,59,0,0,2,2,1,0,0,2,8,0,3,1,,,
201013534333,6,2,1,11,6,133.355,1,1,2,2010,11,44,34,0,0,1,1,4,0,0,2,8,0,1,4,,,
201013534343,4,2,1,11,6,285.76,2,1,3,2010,10,5,12,1,0,4,1,1,0,0,2,8,0,1,1,,,
201013534366,4,2,5,11,6,285.76,2,1,7,2010,15,27,12,1,0,2,1,10,0,0,2,1,0,10,1,,,
201013534375,6,2,6,11,6,133.355,1,1,2,2010,6,18,25,0,0,1,2,4,1,1,2,1,0,1,3,,,
201013534378,4,2,6,11,6,285.76,2,1,4,2010,8,7,12,1,0,1,4,1,0,0,2,1,0,1,1,,,
201013534383,4,2,7,11,6,293.925,2,1,1,2010,20,58,12,1,0,2,3,10,0,0,2,1,0,2,1,,,
201013534386,2,2,4,11,6,19.051,3,1,3,2010,6,0,12,1,0,1,2,4,1,1,2,2,0,1,1,,,
201013534403,4,2,4,11,6,285.76,1,1,4,2010,5,59,25,0,1,5,2,10,0,0,2,2,0,1,3,,,
201013534437,5,2,1,11,6,57.152,2,1,3,2010,6,31,12,1,0,1,3,3,2,2,2,8,0,1,1,,,
201013534439,4,2,1,11,6,285.76,2,1,5,2010,11,50,12,6,0,2,1,4,0,0,2,8,0,2,1,,,
201013534454,6,2,1,11,6,133.355,1,1,4,2010,18,29,34,0,0,1,2,1,0,0,2,8,0,1,4,,,
201013534456,4,2,1,11,6,285.76,1,1,5,2010,7,15,24,0,0,1,4,10,0,0,2,8,0,1,1,,,
201013534463,5,2,1,11,6,57.152,2,1,1,2010,11,49,12,6,0,2,1,10,2,2,2,8,0,3,1,,,
201013534473,1,2,1,11,6,19.051,2,1,3,2010,8,35,12,6,0,1,1,10,3,1,2,8,0,1,1,,,
201013534482,4,2,1,11,6,285.76,1,1,1,2010,18,13,24,0,0,1,2,1,0,0,2,8,0,1,1,,,
201013534494,4,2,2,11,6,285.76,1,2,5,2010,20,37,24,0,0,1,3,10,0,0,2,1,0,1,1,,,
201013534510,4,2,5,11,6,285.76,1,1,4,2010,2,3,24,0,0,1,2,10,0,0,2,1,0,1,1,,,
201013534511,6,2,5,11,6,133.355,4,1,4,2010,17,57,12,1,0,1,2,10,1,1,2,1,0,1,1,,,
201013534539,6,2,1,11,6,133.355,2,1,6,2010,16,4,12,6,0,2,1,10,0,0,2,8,0,2,1,,,
201013534546,1,2,1,11,6,19.051,1,1,6,2010,4,30,42,0,0,1,2,10,3,1,1,8,0,1,4,,,
201013534551,4,2,1,11,6,285.76,2,1,1,2010,13,10,12,1,0,2,1,10,0,0,2,8,0,2,1,,,
201013534554,3,2,1,11,6,19.051,1,1,2,2010,22,49,21,0,0,1,3,2,2,1,1,8,0,1,1,,,
201013534568,3,2,1,11,6,19.051,1,1,6,2010,20,10,24,0,0,1,3,10,2,1,2,8,0,1,1,,,
201013534571,4,2,1,11,6,285.76,2,1,7,2010,11,51,12,1,0,2,1,10,0,0,2,8,0,3,1,,,
201013534582,6,2,1,11,6,133.355,1,1,2,2010,17,40,42,0,0,1,2,3,0,0,2,8,0,1,4,,,
201013534587,5,2,1,11,6,57.152,3,1,3,2010,16,6,12,1,0,2,1,4,2,3,2,8,0,2,1,,,
201013534589,4,2,1,11,6,285.76,2,1,3,2010,17,26,12,1,0,1,5,4,0,0,2,8,0,1,1,,,
201013534595,3,2,1,11,6,19.051,2,1,4,2010,13,26,12,7,0,2,1,10,2,1,2,8,0,3,1,,,
201013534618,5,2,5,11,6,57.152,2,1,7,2010,18,48,12,6,0,4,2,10,2,1,2,1,0,1,1,,,
201013534628,4,2,5,11,6,285.76,2,1,4,2010,23,4,12,6,0,2,3,4,0,0,2,1,0,10,1,,,
201013534661,4,2,1,11,6,285.76,1,1,5,2010,3,7,59,0,0,1,3,10,0,0,2,8,0,1,4,,,
201013534693,4,2,2,11,6,285.76,2,2,2,2010,16,40,14,0,0,4,1,10,0,0,2,1,1,1,7,,,
201013534698,5,2,2,11,6,57.152,2,2,5,2010,7,45,12,2,0,2,1,1,1,2,2,1,0,3,1,,,
201013534712,4,2,1,11,6,285.76,2,1,6,2010,15,0,12,1,0,1,1,4,0,0,2,8,0,1,1,,,
201013534717,6,2,1,11,6,133.355,1,1,5,2010,16,3,34,0,0,1,1,4,0,0,2,8,0,1,4,,,
201013534730,4,2,1,11,6,285.76,2,1,1,2010,10,39,14,0,0,1,1,10,0,0,2,8,1,1,7,,,
201013534733,5,2,1,11,6,57.152,2,2,2,2010,16,55,12,6,0,2,1,1,1,2,2,8,0,3,1,,,
201013534752,4,2,1,11,6,285.76,2,2,3,2010,15,44,12,1,0,2,1,4,0,0,2,8,0,3,1,,,
201013534755,6,2,1,11,6,133.355,1,2,3,2010,16,28,42,0,0,1,1,4,0,0,2,8,0,1,4,,,
201013534767,5,2,1,11,6,57.152,1,2,3,2010,21,30,42,0,0,1,2,4,1,1,2,8,0,1,4,,,
201013534777,4,2,1,11,6,285.76,1,2,4,2010,10,30,24,0,0,1,1,1,0,0,2,8,0,1,1,,,
201013534792,4,2,1,11,6,285.76,2,2,7,2010,11,18,12,6,0,4,1,1,0,0,2,8,0,1,1,,,
201013534808,4,2,5,11,6,285.76,1,2,5,2010,18,23,24,0,0,1,2,1,0,0,2,1,0,1,1,,,
201013534810,1,2,5,11,6,19.051,2,2,6,2010,22,7,12,2,0,1,2,10,3,3,2,1,0,1,1,,,
201013534832,4,2,7,11,6,293.925,2,2,3,2010,18,12,12,6,0,2,3,4,0,0,2,1,0,2,1,,,
201013534858,2,2,6,11,6,19.051,2,2,4,2010,8,13,25,0,0,1,1,4,0,0,2,1,0,1,3,,,
201013534870,2,2,5,11,6,19.051,2,2,4,2010,15,0,12,7,0,1,1,10,0,0,2,1,0,1,1,,,
201013534871,3,2,5,11,6,19.051,2,2,4,2010,22,39,12,6,0,4,2,4,2,1,2,1,0,1,1,,,
201013534895,5,2,6,11,6,57.152,1,2,6,2010,10,24,74,0,0,1,1,10,2,1,2,1,0,1,3,,,
201013534896,4,2,6,11,6,285.76,1,2,7,2010,17,39,42,0,0,1,1,1,0,0,2,1,0,1,4,,,
201013534899,4,2,7,11,6,293.925,2,2,1,2010,10,48,12,6,0,2,1,1,0,0,2,1,0,3,1,,,
201013534905,2,2,5,11,6,19.051,2,2,5,2010,10,32,12,6,0,2,1,10,1,1,2,1,0,3,1,,,
201013534908,4,2,5,11,6,285.76,2,2,6,2010,16,31,12,1,0,1,1,1,0,0,2,1,0,1,1,,,
201013534937,6,2,1,11,6,133.355,1,1,7,2010,3,1,38,0,0,1,2,1,0,0,2,8,0,1,5,,,
201013534938,5,2,1,11,6,57.152,2,1,7,2010,3,2,12,6,0,2,3,1,1,1,1,8,0,2,1,,,
201013534945,4,2,1,11,6,285.76,1,2,4,2010,19,29,24,0,0,1,2,10,0,0,2,8,0,1,1,,,
201013534955,1,2,1,11,6,19.051,2,2,2,2010,8,56,12,2,0,2,1,1,3,2,2,8,0,2,1,,,
201013534963,4,2,1,11,6,285.76,1,2,3,2010,10,56,42,0,0,1,1,4,1,1,2,8,0,1,4,,,
201013534981,3,2,1,11,6,19.051,1,2,3,2010,20,3,42,0,0,1,2,4,2,1,2,8,0,1,4,,,
201013534992,4,2,1,11,6,285.76,1,2,4,2010,2,37,38,0,0,1,2,4,0,0,2,8,0,1,5,,,
201013534998,6,2,1,11,6,133.355,2,2,4,2010,16,22,12,2,0,1,1,1,1,2,2,8,0,1,1,,,
201013535006,2,2,1,11,6,19.051,5,2,6,2010,10,16,12,6,0,2,1,10,1,1,2,8,0,3,1,,,
201013535014,4,2,1,11,6,285.76,2,2,7,2010,12,37,12,6,0,4,1,4,0,0,2,8,0,1,1,,,
201013535032,4,2,1,11,6,285.76,2,2,5,2010,10,1,12,6,0,2,1,1,0,0,2,8,0,2,1,,,
201013535034,6,2,1,11,6,133.355,1,2,5,2010,15,36,42,0,0,1,1,1,0,0,2,8,0,1,4,,,
201013535050,4,2,1,11,6,285.76,1,2,2,2010,12,35,33,0,0,1,1,4,0,0,2,8,0,1,4,,,
201013535057,5,2,5,11,6,57.152,3,2,6,2010,2,9,12,1,0,2,2,1,2,2,1,1,0,2,1,,,
201013535058,6,2,5,11,6,133.355,2,2,7,2010,3,1,14,0,0,1,2,1,0,0,1,1,1,1,7,,,
201013535063,4,2,5,11,6,285.76,2,2,2,2010,8,40,12,1,0,2,1,4,0,0,2,1,0,8,1,,,
201013535078,5,2,2,11,6,57.152,1,3,3,2010,1,50,42,0,0,1,3,1,2,1,1,1,0,1,4,,,
201013535081,2,2,1,11,6,19.051,2,2,4,2010,14,40,12,6,0,1,1,10,3,2,2,8,0,1,1,,,
201013535145,4,2,5,11,6,285.76,2,2,5,2010,8,46,12,1,0,1,1,4,0,0,2,1,0,1,1,,,
201013535155,4,2,7,11,6,293.925,2,2,3,2010,7,20,12,6,0,4,1,10,0,0,2,1,0,1,1,,,
201013535195,4,2,1,11,6,285.76,2,2,2,2010,6,24,12,6,0,2,3,4,0,0,2,8,0,3,1,,,
201013535199,5,2,1,11,6,57.152,2,2,2,2010,19,6,12,2,0,1,2,10,2,2,2,8,0,1,1,,,
201013535204,6,2,1,11,6,133.355,3,2,4,2010,8,40,12,1,0,2,1,4,0,0,2,8,0,3,1,,,
201013535216,4,2,1,11,6,285.76,1,2,4,2010,19,58,59,0,0,1,2,4,0,0,2,8,0,1,4,,,
201013535236,4,2,1,11,6,285.76,1,2,6,2010,22,53,24,0,0,1,2,6,0,0,2,8,0,1,1,,,
201013535248,6,2,1,11,6,133.355,2,2,6,2010,21,55,12,2,0,1,2,4,1,1,2,8,0,1,1,,,
201013535259,2,2,5,11,6,19.051,4,2,6,2010,11,58,12,1,0,1,1,4,2,1,2,1,0,1,1,,,
201013535272,4,2,6,11,6,285.76,1,2,5,2010,8,18,74,0,0,1,1,4,0,0,2,1,0,1,3,,,
201013535296,6,2,5,11,6,133.355,2,2,6,2010,8,5,12,6,0,2,1,4,1,1,2,1,0,2,1,,,
201013535303,4,2,1,11,6,285.76,2,1,6,2010,14,26,12,6,0,1,1,10,0,0,2,8,0,1,1,,,
201013535313,3,2,1,11,6,19.051,2,2,2,2010,10,5,12,1,0,1,1,4,2,2,2,8,0,1,1,,,
201013535321,4,2,1,11,6,285.76,2,2,4,2010,19,6,12,1,0,1,3,4,0,0,2,8,0,1,1,,,
201013535337,4,2,1,11,6,285.76,2,3,3,2010,17,35,12,1,0,2,1,10,0,0,2,8,0,3,1,,,
201013535345,1,2,1,11,6,19.051,2,2,5,2010,6,47,12,6,0,1,4,4,3,2,2,8,0,1,1,,,
201013535354,5,2,1,11,6,57.152,1,2,1,2010,3,5,30,0,0,1,2,10,2,2,1,8,0,1,4,,,
201013535364,4,2,1,11,6,285.76,1,3,1,2010,20,29,24,0,0,1,2,1,0,0,2,8,0,1,1,,,
201013535366,4,2,5,11,6,285.76,2,3,6,2010,7,25,12,6,0,2,4,1,0,0,2,1,0,8,1,,,
201013535398,3,2,1,11,6,19.051,2,3,6,2010,18,43,12,6,0,2,5,1,2,5,2,8,0,2,1,,,
201013535399,6,2,1,11,6,133.355,2,3,7,2010,0,7,12,1,0,1,2,1,1,1,1,8,0,1,1,,,
201013535435,4,2,1,11,6,285.76,2,3,4,2010,16,16,12,1,0,2,1,1,0,0,2,8,0,8,1,,,
201013535457,4,2,5,11,6,285.76,2,3,7,2010,13,9,12,2,0,4,1,2,0,0,2,1,0,1,1,,,
201013535465,3,2,6,11,6,19.051,1,3,6,2010,16,0,22,0,0,1,1,2,4,2,2,1,0,1,2,,,
201013535481,4,2,1,11,6,285.76,2,3,3,2010,14,4,12,1,0,2,1,1,1,2,2,8,0,2,1,,,
201013535482,3,2,1,11,6,19.051,2,3,3,2010,16,32,12,1,0,2,1,1,2,1,2,8,0,8,1,,,
201013535497,6,2,1,11,6,133.355,1,3,3,2010,6,52,42,0,0,1,2,1,0,0,2,8,0,1,4,,,
201013535499,5,2,1,11,6,57.152,1,3,4,2010,6,53,34,0,0,1,1,10,1,1,2,8,0,1,4,,,
201013535508,4,2,1,11,6,285.76,2,3,4,2010,6,53,12,6,0,4,4,10,0,0,2,8,0,1,1,,,
201013535510,3,2,1,11,6,19.051,2,3,2,2010,14,31,12,1,0,2,1,1,2,1,2,8,0,3,1,,,
201013535527,4,2,5,11,6,285.76,2,3,1,2010,9,44,12,1,0,2,1,10,0,0,2,1,0,8,1,,,
201013535557,1,2,1,11,6,19.051,1,3,3,2010,22,18,38,0,0,2,2,1,3,1,1,8,0,8,5,,,
201013535562,3,2,5,11,6,19.051,2,3,2,2010,17,50,12,1,0,2,1,2,2,1,2,1,0,2,1,,,
201013535568,5,2,6,11,6,57.152,1,3,3,2010,10,34,30,0,0,2,1,10,1,1,2,1,0,3,4,,,
201013535570,5,2,7,11,6,48.988,1,3,7,2010,21,50,19,0,0,1,2,2,2,1,2,1,0,1,5,,,
201013535573,1,2,7,11,6,48.988,1,3,3,2010,2,56,42,0,0,1,3,1,4,1,2,1,0,1,4,,,
201013535574,4,2,7,11,6,293.925,2,3,3,2010,7,53,12,1,0,1,1,1,0,0,2,1,0,1,1,,,
201013535575,6,2,7,11,6,146.963,2,3,3,2010,10,55,12,6,0,2,1,1,0,0,2,1,0,3,1,,,
201013535577,2,2,4,11,6,19.051,2,3,3,2010,16,43,12,6,1,2,1,1,0,0,2,2,0,2,1,,,
201013535580,4,2,4,11,6,285.76,2,4,5,2010,4,45,12,7,0,1,2,10,0,0,2,2,0,1,1,,,
201013535583,6,2,4,11,6,133.355,2,3,3,2010,15,46,12,1,0,1,1,1,0,0,2,2,0,1,1,,,
201013535599,4,2,4,11,6,285.76,1,4,7,2010,10,18,74,0,0,1,1,1,0,0,2,2,0,1,4,,,
201013535600,1,2,4,11,6,19.051,2,3,2,2010,16,15,12,6,1,5,1,1,3,1,2,2,0,1,1,,,
201013535601,1,2,4,11,6,19.051,2,3,4,2010,12,30,12,6,1,5,1,1,3,2,2,2,0,2,1,,,
201013535633,4,2,1,11,6,285.76,2,2,4,2010,21,50,12,1,0,1,3,4,0,0,2,8,0,1,1,,,
201013535634,5,2,1,11,6,57.152,2,2,1,2010,16,13,12,6,0,2,1,10,1,2,2,8,0,2,1,,,
201013535654,3,2,1,11,6,19.051,1,3,4,2010,18,10,22,0,0,1,1,1,2,1,2,8,0,1,1,,,
201013535666,6,2,1,11,6,133.355,1,3,4,2010,7,41,42,0,0,1,2,1,0,0,2,8,0,1,4,,,
201013535669,4,2,1,11,6,285.76,3,3,5,2010,7,37,12,1,0,1,1,2,0,0,2,8,0,1,1,,,
201013535670,1,2,1,11,6,19.051,1,3,5,2010,7,45,59,0,0,1,1,2,3,1,2,8,0,1,4,,,
201013535701,4,2,1,11,6,285.76,2,3,6,2010,14,10,12,6,0,4,1,1,0,0,2,8,0,1,1,,,
201013535742,3,2,5,11,6,19.051,2,4,5,2010,17,41,12,6,0,2,1,1,2,2,2,1,0,2,1,,,
201013535744,3,2,7,11,6,48.988,2,3,5,2010,13,4,21,0,0,4,1,1,2,1,2,1,1,1,1,,,
201013535755,5,2,1,11,6,57.152,2,3,4,2010,10,32,12,6,0,2,1,1,2,1,2,8,0,3,1,,,
201013535772,4,2,1,11,6,285.76,1,3,7,2010,3,30,42,0,0,1,2,10,0,0,2,8,0,1,4,,,
201013535779,6,2,1,11,6,133.355,1,4,2,2010,1,4,53,0,0,1,2,10,0,0,2,8,0,1,4,,,
201013535786,4,2,5,11,6,285.76,2,4,2,2010,20,37,12,6,0,2,3,1,0,0,2,1,0,8,1,,,
201013535796,4,2,6,11,6,285.76,1,4,5,2010,20,22,24,0,0,1,5,1,0,0,2,1,0,1,1,,,
201013535817,3,2,1,11,6,19.051,1,3,2,2010,22,14,21,0,0,2,3,2,4,1,1,8,0,1,1,,,
201013535818,1,2,1,11,6,19.051,1,3,4,2010,5,51,42,0,0,1,2,1,3,2,1,8,0,1,4,,,
201013535823,4,2,1,11,6,285.76,2,3,6,2010,17,51,12,6,0,4,1,1,0,0,2,8,0,1,1,,,
201013535828,3,2,1,11,6,19.051,1,3,1,2010,21,45,21,0,0,1,3,2,3,1,2,8,0,1,1,,,
201013535847,3,2,1,11,6,19.051,2,4,7,2010,12,45,12,2,0,5,1,1,2,1,2,8,0,1,1,,,
201013535848,4,2,1,11,6,285.76,1,4,7,2010,16,11,18,0,0,1,1,1,0,0,2,8,0,1,1,,,
201013535849,6,2,1,11,6,133.355,2,4,7,2010,20,4,14,0,0,1,5,1,0,0,2,8,1,1,7,,,
201013535850,1,2,1,11,6,19.051,2,4,1,2010,16,7,12,6,0,2,1,1,3,2,2,8,0,2,1,,,
201013535853,1,2,1,11,6,19.051,1,4,3,2010,13,31,42,0,0,1,1,10,3,5,2,8,0,1,4,,,
201013535868,1,2,1,11,6,19.051,1,4,7,2010,22,21,42,0,0,1,2,1,3,1,1,8,0,1,4,,,
201013535893,4,2,1,11,6,285.76,2,3,4,2010,16,10,12,1,0,4,1,1,0,0,2,8,0,1,1,,,
201013535909,4,2,1,11,6,285.76,2,4,4,2010,21,6,14,0,0,1,3,1,0,0,2,8,1,1,7,,,
201013535911,5,2,1,11,6,57.152,2,4,5,2010,12,45,12,1,0,1,1,1,1,1,2,8,0,1,1,,,
201013535913,3,2,1,11,6,19.051,2,4,5,2010,17,24,14,0,0,2,1,1,2,1,2,8,1,3,7,,,
201013535921,4,2,5,11,6,285.76,2,3,5,2010,14,38,12,1,0,1,1,2,0,0,2,1,0,1,1,,,
201013535928,5,2,5,11,6,57.152,2,4,3,2010,8,47,12,1,0,2,1,2,1,1,2,1,0,3,1,,,
201013535940,4,2,5,11,6,285.76,2,4,7,2010,11,53,12,1,0,2,1,10,0,0,2,1,0,8,1,,,
201013535943,6,2,6,11,6,133.355,4,4,3,2010,8,36,12,1,0,1,1,2,1,3,2,1,0,1,1,,,
201013535944,5,2,6,11,6,57.152,2,4,4,2010,16,45,12,6,0,2,1,1,2,3,2,1,0,2,1,,,
201013535949,3,2,7,11,6,48.988,2,4,6,2010,12,35,12,6,0,2,1,1,2,1,2,1,0,2,1,,,
201013535950,3,2,7,11,6,48.988,2,4,2,2010,19,52,12,6,0,4,1,1,2,1,2,1,0,1,1,,,
201013535973,6,2,1,11,6,133.355,2,3,2,2010,18,56,12,2,0,2,1,2,0,0,2,8,0,2,1,,,
201013535978,6,2,1,11,6,133.355,1,4,6,2010,20,10,30,0,0,1,5,10,1,1,2,8,0,1,4,,,
201013535981,1,2,1,11,6,19.051,1,4,1,2010,9,19,53,0,0,1,1,10,3,1,2,8,0,1,4,,,
201013535983,4,2,1,11,6,285.76,1,4,1,2010,18,3,34,0,0,1,1,1,0,0,2,8,0,1,4,,,
201013535989,3,2,1,11,6,19.051,1,4,2,2010,20,46,22,0,0,2,5,10,2,2,2,8,0,2,1,,,
201013536014,6,2,5,11,6,133.355,2,4,7,2010,13,52,12,2,0,4,1,10,0,0,2,1,0,1,1,,,
201013536016,4,2,5,11,6,285.76,2,4,7,2010,20,50,12,1,0,1,3,2,0,0,2,1,0,1,1,,,
201013536034,6,2,1,11,6,133.355,1,4,4,2010,8,21,24,0,0,1,1,1,2,1,2,8,0,1,1,,,
201013536038,4,2,1,11,6,285.76,2,4,7,2010,7,51,12,7,0,4,1,2,0,0,2,8,0,1,1,,,
201013536052,4,2,7,11,6,293.925,2,4,2,2010,7,29,12,6,0,2,1,1,0,0,2,1,0,2,1,,,
201013536082,5,2,1,11,6,57.152,2,4,6,2010,10,15,12,6,0,2,1,1,1,2,2,8,0,2,1,,,
201013536083,4,2,1,11,6,285.76,3,4,5,2010,11,32,12,1,0,1,1,10,0,0,2,8,0,1,1,,,
201013536098,5,2,7,11,6,48.988,2,4,7,2010,11,47,12,1,0,2,1,10,1,1,2,1,0,2,1,,,
201013536140,4,2,1,11,6,285.76,2,5,3,2010,7,12,14,0,0,1,1,1,0,0,2,8,1,1,7,,,
201013536142,3,2,1,11,6,19.051,1,5,4,2010,15,51,22,0,0,4,1,10,2,1,2,8,0,1,2,,,
201013536145,4,2,5,11,6,285.76,2,4,2,2010,7,0,14,0,0,2,1,10,0,0,2,1,1,8,7,,,
201013536155,4,2,7,11,6,293.925,2,5,5,2010,8,56,12,1,0,1,1,1,0,0,2,1,0,1,1,,,
201013536184,5,2,1,11,6,57.152,1,4,3,2010,4,0,53,0,0,1,2,1,2,1,1,8,0,1,4,,,
201013536186,4,2,1,11,6,285.76,1,4,6,2010,9,15,18,0,0,1,1,1,0,0,2,8,0,1,4,,,
201013536205,4,2,1,11,6,285.76,1,5,3,2010,6,4,24,0,0,1,4,1,0,0,2,8,0,1,1,,,
201013536216,3,2,1,11,6,19.051,1,5,4,2010,19,10,42,0,0,1,1,1,2,1,2,8,0,1,4,,,
201013536221,4,2,1,11,6,285.76,1,5,5,2010,21,17,24,0,0,1,2,1,0,0,2,8,0,1,1,,,
201013536228,6,2,1,11,6,133.355,1,5,7,2010,5,53,18,0,0,1,2,10,0,0,2,8,0,1,1,,,
201013536239,3,2,1,11,6,19.051,2,5,2,2010,15,11,12,6,0,4,1,1,2,2,2,8,0,1,1,,,
201013536243,4,2,1,11,6,285.76,1,5,3,2010,9,59,10,0,0,1,1,2,0,0,2,8,0,1,1,,,
201013536258,3,2,1,11,6,19.051,1,5,7,2010,3,32,21,0,0,1,2,1,3,1,2,8,0,1,1,,,
201013536262,6,2,1,11,6,133.355,2,5,1,2010,13,5,12,6,0,2,1,1,1,2,2,8,0,2,1,,,
201013536263,4,2,1,11,6,285.76,2,5,1,2010,18,49,12,6,0,4,1,1,0,0,2,8,0,1,1,,,
201013536266,6,2,5,11,6,133.355,2,5,7,2010,17,22,12,1,0,1,1,10,0,0,2,1,0,1,1,,,
201013536274,4,2,5,11,6,285.76,2,5,3,2010,18,5,12,1,0,2,1,2,0,0,2,1,0,8,1,,,
201013536277,5,2,5,11,6,57.152,2,5,5,2010,13,46,12,1,0,2,1,10,2,2,2,1,0,3,1,,,
201013536291,5,2,7,11,6,48.988,1,5,7,2010,12,48,33,0,0,2,1,1,1,1,2,1,0,8,4,,,
201013536296,5,2,7,11,6,48.988,2,5,5,2010,20,27,12,6,0,2,1,1,2,1,1,1,0,2,1,,,
201013536313,3,2,1,11,6,19.051,1,5,6,2010,7,39,22,0,0,2,1,10,2,1,2,8,0,2,1,,,
201013536328,6,2,7,11,6,146.963,3,5,3,2010,17,21,12,1,0,1,1,10,0,0,2,1,0,1,1,,,
201013536330,4,2,7,11,6,293.925,2,5,4,2010,14,47,12,1,0,2,1,10,0,0,2,1,0,3,1,,,
201013536341,4,2,2,11,6,285.76,2,6,3,2010,10,47,14,0,0,1,1,1,0,0,2,1,1,1,7,,,
201013536354,3,2,1,11,6,19.051,1,4,7,2010,23,20,21,0,0,1,2,2,3,1,2,8,0,1,1,,,
201013536363,4,2,1,11,6,285.76,2,5,4,2010,8,49,12,1,0,2,1,1,1,1,2,8,0,2,1,,,
201013536380,4,2,1,11,6,285.76,2,5,2,2010,20,30,12,6,0,2,1,1,0,0,2,8,0,3,1,,,
201013536390,4,2,5,11,6,285.76,2,5,7,2010,17,13,12,1,1,5,1,10,0,0,2,1,0,8,1,,,
201013536407,4,2,5,11,6,285.76,2,5,3,2010,15,29,12,6,0,4,1,1,0,0,2,1,0,1,1,,,
201013536419,4,2,6,11,6,285.76,1,5,5,2010,1,2,74,0,0,1,2,1,0,0,2,1,0,1,3,,,
201013536420,3,2,6,11,6,19.051,3,5,5,2010,7,22,12,1,0,1,1,1,2,1,2,1,0,1,1,,,
201013536440,3,2,6,11,6,19.051,2,5,4,2010,7,24,12,1,0,1,1,10,2,2,2,1,0,1,1,,,
201013536457,3,2,7,11,6,48.988,1,5,7,2010,23,6,33,0,0,1,3,1,2,1,1,1,0,1,4,,,
201013536478,6,2,1,11,6,133.355,3,5,1,2010,18,35,12,6,0,2,1,1,0,0,2,8,0,2,1,,,
201013536481,4,2,1,11,6,285.76,2,5,3,2010,17,7,12,8,0,2,1,1,0,0,2,8,0,3,1,,,
201013536487,1,2,1,11,6,19.051,2,5,7,2010,11,8,12,2,0,1,1,1,3,3,2,8,0,1,1,,,
201013536488,5,2,1,11,6,57.152,1,5,7,2010,19,6,42,0,0,1,1,1,2,2,2,8,0,1,4,,,
201013536495,6,2,5,11,6,133.355,2,6,3,2010,13,30,12,6,0,2,1,1,1,1,2,1,0,2,1,,,
201013536497,4,2,5,11,6,285.76,2,6,4,2010,15,37,12,7,0,1,1,10,0,0,2,1,0,1,1,,,
201013536504,5,2,5,11,6,57.152,2,6,5,2010,18,55,12,1,0,2,1,1,2,2,2,1,0,2,1,,,
201013536537,2,2,1,11,6,19.051,3,5,2,2010,10,46,12,6,0,4,1,1,3,3,2,8,0,1,1,,,
201013536540,1,2,1,11,6,19.051,1,5,1,2010,23,55,35,0,0,2,2,1,3,1,1,8,0,3,4,,,
201013536545,3,2,1,11,6,19.051,1,6,7,2010,23,19,22,0,0,1,2,2,2,2,2,8,0,1,1,,,
201013536546,5,2,1,11,6,57.152,1,6,2,2010,1,40,33,0,0,1,2,1,2,2,2,8,0,1,4,,,
201013536556,5,2,5,11,6,57.152,1,6,7,2010,0,39,31,0,0,2,3,1,2,5,2,1,0,2,4,,,
201013536562,3,2,5,11,6,19.051,2,6,1,2010,11,46,12,1,0,4,1,10,2,1,2,1,0,1,11,,,
201013536563,4,2,5,11,6,285.76,2,6,1,2010,14,0,12,7,0,2,1,10,0,0,2,1,0,8,1,,,
201013536565,3,2,5,11,6,19.051,1,6,2,2010,19,35,15,0,0,1,1,1,3,2,2,1,0,1,1,,,
201013536573,4,2,1,11,6,285.76,2,5,3,2010,10,7,12,6,0,2,1,1,0,0,2,8,0,2,1,,,
201013536576,3,2,1,11,6,19.051,2,6,4,2010,12,6,12,1,0,2,1,10,2,2,2,8,0,8,1,,,
201013536581,6,2,1,11,6,133.355,2,6,2,2010,16,22,12,6,0,4,1,1,2,1,2,8,0,1,1,,,
201013536594,4,2,7,11,6,293.925,2,6,5,2010,18,35,12,6,0,2,1,10,0,0,2,1,0,2,1,,,
201013536613,3,2,1,11,6,19.051,2,5,2,2010,18,30,12,6,0,2,1,1,2,2,2,8,0,2,1,,,
201013536622,4,2,1,11,6,285.76,2,6,3,2010,15,0,12,6,0,2,1,1,0,0,2,8,0,3,1,,,