CASENUM,STRATUM,REGION,PJ,PSU,PSUSTRAT,WEIGHT,VE_TOTAL,MONTH,WKDY_IM,YEAR,HOUR_IM,MINUTE_IM,EVENT1_IM,MANCOL_IM,RELJCT1_IM,RELJCT2_IM,LGTCON_IM,WEATHR_IM,MAXSEV_IM,NO_INJ_IM,ALCHL_IM,LAND_USE,PVH_INVL,TYP_INT,REL_ROAD,CF1,CF2,CF3
201013536638,5,2,1,11,6,57.152,1,6,6,2010,19,31,34,0,0,1,1,1,2,1,2,8,0,1,4,,,
201013536653,3,2,1,11,6,19.051,1,6,3,2010,14,48,42,0,0,1,1,1,3,1,2,8,0,1,4,,,
201013536660,4,2,1,11,6,285.76,2,6,4,2010,12,3,12,6,0,2,1,10,0,0,2,8,0,3,1,,,
201013536669,3,2,1,11,6,19.051,2,6,3,2010,17,19,12,1,0,2,1,2,2,1,2,8,0,2,1,,,
201013536685,4,2,1,11,6,285.76,1,6,2,2010,21,56,24,0,0,1,2,10,0,0,2,8,0,1,1,,,
201013536689,3,2,1,11,6,19.051,2,6,3,2010,21,42,12,2,0,1,3,1,2,1,1,8,0,1,1,,,
201013536690,6,2,1,11,6,133.355,1,6,4,2010,21,1,30,0,0,1,5,1,0,0,2,8,0,1,4,,,
201013536707,5,2,1,11,6,57.152,1,6,6,2010,23,14,18,0,0,1,2,6,2,1,2,8,0,1,1,,,
201013536715,5,2,1,11,6,57.152,1,5,6,2010,8,45,1,0,0,1,1,1,1,1,2,8,0,1,4,,,
201013536721,5,2,1,11,6,57.152,2,5,2,2010,9,34,12,6,0,2,1,1,2,1,2,8,0,2,1,,,
201013536725,4,2,5,11,6,285.76,2,6,1,2010,18,7,12,7,0,1,1,1,0,0,2,1,0,1,1,,,
201013536742,6,2,5,11,6,133.355,2,6,7,2010,23,12,12,6,0,2,3,1,0,0,2,1,0,8,1,,,
201013536777,4,2,5,11,6,285.76,2,6,2,2010,13,15,12,7,0,2,1,10,0,0,2,1,0,8,1,,,
201013536782,4,2,7,11,6,293.925,2,5,6,2010,15,40,12,6,0,2,1,1,0,0,2,1,0,2,1,,,
201013536795,4,2,1,11,6,285.76,2,6,4,2010,12,57,12,6,1,2,1,1,0,0,2,8,0,3,1,,,
201013536797,6,2,1,11,6,133.355,2,6,5,2010,17,5,12,6,0,2,1,1,1,1,2,8,0,3,1,,,
201013536802,3,2,1,11,6,19.051,1,6,6,2010,21,23,18,0,0,1,2,2,2,1,2,8,0,1,1,,,
201013536819,3,2,5,11,6,19.051,2,6,5,2010,8,29,12,7,0,2,1,10,2,1,2,1,0,2,1,,,
201013536853,4,2,1,11,6,285.76,2,5,4,2010,8,48,12,6,0,2,1,10,0,0,2,8,0,3,1,,,
201013536854,3,2,1,11,6,19.051,2,5,4,2010,19,24,12,7,0,2,1,1,2,2,2,8,0,2,1,,,
201013536863,5,2,1,11,6,57.152,2,6,3,2010,14,13,12,6,0,2,1,1,2,1,2,8,0,3,1,,,
201013536868,3,2,1,11,6,19.051,2,6,2,2010,13,42,1,0,0,2,1,1,3,1,2,8,1,7,1,,,
201013536874,4,2,1,11,6,285.76,2,6,3,2010,17,37,12,1,0,1,1,1,0,0,2,8,0,1,1,,,
201013536912,3,2,1,11,6,19.051,2,6,7,2010,11,41,12,1,0,2,1,10,2,1,2,8,0,2,1,,,
201013536916,4,2,1,11,6,285.76,2,6,5,2010,7,59,12,1,0,1,1,10,0,0,2,8,0,1,1,,,
201013536922,6,2,1,11,6,133.355,2,6,4,2010,16,59,12,6,0,2,1,1,1,1,2,8,0,3,1,,,
201013536941,3,2,1,11,6,19.051,1,6,3,2010,11,14,24,0,0,1,1,10,3,1,2,8,0,1,1,,,
201013536942,4,2,1,11,6,285.76,2,6,3,2010,11,42,12,6,0,2,1,1,1,1,2,8,0,2,1,,,
201013536943,5,2,1,11,6,57.152,4,6,4,2010,17,27,12,1,0,2,1,1,1,2,2,8,0,8,1,,,
201013536951,4,2,5,11,6,285.76,1,6,2,2010,16,35,34,0,0,1,1,1,0,0,2,1,0,1,4,,,
201013536961,4,2,6,11,6,285.76,1,6,7,2010,5,43,46,0,0,6,4,1,0,0,2,1,0,1,4,,,
201013536976,3,2,1,11,6,19.051,1,6,2,2010,20,58,1,0,0,1,1,10,2,1,2,8,0,1,1,,,
201013536982,5,2,1,11,6,57.152,2,6,4,2010,13,48,12,6,0,2,1,1,2,2,1,8,0,2,1,,,
201013536985,4,2,1,11,6,285.76,2,6,4,2010,22,18,12,1,0,2,3,1,0,0,2,8,0,2,1,,,
201013537007,3,2,1,11,6,19.051,1,7,3,2010,23,36,21,0,0,1,3,1,2,2,2,8,0,1,1,,,
201013537008,5,2,1,11,6,57.152,2,6,6,2010,18,7,12,2,0,4,1,1,5,1,2,8,0,1,1,,,
201013537012,3,2,1,11,6,19.051,2,7,1,2010,15,53,12,1,0,2,1,1,2,2,2,8,0,3,1,,,
201013537020,5,2,6,11,6,57.152,2,6,1,2010,19,48,12,6,0,2,1,1,2,2,1,1,0,3,1,,,
201013537022,4,2,5,11,6,285.76,2,6,2,2010,18,34,12,7,0,2,1,1,0,0,2,1,0,8,1,,,
201013537027,3,2,5,11,6,19.051,1,7,4,2010,19,22,41,0,0,1,1,1,2,1,2,1,0,1,4,,,
201013537032,1,2,1,11,6,19.051,1,6,6,2010,21,20,18,0,0,1,2,2,4,1,2,8,0,1,1,,,
201013537055,1,2,1,11,6,19.051,1,6,4,2010,21,0,42,0,0,1,1,1,3,2,2,8,0,1,4,,,
201013537056,4,2,1,11,6,285.76,1,7,6,2010,18,8,33,0,0,1,1,1,0,0,2,8,0,1,5,,,
201013537058,3,2,1,11,6,19.051,2,7,7,2010,16,41,12,1,0,2,1,1,2,1,1,8,0,2,1,,,
201013537061,3,2,1,11,6,19.051,2,7,2,2010,15,1,12,1,0,1,1,1,2,2,2,8,0,1,1,,,
201013537062,3,2,1,11,6,19.051,2,7,2,2010,20,45,12,6,0,4,1,1,3,1,2,8,0,1,1,,,
201013537077,4,2,1,11,6,285.76,2,7,3,2010,14,38,12,8,0,1,1,1,0,0,2,8,0,1,1,,,
201013537090,4,2,5,11,6,285.76,2,7,2,2010,13,0,12,7,0,1,1,10,0,0,2,1,0,1,1,,,
201013537102,6,2,6,11,6,133.355,2,7,5,2010,17,9,12,1,0,1,1,10,0,0,2,1,0,1,1,,,
201013537104,3,2,6,11,6,19.051,1,7,2,2010,19,1,42,0,0,1,1,1,2,1,2,1,0,1,4,,,
201013537107,4,2,7,11,6,293.925,4,6,7,2010,11,42,12,1,0,1,1,1,1,2,2,1,0,1,1,,,
201013537114,5,2,5,11,6,57.152,3,7,3,2010,12,1,12,6,0,2,1,10,2,1,2,1,0,2,1,,,
201013537135,3,2,1,11,6,19.051,2,7,1,2010,0,50,12,6,0,4,3,1,2,1,2,8,0,1,1,,,
201013537156,6,2,1,11,6,133.355,2,7,1,2010,18,47,12,2,0,2,1,1,1,2,2,8,0,2,1,,,
201013537158,4,2,5,11,6,285.76,2,7,4,2010,13,14,12,1,0,2,1,1,1,1,2,1,0,2,1,,,
201013537170,4,2,7,11,6,293.925,3,7,1,2010,20,26,12,1,0,2,1,1,0,0,2,1,0,2,1,,,
201013537175,5,2,4,11,6,57.152,1,8,2,2010,16,12,59,0,0,2,1,1,2,1,1,2,0,3,4,,,
201013537181,6,2,4,11,6,133.355,1,7,7,2010,11,20,42,0,1,5,1,10,0,0,2,2,0,1,4,,,
201013537182,3,2,4,11,6,19.051,1,8,4,2010,11,10,25,0,0,1,1,1,2,1,1,2,0,1,3,,,
201013537195,5,2,1,11,6,57.152,1,6,7,2010,3,47,34,0,0,1,2,1,1,2,1,8,0,1,4,,,
201013537198,3,2,1,11,6,19.051,2,7,5,2010,17,19,12,6,0,4,1,1,2,1,2,8,0,1,1,,,
201013537199,3,2,1,11,6,19.051,1,7,6,2010,12,32,22,0,0,1,1,1,2,2,2,8,0,1,1,,,
201013537200,3,2,1,11,6,19.051,2,7,6,2010,15,37,12,6,0,2,1,1,2,1,2,8,0,3,1,,,
201013537202,4,2,1,11,6,285.76,2,7,4,2010,17,39,12,1,0,2,1,1,0,0,2,8,0,2,1,,,
201013537220,3,2,1,11,6,19.051,3,7,7,2010,12,11,12,1,0,4,1,1,2,3,2,8,0,1,1,,,
201013537223,4,2,1,11,6,285.76,2,7,7,2010,15,19,12,1,0,2,1,1,0,0,2,8,0,2,1,,,
201013537225,5,2,1,11,6,57.152,1,7,7,2010,22,24,33,0,0,1,2,1,1,1,2,8,0,1,4,,,
201013537232,6,2,1,11,6,133.355,2,7,3,2010,20,13,12,6,0,2,1,1,0,0,2,8,0,2,1,,,
201013537237,3,2,1,11,6,19.051,1,7,5,2010,10,53,19,0,0,4,1,10,2,1,2,8,0,1,5,,,
201013537243,3,2,1,11,6,19.051,1,7,1,2010,3,30,22,0,0,1,3,10,2,2,2,8,0,1,1,,,
201013537244,6,2,1,11,6,133.355,1,7,3,2010,8,12,32,0,0,1,1,1,0,0,2,8,0,1,4,,,
201013537255,4,2,5,11,6,285.76,1,7,6,2010,18,59,18,0,0,1,1,2,0,0,2,1,0,1,1,,,
201013537261,6,2,7,11,6,146.963,2,7,7,2010,9,37,12,6,0,4,1,10,0,0,2,1,0,1,1,,,
201013537279,4,2,1,11,6,285.76,1,7,5,2010,14,29,75,0,0,1,1,10,1,1,2,8,0,1,4,,,
201013537300,6,2,5,11,6,133.355,1,7,7,2010,23,37,33,0,0,1,2,1,0,0,1,1,0,1,4,,,
201013537312,4,2,7,11,6,293.925,2,7,2,2010,12,24,12,7,0,2,1,1,1,1,2,1,0,2,1,,,
201013537317,6,2,1,11,6,133.355,1,7,1,2010,5,0,34,0,0,1,2,1,2,1,1,8,0,1,4,,,
201013537337,4,2,5,11,6,285.76,2,8,2,2010,13,21,12,6,0,4,1,1,0,0,2,1,0,1,1,,,
201013537351,3,2,6,11,6,19.051,1,8,1,2010,14,50,1,0,0,1,1,1,2,1,2,1,0,1,1,,,
201013537356,4,2,7,11,6,293.925,2,8,3,2010,9,10,12,1,0,2,1,10,0,0,2,1,0,2,1,,,
201013537357,3,2,7,11,6,48.988,1,8,4,2010,20,58,22,0,0,2,5,10,2,2,2,1,0,2,1,,,
201013537360,3,2,1,11,6,19.051,1,7,5,2010,4,21,24,0,0,1,2,1,3,1,2,8,0,1,1,,,
201013537361,4,2,1,11,6,285.76,2,7,4,2010,21,46,14,0,0,4,3,1,0,0,2,8,1,1,7,,,
201013537371,5,2,1,11,6,57.152,2,7,3,2010,12,1,12,1,0,2,1,1,1,2,2,8,0,3,1,,,
201013537372,3,2,1,11,6,19.051,1,7,3,2010,17,3,13,0,0,1,1,1,2,1,2,8,0,1,1,,,
201013537380,2,2,1,11,6,19.051,2,7,6,2010,17,18,12,6,0,2,1,10,1,1,2,8,0,2,1,,,
201013537385,4,2,1,11,6,285.76,2,7,5,2010,12,42,12,6,0,2,1,1,0,0,2,8,0,3,11,,,
201013537397,3,2,1,11,6,19.051,1,7,7,2010,7,27,33,0,0,2,1,10,2,1,1,8,0,3,4,,,
201013537404,4,2,1,11,6,285.76,2,8,2,2010,15,1,12,6,0,2,1,1,1,2,2,8,0,2,1,,,
201013537417,6,2,1,11,6,133.355,1,8,1,2010,23,2,42,0,0,2,2,1,0,0,2,8,0,3,4,,,
201013537423,5,2,1,11,6,57.152,1,8,6,2010,13,31,42,0,0,1,1,1,2,1,2,8,0,1,4,,,
201013537428,4,2,1,11,6,285.76,1,8,7,2010,16,41,30,0,0,1,1,1,0,0,2,8,0,1,4,,,
201013537441,3,2,5,11,6,19.051,1,8,1,2010,15,24,31,0,0,4,1,1,2,1,1,1,0,1,4,,,
201013537459,5,2,1,11,6,57.152,3,8,4,2010,13,24,12,8,0,1,1,2,2,2,2,8,0,1,1,,,
201013537461,4,2,5,11,6,285.76,2,8,3,2010,14,26,12,1,0,1,1,1,0,0,2,1,0,1,1,,,
201013537471,4,2,6,11,6,285.76,1,8,5,2010,15,30,22,0,0,2,1,1,0,0,2,1,0,3,1,,,
201013537497,6,2,4,11,6,133.355,1,8,1,2010,18,36,25,0,1,5,1,1,0,0,2,2,0,1,3,,,
201013537498,4,2,4,11,6,285.76,1,8,2,2010,6,30,24,0,0,1,1,10,0,0,2,2,0,1,1,,,
201013537507,1,2,4,11,6,19.051,2,8,6,2010,15,35,12,6,0,2,1,1,3,3,2,2,0,2,1,,,
201013537509,5,2,4,11,6,57.152,1,7,4,2010,17,30,1,0,0,1,1,1,1,1,1,2,0,1,4,,,
201013537520,4,2,1,11,6,285.76,2,8,5,2010,17,35,25,0,0,2,1,1,0,0,2,8,0,3,3,,,
201013537522,6,2,1,11,6,133.355,2,8,5,2010,21,56,12,1,0,2,3,1,0,0,2,8,0,2,1,,,
201013537526,3,2,1,11,6,19.051,1,8,7,2010,20,22,1,0,0,1,1,1,2,1,2,8,0,1,1,,,
201013537542,4,2,1,11,6,285.76,2,8,5,2010,9,42,12,7,0,1,1,10,0,0,2,8,0,1,1,,,
201013537549,3,2,1,11,6,19.051,1,8,7,2010,20,53,1,0,0,1,5,1,3,2,2,8,0,1,4,,,
201013537553,3,2,1,11,6,19.051,1,8,2,2010,16,36,42,0,0,1,1,1,3,1,2,8,0,1,4,,,
201013537563,4,2,5,11,6,285.76,2,8,6,2010,14,54,12,6,0,4,1,1,0,0,2,1,0,1,1,,,
201013537564,5,2,5,11,6,57.152,2,8,6,2010,17,49,12,1,0,2,1,1,1,1,2,1,0,2,1,,,
201013537573,5,2,7,11,6,48.988,2,8,4,2010,15,49,12,6,0,2,1,10,1,1,2,1,0,2,1,,,
201013537599,4,2,1,11,6,285.76,2,8,6,2010,19,52,12,6,0,2,1,10,0,0,2,8,0,2,1,,,
201013537609,6,2,1,11,6,133.355,2,8,4,2010,18,30,12,1,0,1,1,1,0,0,2,8,0,1,1,,,
201013537619,1,2,5,11,6,19.051,2,8,5,2010,9,14,12,6,0,4,1,1,3,2,2,1,0,1,1,,,
201013537627,1,2,5,11,6,19.051,2,8,7,2010,15,27,12,1,0,4,1,2,3,5,2,1,0,1,1,,,
201013537629,4,2,5,11,6,285.76,2,8,7,2010,17,11,12,1,0,2,1,2,1,2,2,1,0,2,1,,,
201013537630,3,2,5,11,6,19.051,2,8,7,2010,17,39,12,1,0,2,1,2,2,1,2,1,0,3,1,,,
201013537637,4,2,7,11,6,293.925,2,8,4,2010,17,41,12,6,0,2,1,10,0,0,2,1,0,2,1,,,
201013537639,6,2,7,11,6,146.963,3,8,4,2010,16,22,12,1,0,1,1,1,0,0,2,1,0,1,1,,,
201013537645,4,2,4,11,6,285.76,3,8,6,2010,17,39,54,11,0,1,1,1,0,0,2,2,0,1,1,,,
201013537654,2,2,4,11,6,19.051,1,8,3,2010,12,30,34,0,0,1,1,10,2,1,2,2,0,1,4,,,
201013537655,3,2,4,11,6,19.051,2,8,3,2010,16,55,12,6,0,1,1,1,2,1,2,2,0,1,1,,,
201013537658,3,2,5,11,6,19.051,1,8,2,2010,3,50,1,0,0,1,2,1,2,1,1,1,0,1,1,,,
201013537672,1,2,1,11,6,19.051,2,8,3,2010,9,28,12,6,0,2,1,1,3,5,2,8,0,2,1,,,
201013537679,5,2,1,11,6,57.152,1,8,7,2010,1,35,1,0,0,2,2,1,1,1,2,8,0,2,4,,,
201013537696,4,2,1,11,6,285.76,1,8,7,2010,8,40,24,0,0,1,1,1,0,0,2,8,0,1,1,,,
201013537715,3,2,1,11,6,19.051,1,8,6,2010,11,8,10,0,0,1,1,1,2,1,2,8,0,1,1,,,
201013537734,1,2,1,11,6,19.051,2,7,6,2010,2,10,12,6,0,2,2,1,3,5,2,8,0,7,1,,,
201013537737,6,2,1,11,6,133.355,2,8,5,2010,15,13,12,6,0,2,1,1,1,1,2,8,0,3,1,,,
201013537738,4,2,1,11,6,285.76,2,8,6,2010,10,17,12,1,0,2,1,1,0,0,2,8,0,2,1,,,
201013537755,1,2,1,11,6,19.051,2,8,4,2010,17,8,12,2,0,1,1,1,3,3,1,8,0,1,1,,,
201013537756,5,2,1,11,6,57.152,2,8,5,2010,13,5,12,1,0,2,1,1,2,2,2,8,0,2,1,,,
201013537758,4,2,1,11,6,285.76,2,8,5,2010,14,53,12,6,0,4,1,1,1,1,2,8,0,1,1,,,
201013537765,3,2,1,11,6,19.051,1,8,6,2010,14,50,24,0,0,1,1,1,2,1,2,8,0,1,1,,,
201013537779,4,2,1,11,6,285.76,3,8,2,2010,17,22,12,1,0,2,1,1,0,0,2,8,0,2,1,,,
201013537780,5,2,1,11,6,57.152,2,8,3,2010,8,38,12,2,0,2,1,10,2,2,2,8,0,3,1,,,
201013537783,3,2,1,11,6,19.051,1,8,3,2010,18,13,21,0,0,2,1,1,2,2,2,8,0,8,1,,,
201013537788,3,2,1,11,6,19.051,1,9,4,2010,15,20,10,0,0,1,1,10,2,3,2,8,0,1,1,,,
201013537793,6,2,1,11,6,133.355,2,9,5,2010,13,38,12,7,0,1,1,2,0,0,2,8,0,1,1,,,
201013537796,3,2,5,11,6,19.051,2,6,1,2010,11,46,12,1,0,4,1,10,2,1,2,1,0,1,1,,,
201013537809,4,2,5,11,6,285.76,2,8,3,2010,16,56,12,1,0,1,1,1,1,1,2,1,0,1,1,,,
201013537812,6,2,5,11,6,133.355,3,9,4,2010,14,35,12,1,0,1,1,1,0,0,2,1,0,1,1,,,
201013537825,5,2,5,11,6,57.152,1,9,5,2010,18,6,33,0,0,2,1,1,1,1,2,1,0,2,4,,,
201013537827,4,2,5,11,6,285.76,2,9,6,2010,13,53,12,6,0,4,1,1,0,0,2,1,0,1,1,,,
201013537833,3,2,5,11,6,19.051,1,8,1,2010,20,4,13,0,0,1,1,1,3,1,2,1,0,1,1,,,
201013537835,1,2,6,11,6,19.051,1,8,5,2010,21,27,42,0,0,1,2,1,3,1,1,1,0,1,4,,,
201013537848,4,2,7,11,6,293.925,2,8,2,2010,13,55,12,1,0,2,1,10,0,0,2,1,0,3,1,,,
201013537852,3,2,3,11,6,19.051,1,9,5,2010,17,49,22,0,0,2,1,10,3,1,2,8,0,3,1,,,
201013537878,4,2,1,11,6,285.76,2,8,3,2010,16,56,12,1,0,1,1,1,0,0,2,8,0,1,1,,,
201013537905,3,2,7,11,6,48.988,2,8,5,2010,16,0,12,6,0,4,1,1,2,2,2,1,0,1,1,,,
201013537906,3,2,7,11,6,48.988,1,8,3,2010,14,23,22,0,0,2,1,1,2,1,2,1,0,2,1,,,
201013537907,5,2,7,11,6,48.988,4,9,7,2010,11,57,12,1,0,1,1,10,1,4,2,1,0,1,1,,,
201013537917,6,2,1,11,6,133.355,2,8,1,2010,1,13,14,0,0,1,3,1,0,0,2,8,1,1,7,,,
201013537924,4,2,1,11,6,285.76,2,9,2,2010,12,45,12,1,0,2,1,10,0,0,2,8,0,2,1,,,
201013537935,4,2,5,11,6,285.76,2,9,5,2010,16,6,12,6,0,4,1,1,0,0,2,1,0,1,1,,,
201013537963,3,2,1,11,6,19.051,1,9,3,2010,19,35,34,0,0,2,1,1,2,1,2,8,0,3,4,,,
201013537966,4,2,1,11,6,285.76,2,9,5,2010,10,11,12,1,0,2,1,2,0,0,2,8,0,2,1,,,
201013537970,3,2,1,11,6,19.051,2,9,4,2010,19,5,12,6,0,2,1,10,2,1,2,8,0,3,1,,,
201013537979,5,2,1,11,6,57.152,3,9,6,2010,12,40,12,1,0,2,1,10,2,2,2,8,0,2,1,,,
201013537982,6,2,1,11,6,133.355,2,9,7,2010,13,58,12,6,0,4,1,2,0,0,2,8,0,1,1,,,
201013537985,1,2,1,11,6,19.051,1,9,1,2010,16,59,42,0,0,1,1,1,4,3,2,8,0,1,4,,,
201013537988,4,2,1,11,6,285.76,2,9,2,2010,8,20,12,7,0,4,1,1,0,0,2,8,0,1,1,,,
201013538005,3,2,5,11,6,19.051,1,9,2,2010,15,53,22,0,0,1,1,1,2,1,2,1,0,1,1,,,
201013538011,4,2,5,11,6,285.76,2,9,3,2010,11,31,12,1,0,2,1,1,0,0,2,1,0,8,1,,,
201013538023,6,2,6,11,6,133.355,2,9,1,2010,10,9,12,6,0,2,1,1,1,1,2,1,0,2,1,,,
201013538025,5,2,7,11,6,48.988,2,9,4,2010,11,46,12,6,0,2,1,1,2,1,2,1,0,2,1,,,
201013538036,3,2,1,11,6,19.051,1,8,4,2010,21,0,22,0,0,1,2,10,3,1,2,8,0,1,1,,,
201013538040,4,2,1,11,6,285.76,2,8,2,2010,15,29,12,6,0,4,1,1,0,0,2,8,0,1,1,,,
201013538043,3,2,1,11,6,19.051,1,9,5,2010,19,37,22,0,0,1,1,10,2,2,2,8,0,1,1,,,
201013538059,3,2,1,11,6,19.051,1,9,7,2010,9,30,22,0,0,1,1,2,2,1,2,8,0,1,1,,,
201013538061,4,2,1,11,6,285.76,2,9,7,2010,19,11,12,6,0,2,5,1,0,0,2,8,0,2,1,,,
201013538062,3,2,1,11,6,19.051,1,9,1,2010,2,30,25,0,0,1,2,10,2,1,2,8,0,1,4,,,
201013538073,4,2,6,11,6,285.76,1,9,5,2010,7,25,74,0,0,1,1,1,1,1,2,1,0,1,3,,,
201013538103,5,2,1,11,6,57.152,2,9,7,2010,20,30,12,6,0,1,2,1,2,1,2,8,0,1,1,,,
201013538107,5,2,5,11,6,57.152,1,9,6,2010,6,1,30,0,0,1,2,1,1,1,2,1,0,1,4,,,
201013538108,4,2,5,11,6,285.76,2,9,2,2010,20,33,12,6,0,4,2,1,0,0,2,1,0,1,1,,,
201013538119,1,2,7,11,6,48.988,2,9,1,2010,9,48,12,2,0,1,1,1,3,1,2,1,0,1,1,,,
201013538120,4,2,7,11,6,293.925,2,9,2,2010,17,13,14,0,0,1,1,1,0,0,2,1,1,1,7,,,
201013538121,6,2,2,11,6,133.355,1,10,4,2010,23,32,33,0,0,2,3,2,0,0,2,1,0,2,3,,,
201013538134,4,2,1,11,6,285.76,1,9,2,2010,7,13,24,0,0,1,1,10,0,0,2,8,0,1,1,,,
201013538135,6,2,1,11,6,133.355,2,9,2,2010,7,45,12,1,0,2,1,1,0,0,2,8,0,2,1,,,
201013538144,6,2,5,11,6,133.355,1,9,7,2010,7,49,42,0,0,1,1,10,0,0,2,1,0,1,4,,,
201013538153,5,2,7,11,6,48.988,2,9,4,2010,6,44,12,1,0,2,2,2,1,2,2,1,0,2,1,,,
201013538183,3,2,1,11,6,19.051,1,9,3,2010,14,12,1,0,0,1,1,1,2,1,2,8,0,1,4,,,
201013538192,4,2,1,11,6,285.76,2,9,5,2010,17,7,12,7,0,1,1,1,0,0,2,8,0,1,1,,,
201013538193,5,2,1,11,6,57.152,1,9,5,2010,20,17,42,0,0,1,2,1,2,2,2,8,0,1,4,,,
201013538200,3,2,1,11,6,19.051,1,9,1,2010,23,46,34,0,0,1,2,1,3,1,2,8,0,1,4,,,
201013538209,4,2,5,11,6,285.76,2,9,3,2010,15,47,12,6,0,2,1,2,0,0,2,1,0,8,1,,,
201013538237,6,2,1,11,6,133.355,2,9,2,2010,8,57,12,6,0,4,1,10,3,1,2,8,0,1,1,,,
201013538239,4,2,1,11,6,285.76,1,9,4,2010,19,9,24,0,0,1,1,1,0,0,2,8,0,1,1,,,
201013538257,4,2,1,11,6,285.76,2,9,5,2010,23,0,12,6,0,2,3,1,1,1,2,8,0,2,1,,,
201013538261,3,2,1,11,6,19.051,1,9,3,2010,10,18,42,0,0,1,1,2,2,1,2,8,0,1,5,,,
201013538271,5,2,1,11,6,57.152,2,9,5,2010,7,20,12,2,0,1,4,1,1,1,2,8,0,1,1,,,
201013538275,3,2,1,11,6,19.051,1,9,5,2010,13,46,22,0,0,1,1,1,3,2,2,8,0,1,2,,,
201013538278,4,2,1,11,6,285.76,2,9,5,2010,16,40,12,1,0,2,1,10,1,1,2,8,0,2,1,,,
201013538304,3,2,5,11,6,19.051,2,10,6,2010,12,50,12,1,0,1,1,1,2,1,2,1,0,1,1,,,
201013538310,4,2,5,11,6,285.76,1,10,2,2010,5,4,24,0,0,1,2,10,0,0,2,1,0,1,1,,,
201013538316,5,2,5,11,6,57.152,2,10,3,2010,13,20,12,1,0,2,1,1,3,1,2,1,0,2,1,,,
201013538339,5,2,1,11,6,57.152,3,10,6,2010,8,35,18,0,0,1,1,1,2,1,2,8,2,1,4,,,
201013538340,4,2,1,11,6,285.76,1,9,3,2010,8,12,18,0,0,1,1,1,1,1,2,8,0,1,7,,,
201013538358,3,2,1,11,6,19.051,1,10,2,2010,21,32,21,0,0,1,2,1,2,1,1,8,0,1,1,,,
201013538374,6,2,1,11,6,133.355,2,10,3,2010,11,8,12,6,0,2,1,10,2,3,2,8,0,2,1,,,
201013538378,4,2,1,11,6,285.76,1,10,3,2010,21,0,24,0,0,1,2,1,0,0,2,8,0,1,1,,,
201013538388,6,2,1,11,6,133.355,1,10,5,2010,14,59,34,0,0,1,1,10,2,1,2,8,0,1,4,,,
201013538397,4,2,1,11,6,285.76,1,10,7,2010,4,29,30,0,0,2,3,1,1,1,2,8,0,3,4,,,
201013538403,3,2,1,11,6,19.051,1,10,1,2010,12,42,42,0,0,1,1,1,2,1,2,8,0,1,4,,,
201013538406,3,2,1,11,6,19.051,1,10,2,2010,3,50,31,0,0,1,2,1,2,1,2,8,0,1,4,,,
201013538411,4,2,5,11,6,285.76,2,10,4,2010,17,15,12,6,0,2,1,1,1,1,2,1,0,2,1,,,
201013538415,4,2,5,11,6,285.76,3,10,6,2010,17,53,12,1,0,1,1,1,0,0,2,1,0,1,1,,,
201013538421,3,2,5,11,6,19.051,1,10,1,2010,2,33,1,0,0,1,3,1,3,1,1,1,0,1,11,,,
201013538424,3,2,5,11,6,19.051,1,10,2,2010,11,42,21,0,0,1,1,1,4,2,2,1,0,1,1,,,
201013538433,4,2,7,11,6,293.925,2,10,4,2010,14,52,12,1,0,2,1,1,0,0,2,1,0,8,1,,,
201013538434,6,2,7,11,6,146.963,2,10,5,2010,23,10,12,6,0,2,3,1,0,0,2,1,0,2,1,,,
201013538436,3,2,7,11,6,48.988,1,10,3,2010,9,32,1,0,0,2,1,1,2,1,2,1,0,3,4,,,
201013538459,5,2,1,11,6,57.152,2,10,7,2010,6,52,12,6,0,2,2,1,1,1,2,8,0,2,1,,,
201013538460,3,2,1,11,6,19.051,1,10,1,2010,22,18,21,0,0,1,2,10,2,1,1,8,0,1,1,,,
201013538463,4,2,1,11,6,285.76,2,10,3,2010,7,44,12,7,0,2,1,1,0,0,2,8,0,6,1,,,
201013538480,4,2,1,11,6,285.76,2,10,5,2010,13,48,12,1,0,2,1,1,0,0,2,8,0,2,1,,,
201013538495,4,2,5,11,6,285.76,2,10,5,2010,19,32,12,1,0,1,2,1,0,0,2,1,0,1,1,,,
201013538512,6,2,5,11,6,133.355,2,10,7,2010,19,16,12,6,0,2,5,1,2,2,2,1,0,2,1,,,
201013538518,1,2,1,11,6,19.051,1,10,7,2010,2,54,42,0,0,1,2,1,3,3,1,8,0,1,4,,,
201013538524,3,2,1,11,6,19.051,1,10,5,2010,16,36,1,0,0,1,1,10,4,1,1,8,0,1,4,,,
201013538536,6,2,1,11,6,133.355,1,10,6,2010,23,33,1,0,0,1,3,1,0,0,2,8,0,1,4,,,
201013538538,4,2,1,11,6,285.76,1,10,7,2010,8,24,24,0,0,1,2,1,0,0,2,8,0,1,1,,,
201013538547,2,2,5,11,6,19.051,2,10,3,2010,8,44,12,1,0,4,1,1,1,1,2,1,0,1,1,,,
201013538560,1,2,5,11,6,19.051,2,10,3,2010,10,51,12,1,0,2,1,1,3,1,2,1,0,2,1,,,
201013538563,2,2,5,11,6,19.051,3,10,4,2010,16,41,12,2,0,1,1,1,2,2,2,1,0,1,1,,,
201013538565,4,2,5,11,6,285.76,2,10,5,2010,8,49,12,6,0,4,1,1,0,0,2,1,0,1,1,,,