CASENUM,STRATUM,REGION,PJ,PSU,PSUSTRAT,WEIGHT,VE_TOTAL,MONTH,WKDY_IM,YEAR,HOUR_IM,MINUTE_IM,EVENT1_IM,MANCOL_IM,RELJCT1_IM,RELJCT2_IM,LGTCON_IM,WEATHR_IM,MAXSEV_IM,NO_INJ_IM,ALCHL_IM,LAND_USE,PVH_INVL,TYP_INT,REL_ROAD,CF1,CF2,CF3
201014067647,4,2,9,12,5,291.026,2,2,3,2010,16,44,12,2,0,4,1,4,0,0,2,2,0,1,1,,,
201014067664,6,2,9,12,5,124.725,2,2,3,2010,12,5,12,6,0,2,1,4,0,0,2,2,0,2,1,,,
201014067682,6,2,1,12,5,132.355,1,2,2,2010,12,5,33,0,0,1,1,1,0,0,2,3,0,1,3,,,
201014067692,3,2,1,12,5,18.908,2,2,7,2010,2,16,21,0,0,1,3,10,3,1,1,3,0,1,1,,,
201014067701,2,2,2,12,5,6.303,2,2,3,2010,16,30,12,6,1,5,1,4,0,0,2,3,0,1,1,,,
201014067708,3,2,2,12,5,18.908,1,2,2,2010,16,15,22,0,0,1,1,1,3,1,2,3,0,1,2,,,
201014067713,2,2,2,12,5,6.303,2,2,3,2010,14,3,12,6,0,1,1,4,4,1,2,3,0,1,1,,,
201014067736,4,2,1,12,5,296.222,1,2,3,2010,15,23,25,0,0,1,1,4,0,0,2,3,0,1,3,,,
201014067785,1,2,2,12,5,6.303,2,2,7,2010,14,30,12,6,0,2,1,10,3,1,2,3,0,2,1,,,
201014067786,5,2,5,12,5,61.056,1,2,4,2010,21,10,74,0,1,5,2,10,1,1,2,2,0,1,4,,,
201014067787,4,2,5,12,5,293.071,2,2,5,2010,10,0,12,1,1,5,1,10,0,0,2,2,0,10,1,,,
201014067816,4,2,5,12,5,293.071,1,2,3,2010,9,5,31,0,1,5,4,10,0,0,2,2,0,1,4,,,
201014067822,2,2,5,12,5,12.211,2,2,4,2010,15,30,12,6,1,5,1,4,1,1,2,2,0,1,1,,,
201014067851,2,2,5,12,5,12.211,2,2,3,2010,13,37,12,6,0,2,1,10,2,1,2,2,0,2,1,,,
201014067853,4,2,14,12,5,334.739,1,2,3,2010,3,10,59,0,0,6,2,4,0,0,1,1,0,1,4,,,
201014067854,5,2,14,12,5,83.685,1,2,7,2010,13,35,59,0,0,1,1,1,1,1,2,1,0,1,4,,,
201014067856,2,2,5,12,5,12.211,2,2,3,2010,14,15,12,6,0,1,1,4,2,1,2,2,0,1,1,,,
201014067860,4,2,14,12,5,334.739,2,2,1,2010,15,33,12,6,0,4,1,10,0,0,2,1,0,1,1,,,
201014067882,4,2,5,12,5,293.071,2,2,7,2010,10,55,12,7,0,1,1,1,0,0,2,2,0,1,1,,,
201014067904,2,2,3,12,5,6.303,2,2,4,2010,9,50,74,0,0,1,1,4,0,0,2,3,0,1,3,,,
201014067911,6,2,3,12,5,132.355,2,2,5,2010,15,5,12,1,0,1,1,1,0,0,2,3,0,1,1,,,
201014067919,4,2,9,12,5,291.026,1,2,1,2010,18,39,24,0,0,1,2,10,0,0,2,2,0,1,1,,,
201014067923,4,2,3,12,5,296.222,2,2,2,2010,13,20,12,1,0,2,1,10,1,1,2,3,0,3,1,,,
201014067971,4,2,1,12,5,296.222,2,2,3,2010,15,44,12,6,0,4,1,10,0,0,2,3,0,1,1,,,
201014068020,4,2,9,12,5,291.026,2,2,3,2010,12,50,12,1,0,2,1,1,0,0,2,2,0,2,1,,,
201014068022,6,2,9,12,5,124.725,2,2,5,2010,9,7,12,6,0,2,1,10,0,0,2,2,0,3,1,,,
201014068038,6,2,9,12,5,124.725,2,2,2,2010,18,51,12,6,0,2,3,10,0,0,2,2,0,2,1,,,
201014068039,5,2,9,12,5,62.363,2,2,1,2010,19,43,12,6,0,4,2,10,2,2,2,2,0,1,1,,,
201014068041,6,2,14,12,5,167.369,1,2,4,2010,21,30,74,0,0,5,2,1,0,0,2,1,0,1,4,,,
201014068047,4,2,9,12,5,291.026,2,2,4,2010,16,0,12,2,0,1,1,4,0,0,2,2,0,1,1,,,
201014068077,4,2,1,12,5,296.222,2,2,4,2010,17,57,14,0,0,1,3,10,0,0,2,3,1,1,7,,,
201014068132,5,2,1,12,5,56.723,2,2,2,2010,7,56,74,0,0,1,1,4,2,1,2,3,0,1,4,,,
201014068133,1,2,5,12,5,12.211,2,2,2,2010,15,12,12,7,0,1,1,10,3,3,2,2,0,1,1,,,
201014068134,5,2,5,12,5,61.056,2,2,3,2010,8,15,12,1,0,2,1,1,2,2,2,2,0,10,1,,,
201014068136,4,2,1,12,5,296.222,1,2,2,2010,16,30,34,0,0,5,1,10,0,0,2,3,0,1,5,,,
201014068145,6,2,5,12,5,134.324,1,2,5,2010,18,10,1,0,0,5,5,10,0,0,2,2,0,1,4,,,
201014068146,6,2,1,12,5,132.355,2,2,3,2010,18,30,12,6,0,2,3,4,0,0,2,3,0,10,1,,,
201014068181,1,2,2,12,5,6.303,3,2,5,2010,6,45,12,6,0,1,2,4,3,2,2,3,0,1,1,,,
201014068222,4,2,5,12,5,293.071,2,3,2,2010,14,10,12,1,0,2,1,1,1,1,2,2,0,8,1,,,
201014068229,6,2,5,12,5,134.324,1,3,3,2010,10,10,34,0,0,1,1,10,1,1,2,2,0,1,3,,,
201014068231,4,2,14,12,5,334.739,1,2,2,2010,9,45,34,0,0,1,1,4,0,0,2,1,0,1,4,,,
201014068247,5,2,5,12,5,61.056,1,3,6,2010,16,20,39,0,0,2,1,1,1,1,2,2,0,8,4,,,
201014068284,6,2,2,12,5,132.355,2,3,6,2010,15,15,12,6,0,4,1,1,0,0,2,3,0,1,1,,,
201014068306,4,2,2,12,5,296.222,1,3,2,2010,18,55,24,0,0,1,2,1,0,0,2,3,0,1,1,,,
201014068314,2,2,3,12,5,6.303,1,3,2,2010,9,52,23,0,0,6,1,1,0,0,2,3,0,8,1,,,
201014068363,4,2,1,12,5,296.222,1,2,6,2010,11,21,72,0,1,5,1,10,0,0,2,3,0,1,8,,,
201014068400,4,2,14,12,5,334.739,2,2,7,2010,0,47,12,7,0,1,2,10,0,0,2,1,0,1,1,,,
201014068408,4,2,4,12,5,296.222,2,3,7,2010,19,37,12,6,0,2,3,1,0,0,2,2,0,3,1,,,
201014068410,2,2,4,12,5,6.303,2,3,4,2010,16,19,12,6,1,5,1,10,0,0,2,2,0,1,1,,,
201014068413,4,2,9,12,5,291.026,1,3,7,2010,2,40,24,0,0,1,2,2,0,0,2,2,0,1,1,,,
201014068434,1,2,1,12,5,6.303,1,3,7,2010,1,12,38,0,0,2,3,1,3,4,1,3,0,3,5,,,
201014068442,6,2,1,12,5,132.355,1,3,7,2010,3,40,33,0,0,1,3,1,1,1,2,3,0,1,4,,,
201014068473,4,2,1,12,5,296.222,2,3,5,2010,17,11,12,1,0,2,1,1,0,0,2,3,0,10,1,,,
201014068487,4,2,5,12,5,293.071,2,3,5,2010,13,15,12,7,0,1,1,1,0,0,2,2,0,1,1,,,
201014068520,3,2,9,12,5,20.788,2,3,5,2010,9,20,45,0,0,1,1,1,2,1,2,2,1,1,1,,,
201014068529,5,2,14,12,5,83.685,2,3,2,2010,15,40,54,11,0,1,1,1,1,2,2,1,0,1,1,,,
201014068546,3,2,5,12,5,12.211,2,3,6,2010,13,25,12,1,0,4,1,1,2,1,2,2,0,1,1,,,
201014068556,2,2,4,12,5,6.303,2,3,2,2010,11,10,12,6,0,4,1,1,1,1,2,2,0,2,1,,,
201014068564,4,2,3,12,5,296.222,1,3,2,2010,4,9,24,0,0,1,2,1,0,0,2,3,0,1,1,,,
201014068598,3,2,1,12,5,18.908,1,3,7,2010,2,5,21,0,0,1,3,2,4,1,1,3,0,1,1,,,
201014068641,4,2,9,12,5,291.026,1,3,5,2010,6,40,24,0,0,1,3,10,0,0,2,2,0,1,1,,,
201014068653,6,2,4,12,5,132.355,2,3,7,2010,10,4,12,6,0,1,1,2,1,2,2,2,0,1,1,,,
201014068657,1,2,2,12,5,6.303,2,2,7,2010,22,58,12,2,0,2,2,10,3,2,1,3,0,4,1,,,
201014068663,1,2,5,12,5,12.211,2,3,3,2010,13,39,12,6,0,2,1,1,4,1,2,2,0,2,1,,,
201014068667,5,2,5,12,5,61.056,2,3,5,2010,22,28,12,2,1,5,3,1,1,3,2,2,0,3,1,,,
201014068674,4,2,5,12,5,293.071,2,3,3,2010,8,40,12,1,0,2,4,10,1,1,2,2,0,3,1,,,
201014068692,2,2,3,12,5,6.303,2,3,5,2010,8,44,45,0,0,1,1,1,0,0,2,3,1,1,1,,,
201014068707,4,2,1,12,5,296.222,2,3,5,2010,15,16,14,0,0,1,1,1,0,0,2,3,1,1,7,,,
201014068714,3,2,1,12,5,18.908,2,3,5,2010,5,22,12,6,0,2,3,1,2,1,2,3,0,2,1,,,
201014068718,5,2,1,12,5,56.723,2,3,4,2010,18,10,12,1,0,2,1,1,2,2,1,3,0,2,1,,,
201014068753,6,2,1,12,5,132.355,2,3,1,2010,22,47,12,1,0,1,3,10,1,1,2,3,0,1,1,,,
201014068760,6,2,5,12,5,134.324,2,3,6,2010,8,55,12,1,0,2,1,1,0,0,2,2,0,3,1,,,
201014068819,4,2,14,12,5,334.739,2,4,6,2010,13,58,33,0,0,2,1,1,0,0,2,1,0,2,4,,,
201014068820,5,2,9,12,5,62.363,2,4,1,2010,10,12,12,2,0,2,1,1,2,3,2,2,0,3,1,,,
201014068831,3,2,9,12,5,20.788,2,4,7,2010,13,57,12,1,0,1,1,2,2,1,2,2,0,1,1,,,
201014068837,4,2,9,12,5,291.026,3,4,3,2010,15,35,12,1,0,2,1,2,0,0,2,2,0,8,1,,,
201014068838,5,2,9,12,5,62.363,1,3,6,2010,18,30,1,0,0,1,1,1,2,1,2,2,0,1,1,,,
201014068840,3,2,5,12,5,12.211,1,3,4,2010,13,20,25,0,1,5,1,1,2,1,2,2,0,1,3,,,
201014068867,4,2,5,12,5,293.071,1,4,2,2010,9,35,7,0,0,1,1,1,0,0,2,2,0,1,1,,,
201014068876,6,2,3,12,5,132.355,2,2,5,2010,19,44,12,6,0,2,2,4,0,0,2,3,0,2,1,,,
201014068915,5,2,1,12,5,56.723,1,4,5,2010,11,26,25,0,0,1,1,10,1,1,2,3,0,1,3,,,
201014068921,4,2,1,12,5,296.222,2,4,7,2010,14,14,12,1,0,1,1,10,0,0,2,3,0,1,1,,,
201014068964,1,2,5,12,5,12.211,2,4,2,2010,17,32,12,2,0,4,1,1,3,4,2,2,0,1,1,,,
201014068978,2,2,3,12,5,6.303,2,3,3,2010,7,58,12,6,0,1,1,1,0,0,2,3,0,1,1,,,
201014068986,2,2,3,12,5,6.303,3,3,3,2010,11,4,12,6,0,2,1,1,0,0,2,3,0,2,1,,,
201014068992,5,2,2,12,5,56.723,2,3,4,2010,17,10,12,6,0,2,1,1,2,3,2,3,0,2,1,,,
201014069039,5,2,4,12,5,56.723,2,4,2,2010,8,27,25,0,0,1,1,10,1,1,2,2,0,1,3,,,
201014069066,4,2,9,12,5,291.026,2,4,2,2010,21,39,14,0,0,4,2,1,0,0,2,2,1,1,4,,,
201014069081,4,2,3,12,5,296.222,1,4,4,2010,18,8,18,0,0,1,1,1,1,3,2,3,0,1,1,,,
201014069094,6,2,5,12,5,134.324,2,4,5,2010,11,10,12,2,0,2,1,1,1,1,2,2,0,3,1,,,
201014069097,3,2,5,12,5,12.211,2,4,5,2010,12,35,12,6,0,4,1,1,2,1,2,2,0,1,1,,,
201014069100,4,2,5,12,5,293.071,2,4,2,2010,12,45,12,1,1,5,1,1,0,0,2,2,0,1,1,,,
201014069105,3,2,5,12,5,12.211,2,4,3,2010,14,10,12,6,0,4,1,1,2,2,2,2,0,1,1,,,
201014069112,4,2,1,12,5,296.222,2,4,2,2010,21,15,12,6,0,2,3,1,0,0,2,3,0,2,1,,,
201014069146,6,2,1,12,5,132.355,2,4,7,2010,23,43,12,6,0,2,3,1,1,3,2,3,0,2,1,,,
201014069181,5,2,3,12,5,56.723,1,4,6,2010,23,17,34,0,0,1,2,1,2,1,1,3,0,1,4,,,
201014069188,4,2,14,12,5,334.739,2,4,6,2010,9,55,12,1,0,4,1,1,0,0,2,1,0,1,1,,,
201014069201,4,2,1,12,5,296.222,2,4,3,2010,18,28,12,1,0,2,1,10,0,0,2,3,0,2,1,,,
201014069217,5,2,1,12,5,56.723,2,4,1,2010,8,30,12,6,0,2,1,2,1,1,2,3,0,2,1,,,
201014069259,1,2,2,12,5,6.303,2,4,1,2010,13,8,12,6,0,2,1,10,3,2,2,3,0,2,1,,,
201014069264,3,2,2,12,5,18.908,3,4,3,2010,18,45,12,1,0,2,1,1,2,1,1,3,0,8,1,,,
201014069296,5,2,5,12,5,61.056,2,4,1,2010,12,18,12,6,0,2,1,2,1,1,2,2,0,2,1,,,
201014069305,6,2,9,12,5,124.725,2,4,6,2010,23,48,12,6,0,2,3,1,1,2,2,2,0,2,1,,,
201014069324,4,2,9,12,5,291.026,2,5,5,2010,17,17,12,1,0,2,1,1,1,1,2,2,0,8,1,,,
201014069348,3,2,3,12,5,18.908,1,4,4,2010,11,52,22,0,0,4,1,1,2,1,2,3,0,1,1,,,
201014069350,4,2,9,12,5,291.026,1,5,3,2010,21,20,18,0,0,1,2,1,0,0,2,2,0,1,1,,,
201014069352,6,2,9,12,5,124.725,1,5,3,2010,21,20,18,0,0,1,2,1,0,0,2,2,0,1,1,,,
201014069365,2,2,1,12,5,6.303,2,4,5,2010,0,42,12,6,0,2,3,1,1,1,2,3,0,3,1,,,
201014069366,1,2,4,12,5,6.303,1,4,1,2010,1,0,32,0,0,1,2,2,3,1,2,2,0,1,4,,,
201014069373,2,2,1,12,5,6.303,1,4,6,2010,17,15,1,0,0,1,1,1,1,1,2,3,0,1,1,,,
201014069376,3,2,1,12,5,18.908,2,5,1,2010,11,13,12,6,0,2,1,10,2,1,2,3,0,2,1,,,
201014069379,3,2,1,12,5,18.908,1,5,2,2010,19,20,1,0,0,1,1,2,2,2,2,3,0,1,1,,,
201014069386,4,2,1,12,5,296.222,2,5,2,2010,17,7,12,1,0,1,1,1,0,0,2,3,0,1,1,,,
201014069431,4,2,5,12,5,293.071,1,5,1,2010,9,19,59,0,0,1,1,2,0,0,2,2,0,1,4,,,
201014069447,6,2,5,12,5,134.324,1,5,5,2010,18,16,24,0,0,1,1,1,0,0,2,2,0,1,1,,,
201014069458,1,2,3,12,5,6.303,1,5,6,2010,4,29,42,0,0,1,2,1,3,1,1,3,0,1,4,,,
201014069472,5,2,9,12,5,62.363,2,5,2,2010,14,21,12,6,0,2,1,1,2,2,2,2,0,2,1,,,
201014069473,3,2,9,12,5,20.788,1,5,7,2010,15,25,21,0,0,2,1,10,2,1,2,2,0,2,1,,,
201014069488,4,2,9,12,5,291.026,2,5,5,2010,23,39,12,7,0,1,3,10,0,0,2,2,0,1,1,,,
201014069499,4,2,2,12,5,296.222,1,5,6,2010,5,40,24,0,0,1,4,1,0,0,2,3,0,1,1,,,
201014069502,6,2,2,12,5,132.355,1,5,5,2010,12,0,25,0,0,1,1,2,0,0,2,3,0,1,3,,,
201014069511,2,2,5,12,5,12.211,2,5,6,2010,12,20,12,2,0,2,1,2,0,0,2,2,0,8,1,,,
201014069517,3,2,5,12,5,12.211,2,5,1,2010,9,20,12,6,0,2,1,1,2,2,2,2,0,2,1,,,
201014069526,4,2,5,12,5,293.071,2,5,3,2010,17,50,12,1,0,4,1,2,0,0,2,2,0,1,1,,,
201014069533,5,2,5,12,5,61.056,1,5,4,2010,12,5,74,0,0,1,1,10,2,1,2,2,0,1,3,,,
201014069538,6,2,1,12,5,132.355,2,5,2,2010,16,3,12,1,0,4,1,1,0,0,2,3,0,1,1,,,
201014069557,2,2,1,12,5,6.303,2,5,3,2010,20,16,12,1,0,2,5,10,0,0,2,3,0,8,1,,,
201014069570,4,2,1,12,5,296.222,2,5,4,2010,14,55,12,1,0,1,1,2,0,0,2,3,0,1,1,,,
201014069602,1,2,1,12,5,6.303,1,5,5,2010,13,9,72,0,0,1,1,1,3,2,2,3,0,1,4,,,
201014069619,4,2,14,12,5,334.739,1,5,3,2010,22,29,24,0,0,1,2,1,0,0,2,1,0,1,1,,,
201014069625,4,2,4,12,5,296.222,1,5,6,2010,21,37,24,0,0,1,3,10,0,0,2,2,0,1,1,,,
201014069648,4,2,5,12,5,293.071,2,5,6,2010,18,48,12,1,0,2,1,2,0,0,2,2,0,2,1,,,
201014069686,6,2,3,12,5,132.355,1,5,6,2010,3,53,42,0,0,1,2,1,0,0,2,3,0,1,4,,,
201014069691,1,2,1,12,5,6.303,1,5,6,2010,3,58,30,0,0,1,3,1,3,2,2,3,0,1,4,,,
201014069696,5,2,1,12,5,56.723,2,5,4,2010,17,56,12,2,0,2,1,1,1,2,2,3,0,8,1,,,
201014069716,4,2,1,12,5,296.222,2,5,1,2010,14,20,12,7,1,2,1,1,1,1,2,3,0,3,1,,,
201014069741,6,2,14,12,5,167.369,2,5,6,2010,19,10,12,6,0,2,5,2,1,1,2,1,0,3,1,,,
201014069747,4,2,9,12,5,291.026,1,5,2,2010,20,0,74,0,0,1,1,2,0,0,2,2,0,1,4,,,
201014069758,6,2,9,12,5,124.725,4,5,3,2010,17,3,12,6,0,4,1,1,1,3,2,2,1,1,1,,,
201014069772,2,2,5,12,5,12.211,1,5,4,2010,19,50,1,0,1,5,1,1,2,2,2,2,0,1,6,,,
201014069786,3,2,5,12,5,12.211,1,5,2,2010,20,53,24,0,0,1,2,1,2,1,2,2,0,1,1,,,
201014069795,4,2,5,12,5,293.071,2,5,5,2010,14,0,12,1,0,2,1,1,0,0,2,2,0,8,1,,,
201014069804,1,2,5,12,5,12.211,2,5,7,2010,23,11,12,6,0,2,3,1,3,3,2,2,0,2,1,,,
201014069814,4,2,14,12,5,334.739,2,5,3,2010,16,45,12,2,0,2,1,1,0,0,2,1,0,3,1,,,
201014069815,1,2,3,12,5,6.303,1,4,1,2010,17,19,34,0,0,1,1,1,4,1,2,3,0,1,4,,,
201014069818,2,2,3,12,5,6.303,2,5,3,2010,11,30,12,1,0,2,1,1,0,0,2,3,0,2,1,,,
201014069824,4,2,3,12,5,296.222,1,5,6,2010,1,56,24,0,0,1,2,1,0,0,2,3,0,1,1,,,
201014069837,5,2,1,12,5,56.723,1,5,2,2010,0,18,42,0,0,1,3,1,1,2,2,3,0,1,4,,,
201014069878,4,2,1,12,5,296.222,1,5,4,2010,20,51,22,0,0,2,5,1,1,1,2,3,0,2,1,,,
201014069901,3,2,9,12,5,20.788,1,5,6,2010,2,23,21,0,0,1,3,1,4,1,1,2,0,1,1,,,
201014069903,4,2,9,12,5,291.026,2,6,6,2010,17,0,12,1,0,1,1,1,0,0,2,2,0,1,1,,,
201014069910,6,2,14,12,5,167.369,1,5,5,2010,15,34,38,0,0,1,1,1,0,0,2,1,0,1,5,,,
201014069921,5,2,5,12,5,61.056,2,5,6,2010,23,46,12,1,0,2,3,1,3,2,1,2,0,8,1,,,
201014069925,6,2,5,12,5,134.324,1,5,1,2010,3,17,24,0,0,1,2,1,0,0,2,2,0,1,1,,,
201014069941,2,2,5,12,5,12.211,2,6,4,2010,12,6,12,6,0,2,1,2,2,1,2,2,0,8,1,,,
201014069954,3,2,1,12,5,18.908,1,5,2,2010,15,3,33,0,0,2,1,10,2,1,1,3,0,2,4,,,
201014069955,1,2,2,12,5,6.303,1,5,1,2010,2,59,1,0,0,1,2,1,4,2,1,3,0,1,5,,,
201014070039,4,2,14,12,5,334.739,2,6,6,2010,11,50,12,1,0,2,1,10,0,0,2,1,0,2,1,,,
201014070047,1,2,2,12,5,6.303,1,6,1,2010,13,10,18,0,0,1,1,2,3,2,2,3,0,1,4,,,
201014070067,2,2,2,12,5,6.303,2,5,5,2010,17,0,12,1,0,2,1,1,2,1,2,3,0,2,1,,,
201014070074,2,2,4,12,5,6.303,3,6,4,2010,8,18,25,0,0,1,1,10,2,1,2,2,0,1,3,,,
201014070093,2,2,9,12,5,20.788,2,6,2,2010,17,45,12,1,0,2,1,1,0,0,2,2,0,8,1,,,
201014070102,4,2,5,12,5,293.071,2,6,7,2010,13,50,12,6,0,2,1,1,0,0,2,2,0,2,1,,,
201014070137,6,2,1,12,5,132.355,2,6,3,2010,15,55,12,6,0,2,1,10,2,2,2,3,0,2,1,,,
201014070148,4,2,1,12,5,296.222,2,6,3,2010,11,46,12,6,0,4,1,1,0,0,2,3,0,1,1,,,
201014070199,2,2,9,12,5,20.788,2,6,7,2010,10,18,12,1,0,4,1,1,0,0,2,2,0,1,1,,,
201014070200,5,2,9,12,5,62.363,2,6,2,2010,10,40,53,0,0,1,1,2,2,2,2,2,0,1,4,,,
201014070201,4,2,9,12,5,291.026,2,6,1,2010,21,45,12,1,0,2,2,1,0,0,2,2,0,2,1,,,
201014070203,6,2,14,12,5,167.369,2,6,5,2010,9,31,12,6,0,2,1,1,0,0,2,1,0,2,1,,,
201014070204,5,2,14,12,5,83.685,2,6,5,2010,6,0,12,6,0,2,1,1,1,1,2,1,0,2,1,,,
201014070219,1,2,4,12,5,6.303,1,6,3,2010,21,20,42,0,0,1,6,10,3,1,2,2,0,1,4,,,
201014070223,5,2,5,12,5,61.056,2,6,7,2010,20,54,12,6,0,2,5,10,1,2,2,2,0,2,1,,,
201014070236,4,2,5,12,5,293.071,1,6,5,2010,18,10,33,0,0,4,1,1,0,0,2,2,0,1,4,,,
201014070271,5,2,1,12,5,56.723,2,6,6,2010,21,23,12,6,0,2,3,1,1,1,2,3,0,2,1,,,
201014070276,4,2,1,12,5,296.222,4,6,6,2010,16,49,12,1,0,2,1,1,0,0,2,3,0,2,1,,,
201014070303,5,2,3,12,5,56.723,2,5,6,2010,6,30,12,2,0,2,3,1,1,1,2,3,0,2,1,,,
201014070326,3,2,1,12,5,18.908,1,6,6,2010,18,5,40,0,0,2,1,1,2,1,2,3,0,2,4,,,
201014070353,4,2,9,12,5,291.026,2,6,1,2010,17,51,12,1,0,2,1,10,0,0,2,2,0,8,1,,,
201014070355,1,2,3,12,5,6.303,1,6,2,2010,5,30,42,0,0,1,4,10,3,2,1,3,0,1,4,,,
201014070362,3,2,9,12,5,20.788,1,6,6,2010,17,9,1,0,0,1,1,1,2,1,2,2,0,1,1,,,
201014070397,6,2,9,12,5,124.725,2,6,3,2010,15,15,12,1,0,6,1,1,0,0,2,2,0,1,1,,,
201014070414,1,2,4,12,5,6.303,1,6,6,2010,2,10,25,0,0,1,2,1,3,1,2,2,0,1,3,,,
201014070439,4,2,14,12,5,334.739,2,6,6,2010,8,0,12,6,0,4,1,1,1,1,2,1,0,1,1,,,
201014070450,6,2,1,12,5,132.355,2,5,7,2010,22,9,12,7,0,2,3,1,0,0,1,3,0,8,1,,,
201014070458,3,2,1,12,5,18.908,2,6,1,2010,17,32,12,6,0,2,1,1,2,3,2,3,0,2,1,,,
201014070470,4,2,1,12,5,296.222,1,6,2,2010,18,5,33,0,0,2,1,1,1,1,2,3,0,3,4,,,
201014070523,4,2,9,12,5,291.026,2,7,5,2010,12,10,54,0,0,1,1,1,0,0,2,2,0,1,1,,,
201014070541,6,2,5,12,5,134.324,2,6,7,2010,11,0,12,6,0,2,1,1,0,0,2,2,0,2,1,,,
201014070545,4,2,5,12,5,293.071,2,6,2,2010,9,35,12,1,1,5,1,1,0,0,2,2,0,3,1,,,
201014070548,4,2,3,12,5,296.222,1,6,6,2010,9,7,74,0,0,1,1,1,1,1,2,3,0,1,4,,,
201014070599,4,2,9,12,5,291.026,2,7,3,2010,14,40,12,6,1,5,1,1,0,0,2,2,0,1,1,,,
201014070607,4,2,5,12,5,293.071,3,7,2,2010,15,56,12,1,0,1,1,1,0,0,2,2,0,1,1,,,
201014070646,1,2,2,12,5,6.303,2,7,7,2010,20,0,12,6,0,2,1,1,3,4,1,3,0,2,1,,,
201014070662,5,2,9,12,5,62.363,2,7,3,2010,14,27,12,1,0,1,1,1,2,2,2,2,0,1,1,,,
201014070665,6,2,9,12,5,124.725,1,7,7,2010,4,12,24,0,0,1,2,1,0,0,2,2,0,1,1,,,
201014070668,5,2,14,12,5,83.685,2,7,1,2010,18,19,12,2,0,1,1,1,2,2,2,1,0,1,1,,,
201014070677,6,2,3,12,5,132.355,1,6,4,2010,8,5,75,0,0,1,1,10,1,1,1,3,0,1,4,,,
201014070689,2,2,3,12,5,6.303,2,7,3,2010,15,4,12,1,0,2,1,1,0,0,2,3,0,8,1,,,
201014070709,4,2,1,12,5,296.222,2,6,7,2010,16,53,12,6,0,2,1,1,0,0,2,3,0,8,1,,,
201014070732,5,2,1,12,5,56.723,3,7,6,2010,12,54,12,6,0,2,1,1,1,4,2,3,0,2,1,,,
201014070756,3,2,1,12,5,18.908,1,7,5,2010,17,23,22,0,0,1,1,1,2,2,1,3,0,1,1,,,
201014070775,4,2,1,12,5,296.222,2,7,1,2010,21,47,12,1,0,2,3,1,0,0,2,3,0,8,1,,,
201014070799,4,2,9,12,5,291.026,1,7,6,2010,1,30,34,0,0,1,2,2,0,0,1,2,0,1,4,,,
201014070807,5,2,4,12,5,56.723,1,7,4,2010,1,50,30,0,0,1,3,1,2,3,2,2,0,1,4,,,
201014070809,4,2,4,12,5,296.222,2,7,4,2010,10,59,12,6,0,4,1,1,0,0,2,2,0,1,1,,,
201014070814,6,2,4,12,5,132.355,2,7,5,2010,13,18,14,0,0,1,1,10,0,0,2,2,1,1,3,,,
201014070830,5,2,5,12,5,61.056,3,7,3,2010,11,52,12,1,0,1,1,1,1,1,2,2,0,1,1,,,
201014070831,3,2,5,12,5,12.211,1,7,2,2010,19,54,33,0,0,2,1,1,2,1,2,2,0,2,4,,,
201014070833,3,2,5,12,5,12.211,1,7,5,2010,0,45,25,0,1,5,2,1,2,1,1,2,0,1,3,,,
201014070845,4,2,5,12,5,293.071,2,7,4,2010,22,10,12,7,0,1,2,1,0,0,2,2,0,1,1,,,
201014070879,6,2,14,12,5,167.369,1,7,2,2010,17,14,38,0,0,1,1,1,1,1,2,1,0,1,3,,,
201014070880,4,2,2,12,5,296.222,2,7,5,2010,14,52,12,6,0,2,1,1,0,0,2,3,0,3,1,,,
201014070894,6,2,5,12,5,134.324,1,7,6,2010,21,31,25,0,0,1,3,1,0,0,2,2,0,1,3,,,
201014070912,2,2,4,12,5,6.303,2,7,3,2010,17,4,12,6,0,1,1,1,2,1,2,2,0,1,1,,,
201014070934,5,2,1,12,5,56.723,2,7,5,2010,15,23,12,2,0,2,1,10,1,3,2,3,0,2,1,,,
201014070937,2,2,1,12,5,6.303,2,7,3,2010,22,47,14,0,0,1,3,1,3,1,1,3,1,1,3,,,
201014070942,6,2,1,12,5,132.355,1,7,7,2010,1,46,74,0,0,1,3,1,1,1,2,3,0,1,4,,,
201014070947,3,2,1,12,5,18.908,1,7,5,2010,1,22,30,0,0,2,3,1,2,2,1,3,0,2,4,,,
201014070994,4,2,1,12,5,296.222,1,7,6,2010,15,44,22,0,0,2,1,1,1,1,2,3,0,8,1,,,
201014071019,6,2,9,12,5,124.725,2,8,2,2010,14,57,12,1,0,2,1,10,0,0,2,2,0,8,1,,,
201014071025,4,2,9,12,5,291.026,1,7,7,2010,3,55,24,0,0,1,2,1,0,0,2,2,0,1,1,,,
201014071046,4,2,5,12,5,293.071,2,7,6,2010,10,14,12,6,0,2,1,10,1,4,2,2,0,2,1,,,
201014071078,3,2,1,12,5,18.908,1,8,1,2010,17,22,18,0,1,5,1,2,2,1,2,3,0,1,4,,,
201014071101,3,2,5,12,5,12.211,1,8,1,2010,0,36,21,0,0,4,3,1,3,1,2,2,0,1,1,,,
201014071106,4,2,1,12,5,296.222,2,7,2,2010,13,30,14,0,0,4,1,10,0,0,2,3,1,1,7,,,
201014071107,3,2,5,12,5,12.211,1,8,2,2010,10,27,1,0,0,1,1,1,2,1,2,2,0,1,1,,,