CASENUM,STRATUM,REGION,PJ,PSU,PSUSTRAT,WEIGHT,VE_TOTAL,MONTH,WKDY_IM,YEAR,HOUR_IM,MINUTE_IM,EVENT1_IM,MANCOL_IM,RELJCT1_IM,RELJCT2_IM,LGTCON_IM,WEATHR_IM,MAXSEV_IM,NO_INJ_IM,ALCHL_IM,LAND_USE,PVH_INVL,TYP_INT,REL_ROAD,CF1,CF2,CF3
201014071139,1,2,9,12,5,20.788,2,8,3,2010,2,13,12,6,0,1,6,1,3,3,2,2,0,1,1,,,
201014071172,5,2,1,12,5,56.723,2,8,4,2010,5,58,12,6,0,2,1,1,1,2,2,3,0,2,1,,,
201014071178,5,2,5,12,5,61.056,2,8,6,2010,14,45,12,6,0,2,1,1,2,3,2,2,0,2,1,,,
201014071180,5,2,14,12,5,83.685,1,8,5,2010,19,11,1,0,1,5,1,1,1,1,2,1,0,1,4,,,
201014071184,3,2,14,12,5,83.685,1,8,3,2010,21,40,21,0,0,4,3,10,2,1,2,1,0,1,1,,,
201014071199,4,2,5,12,5,293.071,1,8,7,2010,3,44,34,0,0,2,3,1,0,0,1,2,0,6,4,,,
201014071200,6,2,2,12,5,132.355,1,8,7,2010,13,30,24,0,0,1,1,1,0,0,2,3,0,1,1,,,
201014071203,5,2,2,12,5,56.723,2,8,6,2010,16,29,12,1,0,2,1,10,2,4,2,3,0,4,1,,,
201014071223,3,2,4,12,5,18.908,1,8,4,2010,3,15,24,0,0,1,2,1,2,1,2,2,0,1,1,,,
201014071233,6,2,9,12,5,124.725,2,8,4,2010,16,40,12,1,0,4,1,1,0,0,2,2,0,1,1,,,
201014071234,4,2,9,12,5,291.026,1,8,2,2010,19,21,34,0,0,4,1,1,0,0,2,2,0,1,4,,,
201014071237,4,2,3,12,5,296.222,1,7,1,2010,3,52,59,0,0,2,3,1,0,0,2,3,0,3,4,,,
201014071276,1,2,5,12,5,12.211,2,7,6,2010,7,10,12,6,0,2,1,1,4,2,1,2,0,2,1,,,
201014071288,4,2,1,12,5,296.222,2,8,2,2010,7,40,12,7,0,2,1,10,1,1,2,3,0,2,1,,,
201014071294,6,2,5,12,5,134.324,4,8,2,2010,16,5,12,1,0,1,1,2,0,0,2,2,0,1,1,,,
201014071317,5,2,1,12,5,56.723,2,8,6,2010,16,36,12,1,0,2,1,10,2,1,2,3,0,3,1,,,
201014071358,1,2,4,12,5,6.303,2,8,2,2010,14,2,12,6,0,1,1,1,3,6,2,2,0,1,1,,,
201014071362,4,2,14,12,5,334.739,1,8,7,2010,10,5,42,0,0,1,1,10,0,0,2,1,0,1,4,,,
201014071378,3,2,2,12,5,18.908,1,7,7,2010,21,55,1,0,0,1,2,1,2,1,2,3,0,1,1,,,
201014071386,3,2,5,12,5,12.211,3,8,2,2010,20,6,12,7,1,5,1,10,2,1,2,2,0,1,1,,,
201014071398,6,2,1,12,5,132.355,2,8,1,2010,16,29,12,6,0,2,1,1,0,0,2,3,0,3,1,,,
201014071436,5,2,5,12,5,61.056,3,8,5,2010,6,39,12,2,0,2,1,10,1,2,2,2,0,3,1,,,
201014071439,3,2,5,12,5,12.211,3,8,5,2010,21,19,12,6,0,4,3,1,2,2,2,2,0,1,1,,,
201014071447,4,2,5,12,5,293.071,2,8,2,2010,8,25,12,6,0,4,1,10,0,0,2,2,0,1,1,,,
201014071476,4,2,1,12,5,296.222,2,8,2,2010,15,40,12,6,0,2,1,1,0,0,2,3,0,2,1,,,
201014071480,1,2,1,12,5,6.303,2,8,4,2010,8,0,12,6,0,2,1,10,3,2,2,3,0,2,1,,,
201014071486,3,2,1,12,5,18.908,2,8,1,2010,1,58,14,0,0,1,3,1,4,1,1,3,1,1,7,,,
201014071524,1,2,2,12,5,6.303,2,8,4,2010,21,56,12,1,0,2,3,1,3,2,2,3,0,8,1,,,
201014071542,5,2,9,12,5,62.363,2,9,1,2010,21,33,12,6,0,2,3,1,1,1,2,2,0,2,1,,,
201014071545,5,2,5,12,5,61.056,4,8,4,2010,16,44,12,1,0,2,1,1,1,2,2,2,0,8,1,,,
201014071555,4,2,9,12,5,291.026,1,9,4,2010,18,25,74,0,0,1,1,2,0,0,2,2,0,1,4,,,
201014071571,4,2,14,12,5,334.739,2,8,7,2010,13,11,12,1,0,2,1,1,0,0,2,1,0,3,1,,,
201014071578,6,2,9,12,5,124.725,2,9,7,2010,5,30,30,0,0,1,3,1,0,0,2,2,1,1,4,,,
201014071607,4,2,5,12,5,293.071,2,9,5,2010,11,15,12,1,0,1,1,2,0,0,2,2,0,1,1,,,
201014071656,4,2,1,12,5,296.222,2,9,3,2010,18,7,12,1,0,2,1,1,1,1,2,3,0,8,1,,,
201014071658,5,2,1,12,5,56.723,1,9,3,2010,7,34,30,0,0,1,1,1,1,1,2,3,0,1,4,,,
201014071718,1,2,2,12,5,6.303,2,9,2,2010,12,55,12,6,0,2,1,1,3,2,2,3,0,2,1,,,
201014071724,6,2,5,12,5,134.324,2,9,7,2010,17,38,12,7,0,1,1,2,0,0,2,2,0,1,1,,,
201014071730,4,2,14,12,5,334.739,1,9,2,2010,5,30,18,0,0,1,2,1,0,0,2,1,0,1,1,,,
201014071736,5,2,5,12,5,61.056,3,9,4,2010,17,22,12,1,0,1,1,1,1,2,2,2,0,1,1,,,
201014071759,4,2,1,12,5,296.222,2,9,7,2010,23,35,33,0,0,1,3,10,1,1,2,3,1,1,4,,,
201014071774,1,2,1,12,5,6.303,4,9,1,2010,22,12,33,0,0,1,3,1,3,3,1,3,3,1,4,,,
201014071788,5,2,1,12,5,56.723,3,9,6,2010,11,52,12,1,0,2,1,10,1,2,2,3,0,3,1,,,
201014071792,4,2,9,12,5,291.026,2,9,6,2010,19,10,12,1,0,1,1,1,0,0,2,2,0,1,1,,,
201014071794,6,2,9,12,5,124.725,1,9,1,2010,17,49,5,0,0,1,1,1,0,0,2,2,0,1,4,,,
201014071857,4,2,9,12,5,291.026,2,9,7,2010,16,0,12,1,0,2,1,1,0,0,2,2,0,8,1,,,
201014071861,1,2,2,12,5,6.303,2,8,7,2010,14,14,12,6,0,2,1,1,4,3,2,3,0,2,1,,,
201014071865,4,2,5,12,5,293.071,1,9,5,2010,7,0,74,0,0,1,4,2,0,0,2,2,0,1,3,,,
201014071878,3,2,5,12,5,12.211,1,9,5,2010,17,27,10,0,0,1,1,1,2,1,2,2,0,1,1,,,
201014071880,3,2,5,12,5,12.211,1,9,6,2010,10,54,33,0,1,5,1,10,2,1,1,2,0,1,8,,,
201014071884,1,2,1,12,5,6.303,1,9,1,2010,4,56,30,0,0,2,3,1,3,2,2,3,0,2,5,,,
201014071889,2,2,1,12,5,6.303,3,9,4,2010,15,23,12,1,0,1,1,10,1,1,2,3,0,1,1,,,
201014071913,4,2,1,12,5,296.222,2,9,6,2010,14,57,12,6,0,2,1,1,0,0,2,3,0,2,1,,,
201014071919,4,2,3,12,5,296.222,2,9,3,2010,8,0,14,0,0,1,1,1,1,1,2,3,1,1,7,,,
201014071966,6,2,1,12,5,132.355,2,9,6,2010,16,41,12,6,0,4,1,1,0,0,2,3,0,1,1,,,
201014071968,2,2,1,12,5,6.303,2,9,6,2010,9,50,12,7,0,1,1,10,1,1,2,3,0,1,1,,,
201014071977,4,2,14,12,5,334.739,2,9,5,2010,16,50,12,1,0,2,1,10,0,0,2,1,0,8,1,,,
201014071996,4,2,5,12,5,293.071,2,9,3,2010,16,45,12,1,0,2,1,10,0,0,2,2,0,8,1,,,
201014072009,5,2,1,12,5,56.723,1,9,3,2010,18,56,25,0,0,1,1,10,2,3,2,3,0,1,3,,,
201014072018,2,2,4,12,5,6.303,2,9,4,2010,16,25,12,6,0,2,1,1,0,0,2,2,0,2,1,,,
201014072025,4,2,4,12,5,296.222,2,9,3,2010,8,0,12,1,0,4,4,2,1,1,2,2,0,1,1,,,
201014072042,4,2,9,12,5,291.026,2,6,4,2010,13,57,12,1,0,2,1,1,1,1,2,2,0,8,1,,,
201014072058,6,2,14,12,5,167.369,2,10,6,2010,20,52,12,6,0,4,3,2,4,1,1,1,0,1,1,,,
201014072068,6,2,9,12,5,124.725,2,10,4,2010,12,30,12,1,0,4,1,1,0,0,2,2,0,1,1,,,
201014072095,4,2,1,12,5,296.222,2,10,7,2010,17,15,12,6,0,2,1,2,1,1,2,3,0,2,1,,,
201014072118,2,2,5,12,5,12.211,2,9,6,2010,11,19,12,7,0,1,1,10,2,1,2,2,0,1,1,,,
201014072122,5,2,5,12,5,61.056,1,10,2,2010,11,50,33,0,0,2,1,1,2,1,2,2,0,3,4,,,
201014072127,6,2,5,12,5,134.324,1,10,4,2010,10,55,35,0,0,1,1,1,0,0,2,2,0,1,4,,,
201014072147,4,2,5,12,5,293.071,1,10,6,2010,6,56,24,0,0,1,4,1,0,0,2,2,0,1,1,,,
201014072154,2,2,2,12,5,6.303,2,10,6,2010,7,10,12,1,0,1,2,1,4,1,2,3,0,1,1,,,
201014072203,3,2,5,12,5,12.211,1,10,1,2010,17,16,1,0,0,1,1,1,2,1,2,2,0,1,1,,,
201014072229,4,2,1,12,5,296.222,2,8,7,2010,1,33,12,6,0,2,3,1,1,1,2,3,0,3,1,,,
201014072281,5,2,14,12,5,83.685,1,10,6,2010,20,13,59,0,1,5,2,1,2,1,1,1,0,1,8,,,
201014072291,6,2,1,12,5,132.355,2,10,1,2010,12,41,12,6,0,2,1,1,1,3,2,3,0,2,1,,,
201014072305,1,2,4,12,5,6.303,2,10,5,2010,21,35,12,2,0,2,3,1,3,3,2,2,0,3,1,,,
201014072313,4,2,1,12,5,296.222,2,10,3,2010,5,45,12,6,0,2,3,1,0,0,2,3,0,2,1,,,
201014072330,1,2,1,12,5,6.303,2,10,1,2010,23,53,12,6,0,2,3,10,3,2,2,3,0,3,1,,,
201014072341,4,2,9,12,5,291.026,2,10,4,2010,14,10,12,1,0,4,1,2,0,0,2,2,0,1,1,,,
201014072342,6,2,9,12,5,124.725,2,10,6,2010,15,14,12,6,0,4,1,1,0,0,2,2,0,1,1,,,
201014072343,3,2,1,12,5,18.908,1,10,3,2010,8,24,1,0,0,1,1,1,2,1,2,3,0,1,1,,,
201014072359,4,2,9,12,5,291.026,2,10,2,2010,16,20,12,1,0,4,1,1,0,0,2,2,0,1,1,,,
201014072378,6,2,14,12,5,167.369,2,10,3,2010,18,1,12,1,0,2,1,1,0,0,2,1,0,3,1,,,
201014072380,6,2,14,12,5,167.369,1,10,1,2010,1,39,24,0,0,1,2,1,0,0,2,1,0,1,1,,,
201014072381,4,2,14,12,5,334.739,1,10,6,2010,22,16,24,0,0,1,2,10,0,0,2,1,0,1,1,,,
201014072397,4,2,9,12,5,291.026,2,10,6,2010,13,0,12,1,0,2,1,1,0,0,2,2,0,3,1,,,
201014072401,5,2,9,12,5,62.363,2,10,2,2010,16,17,12,1,0,2,1,1,1,2,2,2,0,2,1,,,
201014072415,6,2,3,12,5,132.355,3,9,7,2010,14,40,12,2,0,2,1,10,1,2,2,3,0,2,1,,,
201014072416,5,2,1,12,5,56.723,2,10,1,2010,19,11,12,6,0,2,5,10,1,4,1,3,0,2,1,,,
201014072458,4,2,2,12,5,296.222,1,10,3,2010,6,45,24,0,0,1,2,1,0,0,2,3,0,1,1,,,
201014072465,3,2,5,12,5,12.211,1,10,6,2010,18,50,22,0,0,2,1,1,2,1,2,2,0,2,1,,,
201014072467,3,2,5,12,5,12.211,2,10,2,2010,14,18,12,6,0,4,1,1,2,1,2,2,0,1,1,,,
201014072490,4,2,5,12,5,293.071,1,10,1,2010,21,37,24,0,0,1,3,1,0,0,2,2,0,1,1,,,
201014072503,3,2,5,12,5,12.211,1,10,6,2010,15,25,1,0,0,4,1,1,2,1,2,2,0,1,1,,,
201014072520,5,2,5,12,5,61.056,1,10,4,2010,13,9,33,0,0,1,1,1,1,2,2,2,0,1,4,,,
201014072540,4,2,5,12,5,293.071,2,10,2,2010,11,50,12,7,0,2,1,10,1,1,2,2,0,3,1,,,
201014072543,6,2,9,12,5,124.725,1,10,5,2010,19,6,24,0,0,1,2,1,0,0,2,2,0,1,1,,,
201014072549,4,2,9,12,5,291.026,2,10,4,2010,9,35,12,1,0,1,1,1,0,0,2,2,0,1,1,,,
201014072562,6,2,5,12,5,134.324,2,10,6,2010,15,31,12,6,0,4,1,1,0,0,2,2,0,1,1,,,
201014072593,4,2,1,12,5,296.222,2,10,1,2010,11,32,12,1,0,2,1,1,1,1,2,3,0,2,1,,,
201014072597,4,2,1,12,5,296.222,2,9,7,2010,1,43,14,0,0,1,2,1,0,0,2,3,1,1,7,,,
201014072611,1,2,1,12,5,6.303,1,10,1,2010,18,39,33,0,0,1,3,10,3,1,2,3,0,1,4,,,
201014072636,2,2,1,12,5,6.303,3,10,3,2010,14,20,25,0,0,1,1,10,1,3,2,3,0,1,3,,,
201014072637,3,2,1,12,5,18.908,3,10,7,2010,19,57,12,6,0,2,3,10,2,2,2,3,0,2,1,,,
201014072670,5,2,2,12,5,56.723,2,10,5,2010,13,42,12,6,0,2,1,2,3,2,2,3,0,2,1,,,
201014072684,4,2,14,12,5,334.739,1,10,6,2010,6,10,24,0,0,1,3,1,0,0,2,1,0,1,1,,,
201014072691,4,2,5,12,5,293.071,2,11,4,2010,13,5,12,7,0,1,1,10,0,0,2,2,0,1,1,,,
201014072712,3,2,9,12,5,20.788,1,10,7,2010,15,15,22,0,0,1,1,1,2,2,2,2,0,1,2,,,
201014072720,4,2,9,12,5,291.026,1,11,2,2010,19,0,18,0,0,1,3,1,0,0,2,2,0,1,1,,,
201014072733,5,2,4,12,5,56.723,2,10,6,2010,9,0,12,6,0,2,1,1,2,3,2,2,0,2,1,,,
201014072756,6,2,1,12,5,132.355,2,11,5,2010,15,41,12,6,0,2,1,10,1,3,2,3,0,2,1,,,
201014072772,4,2,1,12,5,296.222,2,11,4,2010,15,20,12,1,0,1,1,10,0,0,2,3,0,1,1,,,
201014072794,2,2,1,12,5,6.303,2,10,4,2010,7,52,12,7,1,5,1,1,1,1,2,3,0,1,1,,,
201014072799,5,2,1,12,5,56.723,2,10,6,2010,22,50,12,6,0,2,3,1,1,1,1,3,0,2,1,,,
201014072819,4,2,3,12,5,296.222,1,10,1,2010,20,0,24,0,0,1,2,1,0,0,2,3,0,1,1,,,
201014072843,4,2,1,12,5,296.222,2,11,7,2010,13,2,12,10,0,4,1,1,0,0,2,3,0,1,1,,,
201014072850,5,2,5,12,5,61.056,2,11,6,2010,12,42,12,6,0,2,1,10,1,2,2,2,0,2,1,,,
201014072865,3,2,5,12,5,12.211,2,11,5,2010,18,20,12,6,0,2,3,1,2,2,2,2,0,2,1,,,
201014072866,4,2,5,12,5,293.071,2,11,5,2010,18,34,12,1,0,2,3,1,0,0,2,2,0,8,1,,,
201014072878,3,2,4,12,5,18.908,2,11,7,2010,12,26,12,6,0,2,1,1,2,4,2,2,0,2,1,,,
201014072902,4,2,9,12,5,291.026,2,11,3,2010,7,40,12,1,0,1,1,1,0,0,2,2,0,1,1,,,
201014072920,4,2,14,12,5,334.739,1,11,2,2010,18,40,24,0,0,1,5,1,0,0,2,1,0,1,1,,,
201014072922,5,2,14,12,5,83.685,2,11,2,2010,13,47,12,2,0,4,1,1,1,2,2,1,0,1,1,,,
201014072925,6,2,4,12,5,132.355,2,11,6,2010,0,44,12,1,0,2,2,10,0,0,1,2,0,2,1,,,
201014072932,5,2,3,12,5,56.723,2,11,1,2010,1,8,12,1,0,1,2,1,1,1,1,3,0,1,1,,,
201014072934,6,2,9,12,5,124.725,2,11,1,2010,12,19,12,1,0,4,1,10,0,0,2,2,0,1,1,,,
201014072941,5,2,9,12,5,62.363,2,11,6,2010,15,3,12,6,0,2,1,1,1,2,2,2,0,2,1,,,
201014072956,4,2,9,12,5,291.026,1,11,3,2010,19,34,24,0,0,1,2,2,0,0,2,2,0,1,1,,,
201014073008,3,2,5,12,5,12.211,1,11,7,2010,22,13,21,0,0,1,2,1,3,2,1,2,0,1,1,,,
201014073022,3,2,5,12,5,12.211,1,11,6,2010,17,59,21,0,0,2,3,1,2,1,2,2,0,8,1,,,
201014073032,6,2,5,12,5,134.324,2,11,2,2010,14,11,12,1,0,2,1,10,0,0,2,2,0,2,1,,,
201014073046,4,2,5,12,5,293.071,2,11,4,2010,16,17,12,1,1,5,1,10,0,0,2,2,0,1,1,,,
201014073064,6,2,2,12,5,132.355,1,11,1,2010,19,5,24,0,0,1,2,10,0,0,2,3,0,1,1,,,
201014073091,4,2,5,12,5,293.071,2,11,5,2010,18,40,12,1,0,2,2,2,0,0,2,2,0,2,1,,,
201014073109,4,2,4,12,5,296.222,2,10,3,2010,12,31,12,1,0,2,1,2,1,1,2,2,0,2,1,,,
201014073131,4,2,9,12,5,291.026,1,11,2,2010,18,12,74,0,1,5,2,2,0,0,2,2,0,1,4,,,
201014073136,6,2,9,12,5,124.725,3,11,2,2010,8,4,12,1,0,2,1,2,1,1,2,2,0,8,1,,,
201014073147,4,2,1,12,5,296.222,2,11,5,2010,13,25,12,1,0,2,1,1,1,1,2,3,0,8,1,,,
201014073201,5,2,1,12,5,56.723,2,11,3,2010,16,42,12,6,0,2,1,2,1,1,2,3,0,2,1,,,
201014073205,2,2,1,12,5,6.303,2,12,4,2010,21,47,12,1,0,1,3,4,0,0,2,3,0,1,1,,,
201014073206,6,2,1,12,5,132.355,1,11,4,2010,23,15,30,0,0,2,3,1,0,0,2,3,0,2,4,,,
201014073226,4,2,1,12,5,296.222,2,11,3,2010,12,16,12,2,0,2,1,10,0,0,2,3,0,2,1,,,
201014073327,4,2,2,12,5,296.222,1,11,2,2010,18,0,24,0,0,1,2,10,0,0,2,3,0,1,1,,,
201014073331,6,2,5,12,5,134.324,2,12,4,2010,11,43,12,6,0,2,1,10,0,0,2,2,0,2,1,,,
201014073348,2,2,5,12,5,12.211,3,12,5,2010,20,25,12,6,0,2,3,4,2,2,2,2,0,2,1,,,
201014073350,4,2,5,12,5,293.071,2,12,6,2010,11,30,12,1,0,1,1,10,1,1,2,2,0,1,1,,,
201014073359,2,2,5,12,5,12.211,1,12,1,2010,23,50,5,0,0,1,2,4,0,0,2,2,0,1,8,,,
201014073378,4,2,14,12,5,334.739,1,12,5,2010,6,59,33,0,0,1,4,4,0,0,2,1,0,1,10,,,
201014073382,4,2,9,12,5,291.026,4,12,7,2010,16,30,12,1,0,2,1,1,1,1,2,2,0,8,1,,,
201014073389,6,2,9,12,5,124.725,1,12,6,2010,5,57,42,0,0,1,2,4,0,0,2,2,0,1,4,,,
201014073398,5,2,9,12,5,62.363,1,12,4,2010,6,8,18,0,0,1,2,10,1,1,2,2,0,1,3,,,
201014073412,4,2,9,12,5,291.026,1,11,3,2010,20,9,24,0,0,1,2,10,0,0,2,2,0,1,1,,,
201014073452,4,2,1,12,5,296.222,2,12,4,2010,20,0,12,7,0,2,3,4,0,0,2,3,0,2,1,,,
201014073485,1,2,1,12,5,6.303,1,12,3,2010,23,9,59,0,0,2,3,10,4,1,2,3,0,8,5,,,
201014073494,6,2,1,12,5,132.355,1,12,7,2010,18,24,30,0,0,1,3,1,0,0,2,3,0,1,4,,,
201014073520,3,2,2,12,5,18.908,1,12,5,2010,9,57,34,0,1,5,1,1,2,1,2,3,0,1,4,,,
201014073541,4,2,5,12,5,293.071,2,12,3,2010,12,5,12,6,0,4,1,10,0,0,2,2,0,1,1,,,
201014073556,6,2,5,12,5,134.324,1,12,7,2010,17,31,25,0,0,1,2,10,1,3,2,2,0,1,3,,,
201014073574,4,2,5,12,5,293.071,2,12,3,2010,15,30,12,1,0,2,1,1,0,0,2,2,0,8,1,,,
201014073583,3,2,9,12,5,20.788,1,12,7,2010,11,50,34,0,0,1,1,1,2,1,2,2,0,1,4,,,
201014073586,6,2,9,12,5,124.725,2,12,6,2010,14,34,12,6,0,4,1,10,1,2,2,2,0,1,1,,,
201014073593,4,2,9,12,5,291.026,2,12,3,2010,9,2,12,6,0,2,1,1,1,1,2,2,0,2,1,,,
201014073612,4,2,9,12,5,291.026,2,12,3,2010,10,17,12,1,0,2,1,1,0,0,2,2,0,8,1,,,
201014073628,2,2,4,12,5,6.303,2,12,6,2010,13,13,12,6,0,2,1,10,0,0,2,2,0,3,1,,,
201014073648,4,2,1,12,5,296.222,2,12,5,2010,8,36,12,6,0,2,1,1,0,0,2,3,0,2,1,,,
201014073649,3,2,1,12,5,18.908,2,12,5,2010,14,32,12,6,0,2,1,10,2,2,2,3,0,2,1,,,
201014073653,2,2,1,12,5,6.303,2,12,5,2010,9,3,12,6,0,2,1,1,0,0,2,3,0,2,1,,,
201014073673,2,2,1,12,5,6.303,2,12,4,2010,10,32,12,6,1,5,1,10,0,0,2,3,0,1,1,,,
201014073719,4,2,14,12,5,334.739,2,12,7,2010,19,29,14,0,0,4,3,10,1,1,2,1,1,1,7,,,
201014073723,2,2,9,12,5,20.788,3,12,2,2010,10,20,12,6,0,2,1,10,1,1,2,2,0,2,1,,,
201014073740,6,2,9,12,5,124.725,4,12,4,2010,15,55,12,1,0,1,1,1,1,2,2,2,0,1,1,,,
201014073745,1,2,5,12,5,12.211,2,12,5,2010,9,45,12,2,0,1,1,1,3,3,2,2,0,1,1,,,
201014073747,4,2,9,12,5,291.026,1,12,3,2010,7,14,24,0,0,1,2,10,0,0,2,2,0,1,1,,,
201014073763,5,2,9,12,5,62.363,1,12,1,2010,10,17,74,0,0,1,1,4,1,1,2,2,0,1,3,,,
201014073782,4,2,5,12,5,293.071,2,12,3,2010,18,4,12,1,0,2,3,10,1,1,2,2,0,2,1,,,
201014073789,6,2,5,12,5,134.324,2,12,5,2010,12,20,12,1,0,2,1,10,0,0,2,2,0,8,1,,,
201014073791,5,2,5,12,5,61.056,2,12,5,2010,12,39,12,6,0,2,1,10,1,1,2,2,0,2,1,,,
201014073792,4,2,4,12,5,296.222,2,12,7,2010,19,11,12,1,0,2,3,10,0,0,2,2,0,8,1,,,
201014073834,4,2,1,12,5,296.222,2,12,3,2010,16,42,12,1,0,2,1,10,0,0,2,3,0,2,1,,,
201014073835,2,2,1,12,5,6.303,3,12,2,2010,17,38,43,0,0,1,3,1,1,1,2,3,0,1,1,,,
201014073874,5,2,1,12,5,56.723,2,12,7,2010,22,0,12,6,0,4,3,4,2,2,1,3,0,1,1,,,
201014073897,4,2,1,12,5,296.222,2,12,5,2010,10,5,12,6,0,2,1,10,0,0,2,3,0,3,1,,,
201014073963,4,2,1,12,5,296.222,1,12,1,2010,9,7,74,0,0,1,1,4,0,0,2,3,0,1,4,,,
201014073966,3,2,1,12,5,18.908,2,12,7,2010,14,30,12,1,0,1,1,10,2,2,2,3,0,1,1,,,
201014074035,4,2,5,12,5,293.071,2,12,2,2010,18,24,12,1,0,1,2,10,1,2,1,2,0,1,1,,,
201014074041,6,2,1,12,5,132.355,1,12,1,2010,10,40,33,0,0,2,1,10,1,1,2,3,0,3,4,,,
201014074064,4,2,14,12,5,334.739,2,12,1,2010,14,30,12,6,0,4,1,4,1,1,2,1,0,1,1,,,
201014074066,1,2,1,12,5,6.303,2,12,4,2010,1,28,25,0,0,1,2,10,4,2,1,3,0,1,3,,,
201014074070,6,2,14,12,5,167.369,1,12,5,2010,7,6,25,0,0,1,4,1,0,0,2,1,0,1,3,,,
201014074071,4,2,14,12,5,334.739,2,12,7,2010,17,50,12,1,0,1,3,10,0,0,2,1,0,1,1,,,
201014074080,4,2,3,12,5,296.222,3,12,2,2010,13,20,12,6,0,1,1,1,0,0,2,3,0,1,1,,,
201014074119,1,2,1,12,5,6.303,1,12,5,2010,22,8,30,0,0,2,3,2,3,1,1,3,0,2,4,,,
201014074133,1,2,1,12,5,6.303,2,12,6,2010,18,10,12,1,0,1,3,1,3,2,2,3,0,1,1,,,
201014074134,5,2,1,12,5,56.723,3,12,6,2010,18,12,12,1,0,1,3,1,2,1,2,3,0,1,1,,,
201014074144,6,2,5,12,5,134.324,1,12,6,2010,11,50,59,0,0,1,1,2,1,1,2,2,0,1,4,,,
201014074193,3,2,4,12,5,18.908,2,12,4,2010,18,0,12,6,0,1,2,4,2,2,2,2,0,1,1,,,
201014074238,5,2,14,12,5,83.685,1,12,4,2010,3,11,34,0,0,1,3,3,1,1,2,1,0,1,3,,,
201014074541,1,2,3,12,5,6.303,2,12,5,2010,14,39,12,2,0,1,1,10,4,2,2,3,0,1,1,,,
201014074593,4,2,1,12,5,296.222,2,12,7,2010,0,22,12,6,0,4,3,1,0,0,2,3,0,1,1,,,
201014074595,3,2,1,12,5,18.908,1,10,1,2010,0,31,21,0,0,2,2,10,2,2,2,3,0,3,1,,,
201014100931,1,2,1,74,4,4.176,2,1,1,2010,1,25,12,6,0,2,3,4,3,1,1,3,0,2,1,,,
201014100934,1,2,1,74,4,4.176,2,1,1,2010,13,31,12,2,0,1,1,10,3,1,2,3,0,1,1,,,
201014100937,4,2,1,74,4,296.482,2,1,1,2010,15,34,12,6,0,2,1,10,0,0,2,3,0,2,1,,,
201014100974,1,2,1,74,4,4.176,2,1,1,2010,11,16,12,2,0,1,1,1,3,3,2,3,0,1,1,,,
201014101077,3,2,1,74,4,16.703,1,1,5,2010,5,14,25,0,0,1,3,4,2,1,2,3,0,1,3,,,
201014101090,2,2,1,74,4,4.176,4,1,5,2010,10,7,12,1,0,1,1,1,2,1,2,3,0,1,1,,,
201014101143,6,2,1,74,4,129.45,2,1,7,2010,16,35,12,2,0,2,1,1,0,0,2,3,0,2,1,,,
201014101159,4,2,1,74,4,296.482,2,1,2,2010,17,27,12,6,0,2,5,1,0,0,2,3,0,2,1,,,
201014101207,1,2,9,74,4,4.176,2,1,4,2010,6,20,12,6,0,2,4,4,4,2,2,3,0,2,1,,,
201014101219,1,2,9,74,4,4.176,2,1,6,2010,8,40,12,1,0,1,1,10,3,2,2,3,0,1,1,,,
201014101233,2,2,9,74,4,4.176,2,1,6,2010,16,57,12,6,0,1,1,4,0,0,2,3,0,1,1,,,
201014101276,1,2,9,74,4,4.176,2,1,1,2010,1,23,14,0,1,19,3,1,3,2,1,3,1,1,2,,,
201014101300,5,2,9,74,4,58.461,2,1,5,2010,8,15,12,6,0,2,4,1,1,2,2,3,0,2,1,,,
201014101354,1,2,9,74,4,4.176,2,1,7,2010,0,35,12,2,0,2,3,1,3,1,2,3,0,3,1,,,
201014101394,3,2,1,74,4,16.703,1,1,4,2010,18,24,22,0,0,2,3,1,2,1,2,3,0,2,1,,,
201014101418,6,2,1,74,4,129.45,2,1,6,2010,16,54,12,1,0,2,3,10,0,0,2,3,0,2,1,,,
201014101432,4,2,1,74,4,296.482,2,1,6,2010,9,15,12,1,0,2,1,5,1,1,2,3,0,3,1,,,
201014101456,2,2,9,74,4,4.176,2,1,4,2010,8,35,12,8,0,1,1,10,0,0,2,3,0,1,1,,,
201014101464,4,2,9,74,4,296.482,2,1,4,2010,16,39,12,1,1,5,3,10,0,0,2,3,0,1,1,,,
201014101487,6,2,9,74,4,129.45,2,1,6,2010,18,42,12,6,0,2,3,2,2,2,2,3,0,2,1,,,
201014101514,3,2,9,74,4,16.703,2,1,1,2010,17,20,12,6,0,1,5,4,2,2,2,3,0,1,1,,,
201014101516,2,2,9,74,4,4.176,2,1,1,2010,18,15,25,0,0,1,3,4,1,1,2,3,0,1,3,,,
201014101534,1,2,1,74,4,4.176,1,1,5,2010,8,20,40,0,0,1,1,10,3,1,2,3,0,1,4,,,
201014101540,6,2,1,74,4,129.45,2,1,5,2010,7,15,12,6,0,2,4,3,2,1,2,3,0,2,1,,,