CASENUM,STRATUM,REGION,PJ,PSU,PSUSTRAT,WEIGHT,VE_TOTAL,MONTH,WKDY_IM,YEAR,HOUR_IM,MINUTE_IM,EVENT1_IM,MANCOL_IM,RELJCT1_IM,RELJCT2_IM,LGTCON_IM,WEATHR_IM,MAXSEV_IM,NO_INJ_IM,ALCHL_IM,LAND_USE,PVH_INVL,TYP_INT,REL_ROAD,CF1,CF2,CF3
201014101541,5,2,1,74,4,58.461,2,1,5,2010,7,30,12,1,0,1,1,10,1,1,2,3,0,1,1,,,
201014101546,1,2,1,74,4,4.176,2,1,5,2010,10,32,12,6,0,2,1,10,3,1,2,3,0,2,1,,,
201014101593,5,2,9,74,4,58.461,2,1,5,2010,16,10,12,6,0,2,1,10,1,2,2,3,0,2,1,,,
201014101613,4,2,9,74,4,296.482,2,1,7,2010,16,0,12,7,0,1,1,10,0,0,2,3,0,1,1,,,
201014101645,3,2,1,74,4,16.703,2,1,6,2010,8,1,12,6,0,2,1,1,2,1,2,3,0,2,1,,,
201014101742,5,2,1,74,4,58.461,2,2,1,2010,22,9,12,6,0,2,3,4,1,1,1,3,0,2,1,,,
201014101766,6,2,9,74,4,129.45,2,2,3,2010,12,38,12,6,0,2,1,1,2,1,2,3,0,2,1,,,
201014101828,4,2,9,74,4,296.482,2,2,2,2010,20,43,14,0,0,1,3,10,0,0,2,3,1,1,7,,,
201014101844,1,2,1,74,4,4.176,1,2,4,2010,4,57,34,0,0,1,3,1,3,2,1,3,0,1,4,,,
201014101871,6,2,1,74,4,129.45,2,2,3,2010,12,47,12,7,0,1,1,1,0,0,2,3,0,1,1,,,
201014101880,1,2,1,74,4,4.176,2,2,3,2010,15,21,12,1,0,2,1,10,3,3,2,3,0,3,1,,,
201014101888,4,2,1,74,4,296.482,2,2,5,2010,9,56,12,6,0,2,1,10,0,0,2,3,0,2,1,,,
201014101934,2,2,9,74,4,4.176,2,2,4,2010,11,50,12,1,0,1,1,1,0,0,2,3,0,1,1,,,
201014101953,2,2,9,74,4,4.176,2,2,4,2010,14,19,12,7,0,1,1,1,0,0,2,3,0,1,1,,,
201014101965,6,2,9,74,4,129.45,2,2,6,2010,14,20,12,6,0,2,1,1,1,1,2,3,0,2,1,,,
201014101979,1,2,9,74,4,4.176,2,2,6,2010,20,50,12,6,0,2,3,1,3,1,2,3,0,2,1,,,
201014101985,3,2,9,74,4,16.703,2,2,6,2010,11,50,12,6,0,2,1,1,2,1,2,3,0,2,1,,,
201014101994,2,2,9,74,4,4.176,3,2,1,2010,13,15,12,6,1,18,1,10,2,2,2,3,0,1,1,,,
201014101995,5,2,9,74,4,58.461,2,2,1,2010,11,40,12,6,1,2,1,4,1,2,2,3,0,8,1,,,
201014102003,1,2,9,74,4,4.176,4,2,5,2010,6,50,12,6,0,2,3,1,3,2,2,3,0,2,1,,,
201014102019,6,2,9,74,4,129.45,2,2,5,2010,5,46,12,8,0,1,4,1,0,0,2,3,0,1,1,,,
201014102031,1,2,9,74,4,4.176,2,2,7,2010,10,50,12,6,0,2,1,1,3,1,2,3,0,2,1,,,
201014102034,1,2,9,74,4,4.176,2,2,7,2010,0,40,18,0,0,1,3,1,3,4,1,3,0,1,4,,,
201014102063,2,2,1,74,4,4.176,2,2,2,2010,9,52,72,0,0,1,1,10,2,1,1,3,0,1,4,,,
201014102096,2,2,1,74,4,4.176,2,2,6,2010,8,25,12,6,0,4,1,4,0,0,2,3,0,1,1,,,
201014102106,6,2,1,74,4,129.45,1,2,6,2010,9,0,48,0,0,1,1,4,1,1,2,3,0,1,4,,,
201014102114,4,2,1,74,4,296.482,2,2,6,2010,17,45,12,6,0,2,3,10,1,1,2,3,0,3,1,,,
201014102129,1,2,1,74,4,4.176,2,2,6,2010,10,38,12,6,0,1,1,10,3,3,2,3,0,1,1,,,
201014102154,4,2,9,74,4,296.482,2,2,4,2010,7,50,12,1,1,5,1,1,0,0,2,3,0,1,1,,,
201014102157,3,2,9,74,4,16.703,3,2,6,2010,12,5,12,6,0,2,1,1,2,1,2,3,0,2,1,,,
201014102202,5,2,9,74,4,58.461,2,2,1,2010,17,35,12,2,0,1,1,1,1,3,2,3,0,1,1,,,
201014102214,6,2,9,74,4,129.45,2,3,3,2010,8,0,30,0,0,1,1,1,0,0,2,3,0,1,4,,,
201014102226,3,2,1,74,4,16.703,2,2,5,2010,8,24,12,1,1,18,1,10,2,1,2,3,0,1,1,,,
201014102236,2,2,1,74,4,4.176,4,2,5,2010,14,20,12,6,0,2,1,10,1,1,2,3,0,3,1,,,
201014102241,6,2,1,74,4,129.45,2,2,7,2010,16,20,12,6,0,2,1,1,0,0,2,3,0,2,1,,,
201014102284,2,2,1,74,4,4.176,2,3,2,2010,10,20,12,6,0,2,1,1,0,0,2,3,0,2,1,,,
201014102308,3,2,9,74,4,16.703,1,3,3,2010,8,10,21,0,0,1,1,1,3,1,2,3,0,1,1,,,
201014102322,1,2,9,74,4,4.176,1,3,5,2010,16,50,30,0,0,1,1,1,3,3,2,3,0,1,4,,,
201014102350,4,2,9,74,4,296.482,2,3,7,2010,23,52,14,0,0,1,3,1,0,0,1,3,1,1,7,,,
201014102359,1,2,1,74,4,4.176,1,2,6,2010,1,35,42,0,0,1,3,10,4,1,1,3,0,1,6,,,
201014102361,2,2,1,74,4,4.176,2,2,5,2010,1,32,45,0,0,1,3,1,2,3,1,3,1,1,1,,,
201014102365,4,2,1,74,4,296.482,2,3,4,2010,11,45,12,1,0,2,1,1,1,1,2,3,0,2,1,,,
201014102413,6,2,1,74,4,129.45,2,3,6,2010,12,0,12,1,0,1,1,1,0,0,2,3,0,1,1,,,
201014102418,1,2,1,74,4,4.176,1,3,4,2010,17,23,42,0,1,19,1,1,3,1,1,3,0,1,8,,,
201014102445,5,2,1,74,4,58.461,2,3,5,2010,12,40,12,6,0,2,1,10,1,3,2,3,0,2,1,,,
201014102458,4,2,1,74,4,296.482,2,3,7,2010,15,15,12,6,0,2,1,1,0,0,2,3,0,2,1,,,
201014102460,3,2,1,74,4,16.703,1,3,7,2010,18,0,21,0,0,1,1,1,2,1,2,3,0,1,1,,,
201014102473,2,2,9,74,4,4.176,3,3,6,2010,17,32,12,1,0,1,1,10,0,0,2,3,0,1,1,,,
201014102477,6,2,9,74,4,129.45,2,3,6,2010,18,40,12,6,0,2,3,10,0,0,2,3,0,3,1,,,
201014102497,3,2,9,74,4,16.703,1,3,3,2010,16,13,21,0,0,1,1,10,3,1,2,3,0,1,1,,,
201014102509,2,2,9,74,4,4.176,2,3,5,2010,13,2,12,6,0,4,1,1,0,0,2,3,0,1,1,,,
201014102532,4,2,9,74,4,296.482,2,3,7,2010,18,17,14,0,0,1,3,1,0,0,2,3,1,1,7,,,
201014102538,1,2,1,74,4,4.176,1,3,7,2010,1,35,74,0,1,5,3,1,3,1,1,3,0,1,4,,,
201014102552,1,2,1,74,4,4.176,3,3,4,2010,22,55,12,2,0,2,3,1,3,1,1,3,0,2,1,,,
201014102578,6,2,1,74,4,129.45,1,3,6,2010,18,50,25,0,1,19,1,4,0,0,2,3,0,1,3,,,
201014102591,2,2,9,74,4,4.176,2,3,4,2010,8,55,12,6,0,4,1,10,0,0,2,3,0,1,1,,,
201014102618,5,2,9,74,4,58.461,2,3,6,2010,8,35,12,6,0,2,1,1,1,1,2,3,0,2,1,,,
201014102641,4,2,1,74,4,296.482,2,3,5,2010,17,57,12,1,1,18,1,1,1,1,2,3,0,1,1,,,
201014102652,5,2,1,74,4,58.461,2,3,5,2010,19,5,12,1,0,1,1,1,2,3,2,3,0,1,1,,,
201014102681,3,2,9,74,4,16.703,3,4,1,2010,9,43,12,1,0,2,1,10,2,2,1,3,0,2,1,,,
201014102697,6,2,9,74,4,129.45,1,4,3,2010,19,32,39,0,0,2,3,2,1,1,2,3,0,2,4,,,
201014102700,4,2,9,74,4,296.482,4,4,3,2010,1,33,14,0,0,1,3,2,0,0,2,3,3,1,7,,,
201014102731,3,2,1,74,4,16.703,1,3,4,2010,7,0,38,0,0,1,4,1,3,1,2,3,0,1,5,,,
201014102736,2,2,1,74,4,4.176,1,3,4,2010,8,32,30,0,1,18,1,1,1,1,2,3,0,1,4,,,
201014102794,1,2,9,74,4,4.176,2,4,6,2010,12,15,12,6,0,2,1,1,3,1,2,3,0,2,1,,,
201014102804,5,2,9,74,4,58.461,4,4,6,2010,16,5,12,1,0,1,1,1,1,1,2,3,0,1,1,,,
201014102811,3,2,9,74,4,16.703,1,4,6,2010,19,20,22,0,0,1,5,1,2,1,2,3,0,1,1,,,
201014102870,1,2,9,74,4,4.176,3,4,4,2010,4,50,12,6,0,2,3,1,3,1,2,3,0,2,1,,,
201014102873,1,2,1,74,4,4.176,1,3,7,2010,23,2,30,0,0,1,3,1,3,1,1,3,0,1,4,,,
201014102885,3,2,1,74,4,16.703,2,4,7,2010,20,40,12,6,0,2,3,1,4,2,2,3,0,2,1,,,
201014102888,4,2,1,74,4,296.482,2,4,7,2010,13,25,14,0,0,1,1,1,0,0,2,3,1,1,7,,,
201014102921,6,2,1,74,4,129.45,2,4,4,2010,7,30,14,0,0,4,1,2,0,0,2,3,1,1,5,,,
201014102923,1,2,1,74,4,4.176,2,4,4,2010,21,46,12,6,0,1,3,1,4,2,2,3,0,1,1,,,
201014102927,2,2,1,74,4,4.176,2,4,6,2010,16,5,12,1,1,19,1,1,3,1,2,3,0,1,8,,,
201014102967,3,2,1,74,4,16.703,1,4,3,2010,18,55,22,0,0,2,1,1,2,1,2,3,0,2,1,,,
201014102977,6,2,9,74,4,129.45,5,4,7,2010,12,15,12,1,0,1,1,1,0,0,2,3,0,1,1,,,
201014102984,1,2,9,74,4,4.176,2,4,4,2010,9,45,30,0,0,1,1,10,4,1,2,3,1,1,5,,,
201014102997,2,2,9,74,4,4.176,2,4,4,2010,22,50,12,1,0,1,3,10,0,0,1,3,0,1,1,,,
201014102999,3,2,9,74,4,16.703,2,4,4,2010,12,30,12,1,0,2,1,10,4,1,2,3,0,2,1,,,
201014103022,4,2,9,74,4,296.482,2,4,3,2010,21,12,12,8,0,1,3,1,0,0,2,3,0,1,1,,,
201014103066,5,2,1,74,4,58.461,2,4,7,2010,21,44,12,6,0,2,3,1,1,1,2,3,0,2,1,,,
201014103076,1,2,1,74,4,4.176,3,4,2,2010,15,25,12,1,0,2,1,1,3,3,2,3,0,2,1,,,
201014103079,4,2,1,74,4,296.482,3,4,2,2010,18,5,12,1,0,1,1,1,1,1,2,3,0,1,1,,,
201014103083,1,2,1,74,4,4.176,2,4,2,2010,15,39,12,6,0,2,1,1,3,3,2,3,0,2,1,,,
201014103087,3,2,1,74,4,16.703,1,4,2,2010,14,30,18,0,0,1,1,1,2,1,2,3,0,1,1,,,
201014103102,6,2,1,74,4,129.45,1,4,4,2010,23,15,1,0,1,19,3,1,0,0,1,3,0,1,6,,,
201014103137,2,2,9,74,4,4.176,3,4,2,2010,14,48,12,1,1,18,1,10,1,1,2,3,0,1,1,,,
201014103169,2,2,1,74,4,4.176,2,4,6,2010,20,50,12,1,0,2,3,2,2,1,2,3,0,8,1,,,
201014103171,1,2,1,74,4,4.176,2,4,6,2010,17,10,12,6,0,2,1,10,3,1,2,3,0,2,1,,,
201014103178,1,2,1,74,4,4.176,2,4,1,2010,16,32,12,6,0,2,1,10,3,2,2,3,0,2,1,,,
201014103206,3,2,1,74,4,16.703,1,5,5,2010,5,51,21,0,0,2,1,2,3,1,2,3,0,2,1,,,
201014103222,6,2,1,74,4,129.45,2,5,7,2010,16,52,12,6,0,2,1,1,0,0,2,3,0,2,1,,,
201014103235,1,2,9,74,4,4.176,1,5,4,2010,8,9,77,0,0,1,1,2,3,1,2,3,0,1,4,,,
201014103265,5,2,9,74,4,58.461,4,5,1,2010,11,34,12,6,0,2,1,10,2,3,2,3,0,2,1,,,
201014103275,1,2,9,74,4,4.176,1,5,3,2010,16,32,30,0,0,1,1,1,3,3,2,3,0,1,4,,,
201014103281,3,2,9,74,4,16.703,2,5,3,2010,16,42,12,6,0,2,1,1,3,1,2,3,0,2,1,,,
201014103310,1,2,9,74,4,4.176,1,5,5,2010,10,25,39,0,0,2,1,2,3,1,2,3,0,3,5,,,
201014103357,6,2,9,74,4,129.45,1,5,2,2010,17,0,25,0,0,1,1,1,0,0,2,3,0,1,3,,,
201014103397,4,2,1,74,4,296.482,2,5,6,2010,18,20,12,6,0,2,1,1,1,1,2,3,0,3,1,,,
201014103481,5,2,1,74,4,58.461,1,5,7,2010,6,50,30,0,0,2,1,1,2,1,1,3,0,2,4,,,
201014103487,6,2,1,74,4,129.45,2,5,7,2010,11,30,12,6,0,2,1,1,2,4,2,3,0,3,1,,,
201014103498,4,2,1,74,4,296.482,2,5,7,2010,1,50,12,1,0,2,3,1,0,0,2,3,0,2,1,,,
201014103513,1,2,9,74,4,4.176,1,5,2,2010,0,0,38,0,0,1,3,10,3,3,1,3,0,1,5,,,
201014103527,3,2,9,74,4,16.703,1,5,4,2010,21,13,22,0,0,2,3,1,2,1,2,3,0,2,1,,,
201014103531,1,2,9,74,4,4.176,2,5,6,2010,20,22,12,6,0,2,5,6,3,2,2,3,0,2,1,,,
201014103534,4,2,9,74,4,296.482,2,5,6,2010,8,10,12,1,0,2,1,1,0,0,2,3,0,3,1,,,
201014103545,5,2,9,74,4,58.461,2,5,6,2010,16,40,12,2,0,1,1,1,1,1,2,3,0,1,1,,,
201014103634,6,2,9,74,4,129.45,2,6,6,2010,10,56,12,6,0,2,1,1,2,2,2,3,0,2,1,,,
201014103636,1,2,9,74,4,4.176,2,6,3,2010,10,50,12,6,0,2,1,1,3,2,2,3,0,2,1,,,
201014103637,4,2,9,74,4,296.482,3,6,3,2010,13,30,12,1,0,1,1,1,0,0,2,3,0,1,1,,,
201014103672,4,2,1,74,4,296.482,2,6,4,2010,9,56,12,7,0,1,1,1,1,1,2,3,0,1,1,,,
201014103679,1,2,1,74,4,4.176,1,6,3,2010,12,39,30,0,0,1,1,1,3,2,2,3,0,1,4,,,
201014103683,1,2,1,74,4,4.176,2,6,5,2010,20,5,12,6,0,2,1,10,3,1,2,3,0,2,1,,,
201014103695,3,2,1,74,4,16.703,1,6,5,2010,17,52,10,0,0,1,1,1,2,1,2,3,0,1,1,,,
201014103720,1,2,9,74,4,4.176,2,6,4,2010,7,40,12,6,0,2,1,1,3,2,2,3,0,3,1,,,
201014103731,6,2,9,74,4,129.45,2,6,4,2010,10,0,12,6,0,2,1,1,1,1,2,3,0,2,1,,,
201014103732,3,2,9,74,4,16.703,2,6,4,2010,17,55,12,1,0,1,1,1,3,2,2,3,0,1,1,,,
201014103775,3,2,9,74,4,16.703,2,6,5,2010,17,10,12,7,0,1,1,10,2,2,2,3,0,1,1,,,
201014103797,6,2,9,74,4,129.45,3,6,5,2010,16,3,12,1,0,1,1,1,0,0,2,3,0,1,1,,,
201014103819,3,2,1,74,4,16.703,1,6,4,2010,15,37,22,0,0,2,1,10,2,1,2,3,0,2,1,,,
201014103836,5,2,1,74,4,58.461,2,6,6,2010,13,20,12,6,0,2,1,1,2,1,2,3,0,2,1,,,
201014103854,2,2,1,74,4,4.176,2,6,6,2010,14,13,12,6,0,2,1,1,0,0,2,3,0,2,1,,,
201014103857,3,2,1,74,4,16.703,2,6,6,2010,16,42,12,1,0,1,1,1,2,1,2,3,0,1,1,,,
201014103865,1,2,1,74,4,4.176,2,6,2,2010,15,50,12,7,0,2,1,1,3,2,2,3,0,2,1,,,
201014103870,1,2,1,74,4,4.176,3,6,3,2010,13,50,12,1,0,1,1,1,3,1,2,3,0,1,1,,,
201014103872,4,2,1,74,4,296.482,2,6,3,2010,18,30,14,0,0,4,1,1,0,0,2,3,1,1,7,,,
201014103894,1,2,9,74,4,4.176,3,6,3,2010,20,50,14,0,0,1,1,10,3,2,1,3,2,1,7,,,
201014103898,3,2,9,74,4,16.703,1,6,2,2010,1,5,1,0,0,2,6,1,3,1,1,3,0,3,1,,,
201014103928,5,2,9,74,4,58.461,2,7,6,2010,23,0,12,2,0,2,3,1,2,1,1,3,0,2,1,,,
201014103938,6,2,9,74,4,129.45,2,7,6,2010,0,24,12,6,0,2,3,1,0,0,1,3,0,2,1,,,
201014103945,5,2,2,74,4,58.461,2,7,3,2010,13,15,12,6,0,2,1,10,1,1,2,8,0,2,1,,,
201014103955,1,2,2,74,4,4.176,2,7,5,2010,16,8,12,6,0,2,1,1,3,3,2,8,0,2,1,,,
201014103972,3,2,9,74,4,16.703,1,7,7,2010,15,45,1,0,0,1,1,1,3,2,2,3,0,1,3,,,
201014103984,4,2,9,74,4,296.482,2,7,2,2010,15,43,12,6,0,2,1,10,0,0,2,3,0,2,1,,,
201014104032,2,2,1,74,4,4.176,2,7,3,2010,14,16,12,6,0,2,1,1,0,0,2,3,0,3,1,,,
201014104058,6,2,2,74,4,129.45,1,7,7,2010,21,40,24,0,0,1,2,1,0,0,2,8,0,1,1,,,
201014104060,1,2,2,74,4,4.176,1,7,6,2010,0,18,58,0,0,1,3,1,3,1,2,8,0,1,4,,,
201014104061,3,2,2,74,4,16.703,1,7,5,2010,17,40,21,0,0,4,1,1,2,1,2,8,0,1,1,,,
201014104067,1,2,1,74,4,4.176,2,6,3,2010,0,22,12,6,0,2,3,1,3,2,1,3,0,2,1,,,
201014104088,6,2,1,74,4,129.45,3,7,4,2010,15,58,12,6,0,2,1,2,0,0,2,3,0,2,1,,,
201014104097,3,2,1,74,4,16.703,1,7,4,2010,9,55,42,0,0,1,1,10,2,1,2,3,0,1,6,,,
201014104099,4,2,1,74,4,296.482,3,7,4,2010,19,20,12,1,0,1,1,10,0,0,2,3,0,1,1,,,
201014104137,3,2,1,74,4,16.703,2,7,3,2010,15,48,12,6,0,2,1,10,2,1,2,3,0,2,1,,,
201014104174,3,2,9,74,4,16.703,3,7,3,2010,23,15,12,7,0,1,3,1,2,1,2,3,1,1,1,,,
201014104175,1,2,9,74,4,4.176,2,7,5,2010,20,45,12,2,0,1,5,1,3,4,1,3,0,1,1,,,
201014104187,6,2,9,74,4,129.45,2,7,5,2010,13,0,12,1,0,2,1,10,1,1,2,3,0,2,1,,,
201014104198,1,2,9,74,4,4.176,1,7,4,2010,2,5,30,0,0,2,3,1,3,2,1,3,0,2,4,,,
201014104238,3,2,9,74,4,16.703,1,7,6,2010,12,19,22,0,0,1,1,1,2,1,2,3,0,1,1,,,
201014104272,3,2,9,74,4,16.703,1,7,5,2010,2,55,21,0,0,1,3,1,3,1,1,3,0,1,1,,,
201014104298,3,2,1,74,4,16.703,1,7,4,2010,7,30,22,0,0,2,1,10,2,1,2,3,0,2,1,,,
201014104307,4,2,1,74,4,296.482,2,7,4,2010,20,35,12,1,0,1,2,1,1,1,2,3,0,1,1,,,
201014104333,3,2,1,74,4,16.703,2,7,6,2010,5,32,12,6,0,2,4,2,3,1,1,3,0,2,1,,,
201014104372,6,2,1,74,4,129.45,1,7,7,2010,4,38,39,0,0,2,3,10,0,0,1,3,0,2,5,,,
201014104403,3,2,1,74,4,16.703,2,8,3,2010,14,50,12,6,0,2,1,1,2,1,2,3,0,3,1,,,
201014104422,4,2,1,74,4,296.482,2,8,3,2010,11,45,12,7,0,2,1,1,0,0,2,3,0,3,1,,,
201014104438,2,2,9,74,4,4.176,2,7,4,2010,13,43,12,1,0,2,1,10,0,0,2,3,0,2,1,,,
201014104441,2,2,9,74,4,4.176,2,7,4,2010,9,26,12,6,1,5,1,10,0,0,2,3,0,2,1,,,
201014104483,1,2,9,74,4,4.176,1,7,2,2010,14,40,30,0,0,1,1,10,3,1,2,3,0,1,4,,,
201014104485,1,2,9,74,4,4.176,1,7,6,2010,9,15,19,0,0,2,1,1,3,2,1,3,0,2,5,,,
201014104490,4,2,9,74,4,296.482,3,8,2,2010,7,0,12,6,0,2,4,1,0,0,2,3,0,2,1,,,
201014104526,6,2,9,74,4,129.45,2,8,4,2010,23,55,38,0,0,2,3,1,0,0,1,3,1,8,5,,,
201014104530,3,2,9,74,4,16.703,1,8,6,2010,0,7,13,0,0,1,3,1,2,1,1,3,0,1,1,,,
201014104544,2,2,9,74,4,4.176,2,8,6,2010,1,17,12,6,0,2,3,1,2,1,1,3,0,2,1,,,
201014104553,5,2,9,74,4,58.461,2,8,1,2010,13,45,12,6,0,2,1,1,1,2,2,3,0,2,1,,,
201014104579,2,2,9,74,4,4.176,2,8,3,2010,15,44,12,7,0,1,1,1,0,0,2,3,0,1,1,,,
201014104604,2,2,1,74,4,4.176,1,8,5,2010,10,19,25,0,1,5,1,1,0,0,2,3,0,1,4,,,
201014104612,5,2,1,74,4,58.461,2,8,5,2010,14,40,12,1,0,2,1,1,2,2,2,3,0,2,1,,,
201014104615,1,2,1,74,4,4.176,3,8,7,2010,1,38,14,0,0,1,6,1,3,2,1,3,2,1,7,,,
201014104623,1,2,1,74,4,4.176,1,8,7,2010,13,12,42,0,0,1,1,1,3,2,2,3,0,1,5,,,
201014104629,6,2,1,74,4,129.45,2,8,7,2010,14,56,12,1,0,2,1,1,0,0,2,3,0,8,1,,,
201014104631,3,2,1,74,4,16.703,4,8,7,2010,13,15,12,7,0,2,1,1,3,1,2,3,2,3,1,,,
201014104646,2,2,1,74,4,4.176,2,8,2,2010,14,47,12,6,0,2,1,1,0,0,2,3,0,2,1,,,
201014104669,3,2,1,74,4,16.703,1,8,4,2010,7,54,1,0,0,2,1,1,3,1,2,3,0,2,1,,,
201014104714,1,2,9,74,4,4.176,3,8,7,2010,19,2,12,7,0,2,1,1,3,2,2,3,0,2,1,,,
201014104719,4,2,9,74,4,296.482,2,8,7,2010,17,0,12,1,0,1,1,1,1,1,2,3,0,1,1,,,
201014104737,2,2,1,74,4,4.176,2,8,6,2010,15,34,12,6,0,2,1,1,2,1,2,3,0,2,1,,,
201014104752,4,2,1,74,4,296.482,2,8,6,2010,18,30,12,1,0,2,1,1,1,1,2,3,0,2,1,,,
201014104773,2,2,1,74,4,4.176,4,8,5,2010,12,50,12,1,0,2,1,1,2,4,2,3,0,3,1,,,
201014104782,1,2,1,74,4,4.176,1,8,5,2010,11,28,25,0,0,1,1,1,3,1,2,3,0,1,3,,,
201014104797,1,2,1,74,4,4.176,2,8,5,2010,7,45,12,6,0,2,1,10,3,2,2,3,0,2,1,,,
201014104803,2,2,9,74,4,4.176,2,8,2,2010,8,10,12,7,0,1,1,1,0,0,2,3,0,1,1,,,
201014104820,3,2,9,74,4,16.703,1,8,4,2010,21,46,21,0,0,4,3,1,3,2,2,3,0,1,1,,,
201014104832,1,2,9,74,4,4.176,1,8,6,2010,13,50,19,0,0,2,1,1,3,1,2,3,0,3,5,,,
201014104839,1,2,9,74,4,4.176,1,8,6,2010,0,39,42,0,0,2,3,1,3,1,2,3,0,3,6,,,
201014104860,2,2,9,74,4,4.176,2,8,6,2010,7,45,12,6,0,2,1,2,3,2,2,3,0,2,1,,,
201014104866,1,2,2,74,4,4.176,2,8,2,2010,12,10,12,6,0,2,1,1,3,2,2,8,0,2,1,,,
201014104878,3,2,9,74,4,16.703,1,8,4,2010,17,57,22,0,0,2,1,1,3,1,2,3,0,2,1,,,
201014104880,1,2,9,74,4,4.176,1,8,1,2010,4,10,30,0,0,2,3,10,3,1,1,3,0,4,4,,,
201014104883,1,2,9,74,4,4.176,1,8,3,2010,12,24,1,0,0,1,1,1,3,1,2,3,0,1,11,,,
201014104926,5,2,9,74,4,58.461,2,8,7,2010,13,45,12,6,0,2,1,1,1,1,2,3,0,2,1,,,
201014104938,3,2,9,74,4,16.703,1,8,7,2010,19,50,1,0,1,18,1,1,2,2,2,3,0,1,1,,,
201014104948,2,2,9,74,4,4.176,2,8,2,2010,9,0,12,6,0,2,1,1,1,1,2,3,0,3,1,,,
201014104976,3,2,1,74,4,16.703,1,8,7,2010,20,2,21,0,0,1,1,1,3,1,1,3,0,1,1,,,
201014104989,5,2,1,74,4,58.461,1,8,4,2010,15,48,30,0,0,1,1,1,0,0,2,3,0,1,4,,,
201014104993,3,2,1,74,4,16.703,1,8,4,2010,20,38,22,0,0,2,3,1,2,1,2,3,0,2,1,,,
201014104996,2,2,1,74,4,4.176,2,8,4,2010,2,11,12,1,0,2,3,1,0,0,1,3,0,2,1,,,
201014104999,1,2,1,74,4,4.176,1,8,4,2010,15,38,42,0,0,1,1,1,3,5,2,3,0,1,4,,,
201014105001,2,2,1,74,4,4.176,3,8,4,2010,7,38,12,6,0,2,1,1,1,1,2,3,0,2,1,,,
201014105017,6,2,1,74,4,129.45,2,8,6,2010,17,15,12,6,0,4,1,1,0,0,2,3,0,1,1,,,
201014105043,3,2,1,74,4,16.703,1,8,1,2010,0,18,21,0,0,1,3,1,2,1,1,3,0,1,1,,,
201014105048,1,2,1,74,4,4.176,2,8,1,2010,16,31,12,6,0,2,1,1,3,2,2,3,0,2,1,,,
201014105064,1,2,1,74,4,4.176,1,8,3,2010,9,50,42,0,1,5,1,1,3,1,2,3,0,1,8,,,
201014105074,4,2,1,74,4,296.482,2,8,3,2010,19,51,54,11,0,1,5,1,0,0,2,3,0,1,1,,,
201014105101,2,2,9,74,4,4.176,2,9,5,2010,18,59,12,7,0,1,1,1,0,0,2,3,0,1,1,,,
201014105106,1,2,9,74,4,4.176,1,9,5,2010,16,9,30,0,0,1,1,1,4,1,2,3,0,1,4,,,
201014105112,6,2,9,74,4,129.45,2,9,5,2010,7,40,12,1,0,2,1,1,0,0,2,3,0,2,1,,,
201014105118,3,2,9,74,4,16.703,1,9,5,2010,15,42,21,0,0,1,1,10,2,1,2,3,0,1,1,,,
201014105136,2,2,1,74,4,4.176,1,9,4,2010,9,0,1,0,1,5,1,10,0,0,2,3,0,1,1,,,
201014105151,2,2,2,74,4,4.176,2,9,3,2010,20,50,12,6,0,1,3,1,0,0,2,8,0,1,1,,,
201014105155,6,2,2,74,4,129.45,1,9,1,2010,0,45,42,0,0,2,2,1,1,1,1,8,0,3,5,,,
201014105163,2,2,4,74,4,4.176,3,8,5,2010,7,40,12,1,0,1,1,1,0,0,2,8,0,1,1,,,
201014105195,4,2,1,74,4,296.482,2,9,7,2010,21,45,14,0,0,1,3,1,0,0,2,3,1,1,7,,,
201014105209,2,2,9,74,4,4.176,2,9,7,2010,7,55,12,7,0,1,1,1,0,0,2,3,0,1,11,,,
201014105224,2,2,9,74,4,4.176,3,9,4,2010,18,14,12,1,0,1,1,10,0,0,2,3,0,1,1,,,
201014105274,1,2,1,74,4,4.176,2,9,5,2010,1,34,14,0,0,1,3,1,3,1,2,3,1,1,5,,,
201014105276,6,2,1,74,4,129.45,2,9,7,2010,13,50,12,6,0,2,1,1,1,3,1,3,0,2,1,,,
201014105326,3,2,1,74,4,16.703,1,9,6,2010,14,30,21,0,0,2,1,1,2,2,2,3,0,2,1,,,
201014105339,1,2,1,74,4,4.176,2,9,1,2010,14,40,12,6,0,4,1,10,3,1,2,3,0,1,1,,,
201014105366,6,2,1,74,4,129.45,2,9,3,2010,10,35,12,2,0,2,1,2,1,2,2,3,0,2,1,,,
201014105369,4,2,1,74,4,296.482,2,9,3,2010,12,0,12,6,0,2,1,1,0,0,2,3,0,4,1,,,
201014105407,4,2,9,74,4,296.482,2,9,2,2010,7,30,12,2,0,1,4,1,0,0,2,3,0,1,1,,,
201014105422,3,2,9,74,4,16.703,1,9,6,2010,18,5,1,0,0,1,1,1,2,1,2,3,0,1,1,,,
201014105448,3,2,9,74,4,16.703,1,9,6,2010,22,17,1,0,0,1,3,1,3,1,2,3,0,1,1,,,
201014105489,1,2,1,74,4,4.176,1,9,5,2010,18,15,59,0,0,1,5,2,3,2,2,3,0,1,4,,,
201014105490,2,2,1,74,4,4.176,1,9,5,2010,10,27,30,0,1,2,1,2,0,0,2,3,0,2,4,,,
201014105493,2,2,1,74,4,4.176,2,9,5,2010,13,40,12,6,0,4,1,2,0,0,2,3,0,1,1,,,
201014105506,1,2,2,74,4,4.176,2,10,7,2010,17,50,12,6,0,2,1,1,3,4,2,8,0,2,1,,,
201014105511,3,2,4,74,4,16.703,2,10,5,2010,18,20,12,1,0,2,1,1,3,1,2,8,0,8,1,,,