CASENUM,STRATUM,REGION,PJ,PSU,PSUSTRAT,WEIGHT,VE_TOTAL,MONTH,WKDY_IM,YEAR,HOUR_IM,MINUTE_IM,EVENT1_IM,MANCOL_IM,RELJCT1_IM,RELJCT2_IM,LGTCON_IM,WEATHR_IM,MAXSEV_IM,NO_INJ_IM,ALCHL_IM,LAND_USE,PVH_INVL,TYP_INT,REL_ROAD,CF1,CF2,CF3
201014105514,5,2,4,74,4,58.461,3,9,6,2010,17,10,12,1,0,1,1,1,1,1,2,8,0,1,1,,,
201014105533,5,2,9,74,4,58.461,2,9,3,2010,11,25,12,6,0,2,1,1,5,3,2,3,0,2,1,,,
201014105535,1,2,9,74,4,4.176,2,9,3,2010,2,42,12,6,0,2,3,1,4,4,1,3,0,3,1,,,
201014105592,6,2,9,74,4,129.45,2,10,4,2010,7,55,12,6,0,2,1,1,0,0,2,3,0,2,1,,,
201014105604,2,2,1,74,4,4.176,1,9,7,2010,12,56,25,0,0,1,1,2,0,0,2,3,0,1,3,,,
201014105609,2,2,1,74,4,4.176,2,9,2,2010,12,48,12,1,0,2,1,1,0,0,2,3,0,3,1,,,
201014105625,3,2,1,74,4,16.703,1,9,4,2010,18,19,22,0,0,2,1,1,2,1,2,3,0,2,1,,,
201014105628,2,2,1,74,4,4.176,2,9,4,2010,17,0,12,1,0,2,1,1,0,0,2,3,0,2,1,,,
201014105652,6,2,1,74,4,129.45,1,10,6,2010,8,50,42,0,0,1,1,1,0,0,2,3,0,1,6,,,
201014105711,2,2,1,74,4,4.176,2,10,4,2010,17,11,33,0,0,1,1,1,0,0,2,3,0,1,4,,,
201014105720,2,2,1,74,4,4.176,7,10,6,2010,19,26,12,1,0,1,2,1,0,0,2,3,0,1,1,,,
201014105739,6,2,1,74,4,129.45,2,10,6,2010,17,20,12,1,0,1,1,1,1,2,2,3,0,1,1,,,
201014105751,3,2,9,74,4,16.703,1,10,1,2010,14,40,22,0,0,2,1,1,2,1,2,3,0,2,1,,,
201014105766,1,2,9,74,4,4.176,1,10,3,2010,22,58,30,0,0,1,3,1,3,1,2,3,0,1,4,,,
201014105772,2,2,9,74,4,4.176,2,10,5,2010,17,5,12,7,0,1,1,1,0,0,2,3,0,1,1,,,
201014105802,6,2,2,74,4,129.45,1,10,7,2010,23,48,42,0,0,2,3,1,0,0,1,8,0,3,4,,,
201014105868,5,2,2,74,4,58.461,3,11,3,2010,7,45,12,6,0,1,4,1,2,2,2,8,0,1,1,,,
201014105871,1,2,2,74,4,4.176,1,10,7,2010,9,15,1,0,0,1,1,1,3,1,2,8,0,1,4,,,
201014105886,6,2,1,74,4,129.45,2,10,4,2010,12,37,12,6,0,2,1,10,0,0,2,3,0,2,1,,,
201014105907,5,2,1,74,4,58.461,3,10,6,2010,16,20,12,6,0,2,1,1,2,1,2,3,0,2,1,,,
201014105940,1,2,9,74,4,4.176,2,10,6,2010,11,36,12,2,0,2,1,1,3,5,2,3,0,2,1,,,
201014105980,2,2,9,74,4,4.176,2,10,5,2010,13,25,12,1,0,2,1,1,0,0,2,3,0,2,1,,,
201014105981,6,2,9,74,4,129.45,2,10,5,2010,14,14,12,6,0,2,1,1,0,0,2,3,0,2,1,,,
201014105982,4,2,9,74,4,296.482,2,10,5,2010,9,57,12,6,0,2,1,1,0,0,2,3,0,2,1,,,
201014105995,1,2,2,74,4,4.176,3,11,7,2010,1,36,12,1,0,1,3,1,3,3,1,8,0,1,1,,,
201014106007,3,2,1,74,4,16.703,1,11,4,2010,16,10,21,0,0,2,1,10,4,1,2,3,0,2,1,,,
201014106034,1,2,1,74,4,4.176,2,11,6,2010,22,20,12,6,0,2,3,1,3,3,2,3,0,2,1,,,
201014106055,6,2,1,74,4,129.45,3,11,6,2010,12,23,12,1,0,1,1,1,0,0,2,3,0,1,1,,,
201014106092,2,2,9,74,4,4.176,2,11,5,2010,17,0,12,1,0,1,1,1,1,1,2,3,0,1,1,,,
201014106110,1,2,9,74,4,4.176,1,11,3,2010,1,59,30,0,0,2,3,1,3,1,1,3,0,2,4,,,
201014106117,5,2,9,74,4,58.461,2,11,4,2010,8,50,12,6,0,2,1,10,1,2,2,3,0,2,1,,,
201014106124,6,2,9,74,4,129.45,1,11,4,2010,6,32,25,0,0,1,4,10,0,0,2,3,0,1,3,,,
201014106129,4,2,9,74,4,296.482,2,11,4,2010,21,30,12,7,0,1,3,1,0,0,2,3,0,1,1,,,
201014106191,1,2,9,74,4,4.176,1,11,6,2010,14,13,42,0,0,1,1,2,4,1,1,3,0,1,4,,,
201014106196,1,2,1,74,4,4.176,1,11,4,2010,16,48,39,0,0,1,1,1,3,1,1,3,0,1,4,,,
201014106237,3,2,1,74,4,16.703,1,11,2,2010,17,30,21,0,0,2,5,10,2,2,2,3,0,3,1,,,
201014106247,1,2,1,74,4,4.176,4,11,4,2010,9,25,12,6,0,2,1,10,3,2,2,3,1,2,1,,,
201014106307,1,2,2,74,4,4.176,2,11,1,2010,13,45,12,6,0,2,1,1,3,1,2,8,0,2,1,,,
201014106322,1,2,2,74,4,4.176,2,11,2,2010,7,30,12,6,0,2,4,3,3,1,2,8,0,3,1,,,
201014106325,4,2,2,74,4,296.482,2,11,7,2010,18,7,14,0,0,1,1,10,0,0,2,8,1,1,7,,,
201014106347,3,2,9,74,4,16.703,2,11,5,2010,2,10,12,1,0,1,3,10,2,2,1,3,0,1,1,,,
201014106351,6,2,1,74,4,129.45,3,11,1,2010,14,15,14,0,0,1,1,10,0,0,2,3,2,1,7,,,
201014106365,3,2,1,74,4,16.703,1,11,3,2010,14,49,75,0,0,1,1,1,2,2,2,3,0,1,4,,,
201014106385,2,2,1,74,4,4.176,2,11,7,2010,5,50,12,6,0,2,1,10,0,0,2,3,0,2,1,,,
201014106389,1,2,1,74,4,4.176,2,11,7,2010,16,10,12,6,0,2,1,1,3,1,2,3,0,2,1,,,
201014106464,6,2,9,74,4,129.45,2,11,6,2010,11,20,12,1,0,2,1,1,1,1,2,3,0,2,1,,,
201014106478,5,2,9,74,4,58.461,5,11,1,2010,12,51,12,6,0,2,1,1,1,3,2,3,0,2,1,,,
201014106532,4,2,9,74,4,296.482,2,11,3,2010,6,45,12,1,0,2,4,1,0,0,2,3,0,2,1,,,
201014106559,3,2,9,74,4,16.703,2,12,5,2010,9,40,12,8,0,1,1,1,4,1,2,3,0,1,1,,,
201014106575,1,2,9,74,4,4.176,2,12,7,2010,23,4,12,6,0,2,3,1,3,3,2,3,0,2,1,,,
201014106586,4,2,1,74,4,296.482,2,12,4,2010,18,21,12,1,0,2,3,1,0,0,2,3,0,2,1,,,
201014106588,6,2,1,74,4,129.45,2,12,4,2010,14,11,12,6,0,4,1,1,0,0,2,3,0,1,1,,,
201014106633,5,2,1,74,4,58.461,2,12,1,2010,17,44,12,6,0,2,3,1,1,3,2,3,0,2,1,,,
201014106635,1,2,1,74,4,4.176,2,12,1,2010,1,41,12,2,0,1,3,1,3,1,1,3,0,1,1,,,
201014106638,1,2,1,74,4,4.176,4,12,4,2010,18,7,12,6,0,2,3,1,3,2,1,3,0,2,1,,,
201014106674,6,2,1,74,4,129.45,3,12,5,2010,18,11,12,1,1,18,3,1,0,0,2,3,0,1,1,,,
201014106679,4,2,1,74,4,296.482,2,12,5,2010,13,32,12,6,0,2,1,1,0,0,2,3,0,2,1,,,
201014106707,3,2,1,74,4,16.703,1,12,7,2010,11,45,30,0,0,2,1,4,2,1,2,3,0,2,4,,,
201014106744,6,2,1,74,4,129.45,3,12,2,2010,17,32,12,1,1,18,3,1,1,1,2,3,0,1,1,,,
201014106773,2,2,2,74,4,4.176,2,12,6,2010,7,40,12,1,0,1,4,10,1,1,2,8,0,1,1,,,
201014106780,6,2,2,74,4,129.45,2,12,4,2010,11,25,12,1,0,2,1,10,0,0,2,8,0,2,1,,,
201014106841,4,2,1,74,4,296.482,2,12,6,2010,19,36,12,1,0,2,3,1,0,0,2,3,0,2,1,,,
201014106858,6,2,9,74,4,129.45,2,12,3,2010,14,29,12,1,0,1,1,10,0,0,2,3,0,1,1,,,
201014106874,2,2,9,74,4,4.176,2,12,5,2010,2,56,12,6,0,4,3,5,0,0,1,3,0,1,1,,,
201014106883,4,2,9,74,4,296.482,2,12,5,2010,11,10,14,0,0,4,1,1,0,0,2,3,1,1,7,,,
201014106895,3,2,9,74,4,16.703,1,12,5,2010,15,4,40,0,0,1,1,10,3,1,2,3,0,1,4,,,
201014106948,5,2,1,74,4,58.461,1,12,3,2010,5,50,25,0,0,1,3,1,1,1,2,3,0,1,3,,,
201014106950,3,2,1,74,4,16.703,2,12,3,2010,18,45,12,6,0,4,3,10,2,1,2,3,0,1,1,,,
201014106972,1,2,2,74,4,4.176,1,12,4,2010,7,5,24,0,0,1,2,5,3,1,2,8,0,1,1,,,
201014107006,2,2,1,74,4,4.176,2,12,4,2010,12,17,12,6,0,2,1,5,0,0,2,3,0,2,1,,,
201014107008,1,2,1,74,4,4.176,2,12,4,2010,20,21,12,6,0,2,3,2,3,2,1,3,0,2,1,,,
201014107013,4,2,1,74,4,296.482,3,12,4,2010,15,45,12,1,0,1,5,2,0,0,2,3,0,1,1,,,
201014107033,6,2,1,74,4,129.45,1,12,6,2010,9,53,30,0,0,1,1,4,0,0,2,3,0,1,4,,,
201014107059,3,2,1,74,4,16.703,1,12,6,2010,15,30,21,0,0,2,1,4,2,1,1,3,0,2,1,,,
201014107079,1,2,9,74,4,4.176,1,12,3,2010,17,10,42,0,0,1,3,10,3,1,2,3,0,1,4,,,
201014107096,1,2,9,74,4,4.176,2,12,5,2010,1,25,12,1,0,2,3,1,3,1,1,3,0,2,1,,,
201014738050,4,2,2,13,6,311.734,1,1,7,2010,18,28,34,0,0,1,2,4,0,0,2,3,0,1,4,,,
201014738054,5,2,2,13,6,38.967,1,1,1,2010,16,55,34,0,0,1,1,4,2,1,1,3,0,1,4,,,
201014738065,6,2,3,13,6,116.9,2,1,7,2010,13,43,12,6,0,2,1,6,0,0,2,1,0,2,1,,,
201014738066,6,2,4,13,6,116.9,1,1,7,2010,2,0,34,0,0,1,3,10,0,0,1,8,0,1,4,,,
201014738074,6,2,4,13,6,116.9,1,1,6,2010,8,0,34,0,0,1,1,10,0,0,2,8,0,1,4,,,
201014738081,4,2,5,13,6,311.734,1,1,6,2010,4,45,74,0,0,1,2,4,0,0,1,1,0,8,4,,,
201014738114,4,2,2,13,6,311.734,2,1,2,2010,17,49,12,6,0,2,3,4,0,0,1,3,0,2,1,,,
201014738116,5,2,2,13,6,38.967,1,1,2,2010,12,34,34,0,0,1,1,4,1,1,2,3,0,1,4,,,
201014738129,4,2,2,13,6,311.734,2,1,3,2010,17,8,12,7,0,1,2,3,0,0,2,3,0,1,1,,,
201014738141,4,2,4,13,6,311.734,2,1,5,2010,12,0,12,1,0,2,1,4,0,0,2,8,0,2,1,,,
201014738145,6,2,2,13,6,116.9,1,1,5,2010,13,0,1,0,0,1,1,4,0,0,2,3,0,1,4,,,
201014738167,5,2,2,13,6,38.967,1,1,5,2010,15,15,1,0,0,1,1,4,2,1,2,3,0,1,4,,,
201014738171,4,2,2,13,6,311.734,1,1,6,2010,7,8,48,0,0,1,4,10,0,0,2,3,0,1,4,,,
201014738180,6,2,2,13,6,116.9,1,1,7,2010,13,41,53,0,0,1,1,1,0,0,2,3,0,1,4,,,
201014738182,6,2,5,13,6,116.9,1,1,2,2010,21,39,1,0,0,1,2,4,0,0,2,1,0,1,3,,,
201014738193,4,2,5,13,6,311.734,2,1,3,2010,16,45,12,1,1,5,1,10,0,0,2,1,0,1,1,,,
201014738203,4,2,3,13,6,311.734,1,1,5,2010,13,22,74,0,1,5,1,6,0,0,2,1,0,1,4,,,
201014738211,4,2,5,13,6,311.734,1,1,1,2010,19,30,24,0,0,1,2,10,0,0,2,1,0,1,1,,,
201014738234,4,2,6,13,6,311.734,1,1,2,2010,10,55,48,0,0,2,1,4,0,0,2,1,0,3,4,,,
201014738258,4,2,4,13,6,311.734,1,1,5,2010,1,0,24,0,0,1,2,10,0,0,2,8,0,1,1,,,
201014738285,6,2,5,13,6,116.9,3,1,2,2010,17,22,12,6,0,2,5,10,0,0,2,1,0,2,1,,,
201014738286,4,2,3,13,6,311.734,2,1,6,2010,10,33,12,6,1,5,1,10,1,1,2,1,0,1,1,,,
201014738294,5,2,3,13,6,38.967,2,1,2,2010,12,15,12,1,0,2,1,10,1,2,2,1,0,10,1,,,
201014738298,5,2,3,13,6,38.967,2,1,2,2010,6,58,12,1,0,1,3,6,2,1,2,1,0,1,1,,,
201014738300,4,2,5,13,6,311.734,1,1,6,2010,4,45,18,0,0,1,2,10,0,0,2,1,0,1,1,,,
201014738301,5,2,3,13,6,38.967,2,1,2,2010,14,21,12,6,0,4,1,10,1,1,2,1,0,1,1,,,
201014738302,6,2,3,13,6,116.9,2,1,7,2010,13,8,12,6,0,2,1,10,0,0,2,1,0,2,1,,,
201014738309,4,2,2,13,6,311.734,2,1,7,2010,13,35,12,1,0,4,1,1,0,0,2,3,0,1,1,,,
201014738317,6,2,2,13,6,116.9,2,1,3,2010,7,22,12,1,0,1,3,1,0,0,2,3,0,1,1,,,
201014738326,4,2,2,13,6,311.734,1,1,5,2010,19,43,24,0,0,1,2,10,0,0,2,3,0,1,1,,,
201014738334,4,2,7,13,6,275.059,2,1,4,2010,17,39,12,1,0,4,3,4,0,0,2,1,0,1,1,,,
201014738340,4,2,2,13,6,311.734,2,1,2,2010,5,24,12,7,0,2,3,1,0,0,1,3,0,2,1,,,
201014738373,5,2,1,13,6,38.967,2,1,3,2010,14,55,12,6,0,2,1,10,1,1,2,2,0,2,1,,,
201014738375,4,2,1,13,6,311.734,2,1,4,2010,14,47,12,7,0,1,1,10,0,0,2,2,0,1,1,,,
201014738383,4,2,1,13,6,311.734,2,1,2,2010,11,43,12,8,0,2,1,4,0,0,2,2,0,2,1,,,
201014738384,6,2,1,13,6,116.9,2,1,2,2010,15,37,12,6,0,2,1,4,0,0,2,2,0,2,1,,,
201014738386,3,2,1,13,6,38.967,2,1,2,2010,21,27,12,7,0,1,2,4,2,1,2,2,0,1,1,,,
201014738395,4,2,1,13,6,311.734,2,1,5,2010,15,0,12,6,0,1,1,4,0,0,2,2,0,1,1,,,
201014738397,6,2,1,13,6,116.9,3,1,5,2010,18,0,12,6,0,2,3,4,1,1,2,2,0,2,1,,,
201014738405,4,2,1,13,6,311.734,2,1,6,2010,16,36,12,6,0,4,1,1,0,0,2,2,0,1,1,,,
201014738408,3,2,1,13,6,38.967,1,1,6,2010,20,20,21,0,0,1,2,1,3,1,2,2,0,1,1,,,
201014738414,4,2,1,13,6,311.734,2,1,4,2010,8,51,12,1,0,2,1,10,1,1,2,2,0,2,1,,,
201014738419,5,2,1,13,6,38.967,2,1,7,2010,21,11,12,6,1,5,3,1,1,1,2,2,0,3,1,,,
201014738456,4,2,4,13,6,311.734,2,1,6,2010,19,30,12,10,0,4,2,1,0,0,2,8,0,1,1,,,
201014738459,6,2,4,13,6,116.9,1,1,1,2010,18,55,42,0,0,1,2,1,2,1,2,8,0,1,4,,,
201014738466,5,2,4,13,6,38.967,2,1,2,2010,20,30,12,1,0,1,2,4,2,4,2,8,0,1,1,,,
201014738468,4,2,4,13,6,311.734,1,1,7,2010,16,10,42,0,0,1,1,10,1,2,2,8,0,1,5,,,
201014738474,6,2,6,13,6,116.9,2,1,4,2010,7,45,12,1,0,1,1,10,0,0,2,1,0,1,1,,,
201014738476,4,2,5,13,6,311.734,2,1,3,2010,8,18,12,6,0,2,1,10,0,0,2,1,0,2,1,,,
201014738481,4,2,6,13,6,311.734,2,1,6,2010,11,8,12,1,0,2,1,10,0,0,2,1,0,2,1,,,
201014738484,5,2,6,13,6,38.967,2,1,6,2010,16,19,12,1,0,2,1,10,1,3,2,1,0,2,1,,,
201014738491,3,2,1,13,6,38.967,1,1,5,2010,14,53,22,0,0,2,1,1,2,2,2,2,0,2,1,,,
201014738494,4,2,1,13,6,311.734,2,1,5,2010,16,20,12,1,0,2,1,1,0,0,2,2,0,2,1,,,
201014738495,6,2,2,13,6,116.9,1,1,3,2010,18,45,1,0,0,1,2,10,0,0,2,3,0,1,4,,,
201014738496,4,2,2,13,6,311.734,1,1,3,2010,19,2,24,0,0,1,2,10,0,0,2,3,0,1,1,,,
201014738502,5,2,2,13,6,38.967,2,1,5,2010,8,43,12,2,0,1,1,1,2,3,2,3,0,1,1,,,
201014738517,4,2,2,13,6,311.734,1,1,3,2010,7,19,30,0,0,2,3,4,0,0,2,3,0,3,4,,,
201014738520,6,2,1,13,6,116.9,2,1,3,2010,17,54,12,6,0,2,3,10,0,0,2,2,0,2,1,,,
201014738524,3,2,2,13,6,38.967,1,1,3,2010,21,6,34,0,0,1,2,4,2,2,2,3,0,1,4,,,
201014738530,4,2,1,13,6,311.734,4,1,5,2010,14,55,12,2,0,1,1,4,1,1,2,2,0,1,1,,,
201014738538,2,2,3,13,6,38.967,2,1,5,2010,12,5,12,7,1,5,1,10,0,0,2,1,0,1,1,,,
201014738539,4,2,3,13,6,311.734,1,1,1,2010,3,34,74,0,0,1,2,10,0,0,2,1,0,1,4,,,
201014738546,6,2,3,13,6,116.9,2,1,3,2010,4,2,12,8,0,2,3,6,0,0,2,1,0,3,1,,,
201014738577,5,2,4,13,6,38.967,2,2,1,2010,10,1,12,6,0,2,1,1,1,2,2,8,0,3,1,,,
201014738579,4,2,2,13,6,311.734,1,2,2,2010,6,13,24,0,0,1,2,10,0,0,2,3,0,1,1,,,
201014738582,5,2,6,13,6,38.967,3,2,7,2010,17,16,12,1,0,2,1,1,1,1,2,1,0,2,1,,,
201014738587,6,2,2,13,6,116.9,1,2,3,2010,19,37,30,0,0,1,2,4,0,0,2,3,0,1,4,,,
201014738588,6,2,4,13,6,116.9,2,2,7,2010,14,0,12,1,0,2,1,1,2,1,1,8,0,2,1,,,
201014738589,5,2,2,13,6,38.967,1,2,3,2010,19,52,1,0,0,1,2,4,1,1,2,3,0,1,4,,,
201014738596,5,2,2,13,6,38.967,1,2,4,2010,9,33,59,0,0,1,1,2,1,1,2,3,0,1,4,,,
201014738607,6,2,2,13,6,116.9,2,2,4,2010,7,24,12,1,0,1,1,4,1,1,2,3,0,1,1,,,
201014738614,5,2,2,13,6,38.967,2,2,5,2010,19,1,12,2,0,2,2,1,2,3,1,3,0,2,1,,,
201014738619,4,2,5,13,6,311.734,1,2,3,2010,15,15,34,0,0,1,1,10,0,0,2,1,0,1,4,,,
201014738622,4,2,2,13,6,311.734,2,2,1,2010,17,22,12,1,0,1,1,1,1,1,2,3,0,1,1,,,
201014738629,6,2,5,13,6,116.9,2,2,7,2010,8,52,12,2,0,2,1,1,0,0,2,1,0,2,1,,,
201014738630,4,2,3,13,6,311.734,1,2,3,2010,16,52,74,0,0,1,1,10,0,0,2,1,0,1,4,,,
201014738655,4,2,4,13,6,311.734,2,2,3,2010,4,25,12,6,0,4,1,4,0,0,2,8,0,1,1,,,
201014738658,6,2,4,13,6,116.9,2,2,3,2010,17,15,12,2,0,1,1,4,1,1,2,8,0,1,1,,,
201014738660,5,2,4,13,6,38.967,2,2,3,2010,9,20,12,2,0,1,1,4,1,1,2,8,0,1,1,,,
201014738663,5,2,4,13,6,38.967,2,2,5,2010,11,20,12,1,0,4,1,10,2,2,2,8,0,1,1,,,
201014738673,4,2,5,13,6,311.734,1,2,3,2010,16,5,40,0,0,2,1,4,0,0,2,1,0,4,4,,,
201014738678,6,2,2,13,6,116.9,2,2,3,2010,22,40,12,6,0,1,2,4,1,1,2,3,0,1,1,,,
201014738681,6,2,5,13,6,116.9,2,2,4,2010,14,30,12,8,0,1,1,4,0,0,2,1,0,1,1,,,
201014738683,5,2,2,13,6,38.967,2,2,3,2010,16,31,12,6,0,2,1,4,1,2,2,3,0,2,1,,,
201014738687,5,2,5,13,6,38.967,2,2,7,2010,20,30,12,2,0,1,3,4,2,2,2,1,0,1,1,,,
201014738689,4,2,2,13,6,311.734,1,2,4,2010,5,28,1,0,0,1,2,4,0,0,2,3,0,1,3,,,
201014738692,6,2,2,13,6,116.9,1,2,4,2010,7,18,34,0,0,1,4,4,0,0,2,3,0,1,4,,,
201014738695,4,2,1,13,6,311.734,2,2,4,2010,18,33,12,1,0,2,1,1,0,0,2,2,0,2,1,,,
201014738704,5,2,1,13,6,38.967,2,1,2,2010,2,41,12,1,0,1,2,10,2,3,2,2,0,1,1,,,
201014738707,6,2,1,13,6,116.9,2,2,2,2010,7,48,12,6,0,2,1,10,0,0,2,2,0,2,1,,,
201014738708,4,2,2,13,6,311.734,1,2,1,2010,7,8,24,0,0,1,2,1,0,0,2,3,0,1,1,,,
201014738710,5,2,2,13,6,38.967,2,2,7,2010,16,36,12,6,0,4,1,1,2,2,2,3,0,1,1,,,
201014738718,6,2,2,13,6,116.9,1,2,2,2010,0,10,34,0,0,1,3,10,2,1,2,3,0,1,4,,,
201014738720,4,2,1,13,6,311.734,1,2,3,2010,19,14,24,0,0,1,3,4,0,0,2,2,0,1,1,,,
201014738724,4,2,3,13,6,311.734,2,2,4,2010,12,50,12,6,0,4,1,10,0,0,2,1,0,1,1,,,
201014738726,3,2,3,13,6,38.967,1,2,4,2010,8,40,74,0,0,1,1,10,2,1,2,1,0,1,3,,,
201014738731,5,2,1,13,6,38.967,1,2,4,2010,8,22,30,0,0,2,1,4,1,1,2,2,0,3,4,,,
201014738739,5,2,3,13,6,38.967,2,2,2,2010,19,47,12,1,0,1,2,10,1,1,2,1,0,1,1,,,
201014738743,4,2,1,13,6,311.734,2,2,5,2010,16,50,12,1,0,2,1,1,0,0,2,2,0,2,1,,,
201014738744,3,2,1,13,6,38.967,2,2,6,2010,14,24,12,7,0,1,1,1,4,2,2,2,0,1,1,,,
201014738747,6,2,1,13,6,116.9,2,2,2,2010,3,19,12,6,0,2,3,1,1,1,2,2,0,2,1,,,
201014738758,3,2,6,13,6,38.967,2,2,5,2010,22,0,12,6,0,2,3,1,2,3,2,1,0,2,1,,,
201014738763,3,2,2,13,6,38.967,1,2,2,2010,18,32,42,0,0,1,5,10,2,2,2,3,0,1,4,,,
201014738764,4,2,6,13,6,311.734,2,2,3,2010,11,30,12,6,0,4,1,4,0,0,2,1,0,1,1,,,
201014738768,4,2,2,13,6,311.734,1,2,3,2010,8,43,42,0,0,1,1,1,0,0,2,3,0,1,4,,,
201014738773,5,2,6,13,6,38.967,2,2,4,2010,17,45,12,6,0,2,5,1,1,1,2,1,0,2,1,,,
201014738779,4,2,2,13,6,311.734,1,2,7,2010,21,56,24,0,0,1,3,1,0,0,2,3,0,1,1,,,
201014738782,4,2,1,13,6,311.734,2,2,3,2010,17,43,12,6,0,1,1,4,0,0,2,2,0,1,1,,,
201014738785,6,2,3,13,6,116.9,1,2,6,2010,13,3,34,0,0,1,1,1,0,0,1,1,0,1,4,,,
201014738787,4,2,3,13,6,311.734,1,2,3,2010,12,5,38,0,0,1,1,6,0,0,2,1,0,1,5,,,
201014738794,3,2,1,13,6,38.967,2,2,5,2010,10,12,12,6,0,2,1,1,2,1,2,2,0,2,1,,,
201014738801,6,2,1,13,6,116.9,3,2,4,2010,18,52,12,2,0,2,3,1,0,0,2,2,0,2,1,,,
201014738802,4,2,7,13,6,275.059,1,2,4,2010,6,52,59,0,0,4,3,4,0,0,2,1,0,1,4,,,
201014738806,4,2,4,13,6,311.734,1,2,6,2010,13,20,74,0,0,1,1,4,0,0,2,8,0,1,4,,,
201014738809,4,2,1,13,6,311.734,1,2,5,2010,18,18,24,0,1,5,5,1,0,0,2,2,0,1,1,,,
201014738820,5,2,3,13,6,38.967,2,2,4,2010,19,55,12,6,0,2,3,6,2,2,2,1,0,2,1,,,
201014738822,3,2,5,13,6,38.967,2,2,2,2010,12,30,12,6,0,2,1,10,2,1,2,1,0,3,1,,,
201014738827,4,2,5,13,6,311.734,2,2,3,2010,7,48,12,6,0,2,1,4,0,0,2,1,0,8,1,,,
201014738830,4,2,1,13,6,311.734,2,2,3,2010,14,0,12,6,0,2,1,4,0,0,2,2,0,3,1,,,
201014738836,6,2,5,13,6,116.9,2,2,3,2010,11,21,25,0,0,1,1,4,1,2,2,1,0,1,3,,,
201014738843,4,2,5,13,6,311.734,2,2,7,2010,21,30,12,6,0,4,3,10,0,0,2,1,0,1,1,,,
201014738855,6,2,1,13,6,116.9,1,2,7,2010,16,0,30,0,0,2,1,1,2,1,1,2,0,2,4,,,
201014738856,6,2,2,13,6,116.9,1,2,4,2010,8,15,75,0,0,1,1,4,0,0,2,3,0,1,3,,,
201014738871,4,2,2,13,6,311.734,1,2,4,2010,1,45,59,0,0,2,3,4,0,0,2,3,0,3,4,,,
201014738876,4,2,1,13,6,311.734,2,2,4,2010,12,1,12,1,0,2,1,4,0,0,2,2,0,2,1,,,
201014738877,6,2,2,13,6,116.9,1,2,4,2010,17,38,1,0,0,1,1,4,0,0,2,3,0,1,4,,,
201014738880,5,2,2,13,6,38.967,2,2,5,2010,8,25,12,6,0,2,1,4,2,1,2,3,0,2,1,,,
201014738883,5,2,2,13,6,38.967,1,2,5,2010,21,38,34,0,0,1,2,1,2,1,1,3,0,1,4,,,
201014738886,1,2,4,13,6,38.967,2,2,3,2010,20,0,12,2,0,2,3,4,3,1,2,8,0,2,1,,,
201014738887,5,2,1,13,6,38.967,2,2,4,2010,19,40,12,6,0,2,3,4,1,1,2,2,0,2,1,,,
201014738890,5,2,2,13,6,38.967,2,2,5,2010,6,55,12,1,0,2,2,10,1,1,2,3,0,3,1,,,
201014738891,4,2,4,13,6,311.734,2,2,3,2010,6,45,12,1,0,1,1,1,0,0,2,8,0,1,1,,,
201014738900,4,2,1,13,6,311.734,2,2,4,2010,14,43,12,6,0,4,1,1,0,0,2,2,0,1,1,,,
201014738901,4,2,2,13,6,311.734,1,2,6,2010,23,20,53,0,0,1,3,4,0,0,1,3,0,1,4,,,
201014738916,4,2,4,13,6,311.734,1,2,4,2010,18,0,34,0,0,1,1,4,0,0,2,8,0,1,4,,,
201014738920,4,2,1,13,6,311.734,2,2,2,2010,19,30,14,0,0,4,5,1,0,0,2,2,1,1,7,,,
201014738941,4,2,1,13,6,311.734,1,2,7,2010,2,30,59,0,0,4,3,10,0,0,2,2,0,3,4,,,
201014738942,4,2,5,13,6,311.734,1,2,4,2010,19,30,34,0,0,1,2,10,0,0,2,1,0,1,4,,,
201014738950,4,2,2,13,6,311.734,1,2,7,2010,15,9,1,0,0,1,1,1,1,1,2,3,0,1,4,,,
201014738958,3,2,6,13,6,38.967,1,2,1,2010,4,0,21,0,0,1,2,1,2,1,2,1,0,1,1,,,
201014738967,4,2,3,13,6,311.734,3,2,4,2010,16,47,12,1,0,1,1,10,0,0,2,1,0,1,1,,,
201014738974,2,2,3,13,6,38.967,2,2,2,2010,8,12,12,6,0,1,1,6,0,0,2,1,0,1,1,,,
201014738975,4,2,6,13,6,311.734,2,2,5,2010,19,37,12,7,0,1,5,1,0,0,2,1,0,1,1,,,
201014739002,4,2,5,13,6,311.734,1,3,3,2010,6,20,74,0,0,1,2,10,0,0,2,1,0,1,3,,,
201014739009,6,2,5,13,6,116.9,1,3,1,2010,3,15,42,0,0,1,2,1,2,2,2,1,0,1,4,,,
201014739016,4,2,1,13,6,311.734,2,3,2,2010,15,4,12,6,0,2,1,1,0,0,2,2,0,2,1,,,
201014739022,6,2,1,13,6,116.9,1,2,4,2010,19,49,74,0,0,1,3,4,0,0,2,2,0,1,4,,,
201014739026,4,2,1,13,6,311.734,2,2,6,2010,16,2,12,1,0,2,1,4,0,0,2,2,0,2,1,,,
201014739034,4,2,1,13,6,311.734,2,2,7,2010,20,21,12,1,0,1,3,10,0,0,2,2,0,1,1,,,