CASENUM,STRATUM,REGION,PJ,PSU,PSUSTRAT,WEIGHT,VE_TOTAL,MONTH,WKDY_IM,YEAR,HOUR_IM,MINUTE_IM,EVENT1_IM,MANCOL_IM,RELJCT1_IM,RELJCT2_IM,LGTCON_IM,WEATHR_IM,MAXSEV_IM,NO_INJ_IM,ALCHL_IM,LAND_USE,PVH_INVL,TYP_INT,REL_ROAD,CF1,CF2,CF3
201014740159,6,2,3,13,6,116.9,2,6,5,2010,12,30,12,2,0,4,1,1,0,0,2,1,0,1,1,,,
201014740164,4,2,7,13,6,275.059,2,6,3,2010,18,19,12,1,0,1,1,2,0,0,2,1,0,1,1,,,
201014740167,5,2,1,13,6,38.967,2,6,6,2010,17,30,12,6,0,2,1,1,3,1,2,2,0,2,1,,,
201014740171,4,2,1,13,6,311.734,2,6,7,2010,3,45,14,0,0,1,2,1,0,0,1,2,1,1,7,,,
201014740201,3,2,4,13,6,38.967,1,6,5,2010,23,20,24,0,0,1,2,1,2,2,2,8,0,1,1,,,
201014740204,4,2,4,13,6,311.734,1,6,5,2010,19,55,24,0,0,1,1,1,0,0,2,8,0,1,1,,,
201014740206,4,2,1,13,6,311.734,2,6,4,2010,18,0,12,1,0,4,1,1,0,0,2,2,0,1,1,,,
201014740207,6,2,2,13,6,116.9,1,6,5,2010,14,50,34,0,0,1,1,1,0,0,2,3,0,1,4,,,
201014740218,4,2,2,13,6,311.734,1,6,3,2010,22,42,1,0,0,1,2,1,0,0,2,3,0,1,4,,,
201014740224,5,2,3,13,6,38.967,1,6,1,2010,7,26,59,0,0,1,1,2,2,1,2,1,0,1,4,,,
201014740226,4,2,1,13,6,311.734,2,6,6,2010,16,55,12,7,0,1,1,1,0,0,2,2,0,1,1,,,
201014740236,1,2,3,13,6,38.967,1,6,6,2010,3,28,59,0,1,5,2,1,3,1,1,1,0,1,6,,,
201014740238,6,2,5,13,6,116.9,2,6,6,2010,9,0,12,6,0,2,1,1,1,1,2,1,0,3,1,,,
201014740255,5,2,4,13,6,38.967,3,6,1,2010,13,40,12,6,0,2,1,2,2,2,2,8,0,2,1,,,
201014740260,4,2,4,13,6,311.734,1,7,5,2010,21,30,24,0,0,1,6,1,0,0,2,8,0,1,1,,,
201014740269,6,2,5,13,6,116.9,3,6,3,2010,11,30,12,1,0,1,1,1,0,0,2,1,0,1,1,,,
201014740271,6,2,6,13,6,116.9,1,7,1,2010,5,0,33,0,0,1,2,1,0,0,2,1,0,1,4,,,
201014740277,4,2,1,13,6,311.734,2,6,6,2010,15,17,12,1,0,2,1,1,0,0,2,2,0,2,1,,,
201014740278,4,2,5,13,6,311.734,2,7,5,2010,17,5,12,1,1,5,1,1,0,0,2,1,0,1,1,,,
201014740281,6,2,5,13,6,116.9,2,7,6,2010,14,48,12,1,0,2,1,1,0,0,2,1,0,2,1,,,
201014740283,1,2,5,13,6,38.967,2,7,1,2010,2,44,12,1,0,2,2,1,3,2,1,1,0,3,1,,,
201014740284,2,2,2,13,6,38.967,2,6,3,2010,16,32,12,1,0,1,1,1,1,1,2,3,0,1,1,,,
201014740286,1,2,2,13,6,38.967,1,6,5,2010,15,55,42,0,0,1,1,1,3,1,2,3,0,1,4,,,
201014740289,6,2,2,13,6,116.9,1,6,7,2010,4,48,42,0,0,2,2,10,0,0,2,3,0,3,4,,,
201014740296,5,2,2,13,6,38.967,1,6,1,2010,1,53,1,0,1,5,2,1,1,1,2,3,0,1,4,,,
201014740299,3,2,1,13,6,38.967,1,6,6,2010,18,21,21,0,0,1,1,1,3,1,2,2,0,1,1,,,
201014740304,4,2,2,13,6,311.734,1,6,2,2010,6,37,24,0,0,1,4,1,0,0,2,3,0,1,1,,,
201014740307,6,2,1,13,6,116.9,1,6,1,2010,2,28,59,0,0,1,2,10,1,1,1,2,0,1,8,,,
201014740315,3,2,2,13,6,38.967,1,6,4,2010,15,45,1,0,0,1,1,1,2,1,2,3,0,1,4,,,
201014740321,4,2,2,13,6,311.734,1,7,7,2010,12,25,24,0,0,1,1,1,0,0,2,3,0,1,1,,,
201014740325,3,2,1,13,6,38.967,2,6,2,2010,18,14,12,6,0,2,1,1,2,2,2,2,0,2,1,,,
201014740326,4,2,1,13,6,311.734,2,6,3,2010,16,40,14,0,0,4,1,1,0,0,2,2,1,1,7,,,
201014740327,4,2,3,13,6,311.734,1,7,1,2010,9,45,59,0,0,2,1,1,0,0,2,1,0,2,4,,,
201014740334,3,2,3,13,6,38.967,1,5,7,2010,1,3,21,0,0,2,3,1,4,1,1,1,0,7,1,,,
201014740342,4,2,1,13,6,311.734,2,6,5,2010,16,9,54,11,0,1,1,1,0,0,2,2,0,1,1,,,
201014740356,2,2,2,13,6,38.967,1,7,7,2010,6,57,53,0,0,1,1,1,2,2,2,3,0,1,4,,,
201014740357,6,2,1,13,6,116.9,3,6,2,2010,19,49,12,1,0,2,1,1,2,2,2,2,0,2,1,,,
201014740359,3,2,4,13,6,38.967,2,7,2,2010,19,30,12,1,0,2,1,1,3,2,2,8,0,3,1,,,
201014740361,3,2,1,13,6,38.967,1,6,4,2010,18,39,33,0,0,1,1,1,2,1,2,2,0,1,4,,,
201014740368,6,2,2,13,6,116.9,2,7,2,2010,12,9,12,2,0,4,1,10,1,1,2,3,0,1,1,,,
201014740372,5,2,2,13,6,38.967,2,7,2,2010,17,15,12,6,0,2,1,1,2,1,2,3,0,2,1,,,
201014740383,4,2,2,13,6,311.734,1,7,4,2010,11,45,31,0,1,5,1,1,0,0,2,3,0,1,4,,,
201014740387,5,2,2,13,6,38.967,2,7,5,2010,8,44,12,6,0,2,1,2,1,1,2,3,0,2,1,,,
201014740391,4,2,3,13,6,311.734,2,7,7,2010,17,3,12,1,0,2,1,1,1,1,2,1,0,8,1,,,
201014740392,3,2,5,13,6,38.967,2,7,2,2010,23,27,12,6,0,2,2,1,2,1,2,1,0,3,1,,,
201014740401,4,2,5,13,6,311.734,2,7,6,2010,9,57,12,1,1,5,1,1,1,1,2,1,0,2,1,,,
201014740415,4,2,4,13,6,311.734,1,7,1,2010,23,0,24,0,0,1,2,1,0,0,2,8,0,1,1,,,
201014740417,5,2,4,13,6,38.967,1,7,1,2010,14,45,1,0,0,1,1,1,1,1,2,8,0,1,4,,,
201014740418,4,2,6,13,6,311.734,2,7,1,2010,19,0,12,6,0,2,1,1,1,2,2,1,0,3,1,,,
201014740421,6,2,4,13,6,116.9,3,7,6,2010,13,0,12,6,0,2,1,1,0,0,2,8,1,2,1,,,
201014740422,5,2,6,13,6,38.967,2,7,1,2010,12,30,12,6,0,2,1,10,1,1,2,1,0,2,1,,,
201014740432,3,2,1,13,6,38.967,1,7,3,2010,21,39,1,0,0,2,6,1,2,1,2,2,0,2,1,,,
201014740436,6,2,5,13,6,116.9,2,7,4,2010,18,50,12,6,0,2,1,1,0,0,2,1,0,2,1,,,
201014740439,4,2,1,13,6,311.734,4,7,2,2010,15,9,12,1,0,1,1,1,0,0,2,2,0,1,1,,,
201014740448,4,2,5,13,6,311.734,3,7,6,2010,16,15,12,1,0,2,1,1,0,0,2,1,0,8,1,,,
201014740453,4,2,1,13,6,311.734,2,7,5,2010,16,38,12,1,0,2,1,1,0,0,2,2,0,2,1,,,
201014740457,5,2,2,13,6,38.967,2,7,6,2010,11,48,12,6,0,2,1,1,2,1,2,3,0,2,1,,,
201014740459,5,2,2,13,6,38.967,2,7,1,2010,0,15,12,2,0,1,2,1,2,4,1,3,0,1,1,,,
201014740461,5,2,2,13,6,38.967,2,7,1,2010,13,5,12,6,0,2,1,1,2,2,2,3,0,2,1,,,
201014740464,5,2,2,13,6,38.967,1,7,1,2010,22,0,42,0,0,1,2,1,2,2,1,3,0,1,4,,,
201014740468,5,2,2,13,6,38.967,2,7,2,2010,18,11,12,1,0,4,1,1,1,2,2,3,0,1,1,,,
201014740470,5,2,1,13,6,38.967,2,7,1,2010,20,30,12,1,0,1,1,1,1,1,2,2,0,1,1,,,
201014740472,4,2,2,13,6,311.734,2,7,4,2010,8,2,12,7,0,2,1,1,0,0,2,3,0,8,1,,,
201014740476,6,2,1,13,6,116.9,2,7,1,2010,23,53,12,1,0,2,3,1,0,0,2,2,0,8,1,,,
201014740480,3,2,1,13,6,38.967,1,7,3,2010,19,0,22,0,0,1,1,1,2,2,2,2,0,1,1,,,
201014740484,5,2,1,13,6,38.967,3,7,4,2010,14,2,12,2,0,2,1,1,2,1,2,2,0,3,1,,,
201014740485,4,2,3,13,6,311.734,3,7,3,2010,14,57,12,1,0,2,1,10,0,0,2,1,0,2,1,,,
201014740486,3,2,3,13,6,38.967,2,7,6,2010,23,3,12,1,0,1,3,1,2,1,2,1,0,1,1,,,
201014740488,5,2,3,13,6,38.967,2,7,1,2010,14,56,12,2,0,1,1,10,1,1,2,1,0,1,1,,,
201014740489,4,2,1,13,6,311.734,2,7,5,2010,10,11,12,1,0,4,1,2,0,0,2,2,0,1,1,,,
201014740492,5,2,3,13,6,38.967,1,7,6,2010,10,39,59,0,0,2,1,1,1,1,2,1,0,2,4,,,
201014740500,6,2,3,13,6,116.9,2,7,1,2010,12,35,12,6,0,2,1,1,1,2,2,1,0,2,1,,,
201014740501,4,2,3,13,6,311.734,2,7,1,2010,12,24,12,6,0,4,1,1,0,0,2,1,0,1,1,,,
201014740504,6,2,7,13,6,91.686,2,7,5,2010,19,33,12,1,0,4,1,1,0,0,2,1,0,1,1,,,
201014740518,5,2,4,13,6,38.967,1,7,5,2010,2,0,42,0,0,1,2,10,2,1,1,8,0,1,4,,,
201014740519,4,2,4,13,6,311.734,1,7,2,2010,22,30,24,0,0,1,2,1,0,0,2,8,0,1,1,,,
201014740524,5,2,4,13,6,38.967,1,7,3,2010,9,30,35,0,0,1,1,1,1,1,2,8,0,1,4,,,
201014740534,4,2,1,13,6,311.734,2,7,6,2010,13,23,12,7,0,1,1,1,0,0,2,2,0,1,1,,,
201014740539,6,2,5,13,6,116.9,2,7,4,2010,8,20,12,6,0,2,1,1,0,0,2,1,0,2,1,,,
201014740555,4,2,5,13,6,311.734,2,7,7,2010,19,30,12,1,0,1,1,1,0,0,2,1,0,1,1,,,
201014740556,3,2,1,13,6,38.967,2,7,7,2010,14,59,12,6,0,2,1,1,3,2,2,2,0,2,1,,,
201014740559,3,2,1,13,6,38.967,2,7,1,2010,4,4,14,0,0,1,3,1,2,1,1,2,1,1,7,,,
201014740560,3,2,1,13,6,38.967,1,7,7,2010,17,0,1,0,0,2,1,1,2,1,2,2,0,2,1,,,
201014740561,5,2,3,13,6,38.967,2,7,1,2010,2,42,14,0,0,2,3,1,1,1,1,1,1,3,4,,,
201014740563,3,2,3,13,6,38.967,1,7,4,2010,19,0,1,0,1,5,1,1,2,1,2,1,0,1,8,,,
201014740568,4,2,3,13,6,311.734,2,7,2,2010,15,59,12,1,0,2,1,1,0,0,2,1,0,2,1,,,
201014740580,3,2,1,13,6,38.967,1,7,4,2010,16,26,22,0,0,2,1,1,2,1,2,2,0,2,1,,,
201014740583,4,2,1,13,6,311.734,2,7,4,2010,17,17,12,1,0,2,1,1,0,0,2,2,0,2,1,,,
201014740596,3,2,1,13,6,38.967,3,7,1,2010,19,30,12,7,0,1,1,1,2,2,1,2,0,1,1,,,
201014740607,5,2,2,13,6,38.967,2,7,3,2010,16,19,12,6,0,4,1,1,1,1,2,3,0,1,1,,,
201014740608,4,2,1,13,6,311.734,2,7,1,2010,18,7,12,1,0,1,1,1,0,0,2,2,0,1,1,,,
201014740612,6,2,2,13,6,116.9,2,7,4,2010,17,23,12,1,0,2,1,1,0,0,2,3,0,8,1,,,
201014740616,3,2,5,13,6,38.967,1,7,4,2010,15,0,22,0,0,2,1,1,2,1,2,1,0,2,1,,,
201014740618,4,2,2,13,6,311.734,1,7,5,2010,22,47,24,0,0,1,2,2,0,0,2,3,0,1,1,,,
201014740619,5,2,2,13,6,38.967,1,7,6,2010,5,54,34,0,0,1,2,1,2,4,2,3,0,1,3,,,
201014740632,5,2,1,13,6,38.967,2,7,6,2010,17,35,12,6,0,2,1,1,2,2,2,2,0,2,1,,,
201014740634,5,2,2,13,6,38.967,2,7,2,2010,13,23,12,6,0,2,1,1,1,1,2,3,0,2,1,,,
201014740635,3,2,1,13,6,38.967,1,7,6,2010,18,17,22,0,0,2,1,1,2,1,2,2,0,2,1,,,
201014740638,4,2,1,13,6,311.734,2,7,6,2010,19,37,12,7,0,1,1,1,0,0,2,2,0,1,1,,,
201014740641,3,2,2,13,6,38.967,1,7,2,2010,15,30,22,0,0,1,1,1,2,1,2,3,0,1,1,,,
201014740643,5,2,2,13,6,38.967,1,7,2,2010,17,38,42,0,0,1,1,1,2,1,2,3,0,1,4,,,
201014740649,4,2,2,13,6,311.734,2,7,4,2010,13,32,12,1,0,1,1,1,0,0,2,3,0,1,1,,,
201014740650,6,2,2,13,6,116.9,2,7,5,2010,15,48,12,6,0,2,1,1,0,0,2,3,0,2,1,,,
201014740667,5,2,3,13,6,38.967,1,7,7,2010,9,55,34,0,1,5,1,2,1,1,2,1,0,1,8,,,
201014740672,6,2,3,13,6,116.9,1,7,2,2010,12,50,42,0,0,1,1,1,2,1,2,1,0,1,4,,,
201014740673,4,2,7,13,6,275.059,2,7,7,2010,12,5,12,6,0,2,1,10,0,0,2,1,0,2,1,,,
201014740676,6,2,4,13,6,116.9,2,8,6,2010,16,45,12,7,0,1,1,1,0,0,2,8,0,1,3,,,
201014740680,4,2,4,13,6,311.734,1,8,1,2010,14,0,22,0,0,1,1,1,1,1,2,8,0,1,2,,,
201014740682,4,2,6,13,6,311.734,2,8,2,2010,12,0,12,6,0,2,1,1,1,1,2,1,0,2,1,,,
201014740683,5,2,6,13,6,38.967,1,8,5,2010,16,37,42,0,0,1,1,1,2,1,1,1,0,1,4,,,
201014740685,4,2,5,13,6,311.734,2,8,3,2010,16,12,12,1,0,2,1,1,1,1,2,1,0,2,1,,,
201014740690,5,2,1,13,6,38.967,2,7,4,2010,13,45,12,1,0,2,1,1,2,1,2,2,0,2,1,,,
201014740692,5,2,1,13,6,38.967,2,7,4,2010,16,43,12,1,0,2,1,1,2,2,2,2,0,3,1,,,
201014740693,6,2,5,13,6,116.9,1,8,6,2010,18,15,25,0,0,1,1,1,2,1,2,1,0,1,3,,,
201014740695,4,2,1,13,6,311.734,1,7,5,2010,13,16,74,0,0,2,1,1,0,0,2,2,0,6,4,,,
201014740704,3,2,1,13,6,38.967,1,6,3,2010,0,1,7,0,0,2,2,1,2,1,2,2,0,2,1,,,
201014740705,3,2,2,13,6,38.967,1,7,5,2010,18,47,22,0,0,2,1,1,2,1,2,3,0,2,1,,,
201014740707,1,2,2,13,6,38.967,2,8,3,2010,6,56,12,6,0,2,1,5,3,5,2,3,0,2,1,,,
201014740709,4,2,2,13,6,311.734,2,8,3,2010,14,34,12,6,0,2,1,1,0,0,2,3,0,2,1,,,
201014740710,5,2,2,13,6,38.967,2,8,3,2010,15,12,12,1,0,1,1,1,1,2,2,3,0,1,1,,,
201014740711,4,2,3,13,6,311.734,2,8,3,2010,17,24,12,1,1,5,1,1,0,0,2,1,0,8,1,,,
201014740714,5,2,2,13,6,38.967,2,8,4,2010,15,0,12,6,0,2,1,10,1,5,2,3,0,2,1,,,
201014740716,6,2,2,13,6,116.9,2,8,4,2010,17,41,12,1,0,4,1,1,0,0,2,3,0,1,1,,,
201014740735,6,2,6,13,6,116.9,2,8,1,2010,2,45,12,6,0,2,2,1,1,4,2,1,0,2,1,,,
201014740739,2,2,6,13,6,38.967,2,8,3,2010,13,20,12,6,0,2,1,1,0,0,2,1,0,2,1,,,
201014740741,1,2,4,13,6,38.967,2,8,1,2010,13,5,12,6,0,2,1,1,3,2,2,8,0,2,1,,,
201014740746,3,2,4,13,6,38.967,3,7,7,2010,11,56,14,0,0,1,1,1,4,1,2,8,2,1,5,,,
201014740749,6,2,1,13,6,116.9,2,8,7,2010,15,56,12,6,0,2,1,1,2,2,2,2,0,3,1,,,
201014740754,4,2,1,13,6,311.734,2,8,7,2010,15,0,12,1,0,2,1,1,0,0,2,2,0,3,1,,,
201014740760,3,2,5,13,6,38.967,2,8,6,2010,14,26,12,7,0,1,1,1,3,1,2,1,0,1,1,,,
201014740761,3,2,5,13,6,38.967,2,8,5,2010,15,25,12,2,0,2,1,1,2,1,2,1,0,2,1,,,
201014740763,6,2,5,13,6,116.9,2,8,4,2010,9,11,12,1,0,1,1,10,1,1,2,1,0,1,1,,,
201014740765,5,2,5,13,6,38.967,2,8,6,2010,13,20,12,2,0,1,1,1,3,3,2,1,0,1,1,,,
201014740766,4,2,5,13,6,311.734,2,8,3,2010,19,0,12,7,0,2,1,1,0,0,2,1,0,2,1,,,
201014740768,5,2,2,13,6,38.967,2,8,5,2010,17,27,12,2,0,2,1,1,1,1,2,3,0,2,1,,,
201014740771,6,2,2,13,6,116.9,2,8,1,2010,21,50,12,1,0,2,3,1,0,0,2,3,0,2,1,,,
201014740777,6,2,2,13,6,116.9,2,8,4,2010,19,0,12,1,0,2,1,1,1,1,2,3,0,2,1,,,
201014740779,4,2,2,13,6,311.734,1,8,6,2010,7,11,24,0,0,1,1,1,0,0,2,3,0,1,1,,,
201014740784,3,2,3,13,6,38.967,1,8,7,2010,8,14,1,0,0,1,2,1,3,1,1,1,0,1,4,,,
201014740786,1,2,3,13,6,38.967,2,8,6,2010,16,40,12,6,0,2,1,1,3,1,2,1,0,2,1,,,
201014740787,5,2,3,13,6,38.967,1,8,6,2010,8,3,42,0,0,2,1,10,1,1,2,1,0,3,5,,,
201014740790,1,2,3,13,6,38.967,2,8,3,2010,20,51,12,2,0,2,5,1,3,1,2,1,0,8,1,,,
201014740791,4,2,3,13,6,311.734,2,8,2,2010,8,37,12,6,0,6,1,2,0,0,2,1,0,2,1,,,
201014740794,5,2,7,13,6,91.686,2,8,5,2010,11,0,12,6,0,2,1,1,1,2,2,1,0,2,1,,,
201014740795,6,2,7,13,6,91.686,2,8,1,2010,11,23,12,6,0,2,1,1,1,1,2,1,0,2,1,,,
201014740819,4,2,4,13,6,311.734,1,8,2,2010,15,0,24,0,0,1,1,1,0,0,2,8,0,1,1,,,
201014740823,3,2,1,13,6,38.967,1,8,6,2010,14,40,22,0,0,2,1,1,2,1,2,2,0,2,1,,,
201014740824,3,2,4,13,6,38.967,1,8,5,2010,11,50,22,0,0,2,1,1,2,2,2,8,0,3,1,,,
201014740840,4,2,1,13,6,311.734,2,8,2,2010,18,16,12,6,0,2,1,1,0,0,2,2,0,3,1,,,
201014740842,5,2,2,13,6,38.967,2,8,2,2010,10,34,12,6,0,2,1,1,1,2,2,3,0,2,1,,,
201014740844,6,2,2,13,6,116.9,1,8,3,2010,6,35,24,0,0,1,4,1,0,0,2,3,0,1,1,,,
201014740846,3,2,2,13,6,38.967,1,8,4,2010,16,30,38,0,0,1,1,1,2,1,2,3,0,1,5,,,
201014740851,3,2,1,13,6,38.967,1,8,3,2010,20,4,22,0,0,2,1,1,0,0,2,2,0,2,1,,,
201014740854,4,2,2,13,6,311.734,1,8,6,2010,6,30,24,0,0,1,4,1,0,0,2,3,0,1,1,,,
201014740858,6,2,3,13,6,116.9,2,8,1,2010,22,50,12,6,0,2,3,1,3,1,2,1,0,2,1,,,
201014740864,5,2,5,13,6,38.967,2,8,7,2010,5,50,12,6,0,2,4,10,2,1,2,1,0,2,1,,,
201014740865,4,2,1,13,6,311.734,2,8,5,2010,18,10,12,1,0,2,1,1,0,0,2,2,0,7,1,,,
201014740870,3,2,3,13,6,38.967,2,8,5,2010,17,0,12,6,0,4,1,1,3,1,2,1,0,1,1,,,
201014740872,5,2,5,13,6,38.967,2,8,7,2010,5,56,12,6,0,2,2,5,1,3,2,1,0,2,1,,,
201014740878,3,2,5,13,6,38.967,3,8,1,2010,13,35,12,7,0,2,1,1,2,1,2,1,0,2,1,,,
201014740879,3,2,5,13,6,38.967,2,8,6,2010,18,30,12,7,0,1,1,1,2,2,2,1,0,1,1,,,
201014740880,6,2,1,13,6,116.9,3,8,3,2010,1,29,14,0,0,1,3,10,0,0,2,2,2,1,7,,,
201014740881,4,2,1,13,6,311.734,2,8,3,2010,12,11,12,1,0,2,1,1,1,1,2,2,0,2,1,,,
201014740890,4,2,1,13,6,311.734,2,8,4,2010,17,51,12,1,0,1,1,1,0,0,2,2,0,1,1,,,
201014740895,5,2,6,13,6,38.967,2,8,4,2010,11,50,12,6,0,2,1,1,2,1,2,1,0,2,1,,,
201014740899,3,2,4,13,6,38.967,1,8,7,2010,22,30,53,0,0,1,2,1,4,1,1,8,0,1,4,,,
201014740902,4,2,5,13,6,311.734,1,8,7,2010,20,38,24,0,0,1,5,1,0,0,2,1,0,1,1,,,
201014740906,4,2,4,13,6,311.734,1,8,5,2010,17,30,24,0,0,1,1,1,0,0,2,8,0,1,1,,,
201014740909,3,2,4,13,6,38.967,1,8,1,2010,10,30,1,0,0,1,1,1,3,1,2,8,0,1,1,,,
201014740920,5,2,3,13,6,38.967,2,8,3,2010,16,26,1,0,0,2,1,1,2,2,2,1,0,2,1,,,
201014740925,5,2,2,13,6,38.967,1,8,2,2010,15,46,34,0,0,1,1,1,1,1,2,3,0,1,4,,,
201014740927,4,2,3,13,6,311.734,2,8,3,2010,13,48,12,7,0,2,1,10,0,0,2,1,0,3,1,,,
201014740928,3,2,2,13,6,38.967,2,8,3,2010,1,30,12,1,0,1,2,1,2,3,2,3,0,1,1,,,
201014740931,4,2,2,13,6,311.734,2,8,3,2010,18,28,12,1,0,1,1,1,1,1,2,3,0,1,1,,,
201014740939,6,2,2,13,6,116.9,1,8,7,2010,17,10,34,0,0,1,1,1,0,0,2,3,0,1,4,,,
201014740956,4,2,6,13,6,311.734,2,9,1,2010,2,15,14,0,0,1,3,1,1,1,2,1,1,1,7,,,
201014740965,4,2,4,13,6,311.734,1,9,4,2010,15,0,42,0,0,1,1,10,0,0,2,8,0,1,3,,,
201014740968,3,2,4,13,6,38.967,1,9,4,2010,23,50,1,0,0,1,2,10,2,1,2,8,0,1,4,,,
201014740974,3,2,1,13,6,38.967,2,8,2,2010,17,27,12,6,0,1,1,1,2,2,2,2,0,1,1,,,
201014740978,3,2,1,13,6,38.967,2,8,3,2010,15,30,1,0,0,1,1,1,2,1,2,2,0,1,1,,,
201014740983,3,2,1,13,6,38.967,2,8,5,2010,11,30,12,6,0,2,1,1,2,1,2,2,0,2,1,,,
201014740985,4,2,1,13,6,311.734,2,8,5,2010,13,0,12,6,0,2,1,1,1,1,2,2,0,2,1,,,
201014740986,3,2,5,13,6,38.967,1,8,3,2010,6,40,1,0,0,1,4,1,2,1,2,1,0,1,1,,,
201014740989,3,2,1,13,6,38.967,2,8,6,2010,16,41,12,6,0,4,1,1,2,1,2,2,0,1,1,,,
201014740990,5,2,5,13,6,38.967,2,8,3,2010,7,45,12,6,0,2,1,1,2,1,2,1,0,2,1,,,
201014741000,4,2,1,13,6,311.734,2,8,7,2010,17,23,12,6,0,2,1,1,0,0,2,2,0,2,1,,,
201014741001,3,2,5,13,6,38.967,1,9,5,2010,13,50,38,0,0,1,1,2,3,1,2,1,0,1,5,,,
201014741005,3,2,2,13,6,38.967,1,8,2,2010,16,0,1,0,0,2,1,1,2,1,2,3,0,3,1,,,
201014741006,5,2,2,13,6,38.967,1,8,2,2010,17,47,1,0,0,1,1,1,2,1,2,3,0,1,4,,,
201014741008,6,2,1,13,6,116.9,1,8,1,2010,10,44,25,0,0,1,1,1,2,1,2,2,0,1,3,,,
201014741010,4,2,2,13,6,311.734,1,8,3,2010,4,10,24,0,0,1,2,1,0,0,2,3,0,1,1,,,
201014741011,4,2,5,13,6,311.734,2,8,3,2010,17,30,12,7,0,1,1,1,1,1,2,1,0,1,1,,,
201014741016,6,2,2,13,6,116.9,2,9,6,2010,16,47,12,8,0,1,1,2,0,0,2,3,0,1,1,,,
201014741028,6,2,5,13,6,116.9,2,9,7,2010,11,35,12,1,0,2,1,1,0,0,2,1,0,2,1,,,
201014741030,3,2,3,13,6,38.967,2,9,2,2010,11,50,12,6,0,2,1,2,2,3,2,1,0,2,1,,,
201014741034,3,2,1,13,6,38.967,1,8,6,2010,0,54,74,0,0,1,3,1,4,1,2,2,0,1,4,,,
201014741043,5,2,3,13,6,38.967,2,9,5,2010,12,45,12,1,0,2,1,2,2,1,2,1,0,3,1,,,
201014741044,4,2,3,13,6,311.734,2,9,5,2010,1,31,12,6,0,1,2,10,0,0,2,1,0,1,1,,,
201014741045,5,2,3,13,6,38.967,2,9,4,2010,16,58,12,6,0,2,1,10,1,1,2,1,0,8,1,,,
201014741050,4,2,1,13,6,311.734,1,8,7,2010,1,30,18,0,0,1,2,1,0,0,2,2,0,1,1,,,
201014741058,5,2,4,13,6,38.967,1,9,1,2010,14,0,42,0,0,1,1,1,1,1,2,8,0,1,3,,,
201014741069,3,2,5,13,6,38.967,2,9,4,2010,17,0,12,9,0,4,1,10,3,1,2,1,0,1,1,,,
201014741071,4,2,5,13,6,311.734,2,9,6,2010,17,2,12,1,0,2,1,10,0,0,2,1,0,2,1,,,
201014741075,6,2,6,13,6,116.9,2,9,3,2010,10,15,12,6,0,2,1,1,1,1,2,1,0,2,1,,,
201014741078,3,2,5,13,6,38.967,2,9,7,2010,10,34,12,1,0,2,1,2,2,1,2,1,0,2,1,,,
201014741088,6,2,1,13,6,116.9,1,9,5,2010,15,56,30,0,0,2,1,1,0,0,2,2,0,2,4,,,
201014741089,3,2,1,13,6,38.967,2,8,4,2010,12,0,12,1,0,2,1,1,2,1,2,2,0,2,1,,,
201014741090,4,2,1,13,6,311.734,2,8,5,2010,11,36,12,1,0,2,1,1,0,0,2,2,0,2,1,,,
201014741101,5,2,1,13,6,38.967,1,8,3,2010,1,53,30,0,0,1,3,1,2,1,2,2,0,1,4,,,
201014741105,4,2,1,13,6,311.734,2,8,3,2010,13,25,12,6,0,4,1,1,0,0,2,2,0,1,1,,,
201014741114,5,2,2,13,6,38.967,1,9,5,2010,21,36,1,0,0,1,2,1,1,1,2,3,0,1,1,,,
201014741115,4,2,2,13,6,311.734,1,9,6,2010,6,20,34,0,0,1,2,1,0,0,2,3,0,1,4,,,
201014741117,5,2,2,13,6,38.967,1,9,6,2010,15,7,42,0,0,1,1,1,1,2,2,3,0,1,4,,,
201014741119,6,2,2,13,6,116.9,2,9,7,2010,13,32,12,6,0,1,1,2,0,0,2,3,0,1,1,,,
201014741123,5,2,3,13,6,38.967,1,9,7,2010,14,54,1,0,0,2,1,10,1,2,2,1,0,3,3,,,
201014741128,6,2,3,13,6,116.9,1,9,7,2010,3,48,25,0,0,1,2,1,0,0,2,1,0,1,3,,,
201014741136,4,2,4,13,6,311.734,1,9,7,2010,7,30,24,0,0,1,4,2,0,0,2,8,0,1,1,,,
201014741137,5,2,4,13,6,38.967,1,9,6,2010,21,50,1,0,0,1,2,1,2,1,2,8,0,1,4,,,
201014741148,5,2,1,13,6,38.967,1,9,7,2010,14,35,25,0,0,1,1,10,1,1,2,2,0,1,4,,,
201014741154,1,2,2,13,6,38.967,1,9,2,2010,16,14,30,0,0,1,1,1,4,3,2,3,0,1,4,,,
201014741161,4,2,2,13,6,311.734,2,9,2,2010,15,55,12,6,0,4,1,1,0,0,2,3,0,1,1,,,
201014741164,4,2,1,13,6,311.734,2,9,3,2010,15,53,12,6,0,2,1,1,0,0,2,2,0,2,1,,,
201014741169,6,2,2,13,6,116.9,2,9,4,2010,16,47,12,2,0,2,1,1,0,0,2,3,0,2,1,,,
201014741172,6,2,1,13,6,116.9,2,9,5,2010,8,45,12,6,0,2,1,10,0,0,2,2,0,2,1,,,
201014741173,6,2,5,13,6,116.9,2,9,4,2010,16,44,12,6,0,2,1,1,0,0,2,1,0,2,1,,,
201014741182,6,2,2,13,6,116.9,1,9,6,2010,10,22,42,0,0,1,1,1,0,0,2,3,0,1,4,,,
201014741183,4,2,2,13,6,311.734,2,9,6,2010,16,0,12,7,0,1,1,10,0,0,2,3,0,1,1,,,