CASENUM,STRATUM,REGION,PJ,PSU,PSUSTRAT,WEIGHT,VE_TOTAL,MONTH,WKDY_IM,YEAR,HOUR_IM,MINUTE_IM,EVENT1_IM,MANCOL_IM,RELJCT1_IM,RELJCT2_IM,LGTCON_IM,WEATHR_IM,MAXSEV_IM,NO_INJ_IM,ALCHL_IM,LAND_USE,PVH_INVL,TYP_INT,REL_ROAD,CF1,CF2,CF3
201015447903,6,3,3,41,7,130.348,1,3,4,2010,15,38,35,0,1,5,1,1,0,0,2,8,0,1,4,,,
201015447910,5,3,3,41,7,60.161,1,3,5,2010,15,59,25,0,1,5,1,10,2,1,2,8,0,1,4,,,
201015447914,3,3,3,41,7,20.054,2,3,1,2010,19,38,12,1,1,5,3,1,2,1,2,8,0,1,1,,,
201015447918,6,3,2,41,7,130.348,2,3,7,2010,23,45,12,2,0,1,3,1,1,1,1,8,0,1,1,,,
201015447922,3,3,2,41,7,20.054,2,3,4,2010,17,42,12,1,0,1,5,1,2,2,2,8,0,1,1,,,
201015447924,1,3,2,41,7,10.027,2,3,7,2010,10,59,12,7,0,2,1,1,3,3,2,8,0,3,1,,,
201015447932,3,3,2,41,7,20.054,1,3,1,2010,17,9,21,0,0,2,1,10,3,2,1,8,0,2,1,,,
201015447945,3,3,1,41,7,20.054,1,4,2,2010,11,50,21,0,0,2,1,1,2,1,2,8,0,3,1,,,
201015447955,6,3,1,41,7,130.348,1,3,4,2010,2,42,38,0,0,2,3,1,0,0,2,8,0,2,5,,,
201015447956,3,3,1,41,7,20.054,1,4,3,2010,9,21,21,0,0,2,1,1,2,1,2,8,0,3,1,,,
201015447958,1,3,1,41,7,10.027,2,4,2,2010,20,19,12,6,0,2,3,1,3,1,2,8,0,8,1,,,
201015447959,1,3,1,41,7,10.027,2,4,5,2010,13,53,12,6,0,2,1,1,3,3,2,8,0,2,1,,,
201015447960,4,3,1,41,7,290.777,2,4,2,2010,7,19,12,7,0,2,1,1,0,0,2,8,0,2,1,,,
201015447963,3,3,1,41,7,20.054,1,4,1,2010,17,50,21,0,0,2,1,1,3,1,1,8,0,8,4,,,
201015447973,3,3,2,41,7,20.054,2,3,3,2010,16,34,12,1,0,1,1,1,2,2,2,8,0,1,1,,,
201015447976,3,3,1,41,7,20.054,1,4,5,2010,19,12,22,0,0,2,1,1,2,1,2,8,0,8,1,,,
201015447993,1,3,2,41,7,10.027,2,4,7,2010,20,25,12,6,0,2,3,1,3,6,2,8,0,2,1,,,
201015448000,5,3,1,41,7,60.161,2,4,5,2010,12,53,12,1,0,2,1,1,3,3,2,8,0,3,1,,,
201015448019,1,3,3,41,7,10.027,3,4,7,2010,12,57,12,1,0,1,1,1,3,6,2,8,0,1,1,,,
201015448033,2,3,3,41,7,10.027,2,3,2,2010,15,0,12,7,1,5,1,2,2,2,2,8,0,1,1,,,
201015448034,3,3,3,41,7,20.054,1,4,1,2010,2,15,1,0,1,5,3,1,3,1,2,8,0,1,8,,,
201015448036,5,3,3,41,7,60.161,3,4,1,2010,21,35,12,1,1,5,3,1,1,3,1,8,0,8,1,,,
201015448043,6,3,2,41,7,130.348,2,4,2,2010,5,35,12,1,0,2,3,1,2,1,2,8,0,8,1,,,
201015448046,5,3,2,41,7,60.161,2,4,5,2010,20,1,12,6,0,2,2,1,1,1,2,8,0,2,1,,,
201015448050,3,3,2,41,7,20.054,3,3,3,2010,17,38,12,1,0,1,1,1,2,2,2,8,0,1,1,,,
201015448057,4,3,2,41,7,290.777,2,4,2,2010,17,54,12,6,0,1,1,1,0,0,2,8,0,1,1,,,
201015448058,3,3,2,41,7,20.054,2,4,2,2010,17,3,12,1,0,1,1,1,2,1,2,8,0,1,1,,,
201015448068,3,3,1,41,7,20.054,1,4,1,2010,20,24,21,0,0,1,3,10,3,1,2,8,0,1,1,,,
201015448073,1,3,2,41,7,10.027,1,4,3,2010,11,59,33,0,0,1,1,1,3,1,2,8,0,1,3,,,
201015448078,3,3,2,41,7,20.054,2,4,1,2010,22,39,12,1,0,2,3,1,2,1,1,8,0,8,1,,,
201015448094,3,3,2,41,7,20.054,1,4,4,2010,6,3,22,0,0,2,4,1,2,2,2,8,0,2,1,,,
201015448105,6,3,1,41,7,130.348,1,4,7,2010,15,0,1,0,0,2,1,1,0,0,2,8,0,3,1,,,
201015448111,3,3,1,41,7,20.054,2,4,3,2010,16,27,12,6,0,4,1,1,2,2,2,8,0,1,1,,,
201015448112,4,3,1,41,7,290.777,2,4,2,2010,8,24,12,7,0,1,1,2,0,0,2,8,0,1,1,,,
201015448121,1,3,1,41,7,10.027,2,4,7,2010,10,39,12,6,0,2,1,1,3,1,2,8,0,8,1,,,
201015448122,1,3,1,41,7,10.027,1,4,5,2010,0,54,30,0,0,1,3,1,3,1,2,8,0,1,4,,,
201015448127,5,3,1,41,7,60.161,3,4,2,2010,0,18,12,1,0,1,3,2,1,2,2,8,0,1,1,,,
201015448128,3,3,1,41,7,20.054,2,4,1,2010,13,13,12,1,0,1,1,2,2,1,2,8,0,1,1,,,
201015448143,3,3,3,41,7,20.054,2,4,3,2010,17,14,12,1,1,5,1,1,2,1,2,8,0,1,1,,,
201015448148,2,3,3,41,7,10.027,3,4,6,2010,22,23,12,1,0,1,3,1,2,3,2,8,0,1,1,,,
201015448151,6,3,3,41,7,130.348,1,4,6,2010,20,9,25,0,0,1,3,1,2,1,2,8,0,1,3,,,
201015448156,3,3,2,41,7,20.054,2,4,1,2010,11,33,12,6,0,2,1,1,2,1,2,8,0,3,1,,,
201015448164,3,3,1,41,7,20.054,2,4,2,2010,15,3,12,6,0,2,1,1,3,1,2,8,0,2,1,,,
201015448167,3,3,1,41,7,20.054,1,4,5,2010,15,55,21,0,0,2,1,1,3,1,2,8,0,8,1,,,
201015448179,6,3,1,41,7,130.348,1,4,2,2010,21,17,42,0,0,1,3,1,0,0,2,8,0,1,4,,,
201015448180,6,3,2,41,7,130.348,2,4,4,2010,19,29,12,6,0,2,2,1,1,1,2,8,0,2,1,,,
201015448183,3,3,1,41,7,20.054,1,4,2,2010,15,34,22,0,0,2,1,1,2,1,2,8,0,3,1,,,
201015448192,2,3,1,41,7,10.027,2,4,1,2010,12,30,12,6,0,2,1,2,0,0,2,8,0,2,1,,,
201015448208,4,3,1,41,7,290.777,2,4,7,2010,16,0,12,6,0,2,1,1,1,1,2,8,0,8,1,,,
201015448213,6,3,1,41,7,130.348,2,4,3,2010,12,35,12,8,0,4,1,1,0,0,2,8,0,1,1,,,
201015448237,5,3,1,41,7,60.161,1,4,6,2010,2,5,25,0,1,5,3,1,1,4,2,8,0,3,4,,,
201015448273,2,3,3,41,7,10.027,4,4,5,2010,8,24,12,7,0,1,1,1,2,3,2,8,0,1,1,,,
201015448274,1,3,3,41,7,10.027,2,4,3,2010,16,59,12,1,0,1,1,1,3,2,2,8,0,1,1,,,
201015448275,1,3,1,41,7,10.027,1,5,7,2010,2,57,41,0,0,1,3,1,3,1,2,8,0,1,5,,,
201015448276,3,3,1,41,7,20.054,2,4,5,2010,15,15,12,1,0,2,1,1,2,1,2,8,0,8,1,,,
201015448278,1,3,1,41,7,10.027,1,4,1,2010,1,32,41,0,0,1,3,1,4,1,2,8,0,1,3,,,
201015448280,2,3,3,41,7,10.027,2,4,3,2010,12,21,12,6,1,5,1,10,0,0,2,8,0,1,1,,,
201015448281,3,3,3,41,7,20.054,2,4,1,2010,8,36,12,7,0,1,1,1,2,1,2,8,0,1,1,,,
201015448298,6,3,1,41,7,130.348,2,4,1,2010,6,6,38,0,0,1,4,1,0,0,2,8,1,1,5,,,
201015448313,4,3,1,41,7,290.777,2,5,7,2010,23,5,12,7,0,1,3,1,0,0,2,8,0,1,1,,,
201015448315,3,3,1,41,7,20.054,1,5,7,2010,14,13,21,0,0,1,1,10,2,1,2,8,0,1,1,,,
201015448356,4,3,3,41,7,290.777,2,4,2,2010,5,15,12,7,0,1,3,2,0,0,2,8,0,1,1,,,
201015448365,6,3,3,41,7,130.348,2,4,6,2010,21,47,12,1,0,1,3,1,1,1,1,8,0,1,1,,,
201015448367,5,3,2,41,7,60.161,2,4,6,2010,17,33,12,6,0,1,1,1,2,1,2,8,0,1,1,,,
201015448371,3,3,2,41,7,20.054,2,4,6,2010,21,16,12,7,0,1,3,1,2,1,2,8,0,1,1,,,
201015448379,4,3,2,41,7,290.777,2,4,1,2010,9,28,14,0,0,1,1,10,0,0,2,8,1,1,7,,,
201015448385,3,3,3,41,7,20.054,3,4,6,2010,9,8,12,1,0,1,1,10,2,1,2,8,0,1,1,,,
201015448391,3,3,1,41,7,20.054,2,4,4,2010,17,1,12,7,0,2,1,1,2,2,2,8,0,2,1,,,
201015448394,5,3,1,41,7,60.161,2,4,4,2010,15,5,12,6,0,2,1,1,1,1,2,8,0,2,1,,,
201015448401,6,3,1,41,7,130.348,3,4,3,2010,7,41,12,1,0,1,1,1,1,1,2,8,0,1,1,,,
201015448402,6,3,2,41,7,130.348,1,4,6,2010,2,51,42,0,0,1,3,1,0,0,2,8,0,1,4,,,
201015448414,2,3,3,41,7,10.027,2,4,3,2010,13,43,12,7,0,1,1,1,2,1,2,8,0,1,1,,,
201015448415,3,3,1,41,7,20.054,1,4,5,2010,0,27,33,0,0,1,3,10,2,1,2,8,0,1,3,,,
201015448419,1,3,4,41,7,10.027,1,4,7,2010,4,3,25,0,0,1,3,1,3,1,1,8,0,1,3,,,
201015448420,3,3,4,41,7,20.054,3,4,3,2010,15,30,12,1,1,5,1,1,2,2,2,8,0,1,1,,,
201015448443,1,3,1,41,7,10.027,2,5,6,2010,12,4,12,1,0,2,1,1,3,2,2,8,0,8,1,,,
201015448450,5,3,2,41,7,60.161,2,4,3,2010,15,38,12,6,0,2,1,1,2,2,2,8,0,2,1,,,
201015448461,3,3,1,41,7,20.054,1,5,7,2010,21,3,22,0,0,1,6,2,2,1,2,8,0,1,1,,,
201015448462,5,3,1,41,7,60.161,3,5,7,2010,13,9,12,1,0,1,1,1,2,2,2,8,0,1,1,,,
201015448469,6,3,1,41,7,130.348,1,4,1,2010,18,54,59,0,0,2,5,1,0,0,2,8,0,3,4,,,
201015448479,4,3,1,41,7,290.777,2,5,3,2010,15,30,12,1,0,2,1,1,0,0,2,8,0,8,1,,,
201015448482,3,3,1,41,7,20.054,1,5,3,2010,11,18,22,0,0,1,1,1,2,1,2,8,0,1,1,,,
201015448483,2,3,1,41,7,10.027,2,4,6,2010,15,35,12,1,0,2,1,1,2,1,2,8,0,2,1,,,
201015448492,2,3,1,41,7,10.027,2,5,4,2010,16,35,12,6,0,2,1,1,2,1,2,8,0,2,1,,,
201015448494,1,3,1,41,7,10.027,3,5,6,2010,20,14,12,1,0,1,3,1,3,2,2,8,0,1,1,,,
201015448496,3,3,1,41,7,20.054,1,5,7,2010,8,12,22,0,0,2,1,1,2,1,2,8,0,3,1,,,
201015448510,2,3,3,41,7,10.027,2,3,2,2010,18,15,12,7,0,1,1,10,0,0,2,8,0,1,1,,,
201015448516,3,3,2,41,7,20.054,1,4,5,2010,12,43,22,0,0,2,1,1,2,1,2,8,0,2,1,,,
201015448517,3,3,3,41,7,20.054,2,4,6,2010,10,23,12,1,1,5,1,1,2,1,2,8,0,1,1,,,
201015448518,5,3,3,41,7,60.161,1,4,4,2010,16,28,25,0,0,1,1,1,1,1,2,8,0,1,3,,,
201015448522,2,3,3,41,7,10.027,3,4,3,2010,0,41,12,6,0,1,6,1,1,2,2,8,0,1,1,,,
201015448525,2,3,3,41,7,10.027,3,4,1,2010,9,57,12,7,1,5,1,10,0,0,2,8,0,1,1,,,
201015448527,2,3,1,41,7,10.027,3,5,4,2010,10,54,12,1,0,1,1,1,1,1,2,8,0,1,1,,,
201015448543,3,3,3,41,7,20.054,1,5,2,2010,21,8,1,0,0,1,3,1,2,1,2,8,0,1,1,,,
201015448554,5,3,1,41,7,60.161,2,5,2,2010,6,17,42,0,0,1,3,1,2,1,2,8,1,1,4,,,
201015448566,3,3,1,41,7,20.054,1,4,7,2010,20,33,21,0,0,2,3,1,4,1,2,8,0,8,1,,,
201015448568,5,3,1,41,7,60.161,2,5,4,2010,21,9,12,7,0,1,3,1,1,1,2,8,0,1,1,,,
201015448574,6,3,1,41,7,130.348,2,5,7,2010,23,4,12,6,0,2,3,1,0,0,2,8,0,8,1,,,
201015448583,3,3,1,41,7,20.054,1,5,3,2010,15,59,22,0,0,2,1,10,2,1,2,8,0,2,1,,,
201015448594,1,3,1,41,7,10.027,1,5,6,2010,1,8,42,0,0,1,3,10,3,1,1,8,0,1,4,,,
201015448595,3,3,1,41,7,20.054,1,5,6,2010,21,27,22,0,0,2,1,10,2,1,2,8,0,3,4,,,
201015448596,4,3,1,41,7,290.777,2,5,6,2010,17,55,12,6,0,4,1,1,0,0,2,8,0,1,1,,,
201015448607,3,3,2,41,7,20.054,1,5,1,2010,2,5,21,0,0,2,3,1,2,1,2,8,0,8,1,,,
201015448618,5,3,2,41,7,60.161,2,3,3,2010,12,29,12,6,0,1,1,1,1,1,2,8,0,1,1,,,
201015448624,6,3,2,41,7,130.348,2,5,5,2010,12,35,12,6,0,4,1,1,2,1,2,8,0,1,1,,,
201015448626,3,3,2,41,7,20.054,2,5,4,2010,20,28,12,6,0,2,3,1,2,2,2,8,0,2,1,,,
201015448628,4,3,2,41,7,290.777,2,5,3,2010,17,19,12,1,0,2,1,1,0,0,2,8,0,2,1,,,
201015448634,3,3,2,41,7,20.054,4,5,2,2010,8,40,12,1,0,2,1,1,2,4,2,8,0,8,1,,,
201015448658,5,3,2,41,7,60.161,2,3,1,2010,17,31,12,7,0,1,1,1,2,1,2,8,0,1,1,,,
201015448659,6,3,2,41,7,130.348,2,5,5,2010,9,31,12,6,0,2,1,1,2,3,2,8,0,2,1,,,
201015448680,6,3,3,41,7,130.348,1,5,1,2010,6,9,25,0,1,5,4,1,0,0,2,8,0,3,3,,,
201015448685,3,3,3,41,7,20.054,2,5,7,2010,16,40,12,7,0,1,1,1,2,2,2,8,0,1,1,,,
201015448692,4,3,4,41,7,290.777,3,5,5,2010,15,36,12,1,0,1,1,2,0,0,2,8,0,1,1,,,
201015448713,5,3,1,41,7,60.161,2,5,5,2010,14,47,12,6,0,2,1,1,2,1,2,8,0,2,1,,,
201015448718,3,3,3,41,7,20.054,1,5,5,2010,23,53,34,0,1,5,3,1,2,1,2,8,0,1,4,,,
201015448719,3,3,1,41,7,20.054,2,5,6,2010,17,51,12,1,0,2,1,1,2,4,2,8,0,2,1,,,
201015448737,2,3,3,41,7,10.027,2,5,6,2010,21,3,12,6,0,1,3,1,0,0,2,8,0,1,1,,,
201015448762,6,3,1,41,7,130.348,2,5,6,2010,18,57,12,6,0,2,1,1,0,0,2,8,0,3,1,,,
201015448774,4,3,1,41,7,290.777,2,5,4,2010,14,10,12,1,0,2,1,2,0,0,2,8,0,2,1,,,
201015448779,3,3,1,41,7,20.054,3,5,7,2010,8,23,12,7,0,2,1,1,2,1,2,8,0,3,1,,,
201015448782,1,3,1,41,7,10.027,2,5,7,2010,1,5,12,6,0,2,3,1,3,2,2,8,0,2,1,,,
201015448786,2,3,1,41,7,10.027,2,5,3,2010,16,44,12,1,0,2,1,10,0,0,2,8,0,8,1,,,
201015448799,3,3,3,41,7,20.054,2,5,2,2010,8,5,12,1,0,1,1,10,3,1,2,8,0,1,1,,,
201015448807,1,3,3,41,7,10.027,2,5,7,2010,20,7,12,6,0,1,3,1,3,1,1,8,0,1,1,,,
201015448808,1,3,3,41,7,10.027,2,5,5,2010,4,27,12,1,0,1,3,1,3,2,2,8,0,1,1,,,
201015448816,2,3,3,41,7,10.027,3,5,1,2010,14,27,12,7,0,1,1,2,2,2,2,8,0,1,1,,,
201015448817,3,3,3,41,7,20.054,3,5,2,2010,8,45,12,1,0,1,1,1,2,2,2,8,0,1,1,,,
201015448820,5,3,3,41,7,60.161,2,5,6,2010,18,6,12,1,0,1,1,1,3,3,2,8,0,1,1,,,
201015448833,3,3,2,41,7,20.054,1,5,2,2010,12,40,21,0,0,1,1,1,2,1,2,8,0,1,2,,,
201015448834,4,3,2,41,7,290.777,2,5,6,2010,14,59,12,1,1,5,1,10,1,1,2,8,0,8,1,,,
201015448849,3,3,1,41,7,20.054,1,5,1,2010,3,28,21,0,0,1,3,1,3,1,2,8,0,1,2,,,
201015448850,1,3,1,41,7,10.027,1,5,1,2010,3,40,30,0,0,1,3,1,3,2,1,8,0,1,4,,,
201015448857,1,3,1,41,7,10.027,2,5,6,2010,8,39,12,6,0,2,1,1,3,2,2,8,0,2,1,,,
201015448879,6,3,1,41,7,130.348,2,5,6,2010,14,2,12,1,0,4,1,1,2,1,2,8,0,1,1,,,
201015448886,4,3,1,41,7,290.777,2,5,5,2010,12,45,12,7,0,1,1,10,0,0,2,8,0,1,1,,,
201015448891,5,3,1,41,7,60.161,2,5,2,2010,12,20,12,6,0,2,1,10,2,2,2,8,0,8,1,,,
201015448892,3,3,1,41,7,20.054,2,5,2,2010,9,57,12,1,0,1,1,10,2,1,2,8,0,1,1,,,
201015448897,1,3,1,41,7,10.027,2,5,3,2010,15,35,12,1,0,1,1,1,3,4,2,8,0,1,1,,,
201015448918,6,3,4,41,7,130.348,1,5,7,2010,16,34,25,0,0,1,1,2,0,0,2,8,0,1,3,,,
201015448929,4,3,3,41,7,290.777,3,5,5,2010,9,27,12,1,1,5,1,1,1,1,2,8,0,1,1,,,
201015448930,6,3,3,41,7,130.348,1,5,7,2010,7,11,1,0,0,1,1,1,0,0,2,8,0,1,2,,,
201015448947,6,3,1,41,7,130.348,2,6,4,2010,10,10,12,6,0,2,1,10,1,2,2,8,0,8,1,,,
201015448957,5,3,1,41,7,60.161,2,6,3,2010,18,6,12,1,0,1,1,1,3,1,2,8,0,1,1,,,
201015448960,3,3,1,41,7,20.054,1,6,3,2010,15,58,21,0,0,1,1,1,3,2,2,8,0,1,1,,,
201015448980,5,3,2,41,7,60.161,2,5,7,2010,13,17,12,6,1,5,1,1,3,3,2,8,0,2,1,,,
201015448981,3,3,2,41,7,20.054,2,5,1,2010,9,55,12,1,0,2,1,1,2,1,2,8,0,8,1,,,
201015448982,6,3,2,41,7,130.348,1,5,7,2010,18,58,43,0,0,2,1,1,1,1,2,8,0,3,3,,,
201015448995,3,3,2,41,7,20.054,2,5,7,2010,18,9,12,6,0,2,1,10,2,1,2,8,0,2,1,,,
201015448999,4,3,1,41,7,290.777,2,6,6,2010,17,55,12,1,0,1,1,1,1,1,2,8,0,1,1,,,
201015449004,1,3,2,41,7,10.027,3,5,1,2010,3,21,12,7,0,1,3,1,4,1,2,8,0,1,1,,,
201015449014,3,3,1,41,7,20.054,1,5,2,2010,18,50,18,0,0,1,1,1,2,1,2,8,0,1,4,,,
201015449017,3,3,2,41,7,20.054,2,4,2,2010,17,12,12,7,0,1,1,2,2,1,2,8,0,1,1,,,
201015449041,3,3,3,41,7,20.054,2,5,2,2010,8,58,12,1,1,5,1,1,3,1,2,8,0,1,1,,,
201015449044,5,3,3,41,7,60.161,2,5,3,2010,22,52,12,6,0,1,3,2,2,2,2,8,0,1,1,,,
201015449045,2,3,3,41,7,10.027,3,5,6,2010,11,20,12,7,0,1,1,1,2,2,2,8,0,1,1,,,
201015449052,2,3,2,41,7,10.027,2,6,6,2010,9,24,12,1,0,2,1,1,3,4,2,8,0,3,1,,,
201015449057,5,3,2,41,7,60.161,2,6,3,2010,8,39,12,6,0,2,1,2,3,1,2,8,0,2,1,,,
201015449063,6,3,2,41,7,130.348,3,5,1,2010,5,27,12,6,0,4,3,1,0,0,2,8,1,1,1,,,
201015449065,3,3,3,41,7,20.054,3,5,1,2010,17,47,12,1,0,1,1,1,3,1,2,8,0,1,1,,,
201015449066,6,3,1,41,7,130.348,3,6,7,2010,18,0,12,1,0,1,1,2,1,3,2,8,0,1,1,,,
201015449067,5,3,1,41,7,60.161,2,5,3,2010,18,12,12,6,0,2,1,1,2,1,2,8,0,3,1,,,
201015449072,3,3,1,41,7,20.054,2,6,4,2010,20,54,12,2,0,2,3,1,3,1,2,8,0,3,1,,,
201015449077,1,3,1,41,7,10.027,4,5,5,2010,18,30,12,1,0,1,1,1,3,1,2,8,0,1,1,,,
201015449088,1,3,1,41,7,10.027,2,6,5,2010,8,16,12,6,0,2,1,1,3,1,2,8,0,2,1,,,
201015449092,4,3,2,41,7,290.777,2,5,1,2010,16,28,14,0,0,1,1,1,1,1,2,8,1,1,7,,,
201015449100,3,3,2,41,7,20.054,2,5,5,2010,20,28,12,1,0,4,3,2,2,2,2,8,0,1,1,,,
201015449105,1,3,1,41,7,10.027,1,6,6,2010,6,25,43,0,0,1,1,1,3,1,2,8,0,1,3,,,
201015449112,3,3,1,41,7,20.054,1,6,5,2010,10,27,22,0,0,4,1,1,2,1,2,8,0,1,1,,,
201015449124,3,3,1,41,7,20.054,1,6,3,2010,15,50,22,0,0,2,1,1,2,1,2,8,0,8,1,,,
201015449136,6,3,1,41,7,130.348,2,6,6,2010,20,46,12,6,0,2,3,1,0,0,1,8,0,2,1,,,
201015449137,4,3,1,41,7,290.777,2,6,6,2010,7,41,12,7,0,1,1,1,1,2,2,8,0,1,1,,,
201015449171,5,3,3,41,7,60.161,3,6,3,2010,8,40,12,7,0,1,1,10,2,2,2,8,0,1,1,,,
201015449180,3,3,1,41,7,20.054,2,6,4,2010,17,4,12,6,0,2,1,1,2,1,2,8,0,2,1,,,
201015449188,1,3,1,41,7,10.027,2,5,1,2010,20,9,12,6,0,2,1,1,3,4,1,8,0,2,1,,,
201015449203,6,3,3,41,7,130.348,4,6,7,2010,10,41,54,0,0,1,1,1,0,0,2,8,0,1,1,,,
201015449208,1,3,2,41,7,10.027,2,6,4,2010,7,57,12,6,0,2,1,1,3,1,2,8,0,2,1,,,
201015449216,5,3,2,41,7,60.161,1,6,1,2010,5,15,42,0,0,2,3,1,2,1,1,8,0,2,4,,,
201015449222,3,3,2,41,7,20.054,3,6,5,2010,14,51,12,1,0,1,1,1,2,4,2,8,0,1,1,,,
201015449230,3,3,2,41,7,20.054,2,6,3,2010,17,41,12,6,0,2,1,1,2,1,2,8,0,2,1,,,
201015449231,6,3,2,41,7,130.348,2,6,3,2010,14,8,12,1,0,1,1,1,1,1,2,8,0,1,1,,,
201015449232,1,3,1,41,7,10.027,2,6,6,2010,7,12,12,6,0,2,1,1,3,2,2,8,0,2,1,,,
201015449243,5,3,2,41,7,60.161,1,6,4,2010,5,31,42,0,0,1,3,1,2,1,2,8,0,1,4,,,
201015449244,5,3,1,41,7,60.161,2,6,6,2010,12,13,12,2,0,2,1,1,2,1,2,8,0,3,1,,,
201015449245,3,3,2,41,7,20.054,2,6,3,2010,10,23,12,1,0,4,1,2,2,2,2,8,0,1,1,,,
201015449262,3,3,1,41,7,20.054,2,6,7,2010,9,37,12,7,0,2,1,1,2,1,2,8,0,2,1,,,
201015449271,5,3,1,41,7,60.161,2,6,7,2010,18,22,12,6,0,2,2,2,2,1,2,8,0,3,1,,,
201015449273,6,3,1,41,7,130.348,2,6,6,2010,12,7,12,1,0,2,1,1,0,0,1,8,0,2,1,,,
201015449302,3,3,3,41,7,20.054,2,6,3,2010,23,36,12,7,1,5,3,1,2,1,2,8,0,1,1,,,
201015449304,3,3,3,41,7,20.054,2,6,1,2010,17,42,12,7,0,1,1,1,2,1,2,8,0,1,1,,,
201015449307,3,3,1,41,7,20.054,1,6,4,2010,16,36,21,0,0,2,1,1,2,1,2,8,0,8,1,,,
201015449313,4,3,1,41,7,290.777,2,6,3,2010,8,35,12,1,0,2,1,10,1,1,2,8,0,8,1,,,
201015449320,3,3,1,41,7,20.054,1,6,2,2010,22,0,21,0,0,1,3,1,2,1,2,8,0,1,1,,,
201015449326,1,3,1,41,7,10.027,1,6,1,2010,5,43,30,0,0,2,4,10,3,1,2,8,0,8,3,,,
201015449335,1,3,1,41,7,10.027,2,6,6,2010,8,29,12,1,0,2,1,1,3,1,2,8,0,8,1,,,
201015449336,1,3,2,41,7,10.027,3,6,7,2010,13,51,12,6,0,2,1,1,3,3,2,8,0,2,1,,,
201015449338,1,3,2,41,7,10.027,2,6,5,2010,11,32,12,6,0,2,1,10,3,4,2,8,0,2,1,,,
201015449340,1,3,2,41,7,10.027,2,6,2,2010,11,14,12,6,0,2,1,10,3,1,2,8,0,2,1,,,
201015449347,3,3,1,41,7,20.054,2,6,7,2010,16,51,12,6,0,2,1,1,3,1,2,8,0,2,1,,,
201015449362,3,3,2,41,7,20.054,2,6,7,2010,16,52,12,1,0,2,1,1,2,1,2,8,0,3,1,,,
201015449367,2,3,2,41,7,10.027,2,6,5,2010,14,12,12,1,0,1,1,1,2,2,2,8,0,1,1,,,
201015449376,3,3,1,41,7,20.054,2,6,6,2010,23,56,12,1,0,1,3,1,3,2,2,8,0,1,1,,,
201015449382,6,3,1,41,7,130.348,2,6,5,2010,21,11,12,2,0,2,3,1,1,2,2,8,0,2,1,,,
201015449387,4,3,2,41,7,290.777,1,6,1,2010,11,33,22,0,0,2,1,1,0,0,2,8,0,8,1,,,
201015449393,6,3,2,41,7,130.348,2,6,4,2010,5,54,14,0,0,1,4,1,2,1,2,8,1,1,7,,,
201015449414,2,3,3,41,7,10.027,3,6,2,2010,10,40,12,2,0,1,1,1,3,2,2,8,0,1,1,,,
201015449424,3,3,2,41,7,20.054,1,6,7,2010,8,33,22,0,0,2,1,1,3,1,2,8,0,2,1,,,
201015449426,4,3,1,41,7,290.777,2,6,2,2010,22,51,14,0,0,1,3,1,0,0,2,8,1,1,7,,,
201015449432,5,3,2,41,7,60.161,2,6,4,2010,4,11,12,1,0,2,3,1,2,3,2,8,0,8,1,,,
201015449433,3,3,2,41,7,20.054,2,6,7,2010,12,55,12,1,0,1,1,1,2,1,2,8,0,1,1,,,
201015449445,2,3,1,41,7,10.027,2,6,1,2010,18,47,12,6,0,2,1,1,3,1,2,8,0,8,1,,,
201015449446,1,3,1,41,7,10.027,2,6,1,2010,18,4,12,6,0,2,1,1,3,5,2,8,0,3,1,,,
201015449458,5,3,1,41,7,60.161,2,6,6,2010,22,21,12,6,0,2,3,1,1,1,2,8,0,8,1,,,
201015449460,3,3,1,41,7,20.054,2,6,3,2010,20,24,12,2,0,2,5,1,4,1,2,8,0,2,1,,,
201015449469,3,3,1,41,7,20.054,1,6,5,2010,18,5,21,0,0,2,1,1,2,1,2,8,0,2,1,,,
201015449475,6,3,1,41,7,130.348,3,6,7,2010,13,55,12,1,0,1,1,1,1,1,2,8,0,1,1,,,
201015449481,3,3,1,41,7,20.054,1,6,4,2010,11,52,22,0,0,2,1,1,2,1,2,8,0,8,1,,,
201015449496,4,3,1,41,7,290.777,3,7,7,2010,18,25,12,1,0,1,1,2,1,7,2,8,0,1,1,,,
201015449498,3,3,1,41,7,20.054,1,7,7,2010,20,26,21,0,0,1,3,10,2,1,2,8,0,1,2,,,
201015449499,2,3,1,41,7,10.027,2,7,6,2010,22,39,12,6,0,2,3,10,3,2,2,8,0,3,1,,,
201015449500,1,3,1,41,7,10.027,2,6,3,2010,20,15,12,6,0,2,3,1,3,3,2,8,0,2,1,,,
201015449506,3,3,1,41,7,20.054,1,7,5,2010,12,16,22,0,0,2,1,1,2,1,2,8,0,3,1,,,
201015449538,1,3,3,41,7,10.027,2,6,2,2010,5,46,18,0,0,1,4,1,3,2,2,8,0,1,1,,,
201015449540,4,3,3,41,7,290.777,3,6,5,2010,17,46,12,1,0,1,1,1,1,1,2,8,0,1,1,,,
201015449546,6,3,1,41,7,130.348,2,7,6,2010,7,59,12,6,0,2,1,1,0,0,2,8,0,2,1,,,
201015449551,3,3,1,41,7,20.054,1,7,5,2010,10,34,22,0,0,2,1,1,2,1,2,8,0,3,1,,,
201015449552,2,3,1,41,7,10.027,2,7,5,2010,14,6,12,6,0,2,1,1,0,0,2,8,0,2,1,,,
201015449555,4,3,1,41,7,290.777,2,7,4,2010,16,8,12,1,0,1,1,10,1,3,2,8,0,1,1,,,