CASENUM,STRATUM,REGION,PJ,PSU,PSUSTRAT,WEIGHT,VE_TOTAL,MONTH,WKDY_IM,YEAR,HOUR_IM,MINUTE_IM,EVENT1_IM,MANCOL_IM,RELJCT1_IM,RELJCT2_IM,LGTCON_IM,WEATHR_IM,MAXSEV_IM,NO_INJ_IM,ALCHL_IM,LAND_USE,PVH_INVL,TYP_INT,REL_ROAD,CF1,CF2,CF3
201016146438,4,3,1,43,9,293.316,1,7,2,2010,9,15,18,0,0,1,1,1,0,0,2,3,0,1,1,,,
201016146451,6,3,1,43,9,134.436,2,7,2,2010,17,41,12,6,0,2,1,1,0,0,2,3,0,2,1,,,
201016146459,4,3,6,43,9,289.921,2,8,3,2010,18,45,12,1,0,2,1,1,0,0,2,1,0,8,1,,,
201016146481,4,3,1,43,9,293.316,2,7,5,2010,18,26,12,1,1,5,1,1,1,1,2,3,0,8,1,,,
201016146488,3,3,1,43,9,12.222,2,7,5,2010,22,55,12,8,0,1,3,2,2,1,2,3,0,1,1,,,
201016146521,3,3,3,43,9,12.222,2,7,4,2010,23,0,12,1,0,2,2,10,2,1,2,2,0,2,1,,,
201016146526,4,3,3,43,9,293.316,1,8,2,2010,5,30,24,0,0,2,2,10,0,0,2,2,0,3,1,,,
201016146532,6,3,3,43,9,134.436,2,8,3,2010,21,42,12,6,0,2,3,1,0,0,2,2,0,2,1,,,
201016146562,4,3,2,43,9,293.316,2,8,2,2010,16,14,12,7,0,1,1,1,1,1,2,8,0,1,1,,,
201016146586,4,3,2,43,9,293.316,1,8,5,2010,19,22,74,0,0,1,2,2,1,1,2,8,0,1,3,,,
201016146600,3,3,2,43,9,12.222,1,8,2,2010,14,16,43,0,0,1,1,1,4,3,2,8,0,1,3,,,
201016146603,3,3,2,43,9,12.222,1,8,3,2010,18,25,22,0,0,2,1,1,2,1,2,8,0,3,1,,,
201016146607,3,3,2,43,9,12.222,1,8,5,2010,20,46,22,0,0,1,5,2,2,1,2,8,0,1,1,,,
201016146609,3,3,2,43,9,12.222,2,8,6,2010,18,0,12,2,0,2,1,1,4,2,2,8,0,4,1,,,
201016146610,1,3,2,43,9,12.222,1,8,7,2010,1,53,34,0,0,1,2,1,4,1,1,8,0,1,4,,,
201016146612,5,3,2,43,9,61.108,2,8,7,2010,16,56,12,1,0,4,1,1,2,4,2,8,0,1,1,,,
201016146621,3,3,4,43,9,12.222,2,7,2,2010,8,9,12,1,0,2,1,1,2,2,2,1,0,3,1,,,
201016146622,2,3,4,43,9,12.222,2,7,2,2010,10,26,12,1,0,2,1,10,1,1,2,1,0,2,1,,,
201016146643,3,3,3,43,9,12.222,2,8,5,2010,21,12,21,0,0,1,3,2,2,1,2,2,1,1,1,,,
201016146647,4,3,3,43,9,293.316,2,8,1,2010,0,49,12,1,0,2,3,1,0,0,2,2,0,2,1,,,
201016146653,3,3,3,43,9,12.222,2,8,6,2010,17,26,12,6,0,2,1,1,2,2,2,2,0,2,1,,,
201016146665,3,3,3,43,9,12.222,1,8,6,2010,18,14,21,0,0,1,1,1,2,1,2,2,0,1,1,,,
201016146667,5,3,3,43,9,61.108,3,8,7,2010,15,46,12,6,0,2,1,1,2,3,2,2,0,2,1,,,
201016146685,6,3,6,43,9,124.252,2,8,4,2010,16,32,12,1,0,1,1,1,0,0,2,1,0,1,1,,,
201016146686,4,3,6,43,9,289.921,1,8,4,2010,17,14,59,0,0,2,1,1,0,0,2,1,0,2,4,,,
201016146697,4,3,6,43,9,289.921,2,8,2,2010,7,52,12,6,0,2,1,1,0,0,2,1,0,8,1,,,
201016146700,5,3,6,43,9,41.417,2,8,3,2010,8,19,12,6,0,2,1,1,2,1,2,1,0,8,1,,,
201016146718,5,3,1,43,9,61.108,2,7,6,2010,11,36,12,6,0,2,1,1,1,2,2,3,0,2,1,,,
201016146725,4,3,1,43,9,293.316,2,7,6,2010,13,13,12,1,0,2,1,1,0,0,2,3,0,2,1,,,
201016146743,6,3,1,43,9,134.436,2,7,6,2010,23,36,12,6,0,2,3,1,0,0,1,3,0,2,1,,,
201016146747,3,3,1,43,9,12.222,1,7,7,2010,2,16,21,0,0,1,3,1,3,1,1,3,0,1,4,,,
201016146757,3,3,1,43,9,12.222,2,7,7,2010,12,4,12,6,0,2,1,2,2,1,2,3,0,8,1,,,
201016146761,4,3,1,43,9,293.316,2,7,7,2010,17,31,12,7,0,1,1,10,0,0,2,3,0,1,1,,,
201016146762,3,3,1,43,9,12.222,2,7,7,2010,17,4,12,1,0,2,1,2,2,4,1,3,0,3,1,,,
201016146772,3,3,1,43,9,12.222,2,7,7,2010,19,42,12,6,0,2,1,10,3,1,1,3,0,2,1,,,
201016146787,5,3,1,43,9,61.108,1,8,1,2010,15,33,74,0,0,1,1,10,1,1,2,3,0,1,4,,,
201016146789,3,3,1,43,9,12.222,2,8,1,2010,15,58,12,6,0,2,1,10,2,3,2,3,0,2,1,,,
201016146796,4,3,1,43,9,293.316,2,8,2,2010,11,53,12,6,0,2,1,1,0,0,2,3,0,2,1,,,
201016146808,6,3,1,43,9,134.436,3,8,2,2010,16,28,12,1,0,1,1,1,1,1,2,3,0,1,1,,,
201016146825,4,3,1,43,9,293.316,2,8,3,2010,11,30,12,1,0,2,1,1,1,1,2,3,0,8,1,,,
201016146851,4,3,1,43,9,293.316,2,8,4,2010,11,3,12,7,0,2,1,10,0,0,2,3,0,2,1,,,
201016146864,3,3,1,43,9,12.222,1,8,4,2010,18,56,1,0,1,5,1,1,2,1,2,3,0,1,4,,,
201016146877,4,3,4,43,9,293.316,3,8,2,2010,12,51,12,1,0,2,1,1,0,0,2,1,0,8,1,,,
201016146893,3,3,2,43,9,12.222,2,8,4,2010,15,5,12,1,0,1,1,1,3,2,2,8,0,1,1,,,
201016146901,6,3,2,43,9,134.436,2,8,3,2010,6,45,12,8,0,2,1,10,2,3,2,8,0,2,1,,,
201016146909,4,3,2,43,9,293.316,1,8,5,2010,16,42,74,0,0,1,1,1,0,0,2,8,0,1,3,,,
201016146911,3,3,2,43,9,12.222,2,8,5,2010,17,34,12,1,0,1,1,1,2,1,2,8,0,1,1,,,
201016146915,5,3,4,43,9,61.108,2,8,6,2010,17,50,12,6,0,2,1,1,1,3,2,1,0,2,1,,,
201016146927,5,3,6,43,9,41.417,3,8,5,2010,17,15,12,1,0,2,1,1,2,3,2,1,0,8,1,,,
201016146928,6,3,6,43,9,124.252,2,8,5,2010,18,13,12,1,1,5,1,1,1,2,2,1,0,1,1,,,
201016146934,4,3,6,43,9,289.921,2,8,2,2010,8,17,12,1,0,2,1,1,0,0,2,1,0,2,1,,,
201016146943,4,3,1,43,9,293.316,2,8,6,2010,10,16,12,1,0,2,1,1,0,0,2,3,0,8,1,,,
201016146944,6,3,1,43,9,134.436,2,8,6,2010,10,47,12,1,1,5,1,1,0,0,2,3,0,8,1,,,
201016146955,2,3,1,43,9,12.222,2,8,6,2010,13,35,12,1,0,2,1,1,1,1,2,3,0,8,1,,,
201016146956,5,3,1,43,9,61.108,2,8,6,2010,13,40,12,6,0,2,1,1,3,4,2,3,0,2,1,,,
201016146965,4,3,3,43,9,293.316,2,8,6,2010,13,34,12,1,0,2,1,1,0,0,2,2,0,3,1,,,
201016147004,3,3,1,43,9,12.222,2,8,6,2010,15,10,12,6,0,4,1,1,2,6,2,3,0,1,1,,,
201016147018,4,3,1,43,9,293.316,2,8,6,2010,20,11,12,1,0,2,1,1,0,0,2,3,0,8,1,,,
201016147039,3,3,1,43,9,12.222,2,8,7,2010,11,10,12,1,0,1,1,1,2,1,2,3,0,1,1,,,
201016147055,6,3,1,43,9,134.436,2,8,1,2010,3,9,12,6,0,2,3,1,0,0,2,3,0,2,1,,,
201016147060,4,3,1,43,9,293.316,3,8,1,2010,10,39,12,6,0,4,1,1,0,0,2,3,0,1,1,,,
201016147095,3,3,2,43,9,12.222,1,8,7,2010,2,56,21,0,0,1,2,1,2,1,2,8,0,1,1,,,
201016147104,4,3,2,43,9,293.316,2,8,1,2010,10,35,12,7,0,1,1,1,0,0,2,8,0,1,1,,,
201016147106,2,3,1,43,9,12.222,1,8,2,2010,5,7,1,0,1,5,2,1,3,1,2,3,0,1,1,,,
201016147126,6,3,1,43,9,134.436,2,8,2,2010,19,45,12,6,0,2,1,1,0,0,2,3,0,2,1,,,
201016147128,4,3,1,43,9,293.316,2,8,3,2010,7,30,12,6,0,4,1,1,0,0,2,3,0,1,1,,,
201016147142,2,3,1,43,9,12.222,2,8,3,2010,16,23,12,7,0,2,1,10,1,3,2,3,0,2,1,,,
201016147148,3,3,1,43,9,12.222,1,8,3,2010,17,6,24,0,0,1,1,1,2,1,2,3,0,1,1,,,
201016147159,4,3,1,43,9,293.316,2,8,3,2010,22,24,12,1,0,2,3,1,0,0,2,3,0,2,1,,,
201016147182,5,3,1,43,9,61.108,2,8,5,2010,0,21,12,6,1,5,3,2,2,3,1,3,0,2,1,,,
201016147184,3,3,1,43,9,12.222,2,8,5,2010,7,23,12,1,0,2,1,1,2,2,2,3,0,8,1,,,
201016147196,4,3,10,43,9,286.735,1,8,6,2010,4,27,18,0,0,1,2,1,0,0,2,8,0,1,1,,,
201016147200,6,3,10,43,9,114.694,2,8,3,2010,23,2,12,2,0,2,3,1,0,0,2,8,0,2,1,,,
201016147202,4,3,1,43,9,293.316,2,8,5,2010,11,46,12,6,0,2,1,1,0,0,2,3,0,2,1,,,
201016147212,6,3,1,43,9,134.436,2,8,5,2010,14,52,12,6,0,2,1,1,2,2,2,3,0,2,1,,,
201016147244,4,3,2,43,9,293.316,1,8,4,2010,15,33,40,0,0,2,1,2,0,0,2,8,0,3,4,,,
201016147267,1,3,2,43,9,12.222,1,8,2,2010,8,38,43,0,0,1,1,1,4,1,2,8,0,1,4,,,
201016147272,2,3,2,43,9,12.222,2,8,3,2010,10,25,12,1,0,4,1,1,2,2,2,8,0,1,1,,,
201016147275,6,3,2,43,9,134.436,3,8,4,2010,13,25,12,1,0,1,1,2,3,3,2,8,0,1,1,,,
201016147278,5,3,2,43,9,61.108,1,8,4,2010,14,15,38,0,0,1,1,2,1,1,2,8,0,1,5,,,
201016147288,3,3,2,43,9,12.222,1,8,6,2010,11,32,74,0,1,5,1,1,4,1,1,8,0,1,4,,,
201016147289,1,3,2,43,9,12.222,2,8,6,2010,0,23,38,0,0,1,2,2,4,2,2,8,1,1,5,,,
201016147291,4,3,2,43,9,293.316,2,8,6,2010,17,38,12,1,0,2,1,1,1,1,2,8,0,2,1,,,
201016147302,6,3,2,43,9,134.436,2,8,7,2010,17,15,12,6,0,2,1,1,0,0,2,8,0,2,1,,,
201016147304,3,3,2,43,9,12.222,1,8,7,2010,20,4,34,0,0,1,1,1,2,1,2,8,0,1,4,,,
201016147305,3,3,2,43,9,12.222,1,8,1,2010,16,29,1,0,0,1,1,2,2,1,2,8,0,1,1,,,
201016147320,6,3,6,43,9,124.252,1,8,5,2010,14,54,34,0,0,1,1,10,0,0,2,1,0,1,4,,,
201016147325,4,3,6,43,9,289.921,2,8,2,2010,13,34,12,6,0,4,1,1,0,0,2,1,0,1,1,,,
201016147328,6,3,4,43,9,134.436,1,8,1,2010,23,41,24,0,0,1,2,1,1,2,2,1,0,1,1,,,
201016147359,4,3,3,43,9,293.316,2,8,4,2010,18,48,12,6,0,1,1,2,1,1,2,2,0,1,1,,,
201016147362,6,3,3,43,9,134.436,2,8,5,2010,12,43,12,6,0,2,1,2,0,0,2,2,0,2,1,,,
201016147390,4,3,3,43,9,293.316,2,8,2,2010,7,31,12,1,0,1,1,1,0,0,2,2,0,1,1,,,
201016147399,5,3,3,43,9,61.108,1,8,1,2010,13,1,35,0,0,1,1,1,2,1,2,2,0,1,4,,,
201016147402,3,3,3,43,9,12.222,2,8,3,2010,7,38,12,6,0,2,1,2,4,1,2,2,0,2,1,,,
201016147407,2,3,3,43,9,12.222,2,8,5,2010,18,11,12,6,0,2,1,1,2,1,2,2,0,3,1,,,
201016147425,5,3,1,43,9,61.108,2,8,1,2010,21,43,12,2,0,1,2,1,1,2,2,3,0,1,1,,,
201016147430,4,3,1,43,9,293.316,2,8,2,2010,16,24,12,1,0,1,1,1,1,1,2,3,0,1,1,,,
201016147448,6,3,1,43,9,134.436,2,8,2,2010,22,30,12,7,0,2,2,1,0,0,2,3,0,3,1,,,
201016147458,4,3,1,43,9,293.316,2,8,2,2010,10,50,12,1,0,4,1,1,0,0,2,3,0,1,1,,,
201016147465,3,3,1,43,9,12.222,1,8,2,2010,13,50,21,0,0,1,1,1,2,1,2,3,0,1,4,,,
201016147476,3,3,1,43,9,12.222,1,8,3,2010,6,18,21,0,0,1,1,1,2,1,2,3,0,1,1,,,
201016147485,4,3,1,43,9,293.316,2,8,3,2010,14,58,12,7,0,1,1,1,0,0,2,3,0,1,1,,,
201016147506,2,3,1,43,9,12.222,1,8,4,2010,15,26,1,0,0,2,1,10,0,0,2,3,0,2,1,,,
201016147520,4,3,1,43,9,293.316,2,8,4,2010,16,23,12,7,0,1,1,1,1,1,2,3,0,1,1,,,
201016147532,2,3,1,43,9,12.222,2,8,4,2010,10,18,12,6,0,2,1,1,1,1,2,3,0,8,1,,,
201016147537,6,3,1,43,9,134.436,1,8,4,2010,13,23,74,0,1,5,1,10,1,1,2,3,0,1,4,,,
201016147551,4,3,1,43,9,293.316,2,8,6,2010,8,48,12,7,0,1,1,1,0,0,2,3,0,1,1,,,
201016147572,5,3,1,43,9,61.108,2,8,5,2010,9,20,12,6,0,2,1,2,1,2,2,3,0,2,1,,,
201016147576,3,3,1,43,9,12.222,1,8,7,2010,2,11,1,0,0,1,3,1,2,1,1,3,0,1,1,,,
201016147588,3,3,1,43,9,12.222,4,8,7,2010,18,44,14,0,0,2,3,1,2,1,1,3,3,6,7,,,
201016147599,4,3,1,43,9,293.316,2,8,7,2010,12,3,12,6,0,4,1,1,0,0,2,3,0,1,1,,,
201016147621,6,3,2,43,9,134.436,1,8,3,2010,8,23,73,0,0,1,1,2,0,0,2,8,0,1,3,,,
201016147623,4,3,2,43,9,293.316,2,8,3,2010,12,14,12,1,0,1,1,10,0,0,2,8,0,1,1,,,
201016147651,4,3,2,43,9,293.316,2,8,6,2010,20,30,12,7,0,1,2,1,0,0,2,8,0,1,1,,,
201016147655,3,3,2,43,9,12.222,2,8,7,2010,17,17,12,6,0,5,1,1,2,1,2,8,0,1,1,,,
201016147660,5,3,2,43,9,61.108,1,8,1,2010,5,1,42,0,0,1,2,1,2,1,2,8,0,1,4,,,
201016147677,4,3,1,43,9,293.316,2,8,5,2010,13,57,12,1,0,1,1,10,0,0,2,3,0,1,1,,,
201016147688,6,3,1,43,9,134.436,2,8,5,2010,19,20,12,6,0,4,1,1,0,0,2,3,0,1,1,,,
201016147701,4,3,6,43,9,289.921,2,8,7,2010,19,22,12,1,0,1,1,10,0,0,1,1,0,1,1,,,
201016147707,6,3,6,43,9,124.252,3,8,3,2010,14,44,12,1,0,1,1,1,1,1,2,1,0,1,1,,,
201016147725,3,3,2,43,9,12.222,1,8,2,2010,15,45,1,0,0,1,1,1,2,1,2,8,0,1,1,,,
201016147742,4,3,2,43,9,293.316,2,8,3,2010,16,35,12,1,0,2,1,1,0,0,2,8,0,3,1,,,
201016147743,6,3,2,43,9,134.436,3,9,4,2010,7,58,12,1,0,1,1,1,1,1,2,8,0,1,1,,,
201016147744,3,3,2,43,9,12.222,1,8,3,2010,6,3,22,0,0,2,2,10,2,1,2,8,0,3,1,,,
201016147777,4,3,3,43,9,293.316,2,8,6,2010,18,42,12,6,0,2,1,1,0,0,2,2,0,3,1,,,
201016147809,4,3,3,43,9,293.316,2,9,5,2010,11,45,12,1,0,2,1,10,1,1,2,2,0,8,1,,,
201016147834,4,3,1,43,9,293.316,2,8,6,2010,18,16,12,7,0,1,1,1,0,0,2,3,0,1,1,,,
201016147852,2,3,1,43,9,12.222,2,8,6,2010,12,54,12,6,0,2,1,1,0,0,2,3,0,2,1,,,
201016147859,3,3,1,43,9,12.222,1,8,7,2010,1,13,22,0,0,2,3,1,2,1,2,3,0,3,1,,,
201016147862,4,3,1,43,9,293.316,2,8,7,2010,8,24,12,6,0,2,1,1,0,0,2,3,0,2,1,,,
201016147871,3,3,1,43,9,12.222,1,8,7,2010,14,44,33,0,0,1,1,1,2,1,2,3,0,1,4,,,
201016147872,3,3,1,43,9,12.222,2,8,7,2010,14,49,12,1,0,1,1,1,2,1,2,3,0,1,1,,,
201016147891,6,3,1,43,9,134.436,1,8,1,2010,11,0,30,0,0,1,1,1,0,0,2,3,0,1,4,,,
201016147893,4,3,1,43,9,293.316,2,8,1,2010,13,19,12,6,0,2,1,10,0,0,2,3,0,2,1,,,
201016147918,3,3,1,43,9,12.222,1,8,2,2010,17,47,42,0,0,2,1,10,2,2,2,3,0,3,4,,,
201016147923,3,3,1,43,9,12.222,2,8,1,2010,17,45,12,6,1,5,1,1,2,1,2,3,0,8,1,,,
201016147925,4,3,1,43,9,293.316,2,8,1,2010,18,52,12,7,0,1,1,1,1,1,2,3,0,1,1,,,
201016147928,3,3,1,43,9,12.222,1,8,1,2010,21,21,1,0,0,2,2,10,2,1,2,3,0,3,1,,,
201016147933,2,3,1,43,9,12.222,2,8,2,2010,7,55,12,1,0,1,1,1,0,0,2,3,0,1,1,,,
201016147951,4,3,1,43,9,293.316,2,8,3,2010,6,50,12,1,0,1,1,1,0,0,2,3,0,1,1,,,
201016147979,4,3,1,43,9,293.316,1,8,3,2010,12,42,33,0,0,1,1,2,0,0,2,3,0,1,4,,,
201016147981,6,3,1,43,9,134.436,2,8,3,2010,8,40,12,1,0,1,1,2,0,0,2,3,0,1,1,,,
201016147985,1,3,1,43,9,12.222,2,8,3,2010,16,49,12,6,0,1,1,2,3,2,2,3,0,1,1,,,
201016148003,5,3,1,43,9,61.108,2,8,4,2010,11,25,12,6,0,2,1,1,2,2,2,3,0,2,1,,,
201016148012,4,3,1,43,9,293.316,2,8,4,2010,15,26,12,6,0,2,1,10,0,0,2,3,0,2,1,,,
201016148043,4,3,1,43,9,293.316,2,8,5,2010,15,21,12,1,0,2,1,1,0,0,2,3,0,8,1,,,
201016148052,6,3,1,43,9,134.436,2,8,5,2010,18,33,12,6,0,2,1,1,0,0,2,3,0,2,1,,,
201016148077,4,3,6,43,9,289.921,2,9,4,2010,14,44,12,6,0,1,1,1,0,0,2,1,0,1,1,,,
201016148087,2,3,4,43,9,12.222,2,8,1,2010,13,8,12,1,0,2,1,10,1,2,2,1,0,3,1,,,
201016148093,4,3,4,43,9,293.316,3,8,2,2010,17,18,12,1,0,1,1,2,0,0,2,1,0,1,1,,,
201016148117,6,3,3,43,9,134.436,2,9,6,2010,13,10,12,6,0,2,1,1,1,2,2,2,0,2,1,,,
201016148137,3,3,3,43,9,12.222,1,9,7,2010,21,43,22,0,0,1,1,1,3,1,1,2,0,1,1,,,
201016148148,3,3,1,43,9,12.222,1,8,6,2010,1,4,42,0,0,2,3,1,2,1,1,3,0,3,4,,,
201016148157,4,3,1,43,9,293.316,2,8,6,2010,9,48,12,1,0,2,1,1,0,0,2,3,0,8,1,,,
201016148167,2,3,1,43,9,12.222,3,8,6,2010,14,38,12,6,0,2,1,1,1,1,2,3,0,3,1,,,
201016148188,4,3,1,43,9,293.316,2,8,6,2010,20,30,12,1,0,1,3,1,0,0,2,3,0,1,1,,,
201016148194,5,3,1,43,9,61.108,1,8,7,2010,6,0,38,0,0,1,4,1,2,1,2,3,0,1,5,,,
201016148202,3,3,1,43,9,12.222,3,8,7,2010,12,49,12,1,0,2,1,1,2,1,2,3,0,2,1,,,
201016148204,6,3,1,43,9,134.436,2,8,7,2010,13,20,12,6,0,2,1,1,0,0,2,3,0,2,1,,,
201016148220,4,3,1,43,9,293.316,2,8,1,2010,0,16,12,7,0,1,3,1,0,0,2,3,0,1,1,,,
201016148248,4,3,1,43,9,293.316,2,8,3,2010,8,50,12,7,0,2,1,1,0,0,2,3,0,3,1,,,
201016148275,4,3,1,43,9,293.316,2,9,4,2010,17,35,12,1,0,1,1,1,0,0,2,3,0,1,1,,,
201016148303,4,3,1,43,9,293.316,3,9,5,2010,15,30,12,1,0,1,1,1,0,0,2,3,0,1,1,,,
201016148312,3,3,1,43,9,12.222,1,9,5,2010,18,20,22,0,0,2,1,1,2,1,2,3,0,8,1,,,
201016148328,4,3,1,43,9,293.316,2,9,5,2010,13,33,12,6,0,4,1,1,0,0,2,3,0,1,1,,,
201016148354,4,3,1,43,9,293.316,2,8,2,2010,13,13,12,1,1,5,1,1,0,0,2,3,0,3,1,,,
201016148362,6,3,1,43,9,134.436,2,8,2,2010,16,53,12,1,0,1,1,1,0,0,2,3,0,1,1,,,
201016148380,5,3,1,43,9,61.108,2,8,2,2010,22,17,12,2,0,2,3,1,1,1,2,3,0,2,1,,,
201016148389,3,3,2,43,9,12.222,1,9,2,2010,17,34,22,0,0,1,1,1,2,1,2,8,0,1,1,,,
201016148390,5,3,2,43,9,61.108,1,9,2,2010,23,12,32,0,0,1,2,1,2,1,2,8,0,1,5,,,
201016148414,4,3,2,43,9,293.316,1,9,5,2010,6,21,24,0,0,1,1,1,0,0,2,8,0,1,1,,,
201016148421,6,3,2,43,9,134.436,2,9,6,2010,7,51,12,1,0,1,1,1,0,0,2,8,0,1,1,,,
201016148432,3,3,2,43,9,12.222,1,9,6,2010,21,36,1,0,1,5,2,1,2,1,2,8,0,1,1,,,
201016148448,2,3,3,43,9,12.222,2,9,3,2010,10,36,12,1,0,7,1,1,0,0,2,2,0,1,1,,,
201016148476,4,3,6,43,9,289.921,2,9,4,2010,14,35,12,1,0,1,1,1,0,0,2,1,0,1,1,,,
201016148478,6,3,6,43,9,124.252,3,9,5,2010,18,26,12,1,0,1,1,1,1,1,2,1,0,1,1,,,
201016148491,4,3,1,43,9,293.316,2,9,7,2010,9,4,12,1,0,2,1,1,0,0,2,3,0,8,1,,,
201016148493,3,3,1,43,9,12.222,2,9,7,2010,9,23,12,7,0,2,1,1,2,2,2,3,0,3,1,,,
201016148525,4,3,1,43,9,293.316,2,9,5,2010,15,5,12,6,0,2,1,1,0,0,2,3,0,3,1,,,
201016148558,6,3,1,43,9,134.436,2,9,1,2010,21,7,12,8,0,2,3,1,0,0,2,3,0,2,1,,,
201016148563,5,3,1,43,9,61.108,2,9,1,2010,15,30,12,6,0,2,1,1,2,1,2,3,0,3,1,,,
201016148570,3,3,1,43,9,12.222,1,9,2,2010,1,30,21,0,0,2,2,1,2,1,2,3,0,3,1,,,
201016148574,4,3,1,43,9,293.316,2,9,2,2010,11,7,12,6,0,2,1,1,0,0,2,3,0,2,1,,,
201016148584,3,3,1,43,9,12.222,2,9,2,2010,21,34,14,0,0,1,3,1,2,1,2,3,1,1,7,,,
201016148605,4,3,1,43,9,293.316,2,9,6,2010,13,7,12,1,0,1,1,1,0,0,2,3,0,1,1,,,
201016148625,6,3,1,43,9,134.436,2,9,6,2010,17,32,12,6,0,2,1,1,0,0,2,3,0,3,1,,,
201016148629,4,3,2,43,9,293.316,2,9,2,2010,8,49,12,7,0,1,1,1,0,0,2,8,0,1,1,,,
201016148640,4,3,3,43,9,293.316,2,9,7,2010,11,11,12,1,0,1,1,10,1,1,2,2,0,1,1,,,
201016148658,3,3,2,43,9,12.222,2,9,3,2010,8,51,12,1,0,2,1,1,2,1,2,8,0,3,1,,,
201016148661,3,3,3,43,9,12.222,2,9,7,2010,15,40,12,2,0,2,1,2,2,1,2,2,0,2,1,,,
201016148685,4,3,1,43,9,293.316,3,9,3,2010,11,40,12,6,0,2,1,1,0,0,2,3,0,2,1,,,
201016148686,3,3,3,43,9,12.222,2,9,2,2010,18,15,12,6,0,2,1,1,2,2,2,2,0,2,1,,,
201016148714,5,3,2,43,9,61.108,1,9,4,2010,15,27,32,0,0,1,1,1,1,1,2,8,0,1,4,,,
201016148718,5,3,1,43,9,61.108,2,9,3,2010,16,25,12,2,0,1,1,1,1,2,2,3,0,1,1,,,
201016148720,4,3,2,43,9,293.316,1,9,4,2010,21,10,24,0,0,1,2,1,0,0,2,8,0,1,1,,,
201016148721,6,3,2,43,9,134.436,1,9,5,2010,6,57,34,0,0,1,1,1,1,1,2,8,0,1,4,,,
201016148740,3,3,2,43,9,12.222,1,9,7,2010,15,52,1,0,0,1,1,1,2,1,2,8,0,1,4,,,
201016148741,1,3,2,43,9,12.222,1,9,7,2010,16,5,74,0,0,1,1,1,4,3,2,8,0,1,4,,,
201016148753,4,3,10,43,9,286.735,2,9,4,2010,8,32,12,1,0,2,1,1,0,0,2,8,0,3,1,,,
201016148768,4,3,1,43,9,293.316,2,9,3,2010,19,15,12,6,0,2,5,1,0,0,2,3,0,3,1,,,
201016148790,6,3,1,43,9,134.436,2,9,4,2010,16,46,12,1,0,1,1,10,0,0,2,3,0,1,1,,,
201016148797,4,3,1,43,9,293.316,2,9,4,2010,19,27,12,1,0,2,5,1,0,0,2,3,0,8,1,,,
201016148822,3,3,1,43,9,12.222,2,9,6,2010,7,53,12,7,0,1,1,1,2,2,2,3,0,1,1,,,
201016148848,4,3,1,43,9,293.316,2,9,6,2010,15,56,12,1,0,2,1,1,0,0,2,3,0,3,1,,,
201016148851,3,3,1,43,9,12.222,2,9,6,2010,19,26,12,7,0,2,1,1,2,1,2,3,0,3,1,,,
201016148879,4,3,1,43,9,293.316,3,9,7,2010,13,32,12,1,0,1,1,1,0,0,1,3,0,1,1,,,
201016148890,6,3,1,43,9,134.436,1,9,7,2010,20,30,74,0,1,5,2,1,0,0,1,3,0,1,8,,,
201016148894,5,3,1,43,9,61.108,1,9,7,2010,1,0,38,0,0,1,2,1,2,1,2,3,0,1,5,,,
201016148902,2,3,1,43,9,12.222,3,9,2,2010,23,37,12,1,0,1,2,1,1,1,2,3,1,1,1,,,
201016148912,4,3,1,43,9,293.316,2,9,2,2010,16,28,12,6,0,2,1,1,0,0,2,3,0,2,1,,,
201016148922,3,3,1,43,9,12.222,1,9,2,2010,10,28,25,0,0,1,1,1,2,1,2,3,0,1,3,,,
201016148943,4,3,1,43,9,293.316,2,9,3,2010,16,36,12,7,0,1,1,1,0,0,2,3,0,1,1,,,
201016148955,4,3,6,43,9,289.921,2,9,3,2010,12,50,12,7,0,2,1,1,0,0,2,1,0,2,1,,,
201016148958,5,3,6,43,9,41.417,2,9,3,2010,14,14,12,6,0,4,1,1,2,2,2,1,0,8,1,,,
201016148965,4,3,6,43,9,289.921,2,9,5,2010,17,10,12,6,0,2,1,1,0,0,2,1,0,8,1,,,
201016148968,6,3,6,43,9,124.252,2,9,6,2010,16,46,12,6,0,4,1,1,2,1,2,1,0,1,1,,,
201016148970,5,3,6,43,9,41.417,2,9,1,2010,17,24,12,6,0,2,1,1,1,2,2,1,0,3,1,,,
201016148996,2,3,3,43,9,12.222,2,9,2,2010,13,49,12,1,1,5,1,1,0,0,2,2,0,8,1,,,
201016149003,4,3,3,43,9,293.316,2,9,3,2010,11,58,12,7,0,1,1,1,0,0,2,2,0,1,1,,,
201016149011,6,3,3,43,9,134.436,1,9,4,2010,14,49,42,0,0,1,1,1,1,1,2,2,0,1,4,,,
201016149040,6,3,1,43,9,134.436,2,9,1,2010,12,28,12,6,0,2,1,1,0,0,2,3,0,3,1,,,
201016149046,3,3,1,43,9,12.222,2,9,1,2010,16,53,12,6,1,5,1,1,2,3,2,3,0,2,1,,,
201016149059,2,3,1,43,9,12.222,1,9,4,2010,8,44,25,0,0,1,1,1,2,1,2,3,0,1,3,,,
201016149061,4,3,1,43,9,293.316,2,9,4,2010,8,54,12,1,0,4,1,1,0,0,2,3,0,1,1,,,
201016149065,3,3,1,43,9,12.222,1,9,4,2010,9,51,59,0,1,5,1,1,2,1,2,3,0,1,4,,,