CASENUM,STRATUM,REGION,PJ,PSU,PSUSTRAT,WEIGHT,VE_TOTAL,MONTH,WKDY_IM,YEAR,HOUR_IM,MINUTE_IM,EVENT1_IM,MANCOL_IM,RELJCT1_IM,RELJCT2_IM,LGTCON_IM,WEATHR_IM,MAXSEV_IM,NO_INJ_IM,ALCHL_IM,LAND_USE,PVH_INVL,TYP_INT,REL_ROAD,CF1,CF2,CF3
201016565227,6,3,1,45,8,131.381,1,9,4,2010,14,51,1,0,1,5,1,1,0,0,2,3,0,1,8,,,
201016565252,6,3,2,45,8,131.381,1,9,7,2010,16,1,35,0,0,1,1,1,0,0,2,8,0,1,4,,,
201016565260,3,3,2,45,8,20.212,1,9,1,2010,12,49,1,0,0,2,1,1,1,1,2,8,0,8,1,,,
201016565266,5,3,2,45,8,60.637,2,9,2,2010,18,5,12,2,0,2,1,1,1,2,2,8,0,2,1,,,
201016565273,4,3,2,45,8,293.08,2,9,2,2010,15,40,14,0,0,2,1,1,0,0,2,8,1,8,3,,,
201016565277,1,3,2,45,8,10.106,2,9,2,2010,15,34,12,2,0,2,1,1,3,1,2,8,0,3,1,,,
201016565285,4,3,1,45,8,293.08,2,9,5,2010,13,50,12,1,0,1,1,1,0,0,2,3,0,1,1,,,
201016565323,6,3,2,45,8,131.381,2,9,5,2010,19,27,12,2,0,1,1,2,0,0,2,8,0,1,1,,,
201016565341,5,3,2,45,8,60.637,1,9,7,2010,10,44,74,0,0,1,1,1,1,1,2,8,0,1,4,,,
201016565352,4,3,2,45,8,293.08,1,9,7,2010,13,2,38,0,0,1,1,1,0,0,2,8,0,1,4,,,
201016565354,1,3,2,45,8,10.106,2,9,7,2010,12,38,12,6,0,2,1,1,3,3,2,8,0,2,1,,,
201016565364,3,3,1,45,8,20.212,1,9,5,2010,15,34,21,0,0,2,1,1,3,2,1,3,0,2,1,,,
201016565367,6,3,1,45,8,131.381,1,9,7,2010,6,55,30,0,0,1,4,1,1,1,2,3,0,1,4,,,
201016565382,4,3,1,45,8,293.08,2,9,6,2010,12,49,12,1,0,2,1,1,0,0,2,3,0,8,1,,,
201016565391,6,3,3,45,8,131.381,2,9,2,2010,22,26,12,6,0,4,3,1,2,1,2,8,0,1,1,,,
201016565403,5,3,3,45,8,60.637,2,9,5,2010,8,25,12,1,0,1,1,1,3,3,2,8,0,1,1,,,
201016565420,2,3,1,45,8,10.106,3,9,3,2010,1,54,12,7,0,1,2,1,0,0,2,3,0,1,1,,,
201016565432,2,3,2,45,8,10.106,1,9,2,2010,7,33,39,0,0,1,1,1,1,1,2,8,0,1,3,,,
201016565433,1,3,1,45,8,10.106,1,9,7,2010,20,48,53,0,0,1,3,1,3,2,1,3,0,1,4,,,
201016565442,6,3,2,45,8,131.381,2,9,3,2010,7,40,12,6,0,2,1,1,0,0,2,8,0,2,1,,,
201016565458,2,3,2,45,8,10.106,3,9,3,2010,12,52,12,1,0,4,1,1,2,1,2,8,0,1,1,,,
201016565459,5,3,2,45,8,60.637,3,9,3,2010,8,54,12,1,0,2,1,1,2,1,2,8,0,10,1,,,
201016565462,2,3,1,45,8,10.106,2,9,6,2010,17,30,12,1,0,1,1,1,0,0,2,3,0,1,1,,,
201016565483,4,3,2,45,8,293.08,2,9,5,2010,13,20,12,2,0,1,1,1,0,0,2,8,0,1,1,,,
201016565510,1,3,2,45,8,10.106,1,9,7,2010,1,0,42,0,0,1,2,1,3,1,1,8,0,1,4,,,
201016565513,6,3,2,45,8,131.381,1,9,7,2010,9,38,32,0,0,1,1,1,0,0,2,8,0,1,4,,,
201016565514,5,3,1,45,8,60.637,2,9,2,2010,14,48,12,6,0,2,1,1,2,1,2,3,0,2,1,,,
201016565527,6,3,1,45,8,131.381,1,9,1,2010,20,21,34,0,0,1,3,1,0,0,2,3,0,1,4,,,
201016565528,3,3,1,45,8,20.212,1,9,1,2010,19,0,1,0,0,1,1,1,3,1,2,3,0,1,1,,,
201016565531,4,3,1,45,8,293.08,2,9,7,2010,10,0,12,1,0,2,1,1,1,1,2,3,0,8,1,,,
201016565537,3,3,1,45,8,20.212,2,9,2,2010,12,10,14,0,0,1,1,1,2,2,2,3,1,1,7,,,
201016565538,2,3,1,45,8,10.106,2,9,3,2010,10,6,12,6,0,2,1,1,0,0,2,3,0,2,1,,,
201016565563,2,3,1,45,8,10.106,3,9,7,2010,19,45,12,1,0,1,3,2,0,0,2,3,0,1,1,,,
201016565568,2,3,1,45,8,10.106,2,9,3,2010,17,58,12,7,0,1,1,1,0,0,2,3,0,1,1,,,
201016565571,4,3,1,45,8,293.08,2,9,4,2010,11,7,12,1,0,2,1,1,0,0,2,3,0,2,1,,,
201016565586,1,3,1,45,8,10.106,2,9,7,2010,11,52,12,6,0,2,1,1,3,2,2,3,0,2,1,,,
201016565588,5,3,1,45,8,60.637,2,9,4,2010,6,17,12,6,0,2,3,1,2,2,2,3,0,2,1,,,
201016565601,3,3,1,45,8,20.212,2,9,5,2010,11,54,12,7,0,1,1,1,3,1,2,3,0,1,1,,,
201016565602,2,3,1,45,8,10.106,2,9,5,2010,12,41,12,7,0,1,1,1,0,0,2,3,0,1,1,,,
201016565632,6,3,1,45,8,131.381,2,9,1,2010,12,22,14,0,0,1,1,10,0,0,2,3,1,1,2,,,
201016565636,4,3,1,45,8,293.08,2,9,4,2010,17,57,12,1,0,2,1,1,0,0,2,3,0,2,1,,,
201016565648,3,3,1,45,8,20.212,2,9,5,2010,17,53,12,2,0,2,1,1,3,1,2,3,0,2,1,,,
201016565690,5,3,1,45,8,60.637,1,9,4,2010,16,34,59,0,1,5,1,1,2,1,1,3,0,1,8,,,
201016565691,2,3,1,45,8,10.106,2,9,2,2010,14,5,12,6,0,4,1,1,0,0,2,3,0,1,1,,,
201016565693,2,3,1,45,8,10.106,2,9,2,2010,21,18,12,7,0,1,3,1,1,1,2,3,0,1,1,,,
201016565700,4,3,1,45,8,293.08,2,9,5,2010,17,37,12,6,0,2,1,1,0,0,2,3,0,3,1,,,
201016565718,3,3,1,45,8,20.212,2,9,7,2010,15,24,12,6,0,2,1,1,2,2,2,3,0,8,1,,,
201016565720,6,3,1,45,8,131.381,1,9,7,2010,2,42,74,0,0,1,3,1,0,0,1,3,0,1,4,,,
201016565726,1,3,1,45,8,10.106,1,9,1,2010,0,9,32,0,0,2,3,1,3,3,2,3,0,3,4,,,
201016565728,1,3,1,45,8,10.106,1,9,2,2010,10,26,25,0,0,1,1,2,3,1,2,3,0,1,3,,,
201016565760,2,3,1,45,8,10.106,1,9,2,2010,21,22,1,0,0,2,3,1,0,0,2,3,0,3,4,,,
201016565766,4,3,1,45,8,293.08,2,9,2,2010,16,8,12,1,1,5,1,1,0,0,2,3,0,8,1,,,
201016565778,5,3,1,45,8,60.637,2,9,3,2010,13,13,12,1,0,1,1,1,2,3,2,3,0,1,1,,,
201016565783,6,3,1,45,8,131.381,2,9,4,2010,12,22,12,6,0,2,1,1,1,1,2,3,0,2,1,,,
201016565808,4,3,1,45,8,293.08,2,9,5,2010,17,20,12,7,0,2,1,1,0,0,2,3,0,2,1,,,
201016565833,1,3,2,45,8,10.106,1,9,7,2010,17,57,42,0,0,1,2,1,3,4,1,8,0,1,5,,,
201016565835,5,3,2,45,8,60.637,1,9,1,2010,15,51,34,0,0,1,1,2,2,1,2,8,0,1,4,,,
201016565840,1,3,2,45,8,10.106,1,9,2,2010,19,31,42,0,0,1,3,2,3,1,2,8,0,1,4,,,
201016565859,4,3,2,45,8,293.08,2,9,3,2010,7,21,12,1,0,2,1,1,0,0,2,8,0,8,1,,,
201016565860,6,3,2,45,8,131.381,2,9,3,2010,7,25,12,2,0,2,1,1,2,2,2,8,0,3,1,,,
201016565870,4,3,3,45,8,293.08,2,9,2,2010,20,10,12,6,0,2,2,1,0,0,2,8,0,2,1,,,
201016565887,2,3,2,45,8,10.106,2,10,6,2010,6,40,12,6,0,4,2,1,0,0,2,8,0,1,1,,,
201016565907,3,3,2,45,8,20.212,1,10,7,2010,19,54,34,0,0,1,3,1,2,1,2,8,0,1,4,,,
201016565911,6,3,3,45,8,131.381,1,9,5,2010,17,0,34,0,0,1,1,1,0,0,2,8,0,1,4,,,
201016565915,5,3,3,45,8,60.637,1,9,2,2010,14,20,34,0,0,1,1,2,2,1,2,8,0,1,4,,,
201016565916,2,3,3,45,8,10.106,2,9,3,2010,11,10,12,7,0,1,1,10,0,0,2,8,0,1,1,,,
201016565917,3,3,3,45,8,20.212,1,10,6,2010,9,57,1,0,0,2,1,1,3,1,1,8,0,3,1,,,
201016565941,6,3,1,45,8,131.381,1,9,4,2010,22,40,42,0,0,1,2,1,0,0,2,3,0,1,4,,,
201016565945,4,3,1,45,8,293.08,2,10,7,2010,14,51,12,1,0,2,1,1,0,0,2,3,0,8,1,,,
201016565947,2,3,1,45,8,10.106,2,9,5,2010,1,58,12,1,0,1,3,10,2,2,2,3,0,1,1,,,
201016565950,3,3,1,45,8,20.212,4,10,6,2010,15,18,12,1,0,2,1,1,3,1,2,3,0,8,1,,,
201016565963,2,3,1,45,8,10.106,1,10,6,2010,19,17,59,0,0,2,1,1,0,0,2,3,0,3,4,,,
201016565990,6,3,1,45,8,131.381,2,10,6,2010,14,36,12,6,0,4,1,1,0,0,2,3,0,1,1,,,
201016565991,4,3,1,45,8,293.08,2,10,6,2010,16,27,12,1,0,2,1,1,0,0,2,3,0,3,1,,,
201016566004,3,3,1,45,8,20.212,1,10,1,2010,15,30,21,0,0,2,1,1,2,1,2,3,0,2,1,,,
201016566024,3,3,1,45,8,20.212,1,10,3,2010,19,16,39,0,0,1,5,1,3,1,2,3,0,1,4,,,
201016566034,6,3,1,45,8,131.381,2,10,3,2010,8,0,12,1,0,1,1,1,2,1,2,3,0,1,1,,,
201016566040,3,3,1,45,8,20.212,1,10,3,2010,8,48,21,0,0,1,1,1,3,2,2,3,0,1,4,,,
201016566043,1,3,1,45,8,10.106,1,10,3,2010,9,27,13,0,0,2,1,1,3,1,2,3,0,3,1,,,
201016566051,4,3,1,45,8,293.08,2,10,3,2010,16,53,12,1,0,2,1,1,0,0,2,3,0,2,1,,,
201016566055,1,3,1,45,8,10.106,2,10,2,2010,16,7,12,6,0,2,1,1,3,2,2,3,0,2,1,,,
201016566101,5,3,1,45,8,60.637,1,10,5,2010,11,8,33,0,0,1,1,1,2,1,2,3,0,1,3,,,
201016566102,2,3,1,45,8,10.106,2,10,4,2010,17,15,12,7,0,1,1,1,0,0,2,3,0,1,1,,,
201016566109,6,3,1,45,8,131.381,2,10,5,2010,15,6,12,7,0,1,1,1,0,0,2,3,0,1,1,,,
201016566112,4,3,1,45,8,293.08,2,10,5,2010,16,30,12,1,0,2,1,1,0,0,2,3,0,3,1,,,
201016566144,2,3,1,45,8,10.106,2,10,6,2010,17,38,12,1,0,1,1,1,0,0,2,3,0,1,1,,,
201016566154,4,3,1,45,8,293.08,2,10,1,2010,15,0,12,1,0,2,1,1,0,0,2,3,0,2,1,,,
201016566155,1,3,1,45,8,10.106,1,10,1,2010,19,2,17,0,0,1,5,1,3,1,2,3,0,1,5,,,
201016566166,3,3,1,45,8,20.212,1,10,5,2010,8,6,22,0,0,5,1,1,3,1,2,3,0,3,1,,,
201016566175,6,3,1,45,8,131.381,2,10,6,2010,8,23,12,1,0,2,1,1,0,0,2,3,0,2,1,,,
201016566187,5,3,2,45,8,60.637,2,10,2,2010,12,59,12,6,0,2,1,1,2,2,2,8,0,2,1,,,
201016566191,4,3,2,45,8,293.08,2,10,3,2010,16,21,12,6,0,2,1,1,0,0,2,8,0,8,1,,,
201016566197,6,3,2,45,8,131.381,2,10,3,2010,8,25,12,1,0,2,1,1,0,0,2,8,0,8,1,,,
201016566220,5,3,2,45,8,60.637,2,10,5,2010,13,12,12,2,0,1,1,1,2,2,2,8,0,1,1,,,
201016566230,1,3,2,45,8,10.106,2,10,6,2010,16,8,12,6,0,2,1,1,3,2,1,8,0,2,1,,,
201016566245,2,3,3,45,8,10.106,2,9,5,2010,12,50,12,6,0,2,1,1,2,1,2,8,0,2,1,,,
201016566249,1,3,1,45,8,10.106,2,10,5,2010,20,0,12,6,0,2,3,1,3,1,2,3,0,2,1,,,
201016566267,2,3,1,45,8,10.106,3,10,6,2010,11,9,12,6,0,1,1,1,3,1,2,3,0,1,1,,,
201016566272,4,3,1,45,8,293.08,2,10,2,2010,14,5,12,6,0,4,1,1,0,0,2,3,0,1,1,,,
201016566275,1,3,1,45,8,10.106,2,10,5,2010,14,1,12,6,0,1,1,1,3,3,2,3,0,1,1,,,
201016566283,5,3,1,45,8,60.637,2,10,7,2010,8,27,12,6,0,2,1,1,2,2,2,3,0,3,1,,,
201016566285,3,3,1,45,8,20.212,1,10,1,2010,11,33,34,0,0,1,1,1,2,1,2,3,0,1,8,,,
201016566312,2,3,1,45,8,10.106,2,10,3,2010,8,8,12,6,0,2,1,1,2,1,2,3,0,2,1,,,
201016566316,3,3,1,45,8,20.212,1,10,4,2010,0,50,21,0,0,1,3,1,2,1,2,3,0,1,2,,,
201016566318,6,3,1,45,8,131.381,2,10,3,2010,22,24,12,2,0,1,3,10,0,0,1,3,0,1,1,,,
201016566322,4,3,1,45,8,293.08,2,10,4,2010,12,5,12,1,0,2,1,1,0,0,2,3,0,8,1,,,
201016566333,2,3,3,45,8,10.106,2,10,2,2010,12,56,12,8,0,1,1,1,1,1,2,8,0,1,1,,,
201016566360,2,3,1,45,8,10.106,2,10,5,2010,16,54,12,1,0,1,1,1,0,0,2,3,0,1,1,,,
201016566371,4,3,1,45,8,293.08,2,10,4,2010,19,39,12,1,0,2,3,1,0,0,2,3,0,8,1,,,
201016566375,5,3,1,45,8,60.637,1,10,1,2010,14,31,34,0,0,1,1,1,2,1,2,3,0,1,4,,,
201016566382,6,3,1,45,8,131.381,2,10,2,2010,19,24,12,1,0,4,3,1,1,1,1,3,0,1,1,,,
201016566398,1,3,1,45,8,10.106,1,10,7,2010,1,55,25,0,0,1,3,1,3,1,1,3,0,1,4,,,
201016566417,6,3,2,45,8,131.381,1,10,7,2010,10,34,34,0,0,1,1,1,0,0,2,8,0,1,4,,,
201016566427,4,3,2,45,8,293.08,2,10,2,2010,18,41,12,1,0,4,1,1,0,0,2,8,0,1,1,,,
201016566432,1,3,2,45,8,10.106,1,10,2,2010,23,54,1,0,0,1,2,1,3,1,2,8,0,1,5,,,
201016566439,1,3,1,45,8,10.106,3,10,2,2010,19,23,12,1,0,2,5,1,3,2,2,3,0,3,1,,,
201016566441,2,3,3,45,8,10.106,3,10,2,2010,17,50,12,1,0,1,1,1,1,2,2,8,0,1,1,,,
201016566460,4,3,3,45,8,293.08,2,10,7,2010,11,46,12,1,0,2,1,1,0,0,2,8,0,8,1,,,
201016566469,1,3,1,45,8,10.106,1,10,6,2010,8,15,34,0,0,1,1,1,3,1,2,3,0,1,4,,,
201016566473,4,3,1,45,8,293.08,2,10,6,2010,16,45,12,1,1,5,1,1,0,0,2,3,0,2,1,,,
201016566488,1,3,1,45,8,10.106,2,10,2,2010,9,11,12,1,0,2,1,1,3,1,2,3,0,2,1,,,
201016566516,4,3,1,45,8,293.08,2,10,2,2010,16,0,12,6,0,2,1,1,0,0,2,3,0,2,1,,,
201016566518,6,3,1,45,8,131.381,2,10,2,2010,16,10,12,1,0,2,1,1,0,0,2,3,0,2,1,,,
201016566524,2,3,2,45,8,10.106,1,10,3,2010,6,51,75,0,0,1,2,1,1,1,2,8,0,1,4,,,
201016566537,5,3,1,45,8,60.637,2,10,2,2010,19,15,12,6,0,4,3,1,1,2,2,3,0,1,1,,,
201016566555,4,3,2,45,8,293.08,2,10,5,2010,16,48,12,7,0,2,1,1,0,0,2,8,0,8,1,,,
201016566558,6,3,2,45,8,131.381,1,10,6,2010,16,22,42,0,0,1,1,1,0,0,2,8,0,1,4,,,
201016566560,5,3,2,45,8,60.637,1,10,6,2010,15,3,34,0,0,1,1,1,2,2,2,8,0,1,4,,,
201016566581,2,3,2,45,8,10.106,1,10,2,2010,8,16,1,0,0,2,1,1,0,0,2,8,0,3,2,,,
201016566587,1,3,1,45,8,10.106,2,10,3,2010,10,25,12,6,0,2,1,1,3,1,2,3,0,2,1,,,
201016566600,1,3,2,45,8,10.106,1,10,4,2010,20,31,1,0,0,1,2,1,4,1,2,8,0,1,4,,,
201016566605,5,3,2,45,8,60.637,1,10,4,2010,14,6,35,0,0,2,1,1,2,1,2,8,0,8,4,,,
201016566625,4,3,2,45,8,293.08,3,10,7,2010,17,20,12,1,0,2,1,1,0,0,2,8,0,8,1,,,
201016566627,6,3,2,45,8,131.381,1,10,7,2010,15,0,38,0,0,1,1,1,1,1,2,8,0,1,4,,,
201016566639,3,3,1,45,8,20.212,1,10,2,2010,19,57,21,0,0,2,3,1,3,2,2,3,0,8,1,,,
201016566640,2,3,1,45,8,10.106,1,10,4,2010,3,20,25,0,0,1,3,2,0,0,2,3,0,1,3,,,
201016566647,2,3,1,45,8,10.106,3,10,3,2010,18,35,12,0,0,1,1,1,0,0,2,3,0,1,1,,,
201016566659,4,3,1,45,8,293.08,2,10,3,2010,12,12,12,1,0,2,1,1,0,0,2,3,0,2,1,,,
201016566699,5,3,1,45,8,60.637,2,10,7,2010,9,58,12,7,0,1,1,1,1,1,2,3,0,1,1,,,
201016566721,4,3,1,45,8,293.08,2,10,1,2010,20,15,12,6,0,5,3,1,0,0,2,3,0,1,1,,,
201016566724,6,3,1,45,8,131.381,1,10,2,2010,7,30,74,0,0,1,1,2,0,0,2,3,0,1,3,,,
201016566756,1,3,1,45,8,10.106,2,10,2,2010,20,35,12,6,0,2,3,1,3,1,2,3,0,2,1,,,
201016566760,4,3,1,45,8,293.08,2,10,2,2010,17,55,12,1,0,2,1,2,0,0,2,3,0,3,1,,,
201016566773,6,3,3,45,8,131.381,3,10,6,2010,15,50,12,1,0,1,1,1,1,1,2,8,0,1,1,,,
201016566783,2,3,1,45,8,10.106,2,10,5,2010,15,20,12,1,0,2,1,1,0,0,2,3,0,3,1,,,
201016566784,3,3,1,45,8,20.212,1,10,5,2010,18,50,21,0,0,1,1,1,2,1,2,3,0,1,4,,,
201016566801,1,3,1,45,8,10.106,1,10,6,2010,16,45,40,0,0,1,1,1,3,1,2,3,0,1,4,,,
201016566802,5,3,1,45,8,60.637,2,10,5,2010,19,40,12,6,0,2,3,1,1,3,2,3,0,3,1,,,
201016566813,4,3,1,45,8,293.08,2,10,7,2010,19,23,12,1,0,1,3,1,0,0,2,3,0,1,1,,,
201016566825,6,3,1,45,8,131.381,2,10,6,2010,20,13,12,1,0,2,3,1,1,1,2,3,0,2,1,,,
201016566849,4,3,3,45,8,293.08,2,10,5,2010,12,3,12,6,0,2,1,1,0,0,2,8,0,2,1,,,
201016566854,3,3,3,45,8,20.212,2,10,4,2010,22,13,12,1,0,1,3,1,2,1,2,8,0,1,1,,,
201016566865,1,3,2,45,8,10.106,2,10,1,2010,18,45,12,6,0,2,5,1,3,3,2,8,0,3,1,,,
201016566888,1,3,2,45,8,10.106,1,10,2,2010,7,21,30,0,0,1,2,2,4,1,2,8,0,1,4,,,
201016566889,3,3,2,45,8,20.212,2,10,3,2010,22,29,21,0,0,1,2,2,4,1,1,8,0,1,1,,,
201016566891,6,3,2,45,8,131.381,2,10,3,2010,6,42,12,1,0,2,2,1,0,0,2,8,0,8,1,,,
201016566905,4,3,2,45,8,293.08,2,10,4,2010,11,25,12,1,0,1,1,1,0,0,2,8,0,1,1,,,
201016566911,5,3,2,45,8,60.637,1,10,4,2010,20,30,30,0,0,1,2,1,1,2,2,8,0,1,4,,,
201016566927,1,3,2,45,8,10.106,2,10,5,2010,20,56,12,2,0,2,2,1,3,3,2,8,0,3,1,,,
201016566939,1,3,2,45,8,10.106,3,10,1,2010,13,33,12,1,0,2,1,1,3,7,2,8,0,8,1,,,
201016566971,4,3,1,45,8,293.08,2,10,1,2010,3,23,12,1,0,2,3,1,0,0,2,3,0,3,1,,,
201016566991,1,3,3,45,8,10.106,2,10,1,2010,11,0,12,8,0,1,1,1,4,2,2,8,0,1,1,,,
201016567002,2,3,1,45,8,10.106,2,11,3,2010,18,58,12,7,0,1,3,1,0,0,2,3,0,1,1,,,
201016567008,5,3,1,45,8,60.637,2,11,3,2010,17,51,12,1,0,4,1,1,1,1,2,3,0,1,1,,,
201016567014,6,3,1,45,8,131.381,1,10,1,2010,4,55,74,0,0,1,3,1,0,0,1,3,0,1,3,,,
201016567023,4,3,1,45,8,293.08,1,10,5,2010,14,32,30,0,0,4,1,1,0,0,2,3,0,1,4,,,
201016567039,2,3,1,45,8,10.106,2,10,6,2010,14,9,12,6,0,2,1,1,3,1,2,3,0,3,1,,,
201016567052,2,3,1,45,8,10.106,2,10,6,2010,15,40,12,7,0,2,1,1,0,0,2,3,0,3,1,,,
201016567059,1,3,1,45,8,10.106,1,10,2,2010,11,6,42,0,0,1,1,2,3,1,2,3,0,1,4,,,
201016567062,2,3,1,45,8,10.106,2,10,6,2010,9,48,12,1,0,2,1,1,2,2,2,3,0,2,1,,,
201016567065,3,3,1,45,8,20.212,3,10,1,2010,18,2,12,6,0,4,1,1,3,1,2,3,0,1,1,,,
201016567072,6,3,1,45,8,131.381,2,10,2,2010,15,26,12,1,0,2,1,1,0,0,2,3,0,8,1,,,
201016567073,5,3,1,45,8,60.637,2,10,3,2010,9,22,12,1,0,1,1,1,2,1,2,3,0,1,1,,,
201016567076,4,3,1,45,8,293.08,2,10,3,2010,15,8,12,1,0,2,1,1,0,0,2,3,0,2,1,,,
201016567125,2,3,1,45,8,10.106,2,10,6,2010,14,1,12,1,0,2,1,1,0,0,2,3,0,2,1,,,
201016567131,4,3,1,45,8,293.08,2,10,6,2010,15,38,12,1,0,2,1,1,0,0,2,3,0,2,1,,,
201016567136,1,3,1,45,8,10.106,1,10,5,2010,3,2,1,0,0,1,3,10,3,1,2,3,0,1,1,,,
201016567147,4,3,2,45,8,293.08,2,10,5,2010,15,46,12,6,0,4,1,1,0,0,2,8,0,1,1,,,
201016567148,1,3,2,45,8,10.106,1,10,6,2010,23,30,41,0,0,1,2,1,3,2,1,8,0,1,4,,,
201016567152,6,3,2,45,8,131.381,2,10,6,2010,8,26,12,6,0,4,1,1,0,0,2,8,0,1,1,,,
201016567173,3,3,1,45,8,20.212,1,11,3,2010,7,32,22,0,0,2,3,1,2,1,2,3,0,2,1,,,
201016567179,5,3,2,45,8,60.637,1,11,2,2010,21,55,30,0,0,1,2,1,2,1,2,8,0,1,4,,,
201016567197,1,3,2,45,8,10.106,1,11,4,2010,0,5,34,0,0,1,2,1,3,1,2,8,0,1,4,,,
201016567207,6,3,1,45,8,131.381,2,11,3,2010,12,41,12,6,0,2,1,1,0,0,2,3,0,3,1,,,
201016567218,1,3,1,45,8,10.106,2,11,3,2010,15,54,12,6,0,4,1,1,3,1,1,3,0,1,1,,,
201016567221,6,3,2,45,8,131.381,1,11,6,2010,12,4,35,0,0,1,1,2,0,0,2,8,0,1,4,,,
201016567226,4,3,2,45,8,293.08,2,11,6,2010,12,47,12,7,0,4,1,2,0,0,2,8,0,1,1,,,
201016567237,4,3,1,45,8,293.08,2,11,4,2010,14,27,12,1,0,1,1,10,0,0,2,3,0,1,1,,,
201016567255,2,3,1,45,8,10.106,1,11,6,2010,14,43,5,0,0,5,1,2,0,0,2,3,0,1,1,,,
201016567262,2,3,3,45,8,10.106,3,11,3,2010,15,36,12,2,0,2,1,1,1,1,2,8,0,2,1,,,
201016567273,2,3,3,45,8,10.106,2,11,4,2010,17,15,12,6,0,2,1,1,0,0,2,8,0,3,1,,,
201016567398,2,3,1,45,8,10.106,2,11,2,2010,9,9,12,1,0,1,1,1,0,0,2,3,0,1,1,,,
201016567399,4,3,1,45,8,293.08,2,11,6,2010,10,15,12,1,0,1,1,10,0,0,2,3,0,1,1,,,
201016567402,2,3,1,45,8,10.106,2,11,3,2010,10,6,12,7,0,5,1,1,0,0,2,3,0,1,1,,,
201016567408,2,3,1,45,8,10.106,2,11,4,2010,16,29,12,1,0,1,1,1,0,0,2,3,0,1,1,,,
201016567424,6,3,1,45,8,131.381,2,11,6,2010,8,43,12,6,0,2,1,1,0,0,2,3,0,2,1,,,
201016567439,4,3,1,45,8,293.08,2,11,6,2010,13,45,12,1,0,2,1,1,1,1,2,3,0,8,1,,,
201016567458,5,3,1,45,8,60.637,2,10,7,2010,13,45,12,6,0,2,1,1,1,1,2,3,0,3,1,,,
201016567468,1,3,1,45,8,10.106,1,11,6,2010,4,32,73,0,0,2,3,1,3,1,1,3,0,3,4,,,
201016567490,2,3,1,45,8,10.106,2,11,7,2010,17,37,14,0,0,1,1,1,0,0,2,3,1,1,7,,,
201016567491,4,3,1,45,8,293.08,2,11,6,2010,14,22,12,1,0,2,1,1,0,0,2,3,0,8,1,,,
201016567494,2,3,2,45,8,10.106,1,11,5,2010,7,40,34,0,0,1,2,2,0,0,2,8,0,1,4,,,
201016567496,6,3,1,45,8,131.381,2,11,1,2010,16,30,12,6,0,2,1,1,0,0,2,3,0,3,1,,,
201016567506,1,3,1,45,8,10.106,1,11,2,2010,16,41,30,0,0,1,1,1,3,1,2,3,0,1,5,,,
201016567514,5,3,1,45,8,60.637,2,11,2,2010,14,42,12,6,0,2,1,1,1,1,2,3,0,2,1,,,
201016567519,5,3,2,45,8,60.637,1,11,1,2010,17,25,1,0,0,1,1,1,1,1,2,8,0,1,5,,,
201016567539,1,3,1,45,8,10.106,2,11,2,2010,13,20,12,2,0,1,1,1,3,2,2,3,0,1,1,,,
201016567540,3,3,2,45,8,20.212,2,11,2,2010,14,54,12,1,0,1,1,1,2,1,2,8,0,1,1,,,
201016567543,6,3,2,45,8,131.381,1,11,2,2010,9,47,34,0,0,1,1,1,1,1,2,8,0,1,4,,,
201016567587,5,3,2,45,8,60.637,1,11,6,2010,8,59,30,0,0,1,1,1,2,1,2,8,0,1,4,,,
201016567592,3,3,2,45,8,20.212,1,11,6,2010,15,1,1,0,0,1,1,1,1,1,2,8,0,1,1,,,
201016567593,4,3,1,45,8,293.08,2,11,4,2010,16,54,12,1,0,1,1,1,0,0,2,3,0,1,1,,,
201016567598,1,3,2,45,8,10.106,1,11,7,2010,17,53,30,0,0,1,2,1,3,2,2,8,0,1,4,,,
201016567601,5,3,1,45,8,60.637,2,11,5,2010,17,10,12,1,0,1,1,1,1,1,2,3,0,1,1,,,
201016567616,6,3,1,45,8,131.381,2,11,6,2010,13,11,12,6,0,2,1,10,0,0,2,3,0,8,1,,,
201016567642,4,3,1,45,8,293.08,2,11,6,2010,16,15,14,0,0,1,1,1,0,0,2,3,1,1,7,,,
201016567649,2,3,1,45,8,10.106,6,11,7,2010,10,55,12,1,0,2,1,1,2,2,2,3,0,2,1,,,
201016567651,1,3,1,45,8,10.106,2,11,5,2010,14,57,12,1,0,2,1,1,3,2,1,3,0,2,1,,,
201016567652,2,3,1,45,8,10.106,2,11,6,2010,19,10,12,7,0,1,2,1,1,1,2,3,0,1,1,,,
201016567656,1,3,1,45,8,10.106,1,11,6,2010,2,37,42,0,0,1,2,1,3,2,1,3,0,1,4,,,
201016567689,6,3,1,45,8,131.381,2,11,2,2010,19,9,12,7,0,1,3,2,0,0,2,3,0,1,1,,,
201016567697,2,3,1,45,8,10.106,2,11,5,2010,11,45,54,0,1,5,1,1,0,0,2,3,0,1,1,,,
201016567704,4,3,1,45,8,293.08,2,11,3,2010,14,0,12,1,0,1,1,1,0,0,2,3,0,1,1,,,
201016567706,3,3,1,45,8,20.212,1,11,3,2010,20,30,22,0,0,2,3,1,2,1,2,3,0,3,1,,,
201016567709,1,3,1,45,8,10.106,1,11,2,2010,22,37,33,0,0,5,3,2,3,3,2,3,0,4,4,,,