CASENUM,STRATUM,REGION,PJ,PSU,PSUSTRAT,WEIGHT,VE_TOTAL,MONTH,WKDY_IM,YEAR,HOUR_IM,MINUTE_IM,EVENT1_IM,MANCOL_IM,RELJCT1_IM,RELJCT2_IM,LGTCON_IM,WEATHR_IM,MAXSEV_IM,NO_INJ_IM,ALCHL_IM,LAND_USE,PVH_INVL,TYP_INT,REL_ROAD,CF1,CF2,CF3
201017263335,6,3,1,48,9,155.892,1,4,3,2010,3,30,38,0,0,1,3,1,0,0,2,3,0,1,5,,,
201017263337,4,3,1,48,9,311.784,2,5,4,2010,8,2,14,0,0,1,1,1,0,0,2,3,1,1,7,,,
201017263344,4,3,1,48,9,311.784,2,5,3,2010,7,50,12,7,0,1,1,1,0,0,2,3,0,1,1,,,
201017263364,4,3,4,48,9,311.784,2,5,6,2010,18,58,12,1,0,1,1,1,0,0,2,8,0,1,1,,,
201017263385,1,3,1,48,9,51.964,2,5,7,2010,7,26,12,6,0,2,4,1,3,1,2,3,0,2,1,,,
201017263389,5,3,1,48,9,51.964,1,5,1,2010,15,17,30,0,0,2,1,2,1,1,2,3,0,2,4,,,
201017263392,4,3,1,48,9,311.784,2,5,4,2010,16,39,12,1,0,2,1,1,0,0,2,3,0,8,1,,,
201017263397,3,3,1,48,9,51.964,1,5,6,2010,10,40,21,0,0,1,1,1,2,1,2,3,0,1,1,,,
201017263400,4,3,1,48,9,311.784,2,5,6,2010,11,55,12,1,0,1,1,1,0,0,2,3,0,1,1,,,
201017263403,6,3,1,48,9,155.892,2,5,7,2010,10,16,12,6,0,4,1,1,0,0,2,3,0,1,1,,,
201017263405,5,3,1,48,9,51.964,1,5,5,2010,13,50,30,0,0,1,1,1,2,1,2,3,0,1,4,,,
201017263407,3,3,1,48,9,51.964,1,4,6,2010,22,28,21,0,0,1,3,2,3,1,2,3,0,1,1,,,
201017263410,2,3,1,48,9,51.964,2,4,5,2010,15,20,12,6,0,4,1,1,0,0,2,3,0,1,1,,,
201017263411,4,3,1,48,9,311.784,2,5,1,2010,15,30,12,1,1,18,1,2,0,0,2,3,0,1,1,,,
201017263415,5,3,1,48,9,51.964,1,5,1,2010,20,50,30,0,1,19,3,2,2,1,2,3,0,1,4,,,
201017263419,4,3,1,48,9,311.784,2,5,3,2010,15,45,12,1,0,2,1,1,0,0,2,3,0,3,1,,,
201017263420,3,3,1,48,9,51.964,2,5,4,2010,17,20,12,6,0,4,1,1,2,1,2,3,0,1,1,,,
201017263422,3,3,1,48,9,51.964,1,5,6,2010,7,38,21,0,0,1,1,1,3,1,2,3,0,1,1,,,
201017263428,4,3,1,48,9,311.784,2,5,6,2010,18,52,12,7,0,1,1,1,0,0,2,3,0,1,1,,,
201017263433,5,3,1,48,9,51.964,2,5,2,2010,15,40,12,6,0,4,1,10,2,1,2,3,0,1,1,,,
201017263434,1,3,1,48,9,51.964,2,5,3,2010,14,14,12,6,0,2,1,1,3,1,2,3,0,3,1,,,
201017263447,4,3,3,48,9,311.784,2,5,3,2010,14,0,12,6,0,4,1,1,0,0,2,1,0,1,1,,,
201017263465,4,3,1,48,9,311.784,2,5,2,2010,21,0,12,1,0,1,3,10,0,0,2,3,0,1,11,,,
201017263467,5,3,1,48,9,51.964,1,5,6,2010,5,53,72,0,0,2,1,1,2,1,2,3,0,8,3,,,
201017263469,6,3,1,48,9,155.892,1,5,1,2010,0,40,1,0,0,4,3,10,0,0,2,3,0,1,2,,,
201017263472,5,3,1,48,9,51.964,2,5,2,2010,10,23,12,6,0,2,1,10,1,1,2,3,0,3,1,,,
201017263474,4,3,1,48,9,311.784,3,5,3,2010,9,20,12,1,0,1,1,1,0,0,2,3,0,1,1,,,
201017263481,4,3,1,48,9,311.784,1,5,2,2010,7,40,43,0,0,1,1,1,0,0,2,3,0,1,1,,,
201017263506,5,3,1,48,9,51.964,2,5,6,2010,19,38,12,6,0,2,1,1,2,1,2,3,0,2,1,,,
201017263507,5,3,1,48,9,51.964,2,5,7,2010,11,56,12,6,0,4,1,1,1,1,2,3,0,1,1,,,
201017263512,5,3,1,48,9,51.964,1,5,2,2010,20,48,59,0,0,1,3,1,2,1,2,3,0,1,4,,,
201017263513,4,3,1,48,9,311.784,2,5,3,2010,11,36,12,1,0,1,1,10,0,0,2,3,0,1,1,,,
201017263516,6,3,1,48,9,155.892,2,5,2,2010,14,40,12,1,0,2,1,10,0,0,2,3,0,2,1,,,
201017263522,5,3,1,48,9,51.964,2,5,6,2010,21,53,12,6,0,2,3,1,1,1,2,3,0,2,1,,,
201017263523,4,3,1,48,9,311.784,2,5,7,2010,17,25,12,1,0,2,1,1,0,0,2,3,0,2,1,,,
201017263531,3,3,1,48,9,51.964,2,5,4,2010,12,45,12,1,0,1,1,1,2,1,2,3,0,1,1,,,
201017263533,4,3,1,48,9,311.784,2,5,5,2010,14,15,12,1,0,2,1,10,0,0,2,3,0,2,1,,,
201017263535,6,3,1,48,9,155.892,2,5,5,2010,16,30,12,1,0,1,1,2,0,0,2,3,0,1,1,,,
201017263540,6,3,1,48,9,155.892,1,5,5,2010,18,0,25,0,0,1,1,2,0,0,2,3,0,1,3,,,
201017263544,4,3,1,48,9,311.784,2,5,6,2010,9,0,12,1,0,2,1,10,0,0,2,3,0,8,1,,,
201017263546,5,3,1,48,9,51.964,2,5,6,2010,11,55,12,1,0,4,1,1,3,2,1,3,0,1,1,,,
201017263552,4,3,1,48,9,311.784,2,5,5,2010,11,30,12,1,0,2,1,1,0,0,2,3,0,8,1,,,
201017263556,6,3,1,48,9,155.892,2,5,7,2010,22,50,12,7,0,2,3,10,0,0,2,3,0,2,1,,,
201017263563,4,3,10,48,9,311.784,2,5,3,2010,15,35,12,6,0,4,1,1,0,0,2,8,0,1,11,,,
201017263584,2,3,4,48,9,51.964,2,5,2,2010,10,55,12,1,0,1,1,1,0,0,2,8,0,1,1,,,
201017263587,4,3,3,48,9,311.784,1,5,1,2010,16,30,73,0,0,1,1,2,0,0,2,1,0,1,6,,,
201017263604,1,3,1,48,9,51.964,2,5,2,2010,17,56,12,2,0,1,1,1,4,3,2,3,0,1,1,,,
201017263605,4,3,1,48,9,311.784,2,5,5,2010,17,49,12,1,0,2,1,2,0,0,2,3,0,2,1,,,
201017263607,6,3,1,48,9,155.892,2,5,7,2010,15,13,12,6,0,2,1,1,0,0,2,3,0,2,1,,,
201017263609,5,3,1,48,9,51.964,2,5,3,2010,8,32,12,6,0,2,1,1,1,1,2,3,0,3,1,,,
201017263614,6,3,1,48,9,155.892,1,5,4,2010,14,40,1,0,0,1,1,1,0,0,2,3,0,1,4,,,
201017263628,4,3,1,48,9,311.784,2,5,3,2010,22,30,12,1,0,2,3,1,0,0,2,3,0,2,1,,,
201017263631,6,3,1,48,9,155.892,2,5,5,2010,11,48,12,6,0,2,1,1,0,0,2,3,0,2,1,,,
201017263637,4,3,1,48,9,311.784,2,5,6,2010,11,45,12,1,0,1,1,1,0,0,2,3,0,1,1,,,
201017263645,5,3,1,48,9,51.964,2,6,3,2010,17,45,12,6,0,2,1,1,1,2,2,3,0,2,1,,,
201017263651,3,3,1,48,9,51.964,2,5,7,2010,0,35,14,0,0,1,3,10,2,1,1,3,1,1,7,,,
201017263652,4,3,1,48,9,311.784,2,6,3,2010,12,5,12,1,0,2,1,10,0,0,2,3,0,8,,,,
201017263657,6,3,1,48,9,155.892,3,6,3,2010,11,7,12,1,0,1,1,1,0,0,2,3,0,1,1,,,
201017263659,3,3,1,48,9,51.964,2,6,3,2010,11,7,12,1,0,1,1,1,3,1,2,3,0,1,1,,,
201017263666,4,3,3,48,9,311.784,2,5,6,2010,15,10,12,1,0,2,1,1,0,0,2,1,0,2,1,,,
201017263672,3,3,3,48,9,51.964,2,6,3,2010,15,40,12,1,0,2,1,1,2,1,2,1,0,2,1,,,
201017263674,4,3,3,48,9,311.784,2,6,3,2010,13,48,12,1,0,1,1,10,1,1,2,1,0,1,1,,,
201017263685,6,3,4,48,9,155.892,2,5,6,2010,16,50,12,1,0,1,1,10,0,0,2,8,0,1,1,,,
201017263704,1,3,1,48,9,51.964,2,5,7,2010,8,10,12,1,0,2,1,1,3,3,2,3,0,2,1,,,
201017263708,1,3,1,48,9,51.964,1,5,2,2010,17,6,59,0,0,1,1,1,3,1,2,3,0,1,4,,,
201017263710,4,3,1,48,9,311.784,2,6,2,2010,12,30,12,9,0,1,1,1,0,0,2,3,0,1,1,,,
201017263717,4,3,1,48,9,311.784,2,6,6,2010,15,20,12,1,0,2,1,10,0,0,2,3,0,8,1,,,
201017263724,6,3,1,48,9,155.892,2,5,3,2010,22,49,12,1,0,2,3,1,0,0,2,3,0,2,1,,,
201017263725,4,3,1,48,9,311.784,2,6,6,2010,15,52,12,7,0,1,1,10,0,0,2,3,0,1,1,,,
201017263733,6,3,1,48,9,155.892,4,6,4,2010,9,52,12,1,0,2,1,1,1,1,2,3,0,2,1,,,
201017263735,4,3,1,48,9,311.784,3,5,1,2010,6,7,12,1,0,2,1,2,0,0,1,3,0,2,1,,,
201017263739,2,3,1,48,9,51.964,3,6,3,2010,9,20,12,1,0,4,1,1,1,3,2,3,0,1,1,,,
201017263744,2,3,1,48,9,51.964,3,6,5,2010,14,45,12,6,0,2,1,1,0,0,2,3,0,2,1,,,
201017263746,4,3,1,48,9,311.784,2,5,6,2010,16,19,12,1,0,2,1,10,0,0,2,3,0,2,1,,,
201017263748,6,3,1,48,9,155.892,1,5,2,2010,20,55,34,0,0,1,3,10,1,1,2,3,0,1,4,,,
201017263752,6,3,1,48,9,155.892,2,5,6,2010,21,19,12,6,0,2,3,1,0,0,2,3,0,2,1,,,
201017263753,5,3,1,48,9,51.964,2,5,6,2010,21,27,12,6,0,2,3,1,2,3,2,3,0,2,1,,,
201017263760,6,3,1,48,9,155.892,2,5,2,2010,21,12,12,8,0,2,3,1,0,0,2,3,0,2,1,,,
201017263762,4,3,1,48,9,311.784,2,5,3,2010,13,0,12,8,0,1,1,1,2,2,2,3,0,1,1,,,
201017263767,1,3,1,48,9,51.964,1,5,5,2010,21,5,34,0,0,1,3,10,3,2,1,3,0,1,4,,,
201017263770,4,3,1,48,9,311.784,1,5,7,2010,2,10,24,0,0,1,3,1,0,0,2,3,0,1,1,,,
201017263771,6,3,1,48,9,155.892,2,5,7,2010,22,24,12,6,0,2,3,1,0,0,2,3,0,2,1,,,
201017263779,4,3,1,48,9,311.784,2,5,3,2010,12,50,12,7,0,1,1,1,0,0,2,3,0,1,1,,,
201017263780,6,3,1,48,9,155.892,2,5,3,2010,21,12,12,6,0,2,3,1,0,0,2,3,0,3,1,,,
201017263783,3,3,1,48,9,51.964,1,5,5,2010,21,45,21,0,0,4,3,10,2,2,2,3,0,1,1,,,
201017263790,6,3,1,48,9,155.892,2,5,6,2010,6,51,12,6,0,2,1,1,0,0,2,3,0,2,1,,,
201017263792,4,3,1,48,9,311.784,3,5,6,2010,17,17,12,1,0,1,1,1,0,0,2,3,0,1,1,,,
201017263809,4,3,3,48,9,311.784,2,6,3,2010,10,50,12,9,0,4,1,1,0,0,2,1,0,1,1,,,
201017263810,6,3,3,48,9,155.892,1,6,4,2010,10,15,1,0,0,1,1,1,1,1,2,1,0,1,1,,,
201017263824,1,3,2,48,9,51.964,2,2,4,2010,4,40,12,6,0,1,3,10,4,2,2,8,0,1,1,,,
201017263828,5,3,2,48,9,51.964,2,4,4,2010,7,0,12,6,0,2,1,1,2,3,2,8,0,3,1,,,
201017263830,3,3,1,48,9,51.964,1,6,3,2010,18,2,22,0,0,4,1,1,2,1,2,3,0,1,1,,,
201017263831,3,3,1,48,9,51.964,2,6,2,2010,17,52,12,1,0,2,1,1,2,1,2,3,0,3,1,,,
201017263832,3,3,1,48,9,51.964,2,6,3,2010,15,50,12,1,0,2,1,1,2,1,2,3,0,2,1,,,
201017263838,5,3,1,48,9,51.964,2,6,1,2010,13,7,12,6,0,2,1,10,2,4,2,3,0,2,1,,,
201017263840,4,3,1,48,9,311.784,2,6,3,2010,15,55,12,1,0,4,1,1,0,0,2,3,0,1,1,,,
201017263842,5,3,1,48,9,51.964,2,6,4,2010,11,20,12,1,0,2,1,1,3,1,2,3,0,2,1,,,
201017263865,3,3,1,48,9,51.964,2,5,7,2010,23,1,12,6,0,2,3,10,2,2,2,3,0,3,1,,,
201017263870,6,3,1,48,9,155.892,1,6,6,2010,2,59,33,0,0,1,3,1,2,1,1,3,0,1,4,,,
201017263874,4,3,1,48,9,311.784,2,6,2,2010,14,42,12,1,0,2,1,1,0,0,2,3,0,2,1,,,
201017263875,5,3,1,48,9,51.964,1,6,3,2010,0,32,1,0,0,1,3,1,2,1,2,3,0,1,4,,,
201017263878,6,3,1,48,9,155.892,2,6,4,2010,8,40,12,6,0,4,1,1,0,0,2,3,0,1,1,,,
201017263882,4,3,1,48,9,311.784,2,6,5,2010,15,47,12,7,0,1,1,1,0,0,2,3,0,1,1,,,
201017263884,3,3,1,48,9,51.964,1,6,6,2010,0,1,21,0,0,1,3,1,2,1,2,3,0,1,1,,,
201017263886,5,3,1,48,9,51.964,1,6,6,2010,8,48,34,0,0,1,1,1,2,1,2,3,0,1,3,,,
201017263891,4,3,1,48,9,311.784,2,6,6,2010,21,14,12,6,0,2,3,1,0,0,2,3,0,2,1,,,
201017263894,5,3,1,48,9,51.964,2,6,3,2010,16,0,12,2,0,1,1,1,2,2,2,3,0,1,1,,,
201017263900,6,3,1,48,9,155.892,2,6,4,2010,20,5,12,6,0,2,3,1,0,0,2,3,0,8,1,,,
201017263901,2,3,1,48,9,51.964,3,6,5,2010,7,27,12,1,0,2,1,1,2,1,2,3,0,2,1,,,
201017263902,4,3,1,48,9,311.784,2,6,5,2010,9,20,12,1,0,2,1,1,0,0,2,3,0,2,1,,,
201017263906,6,3,1,48,9,155.892,2,6,5,2010,13,58,12,6,0,2,1,1,0,0,2,3,0,2,1,,,
201017263908,3,3,1,48,9,51.964,2,6,5,2010,18,6,12,1,0,2,1,1,2,1,2,3,0,2,1,,,
201017263926,5,3,3,48,9,51.964,1,6,1,2010,13,15,34,0,0,1,1,1,2,1,1,1,0,1,2,,,
201017263928,2,3,3,48,9,51.964,2,6,6,2010,19,33,12,6,0,4,3,1,2,1,2,1,0,1,1,,,
201017263931,4,3,3,48,9,311.784,2,6,4,2010,12,44,12,6,0,1,1,1,0,0,2,1,0,1,1,,,
201017263933,5,3,5,48,9,51.964,1,5,2,2010,4,53,42,0,0,1,3,10,1,1,2,1,0,1,4,,,
201017263937,5,3,5,48,9,51.964,2,5,6,2010,17,48,12,6,0,4,1,1,1,3,2,1,0,1,1,,,
201017263939,4,3,5,48,9,311.784,2,5,5,2010,11,55,12,6,0,4,1,1,0,0,2,1,0,1,1,,,
201017263945,1,3,1,48,9,51.964,1,6,2,2010,3,52,1,0,0,1,6,1,3,1,1,3,0,1,5,,,
201017263946,1,3,1,48,9,51.964,2,5,6,2010,18,55,12,6,0,2,3,2,3,3,2,3,0,2,1,,,
201017263951,5,3,1,48,9,51.964,2,6,5,2010,17,35,12,6,0,4,1,1,1,1,2,3,0,1,1,,,
201017263952,6,3,1,48,9,155.892,2,6,3,2010,19,50,12,2,0,2,1,2,0,0,2,3,0,2,1,,,
201017263955,4,3,1,48,9,311.784,2,6,5,2010,12,28,12,1,0,2,1,1,0,0,2,3,0,2,1,,,
201017263958,5,3,1,48,9,51.964,2,6,4,2010,16,36,12,7,0,1,1,2,1,1,2,3,0,1,1,,,
201017263959,3,3,1,48,9,51.964,2,6,5,2010,17,50,12,1,1,2,1,10,2,1,2,3,0,8,1,,,
201017263964,6,3,1,48,9,155.892,2,6,5,2010,18,4,12,6,0,2,1,1,1,1,2,3,0,2,1,,,
201017263965,5,3,1,48,9,51.964,1,6,5,2010,19,25,1,0,0,1,1,1,2,1,2,3,0,1,4,,,
201017263969,6,3,1,48,9,155.892,2,6,6,2010,20,7,12,6,1,2,1,1,0,0,2,3,0,2,1,,,
201017263970,3,3,1,48,9,51.964,2,6,4,2010,17,3,12,1,0,1,1,2,2,1,2,3,0,1,1,,,
201017263971,4,3,1,48,9,311.784,2,6,4,2010,17,35,12,1,0,4,1,2,1,1,2,3,0,1,1,,,
201017263977,5,3,1,48,9,51.964,2,6,3,2010,7,18,12,6,0,2,1,1,2,1,2,3,0,3,1,,,
201017263983,4,3,1,48,9,311.784,2,6,3,2010,6,50,12,1,0,1,1,10,0,0,2,3,0,1,1,,,
201017263989,6,3,1,48,9,155.892,2,6,4,2010,7,22,12,6,0,2,1,1,0,0,2,3,0,2,1,,,
201017263990,5,3,1,48,9,51.964,2,6,4,2010,11,54,12,6,1,2,1,1,1,3,2,3,0,8,1,,,
201017264024,4,3,1,48,9,311.784,2,6,3,2010,17,50,12,1,0,2,5,2,0,0,2,3,0,2,1,,,
201017264064,2,3,1,48,9,51.964,2,6,7,2010,1,57,12,1,0,2,3,10,0,0,1,3,0,2,1,,,
201017264067,5,3,1,48,9,51.964,2,6,5,2010,14,47,12,6,0,2,1,1,2,1,2,3,0,3,1,,,
201017264069,4,3,1,48,9,311.784,2,6,1,2010,13,45,12,1,0,2,1,1,0,0,2,3,0,2,1,,,
201017264070,3,3,1,48,9,51.964,1,6,2,2010,20,41,21,0,0,2,3,1,2,1,2,3,0,2,1,,,
201017264074,2,3,1,48,9,51.964,2,6,4,2010,14,20,12,6,0,2,1,1,0,0,2,3,0,2,1,,,
201017264078,4,3,1,48,9,311.784,2,6,5,2010,16,31,12,6,0,4,1,1,0,0,2,3,0,1,1,,,
201017264084,5,3,1,48,9,51.964,3,6,6,2010,9,35,12,1,0,2,1,1,2,1,2,3,0,2,1,,,
201017264085,4,3,1,48,9,311.784,2,6,3,2010,11,30,12,6,0,2,1,1,0,0,2,3,0,2,1,,,
201017264088,5,3,1,48,9,51.964,2,6,3,2010,16,57,12,1,0,2,1,1,2,1,2,3,0,2,1,,,
201017264090,5,3,1,48,9,51.964,2,6,4,2010,7,58,12,6,0,2,1,1,2,1,2,3,0,2,1,,,
201017264094,4,3,1,48,9,311.784,2,6,3,2010,7,50,12,1,0,2,1,1,0,0,2,3,0,8,1,,,
201017264096,5,3,1,48,9,51.964,2,6,3,2010,20,3,12,6,0,2,1,1,2,1,2,3,0,3,1,,,
201017264097,6,3,1,48,9,155.892,4,6,3,2010,12,30,12,6,0,2,1,1,0,0,2,3,0,2,1,,,
201017264100,5,3,1,48,9,51.964,2,6,2,2010,18,6,12,6,0,4,1,1,2,1,2,3,0,1,1,,,
201017264105,3,3,1,48,9,51.964,3,6,2,2010,12,30,12,1,0,1,1,1,3,2,2,3,0,1,1,,,
201017264106,4,3,1,48,9,311.784,2,6,2,2010,7,45,12,1,0,2,1,1,0,0,2,3,0,2,1,,,
201017264126,4,3,4,48,9,311.784,3,6,3,2010,15,35,12,1,0,1,1,1,0,0,2,8,0,1,1,,,
201017264144,1,3,1,48,9,51.964,2,6,7,2010,7,58,12,6,0,2,1,1,3,1,2,3,0,2,1,,,
201017264146,3,3,1,48,9,51.964,2,6,2,2010,13,30,12,6,0,2,1,1,2,1,2,3,0,3,1,,,
201017264150,5,3,1,48,9,51.964,2,6,7,2010,16,50,12,1,0,2,1,1,2,1,1,3,0,2,1,,,
201017264153,4,3,1,48,9,311.784,2,6,2,2010,9,10,12,6,0,2,1,1,0,0,2,3,0,2,1,,,
201017264159,6,3,1,48,9,155.892,2,6,3,2010,12,0,12,6,0,2,1,1,0,0,2,3,0,2,1,,,
201017264160,4,3,1,48,9,311.784,2,6,3,2010,17,7,12,1,0,2,1,1,0,0,2,3,0,3,1,,,
201017264169,6,3,1,48,9,155.892,2,6,7,2010,14,36,12,6,0,2,1,10,0,0,2,3,0,2,1,,,
201017264170,4,3,1,48,9,311.784,2,6,7,2010,16,38,12,1,0,2,1,10,1,1,2,3,0,3,1,,,
201017264184,4,3,3,48,9,311.784,2,6,6,2010,19,15,12,6,0,4,1,1,0,0,2,1,0,1,1,,,
201017264186,6,3,3,48,9,155.892,2,6,3,2010,16,45,12,6,0,4,1,1,0,0,2,1,0,1,1,,,
201017264204,1,3,1,48,9,51.964,2,6,4,2010,10,59,12,6,0,2,1,1,3,1,2,3,0,2,1,,,
201017264209,3,3,1,48,9,51.964,2,6,1,2010,16,48,12,6,0,2,1,1,2,1,2,3,0,3,1,,,
201017264211,5,3,1,48,9,51.964,1,6,6,2010,1,26,34,0,0,1,3,1,2,1,2,3,0,1,4,,,
201017264213,6,3,1,48,9,155.892,1,6,2,2010,5,2,59,0,0,1,3,1,0,0,2,3,0,1,5,,,
201017264215,4,3,1,48,9,311.784,2,6,6,2010,13,30,12,1,0,1,1,10,0,0,2,3,0,1,1,,,
201017264220,6,3,1,48,9,155.892,2,6,4,2010,7,35,12,1,0,2,1,1,0,0,2,3,0,3,1,,,
201017264227,4,3,3,48,9,311.784,2,7,6,2010,7,10,12,1,0,1,1,1,0,0,2,1,0,1,1,,,
201017264234,5,3,1,48,9,51.964,2,7,3,2010,11,30,12,1,0,2,1,1,1,1,2,3,0,3,1,,,
201017264238,4,3,1,48,9,311.784,2,7,7,2010,15,57,12,1,0,1,1,1,0,0,2,3,0,1,1,,,
201017264244,6,3,1,48,9,155.892,2,6,4,2010,18,6,12,6,0,4,1,2,0,0,2,3,0,1,1,,,
201017264246,5,3,1,48,9,51.964,2,7,6,2010,15,48,12,1,0,2,1,1,2,1,2,3,0,2,1,,,
201017264249,4,3,1,48,9,311.784,2,7,1,2010,2,0,12,6,0,4,3,1,0,0,2,3,0,1,1,,,
201017264250,3,3,1,48,9,51.964,1,7,2,2010,17,29,1,0,0,1,1,1,2,1,2,3,0,1,1,,,
201017264257,4,3,1,48,9,311.784,2,7,5,2010,23,41,12,1,0,2,3,1,0,0,2,3,0,2,1,,,
201017264258,5,3,1,48,9,51.964,1,7,6,2010,1,50,30,0,0,1,3,1,2,1,1,3,0,1,4,,,
201017264263,6,3,1,48,9,155.892,2,7,6,2010,16,15,12,1,0,2,1,1,0,0,2,3,0,3,1,,,
201017264266,4,3,1,48,9,311.784,2,7,7,2010,10,42,12,6,0,4,1,1,0,0,2,3,0,1,1,,,
201017264285,6,3,1,48,9,155.892,2,7,6,2010,5,20,12,6,0,2,1,1,0,0,2,3,0,3,1,,,
201017264289,4,3,1,48,9,311.784,2,7,3,2010,12,25,12,1,0,1,1,10,0,0,2,3,0,1,1,,,
201017264325,6,3,1,48,9,155.892,2,6,5,2010,6,45,12,1,0,2,1,1,0,0,2,3,0,2,1,,,
201017264327,4,3,1,48,9,311.784,2,7,1,2010,13,22,12,1,0,1,1,1,0,0,2,3,0,1,1,,,
201017264329,5,3,1,48,9,51.964,2,7,3,2010,11,50,12,6,1,2,1,10,1,2,2,3,0,2,1,,,
201017264331,3,3,1,48,9,51.964,1,7,2,2010,12,35,1,0,0,1,1,1,2,1,2,3,0,1,1,,,
201017264336,6,3,1,48,9,155.892,2,6,7,2010,20,45,12,6,0,2,3,1,0,0,2,3,0,2,1,,,
201017264339,4,3,1,48,9,311.784,2,6,2,2010,16,40,12,1,0,2,1,1,0,0,2,3,0,3,1,,,
201017264346,4,3,1,48,9,311.784,2,6,5,2010,17,30,12,1,1,5,1,1,0,0,2,3,0,1,1,,,
201017264351,5,3,1,48,9,51.964,2,7,7,2010,21,50,12,6,0,4,3,1,2,1,2,3,0,1,1,,,
201017264353,5,3,1,48,9,51.964,2,7,4,2010,17,17,12,1,0,1,1,1,1,3,2,3,0,1,1,,,
201017264354,4,3,1,48,9,311.784,2,7,5,2010,14,5,12,1,0,1,1,1,0,0,2,3,0,1,1,,,
201017264358,2,3,1,48,9,51.964,2,7,6,2010,12,0,12,1,0,1,1,1,0,0,2,3,0,1,1,,,
201017264359,6,3,1,48,9,155.892,2,7,2,2010,13,30,12,1,0,2,1,1,1,1,2,3,0,2,1,,,
201017264365,4,3,1,48,9,311.784,3,7,5,2010,14,26,12,1,0,2,1,1,0,0,2,3,0,3,1,,,
201017264371,6,3,1,48,9,155.892,1,7,7,2010,6,52,73,0,0,1,1,1,2,1,1,3,0,1,4,,,
201017264374,4,3,1,48,9,311.784,2,7,5,2010,8,0,12,1,0,1,1,1,0,0,2,3,0,1,1,,,
201017264377,1,3,1,48,9,51.964,2,6,4,2010,13,12,12,6,0,2,1,1,3,2,2,3,0,3,1,,,
201017264379,1,3,1,48,9,51.964,2,7,6,2010,18,0,12,6,0,2,1,10,3,2,2,3,0,2,1,,,
201017264381,1,3,1,48,9,51.964,2,6,6,2010,15,2,12,1,0,2,1,2,3,1,2,3,0,3,1,,,
201017264383,1,3,1,48,9,51.964,2,7,2,2010,9,28,12,6,0,2,1,1,3,1,2,3,0,2,1,,,
201017264388,6,3,3,48,9,155.892,2,7,7,2010,0,10,12,6,0,4,3,1,0,0,2,1,0,1,1,,,
201017264404,2,3,1,48,9,51.964,2,7,4,2010,19,17,25,0,0,1,5,10,3,1,2,3,0,1,3,,,
201017264408,3,3,1,48,9,51.964,1,7,4,2010,14,19,22,0,0,2,1,1,2,1,2,3,0,2,1,,,
201017264409,5,3,1,48,9,51.964,2,7,4,2010,8,0,12,6,0,2,1,1,2,1,2,3,0,2,1,,,
201017264412,6,3,1,48,9,155.892,3,7,4,2010,15,6,12,1,0,1,1,1,0,0,2,3,0,1,1,,,
201017264415,4,3,1,48,9,311.784,2,7,2,2010,11,10,12,6,0,2,1,1,0,0,2,3,0,2,1,,,
201017264419,5,3,1,48,9,51.964,2,7,3,2010,13,28,12,6,0,4,1,1,2,1,2,3,0,1,1,,,
201017264427,5,3,4,48,9,51.964,2,7,4,2010,17,10,12,6,0,2,1,1,2,2,2,8,0,2,1,,,
201017264444,1,3,1,48,9,51.964,2,7,5,2010,22,16,12,6,0,2,3,1,3,1,2,3,0,2,1,,,
201017264446,1,3,1,48,9,51.964,2,7,4,2010,7,47,12,1,0,1,1,1,3,1,2,3,0,1,1,,,
201017264452,6,3,1,48,9,155.892,2,7,6,2010,16,51,12,1,0,1,1,2,0,0,2,3,0,1,1,,,
201017264453,4,3,1,48,9,311.784,2,7,5,2010,17,26,12,6,0,4,1,1,0,0,2,3,0,1,1,,,
201017264454,5,3,1,48,9,51.964,2,7,1,2010,2,20,12,6,0,2,3,1,2,1,2,3,0,2,1,,,
201017264457,5,3,1,48,9,51.964,3,7,2,2010,17,6,12,2,0,2,1,1,2,4,2,3,0,3,1,,,
201017264462,4,3,1,48,9,311.784,3,7,4,2010,19,30,33,0,0,2,5,2,0,0,2,3,2,2,4,,,
201017264469,6,3,1,48,9,155.892,1,7,6,2010,16,30,25,0,0,1,1,2,0,0,2,3,0,1,3,,,
201017264471,4,3,1,48,9,311.784,2,7,6,2010,18,4,12,1,0,1,1,2,0,0,2,3,0,1,1,,,
201017264485,5,3,5,48,9,51.964,2,6,5,2010,22,23,12,6,0,2,3,1,1,1,2,1,0,2,1,,,
201017264488,1,3,3,48,9,51.964,2,7,6,2010,16,10,12,6,0,2,1,1,3,1,2,1,0,2,1,,,
201017264490,4,3,3,48,9,311.784,2,7,2,2010,8,35,12,6,0,2,1,10,0,0,2,1,0,2,1,,,
201017264505,5,3,1,48,9,51.964,2,7,7,2010,9,20,12,6,0,2,1,1,1,1,2,3,0,8,1,,,
201017264506,6,3,1,48,9,155.892,2,7,4,2010,11,19,12,8,0,2,1,1,0,0,2,3,0,2,1,,,
201017264508,2,3,1,48,9,51.964,1,7,3,2010,12,15,1,0,0,5,1,1,2,1,2,3,0,1,4,,,
201017264511,4,3,1,48,9,311.784,2,7,6,2010,16,40,12,7,0,1,1,2,0,0,2,3,0,1,1,,,
201017264516,3,3,1,48,9,51.964,1,7,7,2010,13,45,1,0,0,2,1,10,2,1,2,3,0,2,1,,,