CASENUM,STRATUM,REGION,PJ,PSU,PSUSTRAT,WEIGHT,VE_TOTAL,MONTH,WKDY_IM,YEAR,HOUR_IM,MINUTE_IM,EVENT1_IM,MANCOL_IM,RELJCT1_IM,RELJCT2_IM,LGTCON_IM,WEATHR_IM,MAXSEV_IM,NO_INJ_IM,ALCHL_IM,LAND_USE,PVH_INVL,TYP_INT,REL_ROAD,CF1,CF2,CF3
201017264518,4,3,1,48,9,311.784,2,7,2,2010,21,5,12,1,0,4,3,1,0,0,2,3,0,1,1,,,
201017264545,5,3,1,48,9,51.964,2,7,6,2010,16,25,12,1,0,1,1,2,2,4,2,3,0,1,1,,,
201017264549,4,3,1,48,9,311.784,2,7,7,2010,9,25,12,6,0,4,1,1,0,0,2,3,0,1,1,,,
201017264556,3,3,1,48,9,51.964,2,7,6,2010,21,10,12,6,0,4,6,1,3,2,2,3,0,1,1,,,
201017264558,6,3,1,48,9,155.892,2,7,7,2010,9,59,12,6,0,2,1,1,0,0,2,3,0,2,1,,,
201017264559,4,3,1,48,9,311.784,2,7,6,2010,11,10,12,6,0,2,1,1,0,0,2,3,0,8,1,,,
201017264562,5,3,1,48,9,51.964,2,7,7,2010,14,7,12,1,0,1,1,10,2,2,2,3,0,1,1,,,
201017264567,4,3,1,48,9,311.784,2,7,3,2010,13,30,12,1,0,1,1,1,0,0,2,3,0,1,1,,,
201017264572,3,3,1,48,9,51.964,2,7,6,2010,11,7,12,1,0,2,1,1,2,1,2,3,0,3,1,,,
201017264574,3,3,1,48,9,51.964,2,7,6,2010,18,2,12,1,0,2,1,1,2,1,2,3,0,2,1,,,
201017264577,4,3,1,48,9,311.784,2,7,7,2010,8,50,12,6,0,2,1,1,0,0,2,3,0,8,1,,,
201017264582,6,3,1,48,9,155.892,3,7,4,2010,13,34,12,1,0,1,1,1,0,0,2,3,0,1,1,,,
201017264586,1,3,1,48,9,51.964,1,7,7,2010,3,1,19,0,0,2,3,1,3,1,2,3,0,2,5,,,
201017264607,4,3,1,48,9,311.784,2,7,2,2010,12,50,12,1,0,2,1,1,0,0,2,3,0,2,1,,,
201017264620,4,3,1,48,9,311.784,2,7,1,2010,20,18,12,7,0,1,1,1,0,0,2,3,0,1,1,,,
201017264623,5,3,1,48,9,51.964,2,7,4,2010,20,6,12,6,0,1,3,1,1,1,2,3,0,1,1,,,
201017264647,6,3,4,48,9,155.892,2,7,5,2010,15,15,12,2,0,2,1,1,0,0,2,8,0,8,1,,,
201017264651,4,3,4,48,9,311.784,2,7,2,2010,11,48,12,1,0,1,1,1,0,0,2,8,0,1,1,,,
201017264664,5,3,3,48,9,51.964,2,8,2,2010,12,13,12,1,0,2,1,1,2,1,2,1,0,3,1,,,
201017264666,6,3,3,48,9,155.892,1,8,3,2010,1,20,32,0,0,1,3,10,0,0,1,1,0,1,4,,,
201017264667,5,3,3,48,9,51.964,3,8,3,2010,8,0,12,1,0,1,1,1,1,1,2,1,0,1,1,,,
201017264669,4,3,3,48,9,311.784,2,8,3,2010,16,10,12,1,0,1,1,10,0,0,2,1,0,1,1,,,
201017264671,5,3,3,48,9,51.964,2,7,3,2010,13,57,12,6,0,4,1,1,2,2,1,1,0,1,1,,,
201017264676,4,3,3,48,9,311.784,2,7,6,2010,20,56,12,1,0,2,3,1,0,0,2,1,0,2,1,,,
201017264679,1,3,1,48,9,51.964,2,7,2,2010,5,23,12,6,0,2,1,1,3,2,2,3,0,2,1,,,
201017264681,4,3,1,48,9,311.784,2,7,3,2010,17,42,12,6,0,4,1,10,1,1,2,3,0,1,1,,,
201017264686,6,3,1,48,9,155.892,2,7,1,2010,16,20,12,1,0,2,1,1,0,0,2,3,0,2,1,,,
201017264690,4,3,1,48,9,311.784,2,7,3,2010,18,12,12,7,1,2,1,1,0,0,2,3,0,2,1,,,
201017264692,6,3,1,48,9,155.892,1,7,2,2010,15,8,24,0,0,1,1,1,0,0,2,3,0,1,1,,,
201017264695,5,3,1,48,9,51.964,2,7,6,2010,18,7,12,1,0,1,1,2,3,1,2,3,0,1,1,,,
201017264705,5,3,1,48,9,51.964,2,7,2,2010,14,10,12,6,0,2,1,1,1,1,2,3,0,2,1,,,
201017264713,4,3,1,48,9,311.784,2,7,3,2010,17,8,12,6,0,2,1,2,0,0,2,3,0,2,1,,,
201017264718,6,3,1,48,9,155.892,2,8,2,2010,14,11,12,6,0,2,1,1,2,1,2,3,0,2,1,,,
201017264722,4,3,1,48,9,311.784,2,8,2,2010,9,30,12,7,0,1,1,1,0,0,2,3,0,1,1,,,
201017264728,4,3,1,48,9,311.784,2,7,6,2010,22,21,12,1,0,2,6,1,0,0,2,3,0,2,1,,,
201017264736,6,3,1,48,9,155.892,2,8,1,2010,10,55,12,6,0,1,1,1,0,0,2,3,0,1,1,,,
201017264744,5,3,1,48,9,51.964,1,4,3,2010,5,21,74,0,0,1,3,1,1,1,2,3,0,1,4,,,
201017264745,5,3,1,48,9,51.964,1,7,7,2010,3,43,39,0,0,1,3,1,2,1,2,3,0,1,5,,,
201017264746,5,3,1,48,9,51.964,2,7,7,2010,14,0,12,7,0,1,1,1,1,1,2,3,0,1,1,,,
201017264753,4,3,1,48,9,311.784,2,8,3,2010,10,55,12,1,0,1,1,1,0,0,2,3,0,1,1,,,
201017264759,4,3,1,48,9,311.784,2,8,1,2010,15,0,12,6,0,2,1,1,0,0,2,3,0,2,1,,,
201017264760,3,3,1,48,9,51.964,2,8,3,2010,10,20,12,1,0,2,1,1,3,1,2,3,0,2,1,,,
201017264763,6,3,1,48,9,155.892,2,7,6,2010,16,28,12,1,0,1,1,1,0,0,2,3,0,1,1,,,
201017264808,6,3,3,48,9,155.892,2,8,3,2010,19,40,12,6,0,4,3,10,1,2,2,1,0,1,1,,,
201017264812,1,3,1,48,9,51.964,2,8,3,2010,17,37,12,6,0,2,1,2,3,1,2,3,0,2,1,,,
201017264821,4,3,1,48,9,311.784,2,7,6,2010,12,0,12,6,0,4,1,1,0,0,2,3,0,1,1,,,
201017264829,5,3,1,48,9,51.964,3,8,1,2010,15,4,12,6,0,2,1,1,2,1,2,3,0,2,1,,,
201017264830,4,3,1,48,9,311.784,2,8,2,2010,15,45,12,7,0,1,1,1,0,0,2,3,0,1,1,,,
201017264836,4,3,1,48,9,311.784,2,8,2,2010,11,50,12,7,0,1,1,1,0,0,2,3,0,1,1,,,
201017264837,5,3,1,48,9,51.964,3,7,5,2010,7,30,12,1,0,1,1,10,1,2,2,3,0,1,1,,,
201017264845,4,3,1,48,9,311.784,2,8,6,2010,12,28,12,6,0,4,1,1,0,0,2,3,0,1,1,,,
201017264847,5,3,1,48,9,51.964,1,8,7,2010,15,52,53,0,0,1,1,10,2,1,1,3,0,1,4,,,
201017264848,2,3,1,48,9,51.964,5,7,3,2010,17,41,12,7,0,1,1,10,2,2,2,3,0,1,1,,,
201017264850,2,3,1,48,9,51.964,2,8,5,2010,11,34,12,8,0,1,1,1,0,0,2,3,0,1,1,,,
201017264852,6,3,1,48,9,155.892,2,8,6,2010,13,10,12,6,0,2,1,1,0,0,2,3,0,2,1,,,
201017264856,4,3,1,48,9,311.784,2,8,3,2010,14,56,12,1,0,1,1,1,0,0,2,3,0,1,1,,,
201017264863,4,3,1,48,9,311.784,2,8,5,2010,14,5,12,1,0,1,1,1,0,0,2,3,0,1,1,,,
201017264869,5,3,1,48,9,51.964,2,8,4,2010,20,30,12,6,0,2,2,1,2,1,2,3,0,8,1,,,
201017264870,5,3,1,48,9,51.964,2,8,5,2010,15,39,12,1,0,2,1,1,1,1,2,3,0,3,1,,,
201017264873,4,3,1,48,9,311.784,2,8,1,2010,0,30,14,0,0,1,3,1,0,0,2,3,1,1,7,,,
201017264884,5,3,2,48,9,51.964,2,7,6,2010,23,30,12,6,0,2,3,1,1,1,1,8,0,3,1,,,
201017264888,1,3,1,48,9,51.964,2,8,6,2010,17,16,12,6,0,2,1,10,4,3,2,3,0,2,1,,,
201017264891,3,3,1,48,9,51.964,2,8,2,2010,14,46,12,6,0,2,1,1,2,1,2,3,0,2,1,,,
201017264894,6,3,1,48,9,155.892,2,8,3,2010,11,55,12,1,0,1,1,1,0,0,2,3,0,1,1,,,
201017264895,4,3,1,48,9,311.784,2,8,3,2010,20,55,12,1,0,2,3,1,0,0,2,3,0,2,1,,,
201017264903,5,3,1,48,9,51.964,2,8,4,2010,11,2,12,6,0,2,1,1,2,1,2,3,0,2,1,,,
201017264904,4,3,1,48,9,311.784,2,8,2,2010,9,0,12,6,0,2,1,1,0,0,2,3,0,3,1,,,
201017264944,2,3,1,48,9,51.964,2,8,6,2010,7,6,12,1,0,1,1,1,3,1,2,3,0,1,1,,,
201017264946,3,3,1,48,9,51.964,2,8,3,2010,18,14,12,6,0,2,1,1,2,1,2,3,0,2,1,,,
201017264948,3,3,1,48,9,51.964,2,8,4,2010,6,26,12,6,0,4,1,1,0,0,2,3,0,1,1,,,
201017264949,4,3,1,48,9,311.784,2,8,5,2010,12,54,12,6,0,2,1,1,0,0,2,3,0,2,1,,,
201017264955,4,3,1,48,9,311.784,2,8,5,2010,14,13,12,1,0,2,1,1,0,0,2,3,0,2,1,,,
201017264957,6,3,1,48,9,155.892,2,8,2,2010,12,53,12,6,0,4,1,10,1,2,2,3,0,1,1,,,
201017264963,4,3,1,48,9,311.784,2,8,6,2010,6,34,12,1,0,2,1,1,0,0,2,3,0,2,1,,,
201017264964,3,3,1,48,9,51.964,2,8,6,2010,13,57,12,1,0,1,1,10,2,1,2,3,0,1,1,,,
201017264967,2,3,1,48,9,51.964,2,7,5,2010,18,32,12,6,1,2,1,10,1,1,2,3,0,2,1,,,
201017264971,6,3,1,48,9,155.892,2,7,7,2010,16,15,12,6,0,4,1,1,0,0,2,3,0,1,1,,,
201017264974,4,3,1,48,9,311.784,2,8,3,2010,11,51,12,6,0,4,1,1,0,0,2,3,0,1,1,,,
201017264980,4,3,1,48,9,311.784,2,8,6,2010,19,40,12,1,0,2,3,2,0,0,2,3,0,3,1,,,
201017264981,5,3,1,48,9,51.964,1,8,6,2010,20,2,34,0,0,1,3,10,2,1,2,3,0,1,4,,,
201017264989,4,3,1,48,9,311.784,2,8,5,2010,7,20,12,7,0,1,1,1,0,0,2,3,0,1,1,,,
201017265005,5,3,3,48,9,51.964,2,8,7,2010,7,27,12,6,0,2,1,1,2,1,2,1,0,2,1,,,
201017265007,4,3,3,48,9,311.784,2,8,3,2010,10,0,12,6,0,4,1,1,0,0,2,1,0,1,1,,,
201017265010,6,3,1,48,9,155.892,2,8,6,2010,21,50,12,6,0,2,3,10,2,1,2,3,0,2,1,,,
201017265016,4,3,1,48,9,311.784,2,8,6,2010,9,50,12,7,1,2,1,1,0,0,2,3,0,2,1,,,
201017265025,4,3,1,48,9,311.784,2,8,1,2010,19,15,12,1,0,2,5,10,0,0,2,3,0,2,1,,,
201017265044,1,3,1,48,9,51.964,2,8,7,2010,19,47,12,7,0,2,3,2,3,3,2,3,0,2,1,,,
201017265048,6,3,1,48,9,155.892,4,8,2,2010,17,29,12,1,0,1,1,1,2,1,2,3,0,1,1,,,
201017265050,4,3,1,48,9,311.784,2,8,3,2010,11,15,12,1,0,2,1,1,0,0,2,3,0,3,1,,,
201017265051,3,3,1,48,9,51.964,2,8,3,2010,11,45,12,6,0,4,1,1,2,1,2,3,0,1,1,,,
201017265054,5,3,1,48,9,51.964,3,8,3,2010,14,36,12,7,0,2,1,10,1,1,2,3,0,3,1,,,
201017265058,4,3,1,48,9,311.784,2,8,3,2010,16,36,12,1,0,1,1,10,0,0,2,3,0,1,1,,,
201017265065,4,3,1,48,9,311.784,2,8,4,2010,14,15,12,1,0,2,1,10,0,0,2,3,0,2,1,,,
201017265068,3,3,1,48,9,51.964,2,8,5,2010,6,33,12,6,0,2,1,1,3,1,2,3,0,2,1,,,
201017265073,5,3,1,48,9,51.964,2,8,6,2010,22,40,12,6,0,2,3,1,0,0,2,3,0,2,1,,,
201017265074,3,3,1,48,9,51.964,1,8,7,2010,1,3,21,0,0,2,3,1,2,2,1,3,0,3,1,,,
201017265075,4,3,1,48,9,311.784,2,8,2,2010,23,31,12,7,0,2,3,1,0,0,2,3,0,2,1,,,
201017265077,3,3,1,48,9,51.964,1,8,1,2010,15,46,25,0,1,5,1,2,2,1,2,3,0,1,4,,,
201017265087,5,3,4,48,9,51.964,3,8,2,2010,15,25,12,6,0,2,1,10,1,1,2,8,0,3,1,,,
201017265109,6,3,1,48,9,155.892,1,8,4,2010,13,10,42,0,0,1,1,2,0,0,2,3,0,1,6,,,
201017265110,5,3,1,48,9,51.964,2,8,2,2010,0,20,12,1,0,1,3,1,2,2,2,3,0,1,1,,,
201017265117,3,3,1,48,9,51.964,3,8,5,2010,17,10,12,1,0,1,1,1,2,2,2,3,0,1,1,,,
201017265118,4,3,1,48,9,311.784,2,8,6,2010,17,18,12,1,0,1,1,10,0,0,2,3,0,1,1,,,
201017265124,4,3,1,48,9,311.784,2,8,5,2010,9,45,12,7,0,1,1,10,0,0,2,3,0,1,1,,,
201017265125,6,3,1,48,9,155.892,1,8,7,2010,19,5,1,0,0,1,5,2,2,1,2,3,0,1,2,,,
201017265127,5,3,1,48,9,51.964,2,8,6,2010,13,15,12,2,0,2,1,1,1,1,2,3,0,2,1,,,
201017265132,5,3,1,48,9,51.964,1,8,7,2010,19,26,34,0,0,1,3,2,2,1,2,3,0,1,4,,,
201017265137,4,3,1,48,9,311.784,2,8,6,2010,11,16,12,1,0,1,1,1,0,0,2,3,0,1,1,,,
201017265142,6,3,1,48,9,155.892,2,8,6,2010,16,20,12,6,0,4,1,1,0,0,2,3,0,1,1,,,
201017265146,4,3,10,48,9,311.784,2,8,3,2010,13,15,12,8,0,1,1,1,0,0,2,8,0,1,1,,,
201017265152,6,3,3,48,9,155.892,1,8,4,2010,13,0,73,0,0,1,1,2,0,0,2,1,0,1,4,,,
201017265154,4,3,3,48,9,311.784,2,8,5,2010,17,36,12,1,0,2,1,10,0,0,2,1,0,2,1,,,
201017265164,1,3,1,48,9,51.964,2,8,1,2010,17,9,12,6,0,2,1,1,3,3,2,3,0,2,1,,,
201017265166,1,3,1,48,9,51.964,2,8,4,2010,10,31,12,6,0,4,1,1,3,1,2,3,0,1,1,,,
201017265169,4,3,1,48,9,311.784,2,8,5,2010,16,7,12,1,0,4,1,1,0,0,2,3,0,1,1,,,
201017265177,4,3,1,48,9,311.784,2,8,1,2010,10,55,12,1,0,2,1,1,0,0,2,3,0,2,1,,,
201017265184,4,3,1,48,9,311.784,2,8,4,2010,1,37,12,1,0,2,3,1,0,0,2,3,0,2,1,,,
201017265190,4,3,1,48,9,311.784,3,8,2,2010,8,50,12,1,0,1,1,1,0,0,2,3,0,1,1,,,
201017265198,5,3,1,48,9,51.964,2,8,2,2010,14,54,12,1,1,18,1,1,1,1,2,3,0,3,1,,,
201017265205,5,3,2,48,9,51.964,1,7,2,2010,16,5,32,0,0,1,1,1,2,1,2,8,0,1,4,,,
201017265207,4,3,4,48,9,311.784,2,8,4,2010,13,12,12,1,0,1,1,1,0,0,2,8,0,1,1,,,
201017265224,4,3,1,48,9,311.784,2,8,7,2010,23,16,12,6,0,2,3,2,0,0,2,3,0,3,1,,,
201017265231,4,3,1,48,9,311.784,2,8,2,2010,14,43,12,1,0,1,1,10,1,1,2,3,0,1,1,,,
201017265234,5,3,1,48,9,51.964,2,8,6,2010,7,20,12,7,0,4,1,1,3,1,2,3,0,1,1,,,
201017265238,6,3,1,48,9,155.892,2,8,5,2010,14,36,12,1,0,1,1,1,0,0,2,3,0,1,1,,,
201017265240,4,3,1,48,9,311.784,2,8,5,2010,15,15,12,1,0,2,1,1,0,0,2,3,0,2,1,,,
201017265267,4,3,1,48,9,311.784,2,8,6,2010,13,40,12,1,0,2,1,1,0,0,2,3,0,2,1,,,
201017265269,5,3,1,48,9,51.964,2,8,6,2010,11,45,12,6,0,2,1,1,1,1,2,3,0,2,1,,,
201017265273,6,3,1,48,9,155.892,2,8,4,2010,23,8,12,6,1,2,3,1,0,0,2,3,0,2,1,,,
201017265278,4,3,1,48,9,311.784,2,8,6,2010,17,15,12,1,0,1,5,10,0,0,2,3,0,1,1,,,
201017265285,4,3,1,48,9,311.784,2,8,3,2010,16,40,12,1,0,2,1,1,0,0,2,3,0,2,1,,,
201017265291,4,3,1,48,9,311.784,2,8,2,2010,22,22,12,6,0,4,3,1,0,0,2,3,0,1,1,,,
201017265293,1,3,1,48,9,51.964,2,8,2,2010,7,41,12,6,0,4,1,10,3,3,2,3,0,1,1,,,
201017265296,6,3,1,48,9,155.892,1,8,1,2010,0,14,46,0,0,2,3,2,0,0,1,3,0,2,4,,,
201017265324,6,3,1,48,9,155.892,2,9,4,2010,8,0,12,1,0,2,1,1,0,0,2,3,0,8,1,,,
201017265326,4,3,1,48,9,311.784,2,9,6,2010,11,55,12,6,0,2,1,1,0,0,2,3,0,2,1,,,
201017265333,4,3,1,48,9,311.784,2,9,4,2010,10,20,12,1,0,2,1,1,0,0,2,3,0,2,1,,,
201017265341,6,3,1,48,9,155.892,2,9,4,2010,18,9,12,1,0,2,1,1,0,0,2,3,0,4,1,,,
201017265342,5,3,1,48,9,51.964,2,9,5,2010,13,5,12,6,0,2,1,1,1,2,2,3,0,2,1,,,
201017265343,4,3,1,48,9,311.784,2,9,5,2010,13,25,12,6,0,4,1,1,0,0,2,3,0,1,1,,,
201017265346,3,3,1,48,9,51.964,2,9,5,2010,17,8,12,6,0,2,1,1,2,1,2,3,0,3,1,,,
201017265349,5,3,1,48,9,51.964,2,9,6,2010,13,10,12,1,0,1,1,1,2,1,2,3,0,1,1,,,
201017265350,5,3,1,48,9,51.964,2,9,6,2010,13,15,12,1,1,18,1,1,3,3,2,3,0,1,1,,,
201017265352,4,3,1,48,9,311.784,2,9,6,2010,13,57,12,1,0,1,1,1,0,0,2,3,0,1,1,,,
201017265359,4,3,1,48,9,311.784,2,9,2,2010,18,54,12,1,0,2,1,1,0,0,2,3,0,2,1,,,
201017265363,6,3,1,48,9,155.892,2,8,3,2010,17,34,12,6,0,2,1,10,0,0,2,3,0,2,1,,,
201017265369,4,3,1,48,9,311.784,2,8,2,2010,16,27,12,1,0,2,1,1,0,0,2,3,0,3,1,,,
201017265373,6,3,1,48,9,155.892,2,8,3,2010,15,50,12,1,0,1,1,1,0,0,2,3,0,1,1,,,
201017265377,4,3,1,48,9,311.784,2,8,2,2010,11,5,12,1,0,4,1,10,1,1,2,3,0,1,1,,,
201017265383,4,3,1,48,9,311.784,2,9,5,2010,10,46,12,6,0,2,1,1,0,0,2,3,0,3,1,,,
201017265389,1,3,3,48,9,51.964,2,9,7,2010,16,0,12,1,0,2,1,1,3,2,1,1,0,2,1,,,
201017265392,4,3,3,48,9,311.784,2,9,7,2010,8,16,12,6,0,2,1,1,0,0,2,1,0,2,1,,,
201017265395,6,3,3,48,9,155.892,2,9,4,2010,16,30,12,6,0,1,1,1,0,0,2,1,0,1,1,,,
201017265404,3,3,1,48,9,51.964,2,9,2,2010,16,16,12,6,0,4,1,1,3,2,2,3,0,1,1,,,
201017265406,4,3,1,48,9,311.784,2,9,4,2010,12,50,12,1,0,2,1,1,0,0,2,3,0,2,1,,,
201017265426,4,3,4,48,9,311.784,2,9,4,2010,15,5,12,1,0,2,1,1,0,0,2,8,0,8,1,,,
201017265427,6,3,4,48,9,155.892,2,9,4,2010,15,50,12,1,0,4,1,10,0,0,2,8,0,1,1,,,
201017265435,4,3,4,48,9,311.784,2,9,6,2010,11,0,12,1,0,1,1,1,0,0,2,8,0,1,1,,,
201017265437,5,3,4,48,9,51.964,2,8,3,2010,23,33,12,2,0,2,3,10,2,1,2,8,0,3,1,,,
201017265444,1,3,1,48,9,51.964,3,9,3,2010,16,22,12,1,0,4,1,1,3,3,2,3,0,1,1,,,
201017265447,6,3,1,48,9,155.892,2,9,5,2010,9,40,12,1,0,1,1,10,0,0,2,3,0,1,1,,,
201017265450,3,3,1,48,9,51.964,2,9,6,2010,15,10,21,0,0,1,1,1,2,1,2,3,1,1,1,,,
201017265451,5,3,1,48,9,51.964,2,9,3,2010,0,26,12,1,0,2,3,1,2,2,2,3,0,2,1,,,
201017265456,4,3,1,48,9,311.784,2,9,2,2010,10,0,12,6,0,2,1,1,0,0,2,3,0,2,1,,,
201017265457,3,3,1,48,9,51.964,2,9,6,2010,10,18,12,1,0,2,1,1,3,1,2,3,0,3,1,,,
201017265461,3,3,1,48,9,51.964,2,9,4,2010,12,15,12,7,0,1,1,10,2,2,2,3,0,1,1,,,
201017265463,5,3,1,48,9,51.964,2,8,5,2010,21,28,12,6,0,2,3,10,2,4,2,3,0,2,1,,,
201017265466,4,3,1,48,9,311.784,2,9,7,2010,21,10,12,1,0,1,3,1,0,0,2,3,0,1,1,,,
201017265472,4,3,1,48,9,311.784,2,9,5,2010,11,0,12,1,0,1,1,1,0,0,2,3,0,1,1,,,
201017265479,4,3,1,48,9,311.784,2,9,7,2010,11,55,12,1,0,6,1,1,0,0,2,3,0,1,1,,,
201017265481,6,3,1,48,9,155.892,2,9,4,2010,17,20,12,1,0,2,1,1,3,1,2,3,0,3,1,,,
201017265488,4,3,1,48,9,311.784,2,9,1,2010,11,20,12,6,0,2,1,1,0,0,2,3,0,2,1,,,
201017265498,4,3,3,48,9,311.784,2,9,6,2010,17,34,12,1,0,1,1,1,0,0,2,1,0,1,1,,,
201017265528,4,3,1,48,9,311.784,2,9,2,2010,16,58,12,1,1,2,1,1,0,0,2,3,0,3,1,,,
201017265529,6,3,1,48,9,155.892,3,9,2,2010,17,36,12,2,0,2,1,1,0,0,2,3,0,3,1,,,
201017265534,6,3,1,48,9,155.892,2,9,4,2010,19,55,12,7,0,2,3,1,0,0,2,3,0,3,1,,,
201017265539,4,3,1,48,9,311.784,2,9,6,2010,12,45,12,6,0,4,1,1,0,0,2,3,0,1,1,,,
201017265547,5,3,1,48,9,51.964,2,9,1,2010,12,46,12,1,0,2,1,1,3,1,2,3,0,2,1,,,
201017265550,4,3,1,48,9,311.784,2,9,3,2010,8,9,12,1,0,2,1,1,1,1,2,3,0,3,1,,,
201017265564,5,3,4,48,9,51.964,2,9,6,2010,15,50,12,6,0,2,1,1,2,1,2,8,0,3,1,,,
201017265566,4,3,4,48,9,311.784,2,9,6,2010,21,3,12,1,0,2,3,1,0,0,2,8,0,3,1,,,
201017265584,1,3,1,48,9,51.964,4,9,7,2010,8,27,12,6,0,2,1,1,3,7,2,3,0,2,1,,,
201017265586,1,3,1,48,9,51.964,2,9,6,2010,15,47,12,6,0,2,1,1,3,1,2,3,0,2,1,,,
201017265588,1,3,1,48,9,51.964,2,9,3,2010,19,20,12,6,0,2,3,1,3,1,2,3,0,2,1,,,
201017265590,1,3,1,48,9,51.964,2,9,7,2010,13,12,12,2,0,2,1,1,3,2,2,3,0,3,1,,,
201017265592,1,3,1,48,9,51.964,3,9,5,2010,17,31,12,2,0,2,1,1,3,2,2,3,0,2,1,,,
201017265598,4,3,1,48,9,311.784,2,9,3,2010,8,5,12,1,0,1,1,1,0,0,2,3,0,1,1,,,
201017265601,5,3,1,48,9,51.964,2,9,6,2010,16,54,12,6,0,2,1,1,2,2,2,3,0,3,1,,,
201017265604,6,3,1,48,9,155.892,2,9,5,2010,15,57,12,6,0,2,1,1,2,1,2,3,0,3,1,,,
201017265609,4,3,1,48,9,311.784,2,9,1,2010,13,28,12,1,0,2,1,1,0,0,2,3,0,2,1,,,
201017265610,6,3,1,48,9,155.892,2,9,1,2010,20,5,12,6,0,2,3,1,0,0,2,3,0,8,1,,,
201017265611,3,3,1,48,9,51.964,1,9,5,2010,14,48,1,0,0,2,1,1,2,1,2,3,0,2,1,,,
201017265619,6,3,1,48,9,155.892,2,9,5,2010,17,14,12,7,0,1,1,1,0,0,2,3,0,1,1,,,
201017265621,4,3,1,48,9,311.784,2,9,6,2010,14,30,12,6,0,2,1,1,0,0,2,3,0,2,1,,,
201017265628,4,3,1,48,9,311.784,2,9,4,2010,9,50,12,1,0,2,1,1,0,0,2,3,0,2,1,,,
201017265635,4,3,1,48,9,311.784,2,9,5,2010,16,12,12,1,0,1,1,1,0,0,2,3,0,1,1,,,
201017265637,6,3,1,48,9,155.892,2,9,5,2010,18,37,12,1,0,2,1,1,0,0,2,3,0,2,1,,,
201017265643,3,3,1,48,9,51.964,2,9,7,2010,0,34,12,1,0,1,3,1,3,1,2,3,0,1,1,,,
201017265645,6,3,1,48,9,155.892,2,9,7,2010,16,0,12,1,0,1,1,1,0,0,2,3,0,1,1,,,
201017265646,4,3,1,48,9,311.784,2,9,5,2010,18,40,12,1,0,1,1,1,0,0,2,3,0,1,1,,,
201017265648,3,3,1,48,9,51.964,1,9,5,2010,12,10,21,0,0,1,1,1,3,2,2,3,0,1,1,,,
201017265654,6,3,1,48,9,155.892,2,9,6,2010,14,43,12,1,0,1,1,1,0,0,2,3,0,1,1,,,
201017265668,6,3,3,48,9,155.892,4,9,3,2010,15,0,12,6,0,4,1,1,0,0,2,1,0,1,1,,,
201017265670,4,3,3,48,9,311.784,2,9,6,2010,18,32,12,6,0,2,1,1,0,0,2,1,0,2,1,,,
201017265671,5,3,3,48,9,51.964,2,9,4,2010,10,25,12,6,0,1,1,1,2,1,2,1,0,1,1,,,
201017265685,6,3,1,48,9,155.892,2,8,7,2010,6,57,12,1,0,4,1,1,0,0,2,3,0,1,1,,,
201017265687,5,3,1,48,9,51.964,2,8,6,2010,17,37,12,1,0,1,1,1,2,2,2,3,0,1,1,,,
201017265688,4,3,1,48,9,311.784,2,8,6,2010,19,8,12,1,0,1,1,2,0,0,2,3,0,1,1,,,
201017265696,4,3,1,48,9,311.784,3,8,2,2010,15,25,12,1,0,1,1,1,0,0,2,3,0,1,1,,,
201017265701,6,3,1,48,9,155.892,2,9,4,2010,16,15,12,6,0,2,1,1,0,0,2,3,0,2,1,,,
201017265702,5,3,1,48,9,51.964,1,9,4,2010,16,40,35,0,0,1,1,1,2,1,2,3,0,1,4,,,
201017265704,4,3,1,48,9,311.784,2,9,4,2010,17,50,12,1,0,1,1,1,1,2,2,3,0,1,1,,,
201017265710,5,3,1,48,9,51.964,2,9,6,2010,15,45,12,1,0,2,1,1,1,1,2,3,0,2,1,,,
201017265714,4,3,4,48,9,311.784,2,9,6,2010,13,15,12,1,0,2,1,1,0,0,2,8,0,3,1,,,
201017265716,3,3,4,48,9,51.964,1,9,3,2010,13,34,22,0,0,1,1,10,2,1,2,8,0,1,1,,,
201017265725,4,3,1,48,9,311.784,2,9,5,2010,8,0,12,1,0,2,1,1,0,0,2,3,0,3,1,,,
201017265729,6,3,1,48,9,155.892,2,9,4,2010,20,20,12,6,0,2,3,1,0,0,2,3,0,2,1,,,
201017265732,4,3,1,48,9,311.784,2,9,6,2010,16,54,12,1,0,2,1,1,0,0,2,3,0,2,1,,,
201017265738,3,3,1,48,9,51.964,2,9,1,2010,14,22,12,1,0,1,1,10,3,2,2,3,0,1,1,,,
201017265740,4,3,1,48,9,311.784,2,9,1,2010,17,6,12,1,0,2,1,1,0,0,2,3,0,3,1,,,
201017265741,3,3,1,48,9,51.964,1,9,5,2010,19,40,21,0,0,1,3,1,2,1,2,3,0,1,1,,,
201017265748,6,3,1,48,9,155.892,1,9,1,2010,3,55,46,0,0,2,3,1,0,0,2,3,0,7,4,,,
201017265749,4,3,1,48,9,311.784,2,9,2,2010,15,35,12,1,0,1,1,1,0,0,2,3,0,1,1,,,
201017265757,4,3,1,48,9,311.784,2,9,5,2010,21,25,12,1,0,2,1,1,1,1,2,3,0,2,1,,,
201017265758,6,3,1,48,9,155.892,2,9,3,2010,22,20,12,6,0,2,3,1,0,0,2,3,0,3,1,,,