CASENUM,STRATUM,REGION,PJ,PSU,PSUSTRAT,WEIGHT,VE_TOTAL,MONTH,WKDY_IM,YEAR,HOUR_IM,MINUTE_IM,EVENT1_IM,MANCOL_IM,RELJCT1_IM,RELJCT2_IM,LGTCON_IM,WEATHR_IM,MAXSEV_IM,NO_INJ_IM,ALCHL_IM,LAND_USE,PVH_INVL,TYP_INT,REL_ROAD,CF1,CF2,CF3
201017267067,6,3,1,48,9,155.892,2,11,2,2010,16,0,12,1,1,2,1,2,1,2,2,3,0,2,1,,,
201017267070,4,3,1,48,9,311.784,2,11,6,2010,16,12,12,1,0,1,5,1,0,0,2,3,0,1,1,,,
201017267071,5,3,1,48,9,51.964,2,11,7,2010,15,30,12,6,0,2,1,1,1,3,2,3,0,3,1,,,
201017267075,5,3,1,48,9,51.964,2,11,2,2010,9,30,12,6,1,18,1,1,3,4,2,3,0,1,1,,,
201017267079,1,3,1,48,9,51.964,2,11,2,2010,12,0,12,6,0,2,1,1,3,2,2,3,0,2,1,,,
201017267086,4,3,4,48,9,311.784,2,11,3,2010,13,39,12,9,0,1,1,2,0,0,2,8,0,1,1,,,
201017267093,4,3,3,48,9,311.784,2,11,1,2010,10,40,12,6,0,4,1,1,0,0,2,1,0,1,1,,,
201017267102,5,3,1,48,9,51.964,2,11,4,2010,23,25,12,6,0,2,3,1,2,3,1,3,0,2,1,,,
201017267106,4,3,1,48,9,311.784,2,11,6,2010,9,44,12,6,0,4,1,2,0,0,2,3,0,1,1,,,
201017267113,6,3,1,48,9,155.892,2,11,3,2010,23,27,12,7,0,1,3,1,0,0,2,3,0,1,1,,,
201017267114,4,3,1,48,9,311.784,2,12,4,2010,10,9,12,1,0,4,1,1,0,0,2,3,0,1,1,,,
201017267127,4,3,1,48,9,311.784,2,11,7,2010,13,36,12,6,0,4,1,1,0,0,2,3,0,1,1,,,
201017267147,1,3,1,48,9,51.964,3,11,6,2010,17,45,12,1,0,2,3,10,3,3,2,3,0,3,1,,,
201017267149,1,3,1,48,9,51.964,4,12,1,2010,13,25,12,1,0,1,1,10,3,3,2,3,0,1,1,,,
201017267151,2,3,1,48,9,51.964,2,11,2,2010,14,33,12,6,0,2,1,10,0,0,2,3,0,2,1,,,
201017267153,6,3,1,48,9,155.892,2,11,1,2010,21,10,12,1,0,1,3,2,0,0,2,3,0,1,1,,,
201017267160,6,3,1,48,9,155.892,1,11,2,2010,22,21,42,0,0,1,3,1,0,0,2,3,0,1,4,,,
201017267161,4,3,1,48,9,311.784,2,11,5,2010,20,45,14,0,0,4,3,10,0,0,2,3,1,1,7,,,
201017267164,6,3,1,48,9,155.892,2,11,2,2010,15,10,12,6,0,4,1,2,0,0,2,3,0,1,1,,,
201017267171,4,3,1,48,9,311.784,2,12,5,2010,15,30,12,6,0,4,1,1,0,0,2,3,0,1,1,,,
201017267175,6,3,1,48,9,155.892,2,12,2,2010,10,43,12,6,0,4,1,1,0,0,2,3,0,1,1,,,
201017267178,3,3,1,48,9,51.964,1,11,6,2010,5,40,21,0,0,1,3,2,3,1,2,3,0,1,1,,,
201017267182,4,3,1,48,9,311.784,2,11,2,2010,18,40,12,1,0,2,3,10,0,0,2,3,0,2,1,,,
201017267188,4,3,1,48,9,311.784,2,12,6,2010,7,34,12,1,1,5,1,1,0,0,2,3,0,8,,,,
201017267194,6,3,1,48,9,155.892,2,12,6,2010,15,38,12,1,0,1,1,1,0,0,2,3,0,1,1,,,
201017267196,4,3,1,48,9,311.784,2,12,6,2010,18,37,12,6,0,2,3,1,0,0,2,3,0,2,1,,,
201017267205,4,3,1,48,9,311.784,2,12,5,2010,16,11,12,1,0,2,1,1,0,0,2,3,0,2,1,,,
201017267212,6,3,3,48,9,155.892,2,12,6,2010,5,25,12,6,0,2,4,1,0,0,2,1,0,2,1,,,
201017267213,4,3,3,48,9,311.784,2,12,6,2010,11,29,12,1,0,2,1,1,0,0,2,1,0,2,1,,,
201017267224,1,3,1,48,9,51.964,2,12,3,2010,13,0,12,6,0,2,1,1,3,1,2,3,0,2,1,,,
201017267226,2,3,1,48,9,51.964,2,12,3,2010,11,40,1,0,0,2,1,1,2,1,2,3,0,2,1,,,
201017267230,4,3,1,48,9,311.784,2,12,6,2010,15,28,12,1,0,1,1,1,0,0,2,3,0,1,1,,,
201017267232,5,3,1,48,9,51.964,2,12,3,2010,6,15,12,2,0,4,4,1,2,1,2,3,0,1,1,,,
201017267233,5,3,1,48,9,51.964,2,12,4,2010,15,18,12,6,0,4,1,10,2,2,2,3,0,1,1,,,
201017267237,6,3,1,48,9,155.892,2,12,5,2010,13,43,12,1,0,2,1,1,0,0,2,3,0,2,1,,,
201017267239,4,3,1,48,9,311.784,2,12,5,2010,18,59,12,1,0,1,3,10,0,0,2,3,0,1,1,,,
201017267247,6,3,1,48,9,155.892,4,12,1,2010,1,55,12,1,0,2,3,10,1,2,1,3,0,8,1,,,
201017267248,4,3,1,48,9,311.784,2,12,1,2010,12,38,12,1,0,2,1,10,0,0,2,3,0,3,1,,,
201017267255,5,3,1,48,9,51.964,2,11,6,2010,23,5,12,6,0,2,3,10,2,7,2,3,0,2,1,,,
201017267256,4,3,1,48,9,311.784,2,11,6,2010,13,10,12,7,0,2,1,1,0,0,2,3,0,2,1,,,
201017267259,6,3,1,48,9,155.892,2,12,2,2010,15,14,12,6,0,2,1,1,0,0,2,3,0,3,1,,,
201017267264,4,3,1,48,9,311.784,2,12,3,2010,19,42,12,1,0,2,3,1,0,0,2,3,0,2,1,,,
201017267270,4,3,1,48,9,311.784,2,12,2,2010,13,55,12,1,0,1,1,1,0,0,2,3,0,1,1,,,
201017267277,5,3,1,48,9,51.964,2,12,2,2010,17,37,12,6,0,2,3,1,2,1,2,3,0,2,1,,,
201017267278,4,3,1,48,9,311.784,2,11,3,2010,23,8,12,1,0,2,3,1,0,0,2,3,0,3,1,,,
201017267286,4,3,3,48,9,311.784,2,12,6,2010,8,54,12,1,0,2,1,1,0,0,2,1,0,2,1,,,
201017267304,1,3,1,48,9,51.964,2,12,6,2010,23,57,14,0,0,1,3,1,2,3,1,3,1,1,7,,,
201017267310,5,3,1,48,9,51.964,2,12,7,2010,13,45,12,6,0,2,1,1,1,1,2,3,0,3,1,,,
201017267312,6,3,1,48,9,155.892,2,12,4,2010,2,14,12,2,0,2,3,1,0,0,2,3,0,3,1,,,
201017267317,4,3,1,48,9,311.784,2,12,2,2010,16,38,12,6,0,2,1,1,0,0,2,3,0,2,1,,,
201017267318,6,3,1,48,9,155.892,2,12,2,2010,17,12,12,6,0,2,3,1,0,0,2,3,0,2,1,,,
201017267323,5,3,1,48,9,51.964,2,12,6,2010,22,30,12,1,0,2,3,1,1,2,2,3,0,2,1,,,
201017267328,4,3,1,48,9,311.784,2,12,3,2010,11,55,12,1,0,2,1,1,0,0,2,3,0,2,1,,,
201017267344,6,3,4,48,9,155.892,2,12,6,2010,21,15,12,6,0,2,3,1,0,0,1,8,0,8,1,,,
201017267366,6,3,1,48,9,155.892,2,12,2,2010,10,50,12,6,0,2,1,1,0,0,2,3,0,2,1,,,
201017267367,4,3,1,48,9,311.784,2,12,2,2010,11,0,12,1,0,1,1,1,0,0,2,3,0,1,1,,,
201017267377,4,3,1,48,9,311.784,2,12,6,2010,8,0,12,1,0,2,1,10,0,0,2,3,0,2,1,,,
201017267384,4,3,1,48,9,311.784,2,12,6,2010,18,9,12,6,0,2,3,10,0,0,2,3,0,8,1,,,
201017267405,6,3,1,48,9,155.892,2,12,1,2010,8,30,12,6,0,2,1,1,0,0,2,3,0,8,1,,,
201017267407,3,3,1,48,9,51.964,2,12,7,2010,16,5,12,6,1,2,1,1,2,2,2,3,0,2,1,,,
201017267408,1,3,1,48,9,51.964,1,12,1,2010,2,1,25,0,0,1,3,1,3,1,2,3,0,1,3,,,
201017267410,1,3,1,48,9,51.964,2,12,1,2010,20,37,12,1,0,1,3,1,3,2,2,3,0,1,1,,,
201017267412,4,3,1,48,9,311.784,2,12,2,2010,11,50,12,6,0,4,1,1,0,0,2,3,0,1,1,,,
201017267419,4,3,1,48,9,311.784,2,12,5,2010,6,23,12,6,0,2,1,1,0,0,2,3,0,3,1,,,
201017267424,5,3,1,48,9,51.964,2,12,6,2010,10,45,12,2,0,2,1,1,1,2,2,3,0,2,1,,,
201017267427,4,3,1,48,9,311.784,2,12,6,2010,13,45,12,7,0,1,1,1,0,0,2,3,0,1,1,,,
201017267429,6,3,1,48,9,155.892,3,12,2,2010,13,5,12,1,0,1,1,1,0,0,2,3,0,1,1,,,
201017267434,4,3,1,48,9,311.784,2,12,4,2010,20,32,12,6,0,2,3,1,0,0,2,3,0,2,1,,,
201017267437,5,3,1,48,9,51.964,2,12,7,2010,20,34,25,0,0,1,3,1,2,2,2,3,0,1,3,,,
201017267444,4,3,1,48,9,311.784,2,12,7,2010,14,44,14,0,0,1,1,1,0,0,2,3,1,1,6,,,
201017267445,6,3,1,48,9,155.892,2,12,7,2010,15,44,12,6,0,4,1,1,1,2,2,3,0,1,1,,,
201017267454,4,3,1,48,9,311.784,2,12,3,2010,12,5,12,1,0,1,1,10,0,0,2,3,0,1,1,,,
201017267456,5,3,1,48,9,51.964,3,12,3,2010,12,24,12,6,0,2,1,1,1,1,2,3,0,2,1,,,
201017267458,5,3,1,48,9,51.964,2,12,1,2010,13,0,12,1,0,1,1,4,1,1,2,3,0,1,1,,,
201017267463,4,3,1,48,9,311.784,1,12,4,2010,18,55,24,0,0,1,3,1,0,0,2,3,0,1,1,,,
201017267488,4,3,3,48,9,311.784,2,12,5,2010,17,15,12,7,0,2,1,1,0,0,2,1,0,2,1,,,
201017267509,4,3,1,48,9,311.784,2,12,4,2010,15,31,12,8,0,4,1,1,0,0,2,3,0,1,1,,,
201017267512,5,3,1,48,9,51.964,2,12,7,2010,23,21,12,6,0,2,3,1,2,1,1,3,0,3,1,,,
201017267513,5,3,1,48,9,51.964,2,12,2,2010,18,6,12,6,0,2,3,1,1,1,2,3,0,3,1,,,
201017267514,6,3,1,48,9,155.892,2,12,4,2010,9,55,12,2,0,4,1,10,0,0,2,3,0,1,1,,,
201017267524,1,3,1,48,9,51.964,2,12,3,2010,14,10,12,6,0,2,1,1,3,2,2,3,0,2,1,,,
201017267526,1,3,1,48,9,51.964,2,12,6,2010,12,9,12,6,0,2,1,1,3,1,2,3,0,7,1,,,
201017267529,6,3,1,48,9,155.892,3,12,6,2010,13,20,12,1,0,1,1,10,0,0,2,3,0,1,1,,,
201017267532,3,3,1,48,9,51.964,2,12,5,2010,8,50,12,6,0,2,1,10,3,1,2,3,0,7,1,,,
201017267533,5,3,1,48,9,51.964,2,12,4,2010,6,20,12,6,0,2,3,1,2,1,2,3,0,2,1,,,
201017267535,4,3,1,48,9,311.784,2,12,3,2010,19,37,12,8,0,2,3,1,0,0,2,3,0,2,1,,,
201017267540,6,3,1,48,9,155.892,2,12,6,2010,14,35,12,1,0,1,1,1,0,0,2,3,0,1,1,,,
201017267544,4,3,1,48,9,311.784,2,12,6,2010,15,40,12,6,0,4,1,1,0,0,2,3,0,1,1,,,
201017267553,4,3,1,48,9,311.784,2,12,2,2010,16,5,12,7,0,1,1,1,0,0,2,3,0,1,1,,,
201017267554,6,3,1,48,9,155.892,2,12,5,2010,9,30,12,1,0,2,1,10,0,0,2,3,0,2,1,,,
201017267565,6,3,3,48,9,155.892,3,12,4,2010,17,15,12,1,0,2,3,1,0,0,2,1,0,2,1,,,
201017267607,4,3,1,48,9,311.784,2,12,5,2010,16,25,12,7,0,1,5,1,0,0,2,3,0,1,1,,,
201017267704,5,3,10,48,9,51.964,1,12,3,2010,8,45,42,0,0,1,1,1,1,1,2,8,0,1,6,,,
201017267713,5,3,1,48,9,51.964,1,12,4,2010,19,22,35,0,0,1,3,1,2,1,1,3,0,1,4,,,
201017267714,4,3,1,48,9,311.784,2,12,5,2010,15,50,12,1,0,2,1,10,0,0,2,3,0,8,1,,,
201017267716,6,3,1,48,9,155.892,1,12,6,2010,20,0,1,0,0,1,3,2,2,1,2,3,0,1,3,,,
201017502591,3,1,26,6,1,20.242,1,1,1,2010,11,10,22,0,0,2,1,1,2,1,2,3,0,2,1,,,
201017502604,5,1,14,6,1,58.104,2,1,2,2010,23,45,14,0,0,1,2,1,5,1,1,3,1,1,7,,,
201017502605,4,1,14,6,1,290.519,1,1,3,2010,16,30,21,0,0,2,1,1,1,1,2,3,0,3,1,,,
201017502634,1,1,5,6,1,5.454,3,1,7,2010,5,43,12,2,0,2,3,1,3,3,1,3,0,3,1,,,
201017502636,4,1,5,6,1,294.542,2,1,7,2010,14,0,14,0,0,2,1,1,1,1,2,3,1,2,2,,,
201017502638,5,1,5,6,1,59.999,1,1,3,2010,3,0,25,0,0,1,3,1,5,2,2,3,0,1,4,,,
201017502658,2,1,14,6,1,11.621,2,1,2,2010,11,11,12,1,0,2,1,1,1,1,2,3,0,2,1,,,
201017502659,2,1,14,6,1,11.621,2,1,5,2010,15,45,12,6,0,2,1,1,1,1,2,3,0,2,1,,,
201017502672,3,1,2,6,1,19.337,2,1,2,2010,23,17,12,6,0,1,3,1,2,2,2,3,0,1,1,,,
201017502673,5,1,2,6,1,58.013,2,1,5,2010,16,0,12,6,0,2,1,1,1,1,2,3,0,2,1,,,
201017502691,3,1,26,6,1,20.242,1,1,2,2010,21,11,22,0,0,2,3,1,2,1,2,3,0,2,1,,,
201017502707,1,1,4,6,1,5.746,2,1,1,2010,16,5,12,2,0,1,5,1,3,2,2,3,0,1,1,,,
201017502712,2,1,2,6,1,2.763,2,1,7,2010,15,34,12,1,0,2,1,1,2,1,2,3,0,2,1,,,
201017502720,3,1,11,6,1,17.883,1,1,5,2010,17,2,21,0,0,2,5,1,2,1,2,3,0,2,1,,,
201017502753,5,1,7,6,1,60.363,1,1,1,2010,23,50,30,0,0,1,3,1,1,1,2,3,0,1,4,,,
201017502761,5,1,11,6,1,53.648,2,1,5,2010,13,18,12,6,0,2,1,1,5,4,2,3,0,2,1,,,
201017502769,1,1,2,6,1,2.763,1,1,1,2010,17,30,42,0,0,1,5,1,2,2,2,3,0,1,4,,,
201017502798,5,1,14,6,1,58.104,2,2,3,2010,18,52,12,6,0,2,3,1,1,1,2,3,0,3,1,,,
201017502799,3,1,14,6,1,23.242,1,2,2,2010,8,27,21,0,0,2,1,10,2,1,2,3,0,2,1,,,
201017502803,6,1,1,6,1,129.838,2,2,5,2010,17,52,12,6,0,1,6,1,0,0,2,3,0,1,1,,,
201017502805,2,1,1,6,1,2.763,1,1,7,2010,15,10,21,0,0,2,1,4,2,1,2,3,0,2,1,,,
201017502838,5,1,4,6,1,57.46,2,2,3,2010,7,0,12,6,0,1,1,4,2,2,2,3,0,1,1,,,
201017502842,3,1,4,6,1,17.238,1,1,5,2010,18,37,21,0,0,2,3,1,2,1,2,3,0,2,1,,,
201017502848,6,1,4,6,1,132.158,2,2,5,2010,17,34,12,1,0,1,5,1,0,0,2,3,0,1,1,,,
201017502865,1,1,7,6,1,5.488,3,1,6,2010,16,50,12,6,0,2,1,1,3,3,2,3,0,2,1,,,
201017502873,3,1,11,6,1,17.883,1,2,2,2010,2,0,21,0,0,1,3,4,3,1,2,3,0,1,1,,,
201017502876,2,1,2,6,1,2.763,2,2,3,2010,11,30,12,6,0,2,1,1,1,2,2,3,0,2,1,,,
201017502880,1,1,5,6,1,5.454,1,2,7,2010,16,4,25,0,1,5,1,1,2,2,2,3,0,1,4,,,
201017502881,5,1,5,6,1,59.999,2,2,3,2010,21,40,12,6,0,2,3,2,1,3,2,3,0,2,1,,,
201017502886,6,1,7,6,1,131.7,2,2,5,2010,9,50,12,2,0,1,1,1,1,1,2,3,0,1,1,,,
201017502894,5,1,20,6,1,59.28,1,2,5,2010,12,50,30,0,0,4,1,1,1,3,2,3,0,1,4,,,
201017502895,4,1,20,6,1,296.4,1,2,2,2010,8,30,21,0,0,1,1,4,5,1,2,3,0,1,1,,,
201017502905,2,1,14,6,1,11.621,2,2,4,2010,11,11,14,0,0,1,1,1,1,1,2,3,1,1,7,,,
201017502930,3,1,4,6,1,17.238,1,2,7,2010,11,10,21,0,0,2,1,10,2,1,2,3,0,8,1,,,
201017502935,6,1,26,6,1,121.455,1,2,7,2010,3,10,42,0,0,1,3,1,0,0,2,3,0,1,4,,,
201017502949,3,1,14,6,1,23.242,1,3,3,2010,9,30,21,0,0,1,1,1,2,2,2,3,0,1,1,,,
201017502955,2,1,1,6,1,2.763,3,3,4,2010,11,0,12,6,0,2,1,1,1,2,2,3,1,2,1,,,
201017502968,2,1,11,6,1,8.941,1,3,5,2010,11,50,21,0,0,2,1,1,2,2,2,3,0,2,7,,,
201017502969,3,1,11,6,1,17.883,1,3,6,2010,8,15,21,0,0,2,3,1,2,1,2,3,0,2,1,,,
201017502997,3,1,7,6,1,16.463,1,3,1,2010,19,25,21,0,0,2,3,1,2,2,2,3,0,2,1,,,
201017503000,3,1,20,6,1,14.82,1,3,7,2010,14,35,7,0,0,1,1,1,2,1,2,3,0,1,1,,,
201017503003,3,1,14,6,1,23.242,2,3,7,2010,22,5,12,6,0,2,3,2,2,1,2,3,0,7,1,,,
201017503012,3,1,1,6,1,19.337,2,3,2,2010,15,30,12,6,0,2,1,1,2,1,2,3,0,2,1,,,
201017503034,1,1,5,6,1,5.454,1,3,7,2010,19,40,25,0,0,1,2,1,4,1,2,3,0,1,3,,,
201017503046,3,1,11,6,1,17.883,1,3,3,2010,23,15,22,0,0,2,3,1,2,1,2,3,0,2,1,,,
201017503053,3,1,26,6,1,20.242,1,3,6,2010,9,50,22,0,0,1,1,1,2,1,2,3,0,1,1,,,
201017503062,5,1,7,6,1,60.363,2,3,7,2010,18,0,12,2,0,2,1,1,5,2,2,3,0,2,1,,,
201017503073,5,1,26,6,1,60.727,2,3,7,2010,1,25,12,6,0,2,3,2,1,1,2,3,0,2,1,,,
201017503075,3,1,14,6,1,23.242,1,3,4,2010,18,0,22,0,0,1,1,1,2,2,2,3,0,1,2,,,
201017503085,3,1,11,6,1,17.883,1,3,4,2010,12,15,21,0,0,2,1,1,2,2,2,3,0,2,1,,,
201017503086,5,1,11,6,1,53.648,2,3,4,2010,23,38,12,6,0,2,3,1,5,1,2,3,0,2,1,,,
201017503102,2,1,1,6,1,2.763,2,3,3,2010,13,30,12,7,0,1,1,1,1,2,2,3,0,1,1,,,
201017503116,3,1,2,6,1,19.337,1,3,5,2010,11,51,21,0,0,2,1,1,2,1,2,3,0,2,1,,,
201017503129,4,1,26,6,1,303.637,1,4,3,2010,14,35,22,0,0,2,1,1,1,1,2,3,0,2,1,,,
201017503130,3,1,26,6,1,20.242,1,4,2,2010,15,20,21,0,0,1,1,1,3,1,2,3,0,1,1,,,
201017503138,5,1,5,6,1,59.999,2,4,2,2010,17,0,12,6,0,4,1,1,5,2,2,3,0,1,1,,,
201017503143,3,1,5,6,1,16.363,1,4,1,2010,19,10,22,0,0,2,1,1,2,1,2,3,0,3,1,,,
201017503162,3,1,7,6,1,16.463,2,4,7,2010,10,45,12,6,0,2,1,2,2,2,2,3,0,3,1,,,
201017503170,5,1,7,6,1,60.363,2,4,5,2010,13,5,12,6,0,2,1,1,1,2,2,3,0,2,1,,,
201017503173,3,1,20,6,1,14.82,1,4,6,2010,18,5,22,0,0,2,1,1,2,1,2,3,0,2,1,,,
201017503175,3,1,20,6,1,14.82,1,4,2,2010,10,30,38,0,0,1,1,2,3,1,2,3,0,1,4,,,
201017503177,3,1,20,6,1,14.82,1,4,7,2010,4,5,1,0,0,2,3,1,2,1,2,3,0,3,4,,,
201017503180,5,1,20,6,1,59.28,2,4,2,2010,17,7,12,6,0,2,1,1,5,2,2,3,0,2,1,,,
201017503183,5,1,14,6,1,58.104,2,4,6,2010,17,45,12,6,0,2,1,1,1,1,2,3,0,2,1,,,
201017503210,2,1,11,6,1,8.941,3,4,2,2010,11,55,12,1,0,2,1,2,5,1,2,3,0,2,1,,,
201017503212,3,1,11,6,1,17.883,1,4,1,2010,6,50,22,0,0,2,1,1,2,1,1,3,0,2,1,,,
201017503214,3,1,11,6,1,17.883,1,4,4,2010,16,49,22,0,0,1,1,1,2,1,2,3,0,1,1,,,
201017503216,2,1,11,6,1,8.941,2,4,3,2010,12,58,12,6,0,4,1,2,1,1,2,3,0,1,1,,,
201017503222,2,1,2,6,1,2.763,2,4,5,2010,12,30,12,6,0,2,1,1,3,1,2,3,0,3,1,,,
201017503224,2,1,2,6,1,2.763,2,4,5,2010,14,42,12,7,0,1,1,1,2,1,2,3,0,1,1,,,
201017503226,4,1,4,6,1,293.046,1,4,4,2010,0,10,21,0,0,2,3,1,1,1,2,3,0,2,1,,,
201017503233,3,1,26,6,1,20.242,2,4,1,2010,19,20,12,6,0,2,1,2,3,1,2,3,0,2,1,,,
201017503244,3,1,7,6,1,16.463,1,4,6,2010,16,15,21,0,0,2,1,1,3,1,2,3,0,2,1,,,
201017503258,5,1,11,6,1,53.648,2,4,7,2010,23,31,12,6,0,2,3,2,1,1,2,3,0,3,1,,,
201017503260,6,1,2,6,1,129.838,3,5,2,2010,17,10,12,1,0,2,1,1,0,0,2,3,0,2,1,,,
201017503266,3,1,2,6,1,19.337,1,5,7,2010,16,23,38,0,0,2,1,1,2,1,2,3,0,2,5,,,
201017503280,2,1,4,6,1,5.746,2,4,4,2010,7,25,22,0,0,2,1,1,1,2,2,3,0,3,1,,,
201017503284,3,1,26,6,1,20.242,1,5,7,2010,18,33,7,0,0,1,1,1,3,1,2,3,0,1,1,,,
201017503292,5,1,5,6,1,59.999,2,5,3,2010,20,21,12,2,0,1,3,2,5,2,2,3,0,1,1,,,
201017503294,3,1,5,6,1,16.363,2,5,5,2010,6,15,12,6,0,2,1,1,3,1,2,3,0,2,1,,,
201017503301,3,1,7,6,1,16.463,1,5,1,2010,11,16,15,0,0,2,1,1,2,1,2,3,0,2,1,,,
201017503311,2,1,11,6,1,8.941,2,4,6,2010,16,8,12,2,0,2,1,1,1,2,2,3,0,2,1,,,
201017503322,5,1,26,6,1,60.727,2,5,6,2010,11,20,12,6,0,2,1,1,1,1,2,3,0,2,1,,,
201017503323,3,1,26,6,1,20.242,1,5,6,2010,18,35,21,0,0,1,1,1,2,1,2,3,0,1,1,,,
201017503335,4,1,5,6,1,294.542,1,5,6,2010,11,45,21,0,0,1,1,1,1,1,2,3,0,1,1,,,
201017503351,5,1,1,6,1,58.013,2,5,2,2010,2,10,12,6,0,2,3,1,5,2,2,3,0,7,1,,,
201017503360,3,1,2,6,1,19.337,1,5,7,2010,18,6,21,0,0,1,1,1,2,1,2,3,0,1,1,,,
201017503369,3,1,4,6,1,17.238,1,6,4,2010,15,0,21,0,0,2,1,1,2,1,2,3,0,2,1,,,
201017503375,5,1,4,6,1,57.46,3,5,5,2010,22,40,12,1,0,1,2,2,1,2,2,3,0,1,1,,,
201017503380,3,1,4,6,1,17.238,1,5,3,2010,5,30,30,0,0,1,1,1,3,1,2,3,0,1,4,,,
201017503385,3,1,26,6,1,20.242,1,6,7,2010,16,14,22,0,0,2,1,1,2,1,2,3,0,2,1,,,
201017503396,3,1,20,6,1,14.82,2,5,5,2010,12,40,14,0,0,2,1,1,3,1,2,3,1,8,7,,,
201017503400,6,1,20,6,1,133.38,2,5,1,2010,12,44,12,6,0,2,1,1,2,2,2,3,0,2,1,,,
201017503403,3,1,14,6,1,23.242,1,6,4,2010,19,35,22,0,0,1,1,1,2,1,2,3,0,1,1,,,
201017503406,5,1,14,6,1,58.104,2,6,1,2010,13,36,12,6,0,2,1,1,2,3,2,3,0,2,1,,,
201017503414,6,1,11,6,1,134.12,2,6,6,2010,14,35,12,6,0,2,1,1,1,1,2,3,0,2,1,,,
201017503419,3,1,11,6,1,17.883,1,5,2,2010,20,45,22,0,0,2,3,1,2,1,2,3,0,2,1,,,
201017503422,1,1,4,6,1,5.746,2,3,3,2010,21,0,12,6,0,2,3,1,3,1,2,3,0,2,1,,,
201017503424,5,1,7,6,1,60.363,3,6,5,2010,20,0,12,6,0,2,3,1,1,1,2,3,0,2,1,,,
201017503459,6,1,7,6,1,131.7,2,6,5,2010,13,28,12,2,0,1,1,1,5,2,2,3,0,1,1,,,
201017503462,3,1,7,6,1,16.463,1,6,6,2010,19,36,21,0,0,1,1,1,2,1,2,3,0,1,1,,,
201017503469,4,1,20,6,1,296.4,2,6,1,2010,8,40,12,6,0,2,1,1,5,1,2,3,0,2,1,,,
201017503471,3,1,20,6,1,14.82,1,6,5,2010,20,29,21,0,0,2,1,1,2,1,2,3,0,2,1,,,
201017503473,3,1,20,6,1,14.82,1,6,4,2010,15,50,22,0,0,2,1,1,2,1,2,3,0,2,1,,,
201017503479,6,1,14,6,1,127.828,2,6,3,2010,17,31,14,0,0,1,1,1,0,0,2,3,1,1,7,,,
201017503485,3,1,11,6,1,17.883,1,6,7,2010,1,5,22,0,0,1,3,1,2,2,2,3,0,1,1,,,
201017503491,5,1,2,6,1,58.013,2,6,3,2010,10,15,12,2,0,2,1,1,1,2,2,3,0,2,1,,,
201017503493,1,1,4,6,1,5.746,3,5,5,2010,21,43,14,0,0,1,3,1,3,1,2,3,2,1,6,,,
201017503498,6,1,4,6,1,132.158,2,6,7,2010,10,12,12,6,1,5,1,1,0,0,2,3,0,1,1,,,
201017503505,2,1,4,6,1,5.746,2,6,4,2010,11,30,12,6,0,1,1,1,0,0,2,3,0,1,1,,,
201017503516,4,1,26,6,1,303.637,1,6,4,2010,16,39,13,0,0,1,1,1,1,1,2,3,0,1,7,,,
201017503519,3,1,26,6,1,20.242,2,4,1,2010,19,25,22,0,0,1,2,2,2,1,2,3,1,1,1,,,
201017503521,2,1,5,6,1,5.454,2,6,2,2010,12,0,12,1,0,4,1,1,0,0,2,3,0,1,1,,,
201017503545,3,1,20,6,1,14.82,1,6,2,2010,19,23,21,0,0,1,1,1,2,1,2,3,0,1,1,,,
201017503549,5,1,20,6,1,59.28,2,6,5,2010,16,20,12,6,0,2,1,1,5,1,2,3,0,2,1,,,
201017503553,5,1,14,6,1,58.104,3,6,7,2010,10,44,12,6,0,2,1,1,1,1,2,3,1,3,1,,,
201017503555,3,1,14,6,1,23.242,1,6,7,2010,20,30,21,0,0,1,1,1,2,1,2,3,0,1,1,,,
201017503559,3,1,14,6,1,23.242,1,6,7,2010,18,0,21,0,0,1,1,1,2,1,2,3,0,1,4,,,
201017503576,3,1,11,6,1,17.883,1,6,6,2010,1,20,22,0,0,2,3,1,2,1,2,3,0,2,1,,,
201017503588,3,1,2,6,1,19.337,1,6,2,2010,21,20,21,0,0,1,3,1,2,1,2,3,0,1,1,,,
201017503595,3,1,4,6,1,17.238,1,6,5,2010,14,45,21,0,0,1,1,1,2,1,2,3,0,1,1,,,
201017503599,5,1,4,6,1,57.46,2,6,3,2010,13,1,12,6,0,1,1,1,2,3,2,3,0,1,1,,,
201017503607,3,1,4,6,1,17.238,1,6,6,2010,12,0,21,0,0,1,1,1,2,1,2,3,0,1,1,,,
201017503613,2,1,4,6,1,5.746,2,6,5,2010,12,39,12,6,0,2,1,1,2,1,2,3,0,2,1,,,
201017503628,3,1,1,6,1,19.337,1,6,7,2010,19,45,22,0,0,2,1,1,2,1,2,3,0,3,1,,,
201017503642,5,1,11,6,1,53.648,2,6,2,2010,14,15,12,6,0,2,1,1,1,2,2,3,0,2,1,,,
201017503653,4,1,14,6,1,290.519,2,6,1,2010,0,45,12,1,0,1,3,1,1,1,2,3,0,1,1,,,
201017503657,3,1,14,6,1,23.242,2,6,2,2010,13,0,21,0,0,1,1,1,2,2,2,3,1,1,4,,,
201017503658,3,1,20,6,1,14.82,2,6,4,2010,17,20,12,6,0,2,1,1,2,2,2,3,0,2,1,,,