CASENUM,STRATUM,REGION,PJ,PSU,PSUSTRAT,WEIGHT,VE_TOTAL,MONTH,WKDY_IM,YEAR,HOUR_IM,MINUTE_IM,EVENT1_IM,MANCOL_IM,RELJCT1_IM,RELJCT2_IM,LGTCON_IM,WEATHR_IM,MAXSEV_IM,NO_INJ_IM,ALCHL_IM,LAND_USE,PVH_INVL,TYP_INT,REL_ROAD,CF1,CF2,CF3
201017503659,3,1,20,6,1,14.82,2,6,3,2010,0,7,12,6,0,2,3,1,2,1,2,3,0,2,1,,,
201017503660,3,1,20,6,1,14.82,1,6,3,2010,17,5,21,0,0,2,1,1,2,1,2,3,0,2,1,,,
201017503663,3,1,20,6,1,14.82,1,6,7,2010,4,4,22,0,0,1,3,1,2,2,2,3,0,1,1,,,
201017503664,3,1,20,6,1,14.82,1,6,7,2010,13,50,22,0,0,2,1,1,2,1,2,3,0,2,1,,,
201017503673,5,1,7,6,1,60.363,2,6,5,2010,9,24,12,6,0,2,1,1,1,2,2,3,0,2,1,,,
201017503686,1,1,5,6,1,5.454,2,6,7,2010,16,22,14,0,0,1,1,1,3,1,2,3,1,1,7,,,
201017503687,5,1,5,6,1,59.999,2,6,5,2010,15,43,12,6,0,2,1,1,1,2,2,3,0,3,1,,,
201017503697,5,1,26,6,1,60.727,2,6,3,2010,12,0,12,6,0,2,1,1,2,3,2,3,0,2,1,,,
201017503699,6,1,26,6,1,121.455,3,6,5,2010,0,1,14,0,0,1,3,1,0,0,1,3,2,1,7,,,
201017503702,3,1,26,6,1,20.242,1,6,3,2010,14,20,22,0,0,2,1,1,2,1,2,3,0,2,1,,,
201017503705,2,1,26,6,1,20.242,2,7,5,2010,9,6,12,7,1,5,1,1,0,0,2,3,0,2,1,,,
201017503706,3,1,26,6,1,20.242,1,6,4,2010,20,42,22,0,1,5,3,1,2,1,2,3,0,3,1,,,
201017503712,2,1,7,6,1,5.488,3,6,6,2010,13,20,12,6,0,2,1,1,1,4,2,3,0,2,1,,,
201017503725,3,1,20,6,1,14.82,1,6,3,2010,19,30,21,0,0,1,1,1,3,1,2,3,0,1,1,,,
201017503731,2,1,14,6,1,11.621,2,7,6,2010,13,45,12,6,0,2,1,10,0,0,2,3,0,2,1,,,
201017503732,3,1,14,6,1,23.242,1,7,6,2010,22,15,21,0,0,1,3,1,2,1,2,3,0,1,1,,,
201017503741,2,1,1,6,1,2.763,2,6,5,2010,14,0,12,2,0,4,1,1,1,1,2,3,0,1,1,,,
201017503762,3,1,4,6,1,17.238,1,7,1,2010,19,43,22,0,0,2,1,1,2,1,2,3,0,2,1,,,
201017503779,3,1,26,6,1,20.242,1,7,7,2010,19,58,22,0,0,2,1,1,2,1,2,3,0,3,1,,,
201017503780,5,1,26,6,1,60.727,3,7,6,2010,11,32,12,2,0,4,1,1,1,2,2,3,0,1,1,,,
201017503782,3,1,26,6,1,20.242,1,6,3,2010,13,23,21,0,0,1,1,1,2,1,2,3,0,1,1,,,
201017503787,6,1,5,6,1,130.907,2,7,3,2010,15,0,12,1,0,2,1,1,0,0,2,3,0,2,1,,,
201017503795,3,1,5,6,1,16.363,1,7,4,2010,19,4,21,0,0,2,1,1,2,1,2,3,0,3,1,,,
201017503808,3,1,7,6,1,16.463,1,7,4,2010,15,48,22,0,0,4,1,1,2,1,2,3,0,1,1,,,
201017503816,3,1,20,6,1,14.82,1,6,2,2010,17,0,22,0,0,1,1,1,3,2,2,3,0,1,1,,,
201017503821,3,1,14,6,1,23.242,1,7,6,2010,20,15,21,0,0,1,5,1,2,1,2,3,0,1,1,,,
201017503830,3,1,14,6,1,23.242,1,6,2,2010,21,29,21,0,0,1,3,1,2,1,2,3,0,1,1,,,
201017503839,3,1,1,6,1,19.337,1,6,7,2010,0,39,21,0,0,1,3,1,2,1,2,3,0,1,1,,,
201017503860,5,1,4,6,1,57.46,2,7,6,2010,16,18,12,6,0,2,1,1,2,7,2,3,0,2,1,,,
201017503861,2,1,4,6,1,5.746,2,7,1,2010,0,40,12,6,0,2,3,1,2,3,1,3,0,2,1,,,
201017503873,3,1,2,6,1,19.337,1,7,7,2010,17,50,21,0,0,1,1,1,2,2,2,3,0,1,1,,,
201017503890,5,1,14,6,1,58.104,3,7,3,2010,8,53,12,6,0,2,1,1,2,2,2,3,0,2,1,,,
201017503896,3,1,20,6,1,14.82,1,7,2,2010,18,0,21,0,0,1,1,1,2,1,2,3,0,1,1,,,
201017503897,4,1,20,6,1,296.4,1,7,2,2010,11,0,21,0,0,1,1,1,1,2,2,3,0,1,1,,,
201017503902,3,1,20,6,1,14.82,1,7,5,2010,19,10,21,0,0,1,1,1,2,1,2,3,0,1,1,,,
201017503903,3,1,20,6,1,14.82,1,7,4,2010,12,30,22,0,0,2,1,1,2,1,2,3,0,2,1,,,
201017503904,3,1,20,6,1,14.82,1,7,5,2010,8,2,22,0,0,2,1,1,2,1,2,3,0,2,1,,,
201017503905,4,1,7,6,1,296.326,2,7,5,2010,12,35,12,6,0,2,1,1,1,1,2,3,0,2,1,,,
201017503911,5,1,7,6,1,60.363,3,7,3,2010,19,2,12,6,0,2,1,1,1,1,2,3,0,3,1,,,
201017503915,5,1,5,6,1,59.999,2,7,7,2010,13,3,12,6,0,2,1,2,1,1,2,3,0,10,1,,,
201017503924,2,1,26,6,1,20.242,2,7,5,2010,10,25,12,6,0,2,1,1,5,1,2,3,0,2,1,,,
201017503930,4,1,2,6,1,295.587,1,7,3,2010,7,15,21,0,0,2,1,2,1,1,2,3,0,2,1,,,
201017503956,2,1,5,6,1,5.454,2,7,3,2010,4,15,12,6,0,1,1,1,5,1,2,3,0,1,1,,,
201017503969,5,1,1,6,1,58.013,2,7,1,2010,21,8,12,6,0,2,3,1,5,3,2,3,0,2,1,,,
201017503973,2,1,1,6,1,2.763,3,6,5,2010,14,0,12,6,0,2,1,1,0,0,2,3,0,2,1,,,
201017503981,2,1,4,6,1,5.746,1,7,1,2010,15,25,71,0,0,1,1,1,1,2,2,3,0,1,1,,,
201017503996,3,1,20,6,1,14.82,1,7,5,2010,14,17,22,0,0,2,1,1,2,1,2,3,0,2,1,,,
201017504000,3,1,1,6,1,19.337,1,7,7,2010,15,50,22,0,0,1,1,1,2,1,2,3,0,1,1,,,
201017504018,2,1,4,6,1,5.746,2,7,3,2010,13,0,12,7,0,1,1,1,1,3,2,3,0,1,1,,,
201017504019,2,1,4,6,1,5.746,1,7,2,2010,14,18,71,0,0,1,1,1,1,2,2,3,0,1,1,,,
201017504038,3,1,20,6,1,14.82,1,7,2,2010,18,55,22,0,1,2,1,1,2,1,2,3,0,2,1,,,
201017504045,3,1,11,6,1,17.883,1,7,2,2010,12,35,21,0,0,2,1,2,2,2,2,3,0,2,1,,,
201017504059,3,1,4,6,1,17.238,1,8,3,2010,10,39,22,0,0,2,1,1,2,1,2,3,0,3,1,,,
201017504074,3,1,14,6,1,23.242,3,8,3,2010,16,30,14,0,0,1,1,1,2,1,2,3,2,1,7,,,
201017504082,2,1,4,6,1,5.746,2,7,5,2010,14,35,12,6,0,1,1,1,1,1,2,3,0,1,1,,,
201017504094,2,1,1,6,1,2.763,2,8,5,2010,10,45,12,6,0,2,1,1,1,1,2,3,0,3,1,,,
201017504097,2,1,1,6,1,2.763,1,7,4,2010,19,30,21,0,0,2,5,1,3,2,2,3,0,2,1,,,
201017504111,5,1,14,6,1,58.104,2,8,7,2010,5,35,12,2,0,1,4,1,1,2,1,3,0,1,1,,,
201017504112,3,1,14,6,1,23.242,2,8,6,2010,23,0,12,6,0,2,3,1,2,3,2,3,0,8,1,,,
201017504117,3,1,20,6,1,14.82,6,7,4,2010,13,15,12,1,0,1,1,1,3,1,2,3,0,1,1,,,
201017504124,5,1,20,6,1,59.28,1,7,2,2010,20,15,42,0,0,1,3,2,5,1,2,3,0,1,4,,,
201017504132,3,1,7,6,1,16.463,1,7,5,2010,19,0,21,0,0,2,1,1,2,3,2,3,0,4,1,,,
201017504153,3,1,5,6,1,16.363,1,8,1,2010,13,24,22,0,0,1,1,1,2,1,2,3,0,1,1,,,
201017504155,3,1,26,6,1,20.242,1,7,6,2010,0,30,22,0,0,2,2,1,2,2,2,3,0,3,1,,,
201017504156,3,1,26,6,1,20.242,1,7,7,2010,22,25,22,0,0,1,3,1,2,1,1,3,0,1,1,,,
201017504158,4,1,26,6,1,303.637,2,7,4,2010,16,30,12,1,0,2,1,1,5,1,2,3,0,8,1,,,
201017504162,6,1,26,6,1,121.455,2,7,5,2010,1,46,12,2,0,2,3,1,2,1,2,3,0,2,1,,,
201017504165,3,1,26,6,1,20.242,1,7,7,2010,13,0,22,0,0,2,1,1,2,1,2,3,0,2,1,,,
201017504167,3,1,26,6,1,20.242,1,8,3,2010,16,13,21,0,0,2,1,1,2,1,2,3,0,2,1,,,
201017504168,3,1,26,6,1,20.242,1,8,5,2010,13,0,22,0,0,4,1,1,2,1,2,3,0,1,1,,,
201017504170,3,1,26,6,1,20.242,2,8,7,2010,5,53,12,6,0,2,2,1,2,2,2,3,0,3,1,,,
201017504172,3,1,26,6,1,20.242,1,8,5,2010,20,52,21,0,0,2,3,1,4,1,2,3,0,2,1,,,
201017504177,2,1,26,6,1,20.242,1,8,6,2010,0,6,33,0,0,1,3,1,1,1,2,3,0,1,4,,,
201017504178,3,1,26,6,1,20.242,1,8,3,2010,19,30,22,0,0,2,1,1,2,1,2,3,0,2,1,,,
201017504180,3,1,26,6,1,20.242,1,8,2,2010,21,8,21,0,0,1,3,1,2,1,2,3,0,1,1,,,
201017504195,2,1,5,6,1,5.454,2,7,6,2010,23,40,12,6,0,2,3,1,2,4,2,3,0,3,1,,,
201017504196,5,1,5,6,1,59.999,2,8,5,2010,16,50,12,6,0,2,3,1,1,2,2,3,0,2,1,,,
201017504206,3,1,7,6,1,16.463,1,8,7,2010,11,50,21,0,0,2,1,1,2,1,2,3,0,3,1,,,
201017504213,6,1,7,6,1,131.7,2,8,5,2010,12,45,12,6,0,2,1,1,0,0,2,3,0,2,1,,,
201017504217,5,1,7,6,1,60.363,2,8,6,2010,16,54,12,6,0,2,1,1,1,1,2,3,0,2,1,,,
201017504219,3,1,20,6,1,14.82,2,8,1,2010,14,8,14,0,0,1,,1,2,1,2,3,1,1,7,,,
201017504229,3,1,14,6,1,23.242,1,8,4,2010,20,30,15,0,0,1,1,1,2,2,2,3,0,1,1,,,
201017504232,3,1,1,6,1,19.337,1,8,1,2010,18,22,21,0,0,1,1,1,2,2,2,3,0,1,1,,,
201017504242,4,1,11,6,1,295.065,2,7,1,2010,16,20,12,6,0,2,1,1,1,1,2,3,0,2,1,,,
201017504244,3,1,11,6,1,17.883,2,8,6,2010,8,55,12,6,0,2,1,1,4,1,1,3,0,2,1,,,
201017504249,2,1,2,6,1,2.763,2,8,2,2010,11,52,12,6,0,2,1,1,2,4,2,3,0,2,1,,,
201017504250,5,1,2,6,1,58.013,1,7,7,2010,4,30,42,0,0,1,3,1,2,2,2,3,0,1,4,,,
201017504253,2,1,2,6,1,2.763,2,8,6,2010,10,45,12,2,0,2,1,1,2,1,2,3,0,2,1,,,
201017504257,5,1,4,6,1,57.46,2,8,6,2010,16,22,12,6,0,2,1,1,1,4,2,3,0,2,1,,,
201017504264,2,1,4,6,1,5.746,3,8,5,2010,18,11,12,1,0,1,1,1,1,1,2,3,0,1,1,,,
201017504274,6,1,4,6,1,132.158,1,8,7,2010,11,5,59,0,0,1,1,1,1,1,2,3,0,1,4,,,
201017504283,3,1,2,6,1,19.337,1,8,4,2010,0,34,21,0,0,1,3,1,2,1,1,3,0,1,1,,,
201017504305,2,1,11,6,1,8.941,2,8,6,2010,9,12,12,6,0,2,1,1,1,1,2,3,0,2,1,,,
201017504315,4,1,14,6,1,290.519,1,8,4,2010,20,0,22,0,0,2,3,1,1,1,2,3,0,2,1,,,
201017504316,3,1,14,6,1,23.242,1,8,5,2010,16,15,22,0,0,1,1,1,2,2,2,3,0,1,1,,,
201017504332,3,1,5,6,1,16.363,1,8,6,2010,20,6,22,0,0,2,5,1,2,1,2,3,0,2,1,,,
201017504340,4,1,5,6,1,294.542,2,8,3,2010,13,41,12,1,0,2,1,1,5,1,2,3,0,2,1,,,
201017504343,3,1,26,6,1,20.242,1,8,6,2010,13,25,21,0,0,2,1,1,2,1,2,3,0,2,1,,,
201017504344,5,1,26,6,1,60.727,4,8,6,2010,13,29,12,6,0,2,1,1,1,2,1,3,2,2,1,,,
201017504346,2,1,26,6,1,20.242,2,8,7,2010,23,45,14,0,0,1,3,1,1,1,1,3,1,1,2,,,
201017504356,3,1,4,6,1,17.238,2,8,4,2010,15,15,12,7,0,1,1,1,2,2,2,3,0,1,1,,,
201017504357,4,1,4,6,1,293.046,2,8,4,2010,14,57,12,6,0,2,1,1,1,2,2,3,0,2,1,,,
201017504358,5,1,4,6,1,57.46,4,8,3,2010,15,20,12,6,0,1,1,2,1,2,2,3,0,1,1,,,
201017504369,5,1,11,6,1,53.648,1,8,2,2010,2,2,23,0,0,6,3,1,5,2,2,3,0,2,1,,,
201017504373,3,1,11,6,1,17.883,1,8,1,2010,15,20,22,0,0,2,1,2,2,1,2,3,0,2,1,,,
201017504384,3,1,14,6,1,23.242,1,8,5,2010,15,0,21,0,0,2,1,1,2,2,2,3,0,2,1,,,
201017504389,4,1,20,6,1,296.4,2,8,1,2010,22,18,12,6,0,2,3,1,5,1,2,3,0,2,1,,,
201017504390,3,1,20,6,1,14.82,1,8,1,2010,20,18,22,0,0,2,3,1,2,1,2,3,0,2,1,,,
201017504391,3,1,20,6,1,14.82,1,8,4,2010,10,50,22,0,0,2,1,1,2,1,2,3,0,2,1,,,
201017504394,3,1,20,6,1,14.82,1,8,3,2010,10,45,21,0,0,2,1,1,2,1,2,3,0,2,1,,,
201017504397,3,1,20,6,1,14.82,1,8,4,2010,6,0,22,0,0,2,4,1,3,1,2,3,0,2,1,,,
201017504409,3,1,26,6,1,20.242,2,8,4,2010,15,45,12,6,0,2,1,1,2,1,2,3,0,4,1,,,
201017504411,3,1,26,6,1,20.242,1,8,1,2010,18,40,21,0,0,2,1,1,2,1,2,3,0,2,1,,,
201017504414,3,1,26,6,1,20.242,2,8,2,2010,13,24,14,0,0,1,1,1,5,2,2,3,1,1,3,,,
201017504416,3,1,26,6,1,20.242,1,8,2,2010,17,27,22,0,0,2,1,1,2,1,2,3,0,2,1,,,
201017504417,3,1,26,6,1,20.242,1,9,5,2010,21,55,19,0,0,2,3,1,3,1,1,3,0,2,5,,,
201017504419,5,1,26,6,1,60.727,3,9,6,2010,23,5,14,0,0,1,3,1,2,1,2,3,2,1,7,,,
201017504428,2,1,5,6,1,5.454,2,9,5,2010,10,0,12,6,0,5,1,1,0,0,2,3,0,1,1,,,
201017504431,2,1,5,6,1,5.454,2,8,4,2010,8,0,12,7,0,2,1,1,0,0,2,3,0,2,1,,,
201017504435,5,1,5,6,1,59.999,3,8,7,2010,20,15,14,0,0,1,3,1,1,1,2,3,2,1,7,,,
201017504441,3,1,7,6,1,16.463,1,8,7,2010,9,49,21,0,0,2,1,1,2,1,2,3,0,2,1,,,
201017504452,3,1,14,6,1,23.242,1,9,5,2010,11,0,21,0,0,2,1,1,5,1,2,3,0,4,1,,,
201017504454,6,1,14,6,1,127.828,3,9,6,2010,2,0,14,0,0,1,3,1,0,0,2,3,2,1,7,,,
201017504455,5,1,14,6,1,58.104,2,9,4,2010,14,5,12,6,0,2,1,1,2,2,2,3,0,2,1,,,
201017504469,3,1,11,6,1,17.883,1,9,5,2010,15,0,21,0,0,1,1,1,2,1,2,3,0,1,1,,,
201017504493,1,1,5,6,1,5.454,2,8,1,2010,9,15,12,2,0,1,1,1,4,2,2,3,0,1,1,,,
201017504495,3,1,26,6,1,20.242,1,9,1,2010,19,32,21,0,0,2,1,1,3,1,2,3,0,2,1,,,
201017504496,3,1,26,6,1,20.242,1,9,1,2010,3,53,22,0,0,2,3,1,2,2,2,3,0,1,2,,,
201017504497,4,1,26,6,1,303.637,1,8,2,2010,17,5,42,0,0,1,1,2,1,1,2,3,0,1,,,,
201017504498,6,1,26,6,1,121.455,1,7,4,2010,22,25,33,0,0,1,3,1,0,0,2,3,0,1,4,,,
201017504503,6,1,5,6,1,130.907,2,8,2,2010,20,18,12,6,0,2,3,2,0,0,2,3,0,2,1,,,
201017504522,3,1,7,6,1,16.463,1,9,5,2010,20,40,22,0,0,2,3,1,2,1,2,3,0,2,1,,,
201017504526,2,1,7,6,1,5.488,3,9,2,2010,14,40,12,6,0,2,1,1,1,1,1,3,0,2,1,,,
201017504529,3,1,20,6,1,14.82,1,7,4,2010,22,10,21,0,0,1,3,1,3,1,2,3,0,1,1,,,
201017504531,3,1,14,6,1,23.242,1,9,4,2010,20,15,21,0,0,2,3,1,3,1,2,3,0,2,1,,,
201017504535,3,1,14,6,1,23.242,2,9,1,2010,23,45,12,6,0,4,3,1,3,2,2,3,0,1,1,,,
201017504552,3,1,2,6,1,19.337,1,9,7,2010,13,0,22,0,0,2,1,1,2,1,2,3,0,2,1,,,
201017504556,1,1,2,6,1,2.763,2,9,2,2010,10,8,12,6,0,2,1,1,3,3,2,3,0,2,1,,,
201017504576,3,1,4,6,1,17.238,2,8,1,2010,1,50,12,1,0,1,3,1,3,1,2,3,0,1,1,,,
201017504585,3,1,26,6,1,20.242,1,9,4,2010,14,40,15,0,0,2,1,1,2,1,2,3,0,2,1,,,
201017504592,3,1,26,6,1,20.242,1,9,6,2010,19,40,21,0,0,1,3,1,2,1,2,3,0,1,1,,,
201017504602,1,1,11,6,1,8.941,1,9,5,2010,17,49,42,0,0,1,1,1,3,4,2,3,0,1,4,,,
201017504604,2,1,5,6,1,5.454,2,9,6,2010,11,26,12,1,0,2,1,1,0,0,2,3,0,2,1,,,
201017504619,5,1,7,6,1,60.363,3,9,5,2010,8,15,12,6,0,2,1,1,2,6,2,3,0,8,1,,,
201017504621,2,1,7,6,1,5.488,2,9,5,2010,20,25,12,2,0,1,1,1,5,1,2,3,0,1,1,,,
201017504628,3,1,20,6,1,14.82,2,9,6,2010,15,48,22,0,0,2,1,1,2,1,2,3,0,2,1,,,
201017504634,3,1,14,6,1,23.242,1,9,4,2010,8,23,21,0,0,2,1,1,3,2,2,3,0,3,1,,,
201017504639,5,1,14,6,1,58.104,2,9,5,2010,13,45,12,6,0,2,1,1,1,2,2,3,0,2,1,,,
201017504644,3,1,14,6,1,23.242,1,9,4,2010,22,35,21,0,0,2,3,1,2,2,2,3,0,2,1,,,
201017504652,2,1,1,6,1,2.763,1,9,3,2010,11,15,21,0,0,1,1,1,1,1,2,3,0,1,1,,,
201017504679,2,1,2,6,1,2.763,1,9,5,2010,19,31,21,0,0,2,3,1,1,1,2,3,0,2,1,,,
201017504683,3,1,2,6,1,19.337,1,9,7,2010,18,15,21,0,0,1,5,1,2,1,2,3,0,1,7,,,
201017504690,3,1,4,6,1,17.238,1,9,1,2010,0,36,21,0,0,2,6,1,2,1,2,3,0,2,1,,,
201017504705,3,1,26,6,1,20.242,1,10,1,2010,17,33,21,0,0,1,5,1,2,2,2,3,0,1,1,,,
201017504717,2,1,5,6,1,5.454,2,9,5,2010,9,30,12,6,0,2,1,1,0,0,2,3,0,8,1,,,
201017504730,2,1,14,6,1,11.621,1,10,6,2010,15,30,21,0,0,1,1,2,1,1,2,3,0,1,1,,,
201017504733,3,1,14,6,1,23.242,1,10,7,2010,19,30,21,0,0,2,3,1,2,1,2,3,0,2,1,,,
201017504736,3,1,14,6,1,23.242,1,9,2,2010,15,25,21,0,0,1,1,2,2,1,2,3,0,1,1,,,
201017504739,6,1,1,6,1,129.838,2,10,6,2010,9,0,12,6,0,2,1,2,1,1,2,3,0,2,1,,,
201017504743,3,1,26,6,1,20.242,1,9,7,2010,21,23,21,0,0,2,3,1,4,2,2,3,0,2,1,,,
201017504744,3,1,1,6,1,19.337,1,9,3,2010,8,0,21,0,0,1,1,2,2,1,2,3,0,1,1,,,
201017504748,2,1,1,6,1,2.763,4,9,3,2010,12,21,12,6,0,2,1,1,2,3,2,3,2,3,1,,,
201017504750,5,1,1,6,1,58.013,2,9,5,2010,9,31,12,6,0,2,1,1,1,2,2,3,0,2,1,,,
201017504761,2,1,11,6,1,8.941,2,9,6,2010,14,30,12,6,0,2,1,1,1,1,2,3,0,2,1,,,
201017504766,3,1,11,6,1,17.883,1,9,1,2010,17,15,21,0,0,2,1,1,2,1,2,3,0,2,1,,,
201017504769,3,1,11,6,1,17.883,1,9,7,2010,13,45,21,0,0,1,1,1,2,1,2,3,0,1,4,,,
201017504779,3,1,11,6,1,17.883,1,10,6,2010,1,0,22,0,0,2,3,2,3,1,2,3,0,2,1,,,
201017504784,1,1,26,6,1,20.242,2,10,4,2010,8,45,12,6,0,4,1,1,3,1,2,3,0,1,1,,,
201017504785,4,1,26,6,1,303.637,1,10,3,2010,18,30,21,0,0,2,5,1,1,1,2,3,0,2,1,,,
201017504789,6,1,26,6,1,121.455,1,10,1,2010,19,32,30,0,0,1,3,1,0,0,2,3,0,1,5,,,
201017504810,3,1,7,6,1,16.463,1,10,1,2010,4,25,42,0,0,1,3,1,3,1,1,3,0,1,5,,,
201017504835,4,1,1,6,1,295.587,2,10,2,2010,19,20,12,6,0,2,3,2,1,2,2,3,0,2,1,,,
201017504841,5,1,11,6,1,53.648,2,10,6,2010,10,27,12,6,0,1,1,1,1,2,2,3,0,1,1,,,
201017504845,2,1,2,6,1,2.763,1,10,2,2010,5,25,21,0,0,2,3,2,1,1,2,3,0,2,1,,,
201017504857,5,1,2,6,1,58.013,1,10,4,2010,20,20,42,0,0,1,3,2,2,3,2,3,0,1,4,,,
201017504859,5,1,4,6,1,57.46,2,10,3,2010,5,45,12,2,0,2,3,1,5,1,2,3,0,2,1,,,
201017504876,3,1,26,6,1,20.242,1,10,6,2010,9,0,21,0,0,1,1,1,2,1,2,3,0,1,1,,,
201017504878,3,1,26,6,1,20.242,1,10,4,2010,15,40,22,0,0,2,1,1,2,1,2,3,0,2,1,,,
201017504885,2,1,5,6,1,5.454,1,10,4,2010,3,7,33,0,0,2,3,1,1,1,2,3,0,3,4,,,
201017504886,2,1,5,6,1,5.454,1,10,6,2010,15,35,22,0,0,2,1,1,4,1,2,3,0,2,1,,,
201017504891,5,1,7,6,1,60.363,2,10,7,2010,15,34,12,6,0,2,1,1,1,5,2,3,0,2,1,,,
201017504892,6,1,7,6,1,131.7,2,10,7,2010,15,0,12,6,0,2,1,1,0,0,2,3,0,7,1,,,
201017504896,5,1,20,6,1,59.28,2,10,7,2010,20,53,12,6,0,2,3,1,5,2,2,3,0,2,1,,,
201017504897,4,1,20,6,1,296.4,1,10,6,2010,8,41,21,0,0,2,1,1,1,1,2,3,0,2,1,,,
201017504900,6,1,14,6,1,127.828,2,10,1,2010,2,45,14,0,0,1,3,1,0,0,2,3,1,1,2,,,
201017504902,5,1,14,6,1,58.104,2,10,4,2010,14,20,12,2,0,2,1,1,1,3,2,3,0,2,1,,,
201017504907,1,1,14,6,1,11.621,1,10,5,2010,9,47,72,0,0,1,1,1,3,2,2,3,0,1,3,,,
201017504931,2,1,2,6,1,2.763,2,10,2,2010,6,36,12,6,0,2,3,2,0,0,2,3,0,2,1,,,
201017504946,4,1,26,6,1,303.637,3,10,3,2010,14,35,12,7,0,1,1,1,1,2,2,3,1,1,1,,,
201017504950,3,1,26,6,1,20.242,1,10,6,2010,17,17,22,0,0,2,1,1,2,1,2,3,0,2,1,,,
201017504962,2,1,5,6,1,5.454,2,10,3,2010,8,55,12,7,0,2,1,1,0,0,2,3,0,2,1,,,
201017504964,5,1,5,6,1,59.999,2,10,3,2010,5,30,12,6,0,2,3,1,1,2,2,3,0,2,1,,,
201017504974,2,1,5,6,1,5.454,1,10,3,2010,6,47,21,0,0,2,2,2,1,1,2,3,0,2,1,,,
201017504987,3,1,20,6,1,14.82,2,10,1,2010,16,0,14,0,0,2,1,1,2,1,2,3,1,2,7,,,
201017504997,1,1,1,6,1,2.763,1,10,5,2010,13,28,30,0,0,1,1,1,3,1,2,3,0,1,4,,,
201017505013,3,1,11,6,1,17.883,1,10,4,2010,16,5,21,0,0,2,1,2,2,1,2,3,0,2,1,,,
201017505040,5,1,4,6,1,57.46,3,10,5,2010,14,18,12,6,1,5,1,1,5,2,2,3,0,1,1,,,
201017505044,3,1,4,6,1,17.238,3,9,5,2010,3,54,14,0,0,1,3,1,3,1,2,3,2,1,7,,,
201017505051,3,1,7,6,1,16.463,1,10,3,2010,20,47,21,0,0,1,3,1,4,1,2,3,0,1,1,,,
201017505073,6,1,14,6,1,127.828,2,11,2,2010,12,30,12,6,0,4,1,1,0,0,2,3,0,1,1,,,
201017505075,4,1,14,6,1,290.519,2,11,4,2010,7,21,12,1,0,2,1,1,1,1,2,3,0,2,1,,,
201017505076,5,1,14,6,1,58.104,4,11,4,2010,17,5,12,1,0,1,3,1,5,2,2,3,0,1,1,,,
201017505093,3,1,20,6,1,14.82,1,11,3,2010,19,55,21,0,0,2,3,1,2,3,2,3,0,2,1,,,
201017505094,3,1,7,6,1,16.463,2,11,6,2010,17,26,14,0,0,1,3,1,2,1,2,3,1,1,7,,,
201017505098,4,1,7,6,1,296.326,1,11,3,2010,16,12,21,0,0,1,1,1,1,1,2,3,0,1,1,,,
201017505111,1,1,5,6,1,5.454,2,10,3,2010,22,42,12,2,0,2,3,1,5,3,2,3,0,3,1,,,
201017505113,5,1,26,6,1,60.727,1,11,3,2010,16,0,18,0,0,1,1,1,1,1,2,3,0,1,7,,,
201017505117,6,1,26,6,1,121.455,3,11,1,2010,1,37,12,6,0,2,3,1,0,0,2,3,1,2,1,,,
201017505119,3,1,26,6,1,20.242,1,11,6,2010,12,57,22,0,0,2,1,1,2,1,2,3,0,2,1,,,
201017505121,3,1,26,6,1,20.242,1,11,1,2010,13,5,22,0,0,1,1,1,2,1,2,3,0,1,1,,,
201017505123,3,1,26,6,1,20.242,1,11,7,2010,20,45,21,0,0,2,3,1,2,1,2,3,0,10,1,,,
201017505125,4,1,26,6,1,303.637,1,10,1,2010,16,36,22,0,0,1,1,1,1,2,2,3,0,1,2,,,
201017505138,3,1,2,6,1,19.337,1,11,6,2010,14,45,22,0,0,2,1,1,2,1,2,3,0,3,1,,,
201017505159,3,1,4,6,1,17.238,2,11,1,2010,14,18,12,1,1,5,1,1,2,1,2,3,0,8,1,,,
201017505168,3,1,26,6,1,20.242,1,11,3,2010,1,34,21,0,0,2,3,2,3,1,2,3,0,2,1,,,
201017505172,5,1,26,6,1,60.727,2,11,4,2010,10,0,12,6,0,2,1,1,2,2,2,3,0,2,1,,,
201017505176,5,1,5,6,1,59.999,3,11,3,2010,18,0,12,1,0,2,3,1,5,1,2,3,0,2,1,,,
201017505179,6,1,5,6,1,130.907,1,11,3,2010,21,40,30,0,0,2,3,2,0,0,2,3,0,2,4,,,
201017505183,3,1,7,6,1,16.463,2,11,1,2010,15,5,12,6,0,2,1,1,2,1,2,3,0,2,1,,,
201017505199,1,1,1,6,1,2.763,1,11,2,2010,4,40,30,0,0,2,3,1,3,1,2,3,0,2,4,,,
201017505207,2,1,1,6,1,2.763,2,11,3,2010,12,35,12,6,0,2,1,2,5,3,2,3,0,2,1,,,
201017505210,3,1,1,6,1,19.337,1,11,4,2010,20,28,25,0,0,1,3,1,2,1,1,3,0,1,2,,,
201017505212,3,1,11,6,1,17.883,2,11,7,2010,1,35,12,1,0,1,3,1,2,1,2,3,0,1,1,,,
201017505213,5,1,11,6,1,53.648,2,11,6,2010,13,37,12,6,0,2,1,1,1,1,2,3,0,2,1,,,
201017505235,5,1,7,6,1,60.363,2,11,3,2010,19,31,12,6,0,2,3,1,1,3,2,3,0,2,1,,,
201017505246,3,1,14,6,1,23.242,1,11,3,2010,15,43,21,0,0,1,5,1,3,1,2,3,0,1,1,,,
201017505263,5,1,4,6,1,57.46,2,11,6,2010,21,28,12,2,0,1,3,2,5,1,2,3,0,1,1,,,
201017505268,6,1,4,6,1,132.158,2,11,4,2010,10,56,12,6,0,1,1,1,0,0,2,3,0,1,1,,,
201017505279,4,1,5,6,1,294.542,2,12,5,2010,7,54,12,8,0,2,1,1,1,10,2,3,0,2,1,,,