CASENUM,STRATUM,REGION,PJ,PSU,PSUSTRAT,WEIGHT,VE_TOTAL,MONTH,WKDY_IM,YEAR,HOUR_IM,MINUTE_IM,EVENT1_IM,MANCOL_IM,RELJCT1_IM,RELJCT2_IM,LGTCON_IM,WEATHR_IM,MAXSEV_IM,NO_INJ_IM,ALCHL_IM,LAND_USE,PVH_INVL,TYP_INT,REL_ROAD,CF1,CF2,CF3
201017645733,2,3,3,49,7,2.607,2,7,5,2010,20,30,12,7,0,1,5,10,1,2,2,3,0,1,1,,,
201017645746,2,3,3,49,7,2.607,2,7,5,2010,15,17,12,6,1,5,1,2,2,1,2,3,0,1,2,,,
201017645760,2,3,1,49,7,5.214,2,6,4,2010,9,10,12,7,0,1,1,1,1,2,2,3,0,1,1,,,
201017645779,6,3,1,49,7,130.345,1,7,3,2010,2,30,20,0,1,5,3,1,0,0,2,3,0,1,10,,,
201017645792,2,3,1,49,7,5.214,2,7,4,2010,12,25,12,6,0,2,1,10,1,2,2,3,0,2,1,,,
201017645813,5,3,1,49,7,57.352,2,6,3,2010,19,30,12,1,0,1,1,1,1,3,2,3,0,1,1,,,
201017645828,2,3,1,49,7,5.214,2,6,3,2010,6,29,25,0,0,1,2,2,0,0,2,3,0,1,3,,,
201017645839,4,3,1,49,7,297.187,3,7,2,2010,17,1,12,1,0,1,1,1,1,1,2,3,0,1,1,,,
201017645842,3,3,1,49,7,15.641,2,7,6,2010,13,10,12,6,0,2,1,10,2,1,2,3,0,2,1,,,
201017645844,2,3,1,49,7,5.214,2,7,6,2010,8,47,12,1,0,1,1,10,1,1,2,3,0,1,1,,,
201017645845,6,3,1,49,7,130.345,2,7,5,2010,23,0,12,6,0,2,3,1,1,1,2,3,0,2,1,,,
201017645863,1,3,1,49,7,5.214,1,7,4,2010,20,35,38,0,0,1,5,1,3,1,2,3,0,1,5,,,
201017645864,2,3,1,49,7,5.214,2,7,7,2010,6,23,12,1,0,2,1,2,1,1,2,3,0,2,1,,,
201017645865,2,3,1,49,7,5.214,1,7,7,2010,1,40,5,0,0,1,3,2,0,0,2,3,0,1,1,,,
201017645879,1,3,2,49,7,2.607,2,6,7,2010,0,33,12,1,0,1,3,1,3,1,2,3,0,1,1,,,
201017645889,3,3,1,49,7,15.641,1,7,6,2010,22,30,21,0,0,2,3,2,3,1,1,3,0,2,1,,,
201017645931,5,3,1,49,7,57.352,1,7,7,2010,14,41,42,0,0,1,1,1,1,2,2,3,0,1,4,,,
201017645949,6,3,2,49,7,130.345,2,6,3,2010,9,47,12,7,1,18,1,1,1,2,2,3,0,1,1,,,
201017645959,4,3,2,49,7,294.58,3,6,7,2010,15,50,12,1,0,1,1,1,0,0,2,3,0,1,1,,,
201017645965,2,3,1,49,7,5.214,3,7,7,2010,6,58,12,7,0,1,1,1,1,1,1,3,0,1,1,,,
201017645991,3,3,1,49,7,15.641,1,6,3,2010,19,34,15,0,0,4,1,1,2,1,2,3,0,1,1,,,
201017646003,6,3,1,49,7,130.345,3,7,7,2010,9,0,12,1,1,18,1,1,1,1,2,3,0,1,1,,,
201017646015,2,3,3,49,7,2.607,1,7,7,2010,12,30,53,0,0,1,1,1,0,0,2,3,0,1,4,,,
201017646038,2,3,3,49,7,2.607,2,7,5,2010,18,30,12,1,0,1,1,1,0,0,2,3,0,1,1,,,
201017646079,5,3,1,49,7,57.352,2,7,5,2010,1,10,12,6,0,2,3,1,2,2,1,3,0,2,1,,,
201017646087,4,3,1,49,7,297.187,2,6,3,2010,20,55,12,7,0,1,3,2,0,0,2,3,0,1,1,,,
201017646096,3,3,1,49,7,15.641,1,7,3,2010,1,50,30,0,0,1,3,1,2,1,1,3,0,1,4,,,
201017646109,2,3,1,49,7,5.214,2,7,6,2010,14,10,12,1,0,1,1,10,0,0,2,3,0,1,1,,,
201017646117,6,3,1,49,7,130.345,2,7,3,2010,10,0,12,6,0,2,1,1,1,2,2,3,0,2,1,,,
201017646145,3,3,1,49,7,15.641,2,7,1,2010,22,0,12,6,0,2,3,1,2,1,2,3,0,2,1,,,
201017646159,2,3,1,49,7,5.214,2,6,2,2010,5,45,12,7,1,18,3,1,1,1,2,3,0,1,1,,,
201017646161,2,3,1,49,7,5.214,2,7,6,2010,13,16,12,1,0,1,1,2,1,1,2,3,0,1,1,,,
201017646183,1,3,3,49,7,2.607,1,7,7,2010,5,20,25,0,0,1,3,1,4,1,1,3,0,1,3,,,
201017646184,1,3,3,49,7,2.607,1,7,3,2010,16,10,1,0,0,1,1,1,3,1,2,3,0,1,4,,,
201017646192,6,3,1,49,7,130.345,4,7,3,2010,9,26,12,1,0,1,1,1,1,1,2,3,0,1,1,,,
201017646194,2,3,3,49,7,2.607,3,7,6,2010,12,50,12,1,0,1,1,2,2,1,2,3,0,1,1,,,
201017646197,2,3,3,49,7,2.607,4,7,6,2010,2,25,12,6,1,5,3,10,0,0,2,3,0,1,1,,,
201017646202,2,3,3,49,7,2.607,2,7,3,2010,13,45,12,7,0,1,1,1,0,0,2,3,0,1,1,,,
201017646211,2,3,3,49,7,2.607,2,7,4,2010,7,20,12,1,0,1,1,10,1,3,2,3,0,1,1,,,
201017646215,2,3,3,49,7,2.607,2,7,4,2010,14,15,12,7,0,1,1,10,1,1,2,3,0,1,1,,,
201017646220,4,3,1,49,7,297.187,2,7,5,2010,6,30,14,0,0,1,1,1,0,0,2,3,1,1,7,,,
201017646242,5,3,1,49,7,57.352,3,7,5,2010,8,30,12,1,0,1,1,1,1,1,2,3,0,1,1,,,
201017646244,2,3,3,49,7,2.607,3,7,3,2010,15,20,12,1,0,1,1,10,2,2,2,3,0,1,1,,,
201017646257,2,3,3,49,7,2.607,2,7,3,2010,20,5,25,0,0,1,1,1,1,1,2,3,0,1,3,,,
201017646263,2,3,1,49,7,5.214,2,7,4,2010,17,54,12,6,0,2,1,1,0,0,2,3,0,3,1,,,
201017646267,3,3,1,49,7,15.641,2,7,6,2010,12,50,12,6,0,2,1,1,2,1,2,3,0,3,1,,,
201017646272,2,3,1,49,7,5.214,2,7,5,2010,13,23,12,1,0,2,1,1,0,0,2,3,0,2,1,,,
201017646276,2,3,3,49,7,2.607,2,7,6,2010,9,52,12,7,0,1,1,1,1,1,2,3,0,1,1,,,
201017646297,2,3,3,49,7,2.607,5,7,6,2010,8,45,71,0,0,1,1,1,0,0,2,3,0,1,1,,,
201017646301,6,3,3,49,7,130.345,1,7,6,2010,1,20,73,0,1,19,3,1,0,0,2,3,0,1,4,,,
201017646323,3,3,1,49,7,15.641,2,7,4,2010,21,11,12,6,0,2,3,1,2,5,2,3,0,2,1,,,
201017646345,6,3,1,49,7,130.345,2,6,2,2010,18,53,12,6,0,2,5,2,2,1,2,3,0,2,1,,,
201017646353,2,3,1,49,7,5.214,1,7,3,2010,12,14,73,0,0,1,1,1,0,0,2,3,0,1,4,,,
201017646381,4,3,1,49,7,297.187,2,7,7,2010,16,0,12,6,0,1,1,1,1,2,1,3,0,1,1,,,
201017646384,2,3,1,49,7,5.214,2,7,5,2010,12,17,12,7,0,1,1,1,1,1,2,3,0,1,1,,,
201017646396,2,3,1,49,7,5.214,5,7,2,2010,14,28,12,7,0,1,1,1,1,1,2,3,0,1,1,,,
201017646404,2,3,1,49,7,5.214,2,7,7,2010,7,45,12,1,1,18,1,1,1,1,2,3,0,1,1,,,
201017646406,5,3,1,49,7,57.352,2,7,3,2010,4,25,14,0,0,1,3,10,1,1,2,3,1,1,7,,,
201017646409,3,3,1,49,7,15.641,2,7,5,2010,15,24,12,6,0,4,1,10,3,1,2,3,0,1,1,,,
201017646421,6,3,1,49,7,130.345,2,7,7,2010,3,42,12,1,1,18,3,10,0,0,1,3,0,1,1,,,
201017646423,1,3,1,49,7,5.214,1,7,5,2010,4,35,30,0,0,1,3,1,3,1,1,3,0,1,3,,,
201017646424,1,3,1,49,7,5.214,1,7,6,2010,13,20,30,0,0,1,1,2,3,1,2,3,0,1,4,,,
201017646451,2,3,1,49,7,5.214,2,8,3,2010,18,53,12,6,0,2,1,1,0,0,2,3,0,2,1,,,
201017646468,2,3,1,49,7,5.214,2,7,4,2010,13,35,12,7,0,1,1,1,1,1,2,3,0,1,1,,,
201017646474,3,3,1,49,7,15.641,1,7,6,2010,16,24,22,0,0,2,1,1,2,1,2,3,0,2,1,,,
201017646504,6,3,1,49,7,130.345,1,7,7,2010,2,35,42,0,0,1,3,2,2,1,2,3,0,1,4,,,
201017646512,4,3,1,49,7,297.187,2,7,2,2010,20,0,14,0,0,1,1,1,0,0,2,3,1,1,7,,,
201017646528,3,3,1,49,7,15.641,1,7,7,2010,12,30,22,0,0,2,1,1,2,1,2,3,0,3,1,,,
201017646548,5,3,1,49,7,57.352,2,7,3,2010,18,15,12,6,0,2,1,1,2,2,2,3,0,2,1,,,
201017646564,6,3,1,49,7,130.345,3,7,7,2010,23,5,12,6,0,2,3,1,2,3,1,3,0,2,1,,,
201017646623,2,3,1,49,7,5.214,3,7,4,2010,10,51,12,6,0,2,1,1,1,1,2,3,0,2,1,,,
201017646625,6,3,1,49,7,130.345,2,7,2,2010,8,35,12,1,0,4,1,1,2,3,2,3,0,1,1,,,
201017646652,2,3,3,49,7,2.607,2,8,3,2010,23,10,45,0,0,1,2,1,2,3,2,3,1,1,1,,,
201017646658,2,3,3,49,7,2.607,2,8,3,2010,6,20,12,7,0,1,4,1,1,1,2,3,0,1,1,,,
201017646691,2,3,3,49,7,2.607,2,7,6,2010,18,55,12,1,1,18,1,1,1,2,2,3,0,1,1,,,
201017646693,3,3,3,49,7,18.248,3,7,6,2010,16,56,12,1,0,1,1,1,2,1,2,3,0,1,1,,,
201017646699,2,3,3,49,7,2.607,2,7,2,2010,7,25,12,7,0,1,1,1,0,0,2,3,0,1,1,,,
201017646702,4,3,3,49,7,294.58,2,7,5,2010,18,0,12,7,1,5,1,1,1,1,2,3,0,1,1,,,
201017646703,2,3,3,49,7,2.607,3,7,2,2010,16,28,12,7,0,1,1,2,1,1,2,3,0,1,1,,,
201017646720,2,3,3,49,7,2.607,3,8,4,2010,12,30,12,7,0,1,1,1,1,1,2,3,0,1,1,,,
201017646729,3,3,1,49,7,15.641,1,8,2,2010,20,15,40,0,0,2,5,1,2,1,2,3,0,2,4,,,
201017646731,4,3,1,49,7,297.187,2,8,3,2010,14,53,12,6,0,4,1,1,1,1,2,3,0,1,1,,,
201017646743,1,3,1,49,7,5.214,1,7,4,2010,18,15,30,0,0,1,1,1,3,1,2,3,0,1,4,,,
201017646744,1,3,1,49,7,5.214,1,7,6,2010,19,0,38,0,0,1,1,1,3,1,2,3,0,1,5,,,
201017646745,1,3,1,49,7,5.214,2,8,7,2010,18,7,59,0,0,1,1,1,4,1,2,3,1,1,4,,,
201017646763,5,3,1,49,7,57.352,3,8,3,2010,13,25,12,6,0,2,1,1,2,3,2,3,0,2,1,,,
201017646764,2,3,1,49,7,5.214,1,8,3,2010,3,45,74,0,1,19,3,1,1,1,2,3,0,1,4,,,
201017646772,1,3,3,49,7,2.607,6,8,2,2010,17,6,12,6,1,2,1,1,3,3,2,3,0,2,1,,,
201017646781,2,3,3,49,7,2.607,2,8,2,2010,7,5,12,6,1,18,1,1,4,2,2,3,0,1,1,,,
201017646783,2,3,3,49,7,2.607,2,8,4,2010,12,25,12,7,0,1,1,1,1,1,2,3,0,1,1,,,
201017646789,5,3,3,49,7,57.352,3,7,6,2010,15,24,12,7,0,1,1,1,2,2,2,3,1,1,1,,,
201017646802,2,3,3,49,7,2.607,2,8,3,2010,15,15,12,7,1,18,1,1,0,0,2,3,0,1,1,,,
201017646830,3,3,3,49,7,18.248,2,8,2,2010,2,58,12,7,1,18,3,1,2,1,2,3,0,1,1,,,
201017646839,2,3,3,49,7,2.607,2,8,7,2010,5,5,12,1,0,1,2,10,2,2,2,3,0,1,1,,,
201017646842,2,3,1,49,7,5.214,2,8,2,2010,0,20,12,1,1,18,3,1,2,1,2,3,0,1,1,,,
201017646847,6,3,1,49,7,130.345,2,8,1,2010,22,8,12,6,0,2,3,1,1,1,2,3,0,2,1,,,
201017646859,2,3,1,49,7,5.214,2,8,6,2010,2,40,12,7,0,1,3,1,0,0,2,3,0,1,1,,,
201017646864,2,3,1,49,7,5.214,1,8,6,2010,12,6,22,0,0,2,1,1,2,1,2,3,0,2,1,,,
201017646871,2,3,1,49,7,5.214,2,8,5,2010,6,2,12,7,1,18,3,1,1,1,2,3,0,1,1,,,
201017646880,2,3,1,49,7,5.214,3,8,3,2010,7,40,12,1,0,1,1,1,1,3,2,3,0,1,1,,,
201017646886,3,3,1,49,7,15.641,1,8,5,2010,5,58,21,0,0,1,4,1,2,1,2,3,0,1,1,,,
201017646897,2,3,1,49,7,5.214,2,8,2,2010,10,25,12,6,0,2,1,1,1,1,2,3,0,2,1,,,
201017646911,4,3,1,49,7,297.187,2,8,5,2010,21,0,12,6,0,2,3,1,0,0,1,3,0,2,1,,,
201017646920,6,3,1,49,7,130.345,2,8,3,2010,18,42,12,6,0,2,1,1,1,1,2,3,0,2,1,,,
201017646924,2,3,1,49,7,5.214,2,7,3,2010,19,20,12,1,0,1,1,10,1,1,2,3,0,1,1,,,
201017646942,2,3,1,49,7,5.214,3,7,6,2010,11,6,12,7,0,1,1,1,0,0,2,3,0,1,1,,,
201017646944,2,3,1,49,7,5.214,2,7,3,2010,9,43,12,6,0,4,1,10,2,1,2,3,0,1,1,,,
201017646949,2,3,1,49,7,5.214,2,8,2,2010,10,58,12,7,0,1,1,1,1,1,2,3,0,1,1,,,
201017646950,2,3,1,49,7,5.214,3,8,2,2010,10,30,12,1,0,1,1,1,0,0,2,3,0,1,1,,,
201017646984,2,3,3,49,7,2.607,4,8,4,2010,8,25,12,1,0,1,1,1,0,0,2,3,0,1,1,,,
201017646986,2,3,3,49,7,2.607,6,8,3,2010,19,25,12,1,0,1,1,10,2,1,2,3,0,1,1,,,
201017647010,2,3,3,49,7,2.607,3,8,5,2010,15,20,12,7,0,1,1,1,0,0,2,3,0,1,1,,,
201017647011,6,3,3,49,7,130.345,2,8,6,2010,2,18,14,0,0,1,3,1,0,0,2,3,1,1,2,,,
201017647037,3,3,1,49,7,15.641,1,8,1,2010,10,55,21,0,0,2,1,1,3,1,2,3,0,2,1,,,
201017647040,5,3,1,49,7,57.352,2,8,2,2010,12,49,12,6,1,2,1,1,1,5,2,3,0,2,1,,,
201017647047,2,3,1,49,7,5.214,2,8,2,2010,1,20,12,6,0,2,3,1,1,1,2,3,0,2,1,,,
201017647065,2,3,1,49,7,5.214,2,7,5,2010,18,3,12,6,0,2,1,10,0,0,2,3,0,2,1,,,
201017647066,6,3,1,49,7,130.345,2,8,5,2010,16,44,12,1,0,1,1,1,1,2,2,3,0,1,1,,,
201017647070,2,3,1,49,7,5.214,2,8,5,2010,3,47,12,6,0,2,3,1,2,1,1,3,0,2,1,,,
201017647073,2,3,1,49,7,5.214,2,8,4,2010,9,14,12,7,0,1,1,1,1,1,2,3,0,1,1,,,
201017647081,3,3,1,49,7,15.641,2,8,7,2010,1,5,1,0,1,18,3,1,2,2,2,3,0,1,1,,,
201017647093,4,3,1,49,7,297.187,3,7,6,2010,17,30,12,1,0,2,1,1,1,2,2,3,0,2,1,,,
201017647117,2,3,1,49,7,5.214,2,7,3,2010,14,4,12,7,0,1,1,10,0,0,2,3,0,1,1,,,
201017647121,1,3,1,49,7,5.214,2,8,5,2010,1,5,12,1,0,1,3,1,4,3,2,3,0,1,1,,,
201017647133,1,3,1,49,7,5.214,2,8,3,2010,10,20,12,6,0,2,1,1,4,2,2,3,0,3,1,,,
201017647135,2,3,1,49,7,5.214,2,6,5,2010,20,0,12,6,0,2,3,1,0,0,2,3,0,2,1,,,
201017647137,6,3,1,49,7,130.345,2,8,4,2010,13,0,12,6,0,2,1,1,2,2,2,3,0,2,1,,,
201017647148,2,3,1,49,7,5.214,2,8,2,2010,12,0,12,6,1,18,1,1,0,0,2,3,0,1,1,,,
201017647163,3,3,1,49,7,15.641,1,8,2,2010,18,0,22,0,0,2,1,1,2,1,2,3,0,2,1,,,
201017647190,5,3,1,49,7,57.352,2,7,5,2010,12,5,12,6,0,2,1,1,1,2,2,3,0,2,1,,,
201017647205,2,3,1,49,7,5.214,2,8,6,2010,13,11,12,6,0,2,1,1,1,1,2,3,0,3,1,,,
201017647207,4,3,1,49,7,297.187,2,8,5,2010,13,55,12,1,0,1,1,1,0,0,2,3,0,1,1,,,
201017647214,2,3,1,49,7,5.214,2,8,4,2010,15,25,12,7,0,1,1,10,0,0,2,3,0,1,1,,,
201017647231,1,3,1,49,7,5.214,1,8,5,2010,22,40,39,0,1,18,3,1,3,1,2,3,0,1,4,,,
201017647233,1,3,1,49,7,5.214,1,8,7,2010,6,15,25,0,0,2,3,1,3,1,2,3,0,3,4,,,
201017647241,6,3,1,49,7,130.345,2,8,7,2010,14,33,12,6,0,2,1,1,0,0,2,3,0,2,1,,,
201017647244,3,3,1,49,7,15.641,1,8,1,2010,20,41,33,0,0,2,3,1,4,1,2,3,0,3,4,,,
201017647290,2,3,3,49,7,2.607,2,8,3,2010,13,10,12,7,0,1,1,1,1,1,2,3,0,1,1,,,
201017647293,2,3,3,49,7,2.607,2,8,2,2010,16,40,12,1,0,1,1,1,0,0,2,3,0,1,1,,,
201017647308,2,3,3,49,7,2.607,2,8,5,2010,11,15,12,7,1,18,1,10,1,1,2,3,0,1,1,,,
201017647323,2,3,3,49,7,2.607,1,8,4,2010,12,20,25,0,0,1,1,10,0,0,2,3,0,1,4,,,
201017647327,2,3,3,49,7,2.607,2,8,3,2010,13,15,12,7,0,1,1,2,0,0,2,3,0,1,1,,,
201017647350,2,3,1,49,7,5.214,2,7,7,2010,22,45,12,6,0,4,3,1,1,1,2,3,0,1,1,,,
201017647352,2,3,1,49,7,5.214,3,8,2,2010,15,23,12,1,1,18,1,1,2,2,2,3,0,1,1,,,
201017647402,4,3,1,49,7,297.187,2,8,1,2010,9,40,12,1,0,1,1,1,1,2,1,3,0,1,1,,,
201017647416,6,3,1,49,7,130.345,1,8,5,2010,4,30,74,0,1,5,3,1,0,0,2,3,0,1,8,,,
201017647428,2,3,1,49,7,5.214,4,8,5,2010,12,35,12,7,0,1,1,1,1,4,2,3,0,1,1,,,
201017647443,2,3,1,49,7,5.214,2,8,3,2010,6,30,12,1,1,5,3,1,2,1,2,3,0,1,1,,,
201017647452,3,3,1,49,7,15.641,2,8,7,2010,18,5,12,6,0,2,1,1,3,2,2,3,0,2,1,,,
201017647473,5,3,1,49,7,57.352,2,8,4,2010,8,3,12,1,0,1,1,10,2,3,2,3,0,1,1,,,
201017647492,4,3,1,49,7,297.187,2,8,3,2010,9,30,12,1,0,2,1,1,0,0,2,3,0,2,1,,,
201017647503,2,3,1,49,7,5.214,3,8,3,2010,8,59,12,1,0,1,1,1,2,1,2,3,0,1,1,,,
201017647508,3,3,1,49,7,15.641,1,8,6,2010,23,45,21,0,0,2,3,1,3,1,2,3,0,3,1,,,
201017647519,6,3,1,49,7,130.345,2,8,1,2010,9,31,12,1,0,1,1,1,0,0,2,3,0,1,1,,,
201017647557,2,3,3,49,7,2.607,2,9,4,2010,5,15,12,1,0,1,2,1,2,1,2,3,0,1,1,,,
201017647558,2,3,3,49,7,2.607,2,8,3,2010,11,30,12,6,0,1,1,1,2,2,2,3,0,1,1,,,
201017647589,5,3,1,49,7,57.352,2,8,7,2010,8,55,12,1,0,2,1,1,1,1,2,3,0,2,1,,,
201017647593,2,3,3,49,7,2.607,2,8,1,2010,3,45,14,0,1,5,3,1,2,1,2,3,1,1,2,,,
201017647596,2,3,1,49,7,5.214,2,9,4,2010,16,45,12,7,0,1,1,10,1,1,2,3,0,1,1,,,
201017647620,3,3,1,49,7,15.641,2,5,5,2010,12,0,12,6,0,4,1,1,2,2,2,3,0,1,1,,,
201017647637,6,3,3,49,7,130.345,1,8,7,2010,4,25,25,0,0,1,3,1,0,0,1,3,0,1,4,,,
201017647638,2,3,1,49,7,5.214,2,8,4,2010,14,8,12,6,0,2,1,10,2,1,2,3,0,2,1,,,
201017647644,6,3,1,49,7,130.345,2,8,7,2010,19,15,12,1,0,2,1,1,1,1,2,3,0,2,1,,,
201017647649,2,3,3,49,7,2.607,2,8,2,2010,14,55,12,7,0,1,1,1,0,0,2,3,0,1,1,,,
201017647653,2,3,3,49,7,2.607,2,8,2,2010,9,16,12,7,0,1,1,1,2,1,2,3,0,1,1,,,
201017647663,2,3,1,49,7,5.214,2,8,7,2010,2,16,12,1,0,1,3,1,0,0,2,3,0,1,1,,,
201017647665,4,3,1,49,7,297.187,2,8,6,2010,17,25,12,1,0,2,1,1,0,0,2,3,0,8,1,,,
201017647672,2,3,1,49,7,5.214,2,8,4,2010,7,45,12,7,0,1,1,2,0,0,2,3,0,1,1,,,
201017647686,3,3,3,49,7,18.248,2,8,4,2010,15,22,12,1,0,1,1,1,2,1,2,3,0,1,1,,,
201017647695,2,3,3,49,7,2.607,2,8,2,2010,20,45,12,1,1,18,3,1,0,0,2,3,0,1,1,,,
201017647705,2,3,3,49,7,2.607,2,8,4,2010,9,30,12,6,0,1,1,10,1,1,2,3,0,1,1,,,
201017647715,5,3,3,49,7,57.352,2,8,7,2010,23,25,12,2,0,1,3,1,2,4,2,3,0,1,1,,,
201017647719,2,3,3,49,7,2.607,2,8,5,2010,18,18,12,7,0,1,1,1,0,0,2,3,0,1,1,,,
201017647723,2,3,3,49,7,2.607,2,8,5,2010,9,36,12,7,0,1,1,1,2,1,2,3,0,1,1,,,
201017647725,2,3,3,49,7,2.607,3,8,6,2010,12,15,12,7,0,1,1,1,0,0,2,3,0,1,1,,,
201017647726,2,3,3,49,7,2.607,3,9,4,2010,18,45,12,7,0,1,1,2,1,1,2,3,0,1,1,,,
201017647730,4,3,3,49,7,294.58,3,8,6,2010,23,0,12,7,0,1,2,1,1,1,2,3,0,1,1,,,
201017647741,5,3,2,49,7,57.352,4,8,6,2010,17,20,12,1,0,1,1,10,1,1,2,3,0,1,1,,,
201017647753,1,3,1,49,7,5.214,4,8,5,2010,17,15,14,0,0,1,1,10,3,3,2,3,2,1,7,,,
201017647772,2,3,1,49,7,5.214,2,8,6,2010,19,16,12,7,0,2,5,1,2,1,2,3,0,3,1,,,
201017647774,1,3,3,49,7,2.607,1,8,7,2010,5,0,34,0,0,1,3,1,3,1,2,3,0,1,10,,,
201017647778,2,3,1,49,7,5.214,2,8,3,2010,15,50,12,1,0,1,1,1,1,1,2,3,0,1,1,,,
201017647779,2,3,1,49,7,5.214,2,8,5,2010,17,47,12,7,0,1,1,1,1,1,2,3,0,1,1,,,
201017647780,2,3,1,49,7,5.214,1,8,5,2010,13,15,74,0,1,5,1,2,1,1,2,3,0,1,4,,,
201017647814,5,3,1,49,7,57.352,2,8,6,2010,20,43,12,6,0,4,3,1,2,4,2,3,0,1,1,,,
201017647822,2,3,1,49,7,5.214,3,8,3,2010,13,38,12,7,0,1,1,1,2,1,2,3,0,1,1,,,
201017647831,6,3,1,49,7,130.345,2,8,3,2010,5,42,12,6,0,2,3,1,1,2,2,3,0,2,1,,,
201017647837,2,3,1,49,7,5.214,2,8,3,2010,12,26,12,7,0,1,1,1,0,0,2,3,0,1,1,,,
201017647863,2,3,1,49,7,5.214,2,8,6,2010,10,15,12,6,0,1,1,1,2,2,2,3,0,1,1,,,
201017647864,2,3,1,49,7,5.214,2,8,6,2010,7,6,12,6,0,1,1,1,1,1,2,3,0,1,1,,,
201017647868,2,3,1,49,7,5.214,2,8,1,2010,23,20,12,1,0,1,3,1,3,1,2,3,0,1,1,,,
201017647870,4,3,1,49,7,297.187,2,8,1,2010,18,43,12,6,0,2,1,1,0,0,2,3,0,3,1,,,
201017647880,3,3,1,49,7,15.641,1,8,6,2010,19,57,1,0,0,2,1,1,3,1,2,3,0,2,4,,,
201017647882,1,3,1,49,7,5.214,1,8,4,2010,23,58,30,0,0,1,3,1,3,1,2,3,0,1,3,,,
201017647883,1,3,1,49,7,5.214,1,8,3,2010,3,33,59,0,0,1,3,1,3,1,1,3,0,1,4,,,
201017647916,2,3,3,49,7,2.607,2,9,5,2010,8,25,12,7,0,1,1,2,1,1,2,3,0,1,1,,,
201017647925,2,3,3,49,7,2.607,3,9,6,2010,18,40,74,0,0,1,1,10,2,1,2,3,0,1,3,,,
201017647928,2,3,3,49,7,2.607,2,9,6,2010,16,41,5,0,0,1,1,1,1,1,2,3,0,1,1,,,
201017647929,2,3,3,49,7,2.607,2,9,6,2010,16,41,12,1,0,1,1,1,0,0,2,3,0,1,1,,,
201017647935,2,3,3,49,7,2.607,2,9,6,2010,5,13,12,7,1,17,3,10,0,0,2,3,0,1,1,,,
201017647949,6,3,1,49,7,130.345,2,9,1,2010,2,38,12,6,1,2,3,1,0,0,2,3,0,8,1,,,
201017647969,5,3,1,49,7,57.352,2,9,3,2010,16,1,12,6,0,2,1,2,2,3,2,3,0,2,1,,,
201017647973,3,3,1,49,7,15.641,1,9,6,2010,20,50,22,0,0,2,3,1,2,1,1,3,0,3,1,,,
201017648008,2,3,1,49,7,5.214,2,8,2,2010,16,40,12,1,0,4,1,1,2,2,2,3,0,1,1,,,
201017648009,2,3,1,49,7,5.214,2,9,4,2010,8,24,12,7,0,1,1,1,1,1,2,3,0,1,1,,,
201017648018,6,3,1,49,7,130.345,2,8,7,2010,14,45,12,6,0,4,1,1,1,1,2,3,0,1,1,,,
201017648019,2,3,1,49,7,5.214,2,8,7,2010,10,0,12,1,0,2,1,1,1,4,2,3,0,3,1,,,
201017648022,2,3,1,49,7,5.214,1,8,3,2010,8,55,43,0,0,1,1,1,1,1,2,3,0,1,1,,,
201017648023,2,3,1,49,7,5.214,3,9,4,2010,16,14,12,7,0,1,1,2,1,1,2,3,0,1,1,,,
201017648044,4,3,1,49,7,297.187,3,9,5,2010,12,49,12,1,1,2,1,2,1,2,2,3,0,8,1,,,
201017648057,5,3,1,49,7,57.352,2,9,7,2010,21,45,12,6,0,2,3,1,2,1,2,3,0,2,1,,,
201017648063,2,3,1,49,7,5.214,2,9,6,2010,6,30,12,7,0,1,6,10,1,1,2,3,0,1,1,,,
201017648072,2,3,1,49,7,5.214,2,9,6,2010,5,55,12,7,0,1,3,1,0,0,2,3,0,1,1,,,
201017648077,3,3,1,49,7,15.641,2,9,2,2010,2,0,12,6,0,2,3,1,3,1,2,3,0,3,1,,,
201017648088,1,3,3,49,7,2.607,3,9,2,2010,4,40,12,1,0,1,3,1,4,7,1,3,0,1,1,,,
201017648095,2,3,1,49,7,5.214,3,9,4,2010,19,5,31,0,0,1,1,2,0,0,2,3,0,1,10,,,
201017648097,2,3,3,49,7,2.607,2,8,4,2010,14,49,12,6,0,2,1,10,0,0,2,3,0,8,1,,,
201017648100,2,3,3,49,7,2.607,2,9,4,2010,10,5,12,6,0,1,1,2,0,0,2,3,0,1,1,,,
201017648108,2,3,3,49,7,2.607,2,9,6,2010,20,52,12,7,0,1,1,1,0,0,2,3,0,1,1,,,
201017648148,6,3,3,49,7,130.345,2,9,5,2010,6,10,12,1,0,1,3,10,0,0,2,3,0,1,1,,,
201017648155,2,3,3,49,7,2.607,2,9,4,2010,10,25,12,1,0,1,1,2,0,0,2,3,0,1,1,,,
201017648182,1,3,1,49,7,5.214,1,9,5,2010,23,40,30,0,0,1,3,1,4,1,2,3,0,1,4,,,
201017648188,1,3,1,49,7,5.214,1,8,7,2010,3,20,59,0,1,18,3,1,3,2,2,3,0,1,8,,,
201017648189,2,3,3,49,7,2.607,2,9,5,2010,0,52,14,0,0,1,3,10,0,0,2,3,1,1,2,,,
201017648198,2,3,1,49,7,5.214,2,9,4,2010,9,12,12,6,0,1,1,2,1,1,2,3,0,1,1,,,
201017648199,6,3,1,49,7,130.345,2,9,4,2010,11,5,12,6,0,2,1,2,1,1,2,3,0,2,1,,,
201017648234,4,3,1,49,7,297.187,2,9,5,2010,11,52,12,6,0,1,1,10,0,0,2,3,0,1,1,,,
201017648257,2,3,1,49,7,5.214,2,5,3,2010,8,50,12,6,0,4,1,1,1,1,2,3,0,1,1,,,
201017648266,6,3,1,49,7,130.345,1,9,7,2010,14,40,33,0,0,2,1,1,2,1,2,3,0,8,4,,,