CASENUM,STRATUM,REGION,PJ,PSU,PSUSTRAT,WEIGHT,VE_TOTAL,MONTH,WKDY_IM,YEAR,HOUR_IM,MINUTE_IM,EVENT1_IM,MANCOL_IM,RELJCT1_IM,RELJCT2_IM,LGTCON_IM,WEATHR_IM,MAXSEV_IM,NO_INJ_IM,ALCHL_IM,LAND_USE,PVH_INVL,TYP_INT,REL_ROAD,CF1,CF2,CF3
201017648271,3,3,1,49,7,15.641,2,9,7,2010,13,0,12,1,0,4,1,1,2,1,2,3,0,1,1,,,
201017648284,2,3,1,49,7,5.214,2,9,3,2010,10,35,12,7,0,1,1,1,1,1,2,3,0,1,1,,,
201017648310,2,3,1,49,7,5.214,2,9,5,2010,14,10,12,6,0,4,1,10,1,1,2,3,0,1,1,,,
201017648311,2,3,1,49,7,5.214,2,9,4,2010,12,17,12,1,0,2,1,2,1,4,2,3,0,2,1,,,
201017648335,3,3,1,49,7,15.641,1,9,4,2010,13,0,25,0,0,1,1,1,2,2,2,3,0,1,3,,,
201017648337,5,3,1,49,7,57.352,2,9,4,2010,6,50,12,2,0,2,4,10,2,2,2,3,0,2,1,,,
201017648344,4,3,1,49,7,297.187,2,9,1,2010,20,21,14,0,0,1,1,1,0,0,2,3,1,1,7,,,
201017648355,2,3,1,49,7,5.214,1,9,4,2010,11,30,25,0,0,1,1,1,0,0,2,3,0,1,3,,,
201017648358,6,3,1,49,7,130.345,2,9,5,2010,14,1,12,2,0,2,1,1,2,2,2,3,0,2,1,,,
201017648390,2,3,1,49,7,5.214,2,9,5,2010,10,50,12,6,0,2,1,1,2,2,2,3,0,2,1,,,
201017648488,2,3,3,49,7,2.607,2,9,6,2010,9,15,12,1,0,1,1,1,2,1,2,3,0,1,1,,,
201017648490,2,3,3,49,7,2.607,3,9,7,2010,11,45,12,1,0,5,1,1,0,0,2,3,0,1,1,,,
201017648493,3,3,3,49,7,18.248,2,9,7,2010,15,30,12,1,0,1,1,1,2,1,2,3,0,1,1,,,
201017648499,1,3,1,49,7,5.214,2,9,6,2010,12,20,12,6,0,2,1,10,3,2,1,3,0,2,1,,,
201017648500,1,3,1,49,7,5.214,2,9,7,2010,5,54,14,0,1,5,3,1,4,2,2,3,1,1,2,,,
201017648506,3,3,1,49,7,15.641,1,9,6,2010,19,53,21,0,0,1,5,1,2,1,2,3,0,1,1,,,
201017648513,1,3,1,49,7,5.214,1,9,7,2010,21,58,1,0,1,5,3,1,3,3,2,3,0,1,1,,,
201017648514,1,3,1,49,7,5.214,1,9,7,2010,3,4,59,0,0,1,3,1,3,1,1,3,0,1,3,,,
201017648533,6,3,1,49,7,130.345,2,9,4,2010,19,25,12,2,0,1,5,2,1,1,2,3,0,1,1,,,
201017648553,4,3,1,49,7,297.187,3,9,2,2010,6,45,14,0,0,4,4,1,0,0,2,3,2,1,7,,,
201017648609,5,3,1,49,7,57.352,2,9,3,2010,11,35,12,2,0,2,1,1,2,2,2,3,0,2,1,,,
201017648616,3,3,1,49,7,15.641,1,8,1,2010,13,37,21,0,0,2,1,1,2,1,2,3,0,3,1,,,
201017648624,6,3,1,49,7,130.345,2,9,4,2010,23,40,12,1,0,2,2,1,1,2,1,3,0,8,1,,,
201017648629,1,3,1,49,7,5.214,2,9,5,2010,12,35,12,6,0,2,1,1,3,2,2,3,0,2,1,,,
201017648657,2,3,1,49,7,5.214,2,9,4,2010,9,0,12,1,0,2,1,1,1,1,2,3,0,2,1,,,
201017648662,4,3,1,49,7,297.187,2,9,6,2010,20,8,12,6,0,4,3,1,1,2,2,3,0,1,1,,,
201017648664,3,3,1,49,7,15.641,2,9,7,2010,21,45,12,6,0,2,2,1,2,4,2,3,0,2,1,,,
201017648673,2,3,1,49,7,5.214,2,9,2,2010,15,1,12,1,0,1,1,1,1,1,2,3,0,1,1,,,
201017648676,1,3,3,49,7,2.607,1,9,4,2010,11,59,1,0,0,1,1,10,3,1,2,3,0,1,4,,,
201017648718,2,3,3,49,7,2.607,3,9,6,2010,6,40,12,1,0,1,1,10,1,2,2,3,0,1,1,,,
201017648729,6,3,1,49,7,130.345,3,9,7,2010,2,50,12,7,0,1,3,1,1,2,2,3,0,1,1,,,
201017648732,5,3,1,49,7,57.352,3,9,7,2010,3,25,14,0,0,1,2,1,1,1,1,3,2,1,7,,,
201017648752,3,3,1,49,7,15.641,1,9,4,2010,15,4,21,0,0,2,1,1,2,1,2,3,0,3,1,,,
201017648763,6,3,3,49,7,130.345,3,9,6,2010,7,37,12,1,0,1,1,10,1,1,2,3,0,1,1,,,
201017648776,2,3,3,49,7,2.607,2,9,1,2010,0,20,12,7,1,2,3,10,0,0,2,3,0,8,1,,,
201017648837,4,3,3,49,7,294.58,2,9,2,2010,16,5,12,1,1,5,1,1,0,0,2,3,0,1,1,,,
201017648842,2,3,3,49,7,2.607,2,9,2,2010,7,50,12,7,0,1,1,1,0,0,2,3,0,1,1,,,
201017648846,2,3,3,49,7,2.607,2,9,4,2010,0,7,12,6,0,1,3,1,0,0,2,3,0,1,1,,,
201017648851,3,3,3,49,7,18.248,2,9,3,2010,20,55,12,1,0,1,3,1,2,2,2,3,0,1,1,,,
201017648858,2,3,1,49,7,5.214,2,9,3,2010,10,49,12,7,0,1,1,1,0,0,2,3,0,1,1,,,
201017648892,6,3,1,49,7,130.345,2,9,1,2010,3,25,12,6,0,2,2,1,0,0,1,3,0,2,1,,,
201017648898,4,3,1,49,7,297.187,2,9,1,2010,16,20,12,1,0,1,1,1,1,3,1,3,0,1,1,,,
201017648904,1,3,1,49,7,5.214,1,9,5,2010,22,56,72,0,0,1,3,1,4,1,2,3,0,1,3,,,
201017648905,1,3,1,49,7,5.214,2,9,7,2010,1,15,12,6,0,2,3,10,3,2,2,3,0,2,1,,,
201017648939,2,3,1,49,7,5.214,3,9,1,2010,11,36,12,7,0,1,1,10,0,0,2,3,0,1,1,,,
201017648953,3,3,1,49,7,15.641,2,9,6,2010,21,10,12,6,0,2,3,1,2,1,1,3,0,2,1,,,
201017648971,6,3,1,49,7,130.345,2,9,2,2010,11,45,12,6,0,2,1,1,1,2,2,3,0,2,1,,,
201017648992,1,3,1,49,7,5.214,1,9,1,2010,3,44,25,0,0,1,3,1,3,1,2,3,0,1,3,,,
201017648993,1,3,1,49,7,5.214,2,10,3,2010,11,8,12,6,0,2,1,1,3,1,2,3,0,2,1,,,
201017648994,1,3,2,49,7,2.607,1,9,4,2010,7,10,30,0,1,5,3,2,3,1,2,3,0,1,4,,,
201017648995,3,3,2,49,7,18.248,1,10,4,2010,10,20,74,0,1,5,1,1,2,1,2,3,0,1,8,,,
201017649020,6,3,2,49,7,130.345,2,9,5,2010,18,10,12,1,0,1,1,1,0,0,2,3,0,1,1,,,
201017649026,2,3,3,49,7,2.607,2,10,3,2010,10,15,12,1,0,2,1,1,0,0,2,3,0,3,1,,,
201017649028,1,3,3,49,7,2.607,1,10,2,2010,18,50,30,0,1,5,1,1,4,1,2,3,0,1,4,,,
201017649033,2,3,3,49,7,2.607,1,10,2,2010,20,0,18,0,0,1,3,1,0,0,2,3,0,1,1,,,
201017649040,2,3,3,49,7,2.607,2,10,4,2010,14,30,12,7,0,1,1,1,1,1,2,3,0,1,1,,,
201017649053,2,3,3,49,7,2.607,3,10,7,2010,1,31,12,7,0,1,3,1,0,0,2,3,0,1,1,,,
201017649062,2,3,3,49,7,2.607,3,10,4,2010,7,30,12,1,0,1,1,1,1,2,2,3,0,1,1,,,
201017649065,2,3,3,49,7,2.607,2,10,2,2010,17,0,12,1,0,1,1,1,0,0,2,3,0,1,1,,,
201017649082,5,3,3,49,7,57.352,2,10,6,2010,14,38,12,7,0,1,1,1,2,1,2,3,0,1,1,,,
201017649089,2,3,3,49,7,2.607,3,10,6,2010,12,30,12,1,0,1,1,1,0,0,2,3,0,1,1,,,
201017649094,3,3,1,49,7,15.641,1,10,4,2010,16,0,21,0,0,2,1,1,2,1,2,3,0,2,1,,,
201017649095,2,3,3,49,7,2.607,2,9,5,2010,14,17,12,7,0,1,1,1,1,1,2,3,0,1,1,,,
201017649098,5,3,1,49,7,57.352,1,10,4,2010,0,30,33,0,0,4,3,1,2,2,1,3,0,1,4,,,
201017649099,2,3,3,49,7,2.607,2,9,5,2010,7,58,14,0,0,1,1,1,2,1,2,3,1,1,2,,,
201017649155,3,3,1,49,7,15.641,2,9,1,2010,3,48,12,1,1,18,3,1,4,1,2,3,0,1,1,,,
201017649164,4,3,1,49,7,297.187,2,9,6,2010,0,55,12,7,1,18,3,1,0,0,2,3,0,1,1,,,
201017649179,6,3,1,49,7,130.345,2,9,5,2010,20,12,12,1,0,2,3,1,0,0,2,3,0,2,1,,,
201017649209,5,3,1,49,7,57.352,2,10,6,2010,10,15,12,6,0,2,1,1,2,3,2,3,0,2,1,,,
201017649235,6,3,1,49,7,130.345,2,10,1,2010,8,40,12,1,0,2,1,1,1,1,2,3,0,3,1,,,
201017649250,3,3,1,49,7,15.641,1,10,7,2010,10,45,22,0,0,1,1,1,3,1,2,3,0,1,1,,,
201017649255,2,3,1,49,7,5.214,2,10,3,2010,7,40,12,7,0,1,1,1,1,1,2,3,0,1,1,,,
201017649277,2,3,1,49,7,5.214,2,9,3,2010,17,10,12,7,0,4,1,1,2,1,2,3,0,1,1,,,
201017649281,2,3,1,49,7,5.214,2,9,4,2010,21,35,12,7,0,1,3,10,0,0,2,3,0,1,1,,,
201017649282,2,3,1,49,7,5.214,1,10,6,2010,7,41,21,0,0,1,1,1,3,1,2,3,0,1,1,,,
201017649284,3,3,1,49,7,15.641,2,9,4,2010,8,17,1,0,0,4,1,1,2,1,2,3,0,1,1,,,
201017649287,2,3,1,49,7,5.214,2,10,6,2010,11,54,12,6,0,2,1,1,2,1,2,3,0,2,1,,,
201017649289,4,3,1,49,7,297.187,2,9,6,2010,14,57,12,7,0,1,1,1,0,0,2,3,0,1,1,,,
201017649295,5,3,1,49,7,57.352,2,9,5,2010,11,35,12,6,0,2,1,1,1,1,2,3,0,2,1,,,
201017649332,1,3,1,49,7,5.214,1,10,5,2010,11,28,74,0,0,1,1,1,4,1,1,3,0,1,4,,,
201017649333,1,3,1,49,7,5.214,1,10,4,2010,0,55,30,0,0,1,3,1,3,1,2,3,0,1,3,,,
201017649339,2,3,1,49,7,5.214,1,10,2,2010,14,30,13,0,0,1,1,1,2,1,2,3,0,1,1,,,
201017649340,2,3,1,49,7,5.214,2,10,3,2010,15,50,12,9,0,4,1,1,1,2,2,3,0,1,1,,,
201017649341,2,3,1,49,7,5.214,11,9,6,2010,11,35,12,7,0,1,1,1,2,10,2,3,0,1,1,,,
201017649345,3,3,1,49,7,15.641,1,10,3,2010,15,20,21,0,0,1,1,1,2,1,2,3,0,1,1,,,
201017649351,2,3,1,49,7,5.214,2,10,5,2010,15,40,12,7,0,1,1,1,1,1,2,3,0,1,1,,,
201017649364,3,3,1,49,7,15.641,2,10,1,2010,20,42,12,6,0,2,3,1,3,2,2,3,0,2,1,,,
201017649365,6,3,1,49,7,130.345,2,10,2,2010,8,30,12,6,0,2,1,10,2,2,2,3,0,2,1,,,
201017649383,6,3,3,49,7,130.345,2,10,7,2010,2,48,12,1,0,1,2,1,0,0,2,3,0,1,1,,,
201017649386,1,3,3,49,7,2.607,3,10,7,2010,2,0,12,2,1,18,3,1,3,2,1,3,0,1,1,,,
201017649423,2,3,3,49,7,2.607,3,10,2,2010,9,40,12,7,0,1,1,10,0,0,2,3,0,1,1,,,
201017649428,3,3,3,49,7,18.248,2,10,1,2010,12,55,12,1,0,1,1,1,2,5,2,3,0,1,1,,,
201017649447,2,3,3,49,7,2.607,2,10,2,2010,19,50,12,1,0,1,2,1,0,0,2,3,0,1,1,,,
201017649475,2,3,1,49,7,5.214,2,10,5,2010,9,35,12,6,0,2,1,1,0,0,2,3,0,2,1,,,
201017649489,5,3,1,49,7,57.352,2,10,1,2010,2,20,12,6,0,2,3,1,1,2,2,3,0,2,1,,,
201017649509,4,3,1,49,7,297.187,2,10,1,2010,1,30,12,7,0,2,3,1,1,4,2,3,0,3,1,,,
201017649513,1,3,3,49,7,2.607,1,10,1,2010,2,25,25,0,0,1,3,1,3,2,2,3,0,1,3,,,
201017649516,2,3,1,49,7,5.214,4,10,4,2010,17,52,12,1,0,1,1,1,2,2,2,3,0,1,1,,,
201017649526,2,3,1,49,7,5.214,3,10,6,2010,20,7,12,6,0,2,3,1,1,1,2,3,0,2,1,,,
201017649534,3,3,1,49,7,15.641,2,9,4,2010,20,45,12,6,0,2,3,1,2,3,2,3,0,2,1,,,
201017649547,6,3,1,49,7,130.345,2,10,7,2010,19,48,12,1,0,6,3,1,0,0,1,3,0,1,1,,,
201017649553,2,3,1,49,7,5.214,2,9,5,2010,0,4,12,1,0,4,3,1,1,1,1,3,0,1,1,,,
201017649561,2,3,1,49,7,5.214,2,10,3,2010,15,31,12,6,0,2,1,1,1,1,2,3,0,2,1,,,
201017649562,3,3,1,49,7,15.641,1,10,2,2010,6,50,21,0,0,2,6,10,2,1,2,3,0,2,1,,,
201017649601,2,3,3,49,7,2.607,2,10,2,2010,2,30,12,1,0,1,2,1,0,0,2,3,0,1,1,,,
201017649613,2,3,3,49,7,2.607,2,10,6,2010,18,45,12,6,0,1,5,1,1,1,2,3,0,1,1,,,
201017649618,2,3,3,49,7,2.607,2,10,7,2010,3,38,12,1,1,18,3,1,0,0,2,3,0,1,1,,,
201017649623,2,3,3,49,7,2.607,2,10,6,2010,15,30,12,1,0,1,1,1,0,0,2,3,0,1,1,,,
201017649626,2,3,3,49,7,2.607,2,10,6,2010,16,18,12,1,0,1,1,1,2,1,2,3,0,1,1,,,
201017649633,1,3,1,49,7,5.214,3,10,7,2010,5,19,12,2,0,1,2,1,4,2,2,3,0,1,1,,,
201017649635,1,3,1,49,7,5.214,2,10,1,2010,19,0,12,6,0,2,5,1,4,3,2,3,0,3,1,,,
201017649637,1,3,1,49,7,5.214,1,10,2,2010,0,5,59,0,0,5,3,1,3,1,2,3,0,1,10,,,
201017649639,4,3,3,49,7,294.58,1,10,5,2010,11,25,5,0,0,1,1,6,0,0,2,3,0,1,1,,,
201017649642,1,3,1,49,7,5.214,2,10,4,2010,19,13,12,6,0,2,3,1,3,3,2,3,0,2,1,,,
201017649651,1,3,1,49,7,5.214,2,10,5,2010,14,12,12,2,0,2,1,1,3,3,2,3,0,2,1,,,
201017649657,2,3,3,49,7,2.607,3,10,3,2010,11,35,12,7,0,1,1,1,1,1,2,3,0,1,1,,,
201017649668,2,3,1,49,7,5.214,2,10,6,2010,2,5,45,0,0,1,3,1,0,0,2,3,1,1,1,,,
201017649679,2,3,3,49,7,2.607,3,10,2,2010,6,26,12,1,0,1,3,1,0,0,2,3,0,1,1,,,
201017649687,2,3,1,49,7,5.214,2,10,1,2010,0,30,45,0,0,1,3,1,0,0,1,3,1,1,1,,,
201017649708,4,3,1,49,7,297.187,2,10,4,2010,8,30,12,7,1,18,1,1,0,0,2,3,0,1,1,,,
201017649715,2,3,1,49,7,5.214,2,10,4,2010,19,15,12,6,0,4,5,1,1,1,2,3,0,1,1,,,
201017649718,6,3,1,49,7,130.345,2,10,2,2010,20,20,12,7,0,1,3,1,1,1,2,3,0,1,1,,,
201017649739,5,3,1,49,7,57.352,2,10,1,2010,23,10,12,2,0,4,3,1,1,1,2,3,0,1,1,,,
201017649744,2,3,1,49,7,5.214,1,10,7,2010,15,59,1,0,1,18,1,1,2,1,2,3,0,1,1,,,
201017649745,3,3,1,49,7,15.641,2,10,2,2010,18,26,12,6,0,2,1,1,2,1,2,3,0,2,1,,,
201017649751,2,3,3,49,7,2.607,2,10,4,2010,21,0,12,1,0,1,3,1,1,1,2,3,0,1,1,,,
201017649753,2,3,3,49,7,2.607,1,10,4,2010,17,0,1,0,1,5,1,1,0,0,2,3,0,1,1,,,
201017649765,2,3,3,49,7,2.607,2,10,3,2010,13,35,12,7,0,1,1,1,1,1,2,3,0,1,1,,,
201017649804,2,3,1,49,7,5.214,2,10,4,2010,12,5,12,6,0,2,1,1,1,1,2,3,0,3,1,,,
201017649831,6,3,1,49,7,130.345,2,10,7,2010,2,32,12,6,0,2,3,1,0,0,1,3,0,2,1,,,
201017649832,2,3,1,49,7,5.214,2,10,3,2010,16,2,12,6,0,2,1,1,1,2,2,3,0,8,1,,,
201017649839,3,3,1,49,7,15.641,1,10,5,2010,20,40,21,0,0,1,3,1,2,1,2,3,0,1,1,,,
201017649863,5,3,1,49,7,57.352,2,10,4,2010,5,48,12,6,0,2,3,1,2,2,2,3,0,2,1,,,
201017649871,2,3,1,49,7,5.214,5,10,5,2010,16,45,12,6,0,1,1,1,2,2,2,3,0,1,1,,,
201017649872,2,3,1,49,7,5.214,2,10,5,2010,7,9,12,6,0,1,1,1,1,1,2,3,0,1,1,,,
201017649873,4,3,1,49,7,297.187,2,10,4,2010,17,34,12,1,0,1,1,1,1,1,2,3,0,1,1,,,
201017649886,2,3,1,49,7,5.214,2,10,1,2010,5,52,12,1,0,1,3,1,0,0,2,3,0,1,1,,,
201017649896,3,3,1,49,7,15.641,2,10,5,2010,20,20,12,6,0,2,3,1,2,1,2,3,0,2,1,,,
201017649898,6,3,1,49,7,130.345,3,10,6,2010,9,25,12,1,0,2,1,1,1,3,2,3,0,3,1,,,
201017649934,1,3,1,49,7,5.214,1,10,7,2010,15,20,59,0,0,1,1,2,3,2,1,3,0,1,4,,,
201017649935,1,3,1,49,7,5.214,1,10,4,2010,14,15,74,0,0,1,1,1,3,3,2,3,0,1,4,,,
201017649937,3,3,1,49,7,15.641,1,10,6,2010,7,55,21,0,0,2,1,10,2,1,2,3,0,3,1,,,
201017649949,3,3,1,49,7,15.641,1,10,4,2010,18,45,21,0,0,2,3,1,3,1,2,3,0,3,1,,,
201017649954,2,3,3,49,7,2.607,1,10,4,2010,14,12,1,0,0,1,1,1,2,1,2,3,0,1,1,,,
201017649958,5,3,3,49,7,57.352,4,10,2,2010,19,29,12,1,0,1,3,1,1,1,2,3,0,1,1,,,
201017649961,2,3,3,49,7,2.607,2,10,3,2010,16,35,12,7,0,1,1,1,1,1,2,3,0,1,1,,,
201017649971,1,3,3,49,7,2.607,1,10,2,2010,0,15,30,0,0,1,3,1,4,1,2,3,0,1,4,,,
201017649975,2,3,3,49,7,2.607,2,10,4,2010,11,26,12,1,1,17,1,1,1,2,2,3,0,1,1,,,
201017649983,6,3,3,49,7,130.345,1,10,6,2010,10,35,25,0,1,5,1,1,0,0,2,3,0,1,4,,,
201017650020,2,3,3,49,7,2.607,3,10,4,2010,20,56,12,7,0,1,3,1,0,0,2,3,0,1,1,,,
201017650024,2,3,3,49,7,2.607,1,10,4,2010,0,25,25,0,1,19,3,1,1,1,2,3,0,1,4,,,
201017650038,6,3,1,49,7,130.345,2,10,5,2010,9,10,12,6,0,4,1,10,0,0,2,3,0,1,1,,,
201017650040,2,3,3,49,7,2.607,3,10,5,2010,9,0,12,1,1,18,1,1,0,0,2,3,0,1,1,,,
201017650048,3,3,3,49,7,18.248,2,10,6,2010,6,45,12,1,0,1,4,1,2,1,2,3,0,1,1,,,
201017650054,4,3,1,49,7,297.187,2,10,3,2010,18,22,12,6,0,2,1,1,1,1,2,3,0,2,1,,,
201017650062,3,3,1,49,7,15.641,2,10,1,2010,15,50,12,1,0,2,1,1,2,1,2,3,0,2,1,,,
201017650075,5,3,1,49,7,57.352,4,10,4,2010,12,0,12,6,0,2,1,1,2,5,2,3,0,2,1,,,
201017650113,2,3,1,49,7,5.214,3,10,6,2010,18,0,12,1,0,1,1,1,2,3,2,3,0,1,1,,,
201017650121,2,3,1,49,7,5.214,2,10,1,2010,3,25,12,1,1,18,3,10,1,1,1,3,0,1,1,,,
201017650128,6,3,1,49,7,130.345,2,11,3,2010,14,41,12,6,0,2,1,2,2,1,2,3,0,3,1,,,
201017650135,2,3,1,49,7,5.214,2,10,4,2010,8,5,12,6,0,2,1,1,2,1,2,3,0,2,1,,,
201017650138,2,3,1,49,7,5.214,2,11,4,2010,14,30,12,1,0,1,1,2,2,2,2,3,0,1,1,,,
201017650174,4,3,1,49,7,297.187,2,10,5,2010,18,11,12,1,0,1,1,1,0,0,2,3,0,1,1,,,
201017650203,2,3,1,49,7,5.214,2,10,3,2010,8,8,12,7,0,2,1,1,1,3,2,3,0,2,1,,,
201017650278,3,3,1,49,7,15.641,1,11,3,2010,18,30,21,0,0,2,5,2,2,1,2,3,0,2,1,,,
201017650288,6,3,1,49,7,130.345,1,10,3,2010,7,16,30,0,0,1,1,1,1,1,2,3,0,1,4,,,
201017650294,1,3,3,49,7,2.607,2,10,6,2010,18,30,12,1,0,1,5,1,4,1,2,3,0,1,1,,,
201017650297,1,3,3,49,7,2.607,4,11,3,2010,12,5,74,0,0,1,1,2,3,3,2,3,0,1,3,,,
201017650310,3,3,1,49,7,15.641,1,10,1,2010,2,30,21,0,0,2,3,1,2,2,2,3,0,2,1,,,
201017650319,4,3,1,49,7,297.187,2,10,5,2010,13,0,14,0,0,1,1,1,0,0,2,3,1,1,7,,,
201017650330,2,3,3,49,7,2.607,2,11,5,2010,0,39,12,6,0,1,3,1,1,1,2,3,0,1,1,,,
201017650349,1,3,3,49,7,2.607,1,10,5,2010,21,25,25,0,0,1,2,1,3,1,2,3,0,1,3,,,
201017650363,5,3,1,49,7,57.352,3,10,4,2010,11,7,12,7,0,4,1,1,2,2,2,3,0,1,1,,,
201017650366,2,3,1,49,7,5.214,2,10,3,2010,10,39,12,6,0,4,1,1,1,1,2,3,0,1,1,,,
201017650376,3,3,1,49,7,15.641,1,10,3,2010,15,56,21,0,0,4,1,1,2,1,2,3,0,1,1,,,
201017650379,2,3,3,49,7,2.607,2,10,4,2010,8,45,12,1,0,1,1,1,2,2,2,3,0,1,1,,,
201017650391,2,3,3,49,7,2.607,2,10,5,2010,20,34,12,7,1,18,3,1,1,4,2,3,0,1,1,,,
201017650397,6,3,1,49,7,130.345,2,10,1,2010,21,50,12,6,0,2,3,1,1,2,2,3,0,2,1,,,
201017650412,2,3,3,49,7,2.607,2,10,6,2010,19,55,12,1,1,18,3,1,0,0,2,3,0,1,1,,,
201017650425,2,3,3,49,7,2.607,2,10,3,2010,16,18,25,0,0,1,1,1,0,0,2,3,0,1,3,,,
201017650427,2,3,3,49,7,2.607,1,9,7,2010,7,14,74,0,0,1,3,2,0,0,2,3,0,1,3,,,
201017650431,2,3,3,49,7,2.607,3,10,6,2010,14,0,12,7,0,1,1,1,2,1,2,3,0,1,1,,,
201017650441,2,3,3,49,7,2.607,2,11,2,2010,6,59,12,7,0,1,3,1,0,0,2,3,0,1,1,,,
201017650463,1,3,1,49,7,5.214,4,10,7,2010,1,25,14,0,0,1,3,1,4,1,1,3,3,1,4,,,
201017650465,1,3,1,49,7,5.214,2,11,4,2010,4,45,12,2,0,2,2,2,3,2,1,3,0,2,1,,,
201017650466,1,3,1,49,7,5.214,2,10,6,2010,17,28,12,6,0,2,1,1,3,4,1,3,0,7,1,,,
201017650467,1,3,1,49,7,5.214,1,10,4,2010,22,6,30,0,0,1,3,1,3,1,2,3,0,1,3,,,
201017650468,1,3,1,49,7,5.214,2,10,6,2010,6,55,75,0,0,1,2,1,3,2,2,3,0,1,4,,,
201017650486,2,3,3,49,7,2.607,2,11,3,2010,13,9,12,7,0,1,1,2,0,0,2,3,0,1,1,,,
201017650493,2,3,3,49,7,2.607,2,11,3,2010,10,26,12,7,1,5,1,2,2,1,2,3,0,1,1,,,
201017650495,6,3,3,49,7,130.345,2,11,3,2010,6,55,12,7,0,1,1,10,0,0,2,3,0,1,1,,,
201017650536,2,3,1,49,7,5.214,2,11,5,2010,16,31,12,6,0,2,1,1,2,2,2,3,0,3,1,,,
201017650543,2,3,1,49,7,5.214,2,11,5,2010,16,46,12,6,0,2,1,1,1,1,2,3,0,2,1,,,
201017650547,4,3,1,49,7,297.187,1,10,6,2010,2,27,25,0,1,5,3,1,0,0,2,3,0,1,4,,,
201017650551,5,3,1,49,7,57.352,2,11,3,2010,13,15,12,6,0,4,1,2,0,0,2,3,0,1,1,,,
201017650561,2,3,1,49,7,5.214,2,10,3,2010,7,50,12,7,1,18,1,1,1,2,2,3,0,1,1,,,
201017650567,2,3,3,49,7,2.607,2,11,6,2010,11,10,12,2,0,1,1,1,3,1,2,3,0,1,1,,,
201017650585,6,3,1,49,7,130.345,2,11,7,2010,4,0,12,1,0,2,1,1,1,1,2,3,0,2,1,,,
201017650631,4,3,3,49,7,294.58,2,11,6,2010,23,0,12,1,0,1,2,1,1,1,2,3,0,1,1,,,
201017650639,2,3,3,49,7,2.607,2,11,6,2010,14,50,12,7,0,1,1,1,1,1,2,3,0,1,1,,,
201017650662,2,3,1,49,7,5.214,2,11,3,2010,6,7,12,6,0,2,3,10,1,1,2,3,0,3,1,,,
201017650674,3,3,1,49,7,15.641,1,11,2,2010,16,35,21,0,0,2,1,1,3,1,2,3,0,2,1,,,
201017650689,6,3,1,49,7,130.345,3,11,7,2010,10,0,12,6,0,2,1,1,1,1,2,3,0,2,1,,,
201017650715,4,3,1,49,7,297.187,2,11,2,2010,9,15,12,7,1,18,1,1,0,0,2,3,0,1,1,,,
201017650724,2,3,1,49,7,5.214,2,11,6,2010,8,50,12,6,0,2,1,1,1,1,2,3,0,3,1,,,
201017650726,1,3,1,49,7,5.214,2,10,6,2010,14,0,12,6,0,2,1,10,3,7,2,3,0,3,1,,,
201017650727,1,3,1,49,7,5.214,2,11,3,2010,14,0,12,6,0,2,1,2,3,5,2,3,0,2,1,,,
201017650738,3,3,1,49,7,15.641,1,11,1,2010,18,15,22,0,0,1,1,1,3,2,2,3,0,1,1,,,
201017650747,5,3,1,49,7,57.352,2,11,5,2010,11,33,12,6,0,2,1,1,1,2,2,3,0,2,1,,,
201017650754,2,3,1,49,7,5.214,2,11,7,2010,19,50,12,1,1,17,3,1,1,1,2,3,0,1,1,,,
201017650784,3,3,1,49,7,15.641,2,10,1,2010,18,46,12,6,0,2,3,1,2,3,2,3,0,2,1,,,
201017650796,6,3,1,49,7,130.345,2,11,5,2010,7,30,14,0,0,2,3,1,0,0,2,3,1,3,7,,,
201017650811,3,3,1,49,7,15.641,1,10,5,2010,7,0,22,0,0,2,3,1,2,1,2,3,0,2,1,,,
201017650826,3,3,1,49,7,15.641,1,11,1,2010,2,10,21,0,0,1,3,1,3,1,2,3,0,1,1,,,
201017650827,1,3,1,49,7,5.214,2,10,6,2010,19,50,12,6,0,2,1,1,3,1,2,3,0,2,1,,,
201017650828,1,3,2,49,7,2.607,2,10,1,2010,12,55,12,1,0,1,1,1,3,7,2,3,0,1,1,,,
201017650866,2,3,3,49,7,2.607,2,11,4,2010,10,30,12,1,1,18,1,1,2,2,2,3,0,1,1,,,
201017650867,2,3,3,49,7,2.607,3,11,4,2010,10,13,12,7,1,18,1,1,1,1,2,3,0,1,1,,,
201017650881,1,3,3,49,7,2.607,1,11,2,2010,10,8,74,0,0,1,1,1,4,2,2,3,0,1,2,,,
201017650924,2,3,3,49,7,2.607,2,11,2,2010,9,45,12,1,1,18,1,10,1,3,2,3,0,1,1,,,
201017650931,6,3,3,49,7,130.345,2,11,1,2010,1,40,12,1,0,1,2,1,0,0,1,3,0,1,1,,,
201017650940,5,3,3,49,7,57.352,2,11,6,2010,13,0,12,1,1,18,1,10,2,1,2,3,0,1,1,,,
201017650944,4,3,1,49,7,297.187,2,11,2,2010,18,6,12,1,0,1,3,1,0,0,2,3,0,1,1,,,
201017650946,2,3,3,49,7,2.607,9,11,5,2010,14,0,12,7,0,1,1,10,2,8,2,3,0,1,1,,,
201017650976,5,3,1,49,7,57.352,3,11,4,2010,8,50,12,6,0,2,1,1,1,3,2,3,0,2,1,,,
201017650977,2,3,1,49,7,5.214,2,11,3,2010,15,58,12,6,0,2,1,2,2,1,2,3,0,2,1,,,