CASENUM,STRATUM,REGION,PJ,PSU,PSUSTRAT,WEIGHT,VE_TOTAL,MONTH,WKDY_IM,YEAR,HOUR_IM,MINUTE_IM,EVENT1_IM,MANCOL_IM,RELJCT1_IM,RELJCT2_IM,LGTCON_IM,WEATHR_IM,MAXSEV_IM,NO_INJ_IM,ALCHL_IM,LAND_USE,PVH_INVL,TYP_INT,REL_ROAD,CF1,CF2,CF3
201018404705,6,3,1,9,8,129.532,2,4,5,2010,9,5,12,1,0,1,1,10,0,0,2,1,0,1,1,,,
201018404727,5,3,1,9,8,57.57,2,5,2,2010,14,25,12,1,0,1,1,10,1,3,2,1,0,1,1,,,
201018404729,2,3,1,9,8,4.798,3,5,5,2010,18,31,12,7,0,1,1,10,0,0,2,1,0,1,1,,,
201018404734,2,3,1,9,8,4.798,2,5,4,2010,12,36,12,7,0,1,1,10,0,0,2,1,0,1,1,,,
201018404737,2,3,1,9,8,4.798,3,5,4,2010,8,47,12,1,1,5,1,10,0,0,2,1,0,1,1,,,
201018404759,1,3,1,9,8,4.798,2,5,4,2010,15,48,14,0,0,1,1,10,4,1,2,1,1,1,2,,,
201018404760,6,3,1,9,8,129.532,2,5,5,2010,0,45,14,0,0,1,6,10,0,0,1,1,1,1,2,,,
201018404767,2,3,1,9,8,4.798,2,6,3,2010,10,22,12,1,0,1,1,10,1,1,2,1,0,1,1,,,
201018404775,2,3,1,9,8,4.798,2,5,6,2010,22,20,12,7,0,1,3,10,1,1,2,1,0,1,1,,,
201018404778,2,3,1,9,8,4.798,4,5,5,2010,8,18,12,1,0,1,1,10,2,1,2,1,0,1,1,,,
201018404781,1,3,1,9,8,4.798,1,5,3,2010,17,31,42,0,0,1,1,10,3,1,2,1,0,1,4,,,
201018404787,4,3,1,9,8,292.647,2,6,5,2010,7,8,12,1,0,1,1,10,0,0,2,1,0,1,1,,,
201018404801,1,3,1,9,8,4.798,2,6,7,2010,22,12,12,1,0,1,2,10,3,2,1,1,0,1,1,,,
201018404806,5,3,1,9,8,57.57,3,6,3,2010,7,3,12,1,0,1,1,10,2,2,2,1,0,1,1,,,
201018404808,6,3,1,9,8,129.532,2,6,3,2010,6,23,12,1,0,1,1,10,0,0,2,1,0,1,1,,,
201018404824,3,3,1,9,8,19.19,2,6,5,2010,9,18,12,1,0,1,1,10,2,1,2,1,0,1,1,,,
201018404847,1,3,1,9,8,4.798,1,6,7,2010,4,49,30,0,0,1,2,10,1,2,2,1,0,1,4,,,
201018404853,1,3,1,9,8,4.798,1,6,5,2010,11,11,1,0,0,1,1,10,3,2,2,1,0,1,3,,,
201018404854,2,3,1,9,8,4.798,2,6,3,2010,7,14,12,7,0,1,1,10,1,1,2,1,0,1,1,,,
201018404855,2,3,1,9,8,4.798,6,6,3,2010,6,35,12,1,0,1,1,10,2,3,2,1,0,1,1,,,
201018404866,5,3,1,9,8,57.57,10,6,6,2010,18,15,12,1,0,1,1,10,1,2,2,1,0,1,1,,,
201018404868,2,3,1,9,8,4.798,2,6,2,2010,5,28,12,1,0,1,1,10,1,1,2,1,0,1,1,,,
201018404869,6,3,1,9,8,129.532,1,6,7,2010,0,30,74,0,0,1,3,10,0,0,2,1,0,1,3,,,
201018404878,2,3,1,9,8,4.798,1,6,5,2010,9,9,33,0,1,5,1,10,2,1,2,1,0,1,4,,,
201018404896,2,3,1,9,8,4.798,2,6,2,2010,16,20,12,7,1,5,1,2,0,0,2,1,0,1,1,,,
201018404899,2,3,1,9,8,4.798,2,6,5,2010,11,26,12,6,0,1,1,10,2,1,2,1,0,1,1,,,
201018404908,2,3,1,9,8,4.798,2,6,2,2010,17,1,12,1,0,1,1,10,0,0,2,1,0,1,1,,,
201018404922,6,3,1,9,8,129.532,3,6,5,2010,17,24,12,6,0,2,1,10,0,0,2,1,0,2,1,,,
201018404936,2,3,1,9,8,4.798,3,6,2,2010,12,53,12,7,0,1,1,1,0,0,2,1,0,1,8,,,
201018404950,5,3,1,9,8,57.57,1,7,7,2010,7,37,74,0,0,1,1,2,1,1,2,1,0,1,4,,,
201018404964,2,3,1,9,8,4.798,1,7,1,2010,1,29,1,0,1,5,3,10,2,1,2,1,0,1,4,,,
201018404969,6,3,1,9,8,129.532,1,7,7,2010,9,22,42,0,1,5,1,2,0,0,2,1,0,1,4,,,
201018405000,5,3,1,9,8,57.57,3,7,4,2010,14,43,12,1,0,1,1,1,1,1,2,1,0,1,1,,,
201018405002,1,3,1,9,8,4.798,1,8,4,2010,6,57,1,0,1,5,1,1,3,1,2,1,0,1,2,,,
201018405009,2,3,1,9,8,4.798,4,7,6,2010,13,48,12,1,1,5,1,1,1,4,2,1,0,1,1,,,
201018405018,2,3,1,9,8,4.798,1,8,3,2010,16,35,8,0,0,1,1,1,0,0,2,1,0,1,1,,,
201018405019,6,3,1,9,8,129.532,2,8,2,2010,17,0,12,1,0,1,1,1,0,0,2,1,0,1,1,,,
201018405050,2,3,1,9,8,4.798,1,8,1,2010,4,14,74,0,0,1,2,1,0,0,2,1,0,1,3,,,
201018405061,6,3,1,9,8,129.532,2,8,1,2010,15,20,12,7,0,1,1,2,0,0,2,1,0,1,1,,,
201018405074,2,3,1,9,8,4.798,2,8,6,2010,12,22,54,11,0,1,1,1,0,0,2,1,0,1,1,,,
201018405093,4,3,1,9,8,292.647,2,8,5,2010,17,24,12,1,0,1,1,1,0,0,2,1,0,1,1,,,
201018405101,6,3,1,9,8,129.532,2,9,4,2010,10,53,12,6,0,2,1,1,0,0,2,1,0,3,1,,,
201018405107,2,3,1,9,8,4.798,2,9,4,2010,8,2,12,1,0,1,1,1,2,3,2,1,0,1,1,,,
201018405113,2,3,1,9,8,4.798,2,8,1,2010,10,28,12,6,0,1,1,2,2,1,2,1,0,1,1,,,
201018405126,2,3,1,9,8,4.798,1,8,5,2010,9,22,1,0,1,5,1,1,2,1,2,1,0,1,4,,,
201018405138,3,3,1,9,8,19.19,3,9,1,2010,18,55,12,1,0,1,1,1,2,1,2,1,0,1,1,,,
201018405151,1,3,1,9,8,4.798,1,9,5,2010,8,51,42,0,0,1,3,1,3,1,2,1,0,1,4,,,
201018405155,2,3,1,9,8,4.798,2,9,1,2010,23,15,12,1,0,1,3,1,0,0,2,1,0,1,1,,,
201018405161,2,3,1,9,8,4.798,2,9,3,2010,8,59,12,1,0,1,1,1,0,0,2,1,0,1,1,,,
201018405162,6,3,1,9,8,129.532,3,9,6,2010,18,44,12,1,0,1,1,1,0,0,2,1,0,1,1,,,
201018405171,5,3,1,9,8,57.57,1,9,4,2010,17,37,34,0,0,1,1,1,5,1,2,1,0,1,3,,,
201018405172,1,3,1,9,8,4.798,1,9,5,2010,11,49,1,0,1,5,1,1,3,2,2,1,0,1,1,,,
201018405183,2,3,1,9,8,4.798,2,9,6,2010,4,58,12,1,0,1,6,1,0,0,2,1,0,1,1,,,
201018405192,2,3,1,9,8,4.798,3,9,1,2010,20,38,12,1,0,1,3,1,0,0,2,1,0,1,1,,,
201018405212,6,3,1,9,8,129.532,1,9,1,2010,17,28,30,0,0,1,1,1,1,1,2,1,0,1,4,,,
201018405219,1,3,1,9,8,4.798,1,9,4,2010,3,9,41,0,0,1,2,2,3,1,2,1,0,1,3,,,
201018405221,2,3,1,9,8,4.798,2,9,1,2010,8,51,12,1,0,1,1,2,0,0,2,1,0,1,1,,,
201018405223,2,3,1,9,8,4.798,2,9,5,2010,16,4,12,1,0,1,1,1,1,1,2,1,0,1,1,,,
201018405248,2,3,1,9,8,4.798,2,9,6,2010,20,1,12,7,0,1,1,1,0,0,2,1,0,1,1,,,
201018405250,5,3,1,9,8,57.57,2,10,1,2010,13,24,12,1,0,1,1,1,1,3,2,1,0,1,1,,,
201018405277,6,3,1,9,8,129.532,2,10,3,2010,6,25,12,1,1,5,4,1,1,1,2,1,0,1,1,,,
201018405297,2,3,1,9,8,4.798,1,9,5,2010,11,17,74,0,0,1,1,2,1,1,2,1,0,1,4,,,
201018405309,5,3,1,9,8,57.57,1,10,3,2010,5,34,24,0,0,1,2,1,1,1,2,1,0,1,1,,,
201018405313,2,3,1,9,8,4.798,3,10,5,2010,6,22,12,1,0,1,4,1,2,1,2,1,0,1,1,,,
201018405318,2,3,1,9,8,4.798,4,10,4,2010,15,1,54,11,0,1,1,1,2,2,2,1,0,1,1,,,
201018405330,6,3,1,9,8,129.532,2,10,6,2010,19,0,12,1,0,1,3,1,0,0,2,1,0,1,1,,,
201018405336,2,3,1,9,8,4.798,1,10,5,2010,11,10,1,0,1,5,1,2,3,1,2,1,0,1,2,,,
201018405341,4,3,1,9,8,292.647,2,10,2,2010,15,22,12,6,0,4,1,1,1,1,2,1,0,1,1,,,
201018405361,2,3,1,9,8,4.798,3,10,3,2010,19,47,12,7,0,1,3,1,0,0,2,1,0,1,1,,,
201018405364,2,3,1,9,8,4.798,4,10,5,2010,16,56,12,1,0,1,1,1,0,0,2,1,0,1,1,,,
201018405366,2,3,1,9,8,4.798,1,10,5,2010,8,39,43,0,0,1,1,1,2,1,2,1,0,1,5,,,
201018405384,6,3,1,9,8,129.532,2,10,7,2010,1,7,14,0,0,1,3,1,0,0,2,1,1,1,5,,,
201018405387,5,3,1,9,8,57.57,2,11,5,2010,14,44,12,6,0,1,1,2,2,1,2,1,0,1,1,,,
201018405397,2,3,1,9,8,4.798,3,11,7,2010,5,54,12,1,0,1,3,1,4,1,2,1,0,1,1,,,
201018405424,2,3,1,9,8,4.798,1,10,4,2010,5,22,5,0,1,5,4,2,0,0,2,1,0,1,2,,,
201018405426,2,3,1,9,8,4.798,2,10,6,2010,10,21,12,6,1,5,1,1,0,0,2,1,0,1,1,,,
201018405449,1,3,6,9,8,4.798,1,10,4,2010,17,0,32,0,0,1,1,1,3,1,2,8,0,1,4,,,
201018405463,5,3,6,9,8,57.57,2,10,2,2010,18,15,12,1,0,1,1,1,1,1,2,8,0,1,1,,,
201018405467,4,3,6,9,8,292.647,1,10,3,2010,22,30,24,0,0,1,2,1,1,1,2,8,0,1,1,,,
201018405501,5,3,1,9,8,57.57,1,11,5,2010,2,37,30,0,1,5,3,1,2,2,2,1,0,1,4,,,
201018405513,6,3,1,9,8,129.532,1,10,4,2010,16,19,42,0,0,1,1,1,0,0,2,1,0,1,5,,,
201018405534,2,3,1,9,8,4.798,2,11,4,2010,15,39,12,7,0,1,1,1,0,0,2,1,0,1,1,,,
201018405539,2,3,1,9,8,4.798,2,11,3,2010,13,23,12,7,0,1,1,2,0,0,2,1,0,1,1,,,
201018405551,2,3,1,9,8,4.798,2,11,2,2010,12,32,12,6,0,1,1,1,1,1,2,1,0,1,1,,,
201018405565,1,3,1,9,8,4.798,2,11,3,2010,22,5,12,6,0,1,2,2,3,3,2,1,0,1,1,,,
201018405572,6,3,1,9,8,129.532,1,11,4,2010,2,46,42,0,0,1,3,1,0,0,1,1,0,1,4,,,
201018405576,5,3,1,9,8,57.57,3,11,5,2010,18,35,12,1,0,1,1,1,2,2,2,1,0,1,1,,,
201018405613,4,3,1,9,8,292.647,2,11,2,2010,17,31,12,1,0,1,1,1,1,1,2,1,0,1,1,,,
201018405618,6,3,1,9,8,129.532,1,12,1,2010,23,52,33,0,1,5,3,1,0,0,2,1,0,1,4,,,
201018405649,2,3,1,9,8,4.798,2,11,4,2010,15,31,12,6,0,5,1,1,1,1,2,1,0,1,1,,,
201018405656,5,3,1,9,8,57.57,1,12,4,2010,21,31,30,0,0,1,3,1,0,0,2,1,0,1,4,,,
201018405674,2,3,1,9,8,4.798,2,12,4,2010,14,55,12,1,0,1,1,1,0,0,2,1,0,1,1,,,
201018405678,2,3,1,9,8,4.798,2,12,6,2010,14,43,12,7,0,1,1,1,0,0,2,1,0,1,1,,,
201018405679,6,3,1,9,8,129.532,1,12,6,2010,11,22,74,0,0,1,1,1,0,0,1,1,0,1,4,,,
201018405695,2,3,1,9,8,4.798,3,12,5,2010,10,59,12,7,0,1,1,1,0,0,2,1,0,1,1,,,
201018453635,2,2,7,72,13,2.0,2,1,2,2010,0,50,12,1,0,1,3,1,0,0,2,8,0,1,1,,,
201018453938,2,2,7,72,13,2.0,2,1,3,2010,5,57,71,0,0,1,3,1,0,0,2,8,0,1,1,,,
201018453939,2,2,7,72,13,2.0,2,1,5,2010,6,30,14,0,1,5,1,4,0,0,2,8,1,1,2,,,
201018453940,2,2,7,72,13,2.0,3,1,5,2010,6,0,12,2,0,1,3,4,0,0,2,8,0,1,1,,,
201018453941,2,2,7,72,13,2.0,2,1,5,2010,21,10,45,0,1,5,2,4,0,0,2,8,1,1,1,,,
201018453942,2,2,7,72,13,2.0,2,1,5,2010,1,0,12,1,0,1,3,1,2,1,2,8,0,1,1,,,
201018454586,2,2,7,72,13,2.0,3,1,7,2010,14,35,12,1,0,1,1,1,1,1,2,8,0,1,1,,,
201018454587,2,2,7,72,13,2.0,2,1,6,2010,11,35,12,7,0,1,1,4,2,2,2,8,0,1,1,,,
201018454613,2,2,7,72,13,2.0,2,1,3,2010,22,8,12,1,1,18,3,1,2,3,2,8,0,1,1,,,
201018454616,2,2,7,72,13,2.0,2,1,2,2010,9,15,12,7,0,1,1,1,0,0,2,8,0,1,1,,,
201018454675,3,2,4,72,13,20.0,2,1,7,2010,20,30,12,1,0,1,1,1,2,1,2,3,0,1,1,,,
201018454717,4,2,3,72,13,295.0,2,1,1,2010,10,25,12,1,0,1,1,1,0,0,2,3,0,1,1,,,
201018454838,1,2,3,72,13,5.0,1,1,7,2010,2,0,42,0,0,1,6,1,4,2,1,3,0,1,4,,,
201018454906,1,2,6,72,13,5.0,2,1,2,2010,16,55,12,2,0,2,3,1,3,1,2,3,0,2,1,,,
201018454912,2,2,6,72,13,5.0,1,1,3,2010,16,30,73,0,0,1,1,1,0,0,2,3,0,1,1,,,
201018454949,3,2,1,72,13,20.0,1,1,5,2010,18,0,21,0,0,2,1,1,2,1,2,3,0,2,1,,,
201018454964,4,2,1,72,13,295.0,2,1,7,2010,1,30,12,6,0,2,3,1,0,0,2,3,0,2,1,,,
201018454989,5,2,1,72,13,60.0,2,1,3,2010,10,35,12,6,0,2,1,1,1,1,2,3,0,3,1,,,
201018455010,2,2,7,72,13,2.0,2,1,5,2010,5,34,12,1,0,1,3,1,3,1,2,8,0,1,2,,,
201018455022,2,2,7,72,13,2.0,4,1,1,2010,3,30,25,0,0,1,3,2,0,0,2,8,0,1,3,,,
201018455025,6,2,7,72,13,130.0,3,1,4,2010,19,7,12,1,0,1,3,4,0,0,2,8,0,1,1,,,
201018455029,3,2,7,72,13,18.0,2,1,5,2010,19,30,12,1,0,1,3,2,2,2,2,8,0,1,1,,,
201018455030,2,2,7,72,13,2.0,2,1,7,2010,1,30,12,1,0,1,2,1,2,2,2,8,0,1,1,,,
201018455041,4,2,7,72,13,296.0,2,1,6,2010,13,45,12,7,0,1,1,1,0,0,2,8,0,1,1,,,
201018455065,2,2,1,72,13,5.0,2,1,3,2010,8,2,12,6,0,2,1,1,0,0,2,3,0,3,1,,,
201018455083,4,2,1,72,13,295.0,2,1,2,2010,9,0,12,6,0,2,1,1,0,0,2,3,0,8,1,,,
201018455089,1,2,3,72,13,5.0,2,1,5,2010,0,48,12,6,0,2,3,1,3,1,2,3,0,2,1,,,
201018455102,6,2,4,72,13,130.0,2,1,2,2010,13,40,12,6,0,2,1,1,0,0,2,3,0,8,1,,,
201018455111,4,2,4,72,13,295.0,2,1,1,2010,19,48,14,0,0,1,5,1,0,0,2,3,1,1,7,,,
201018455161,4,2,6,72,13,295.0,2,1,2,2010,15,15,12,7,0,1,1,1,0,0,2,3,0,1,1,,,
201018455257,6,2,6,72,13,130.0,2,1,2,2010,5,20,14,0,0,1,3,1,0,0,2,3,1,1,7,,,
201018455260,3,2,6,72,13,20.0,2,1,2,2010,12,30,12,1,0,1,1,1,2,1,2,3,0,1,1,,,
201018455291,1,2,3,72,13,5.0,2,1,3,2010,6,55,12,6,0,2,3,1,3,1,2,3,0,2,1,,,
201018455292,5,2,3,72,13,60.0,2,1,1,2010,14,17,12,6,0,2,1,1,1,1,2,3,0,8,1,,,
201018455296,3,2,3,72,13,20.0,1,1,5,2010,16,54,21,0,0,1,1,4,2,1,2,3,0,1,1,,,
201018455363,2,2,1,72,13,5.0,2,1,5,2010,11,6,12,6,0,2,1,1,2,1,2,3,0,2,1,,,
201018455364,6,2,1,72,13,130.0,2,1,5,2010,16,53,12,6,0,2,3,1,0,0,2,3,0,2,1,,,
201018455372,4,2,1,72,13,295.0,2,1,4,2010,16,0,14,0,0,1,1,4,0,0,2,3,1,1,7,,,
201018455409,4,2,2,72,13,295.0,2,1,4,2010,18,30,12,1,0,2,3,1,0,0,2,3,0,2,1,,,
201018455437,3,2,2,72,13,20.0,2,1,3,2010,11,50,12,6,0,4,1,4,2,4,2,3,0,1,1,,,
201018455458,4,2,3,72,13,295.0,2,1,3,2010,12,25,12,7,0,1,1,1,1,1,2,3,0,1,1,,,
201018455496,2,2,3,72,13,5.0,2,1,3,2010,12,50,12,1,0,2,1,1,0,0,2,3,0,8,1,,,
201018455522,4,2,4,72,13,295.0,2,1,7,2010,17,0,12,9,0,1,3,1,0,0,2,3,0,1,1,,,
201018455547,4,2,6,72,13,295.0,2,1,7,2010,16,10,12,1,0,1,1,1,0,0,2,3,0,1,1,,,
201018455555,5,2,6,72,13,60.0,2,1,2,2010,23,12,12,6,0,2,3,1,2,1,2,3,0,2,1,,,
201018455590,3,2,3,72,13,20.0,2,1,6,2010,8,55,12,1,0,2,1,1,2,2,2,3,0,8,1,,,
201018455592,2,2,3,72,13,5.0,2,1,3,2010,19,19,12,6,0,2,1,1,0,0,2,3,0,2,1,,,
201018455595,6,2,3,72,13,130.0,2,1,6,2010,14,20,12,6,0,2,1,2,0,0,2,3,0,2,1,,,
201018455618,2,2,7,72,13,2.0,2,1,5,2010,21,43,12,7,0,1,1,1,3,1,2,8,0,1,1,,,
201018455625,1,2,7,72,13,2.0,1,1,6,2010,13,42,25,0,0,1,1,1,3,1,2,8,0,1,3,,,
201018455633,2,2,7,72,13,2.0,2,1,5,2010,12,0,12,1,0,1,1,1,2,1,2,8,0,1,1,,,
201018455714,1,2,6,72,13,5.0,4,1,6,2010,8,0,14,0,0,1,1,1,4,1,2,3,3,1,7,,,
201018455720,2,2,2,72,13,5.0,3,1,2,2010,10,0,12,1,0,2,1,1,2,2,2,3,0,8,1,,,
201018455723,6,2,2,72,13,130.0,2,1,5,2010,17,30,12,6,0,4,1,8,0,0,2,3,0,1,1,,,
201018455788,4,2,3,72,13,295.0,2,1,4,2010,8,30,14,0,0,1,1,1,0,0,2,3,1,1,7,,,
201018455798,2,2,1,72,13,5.0,2,1,4,2010,14,10,12,6,0,2,1,1,2,1,2,3,0,2,1,,,
201018455980,4,2,4,72,13,295.0,3,1,3,2010,16,30,12,1,0,2,1,6,5,1,2,3,0,2,1,,,
201018456006,3,2,1,72,13,20.0,1,1,6,2010,21,10,21,0,0,2,3,1,2,1,2,3,0,2,1,,,
201018456018,4,2,1,72,13,295.0,2,1,5,2010,14,20,12,7,0,1,1,1,1,1,2,3,0,1,1,,,
201018456019,1,2,6,72,13,5.0,3,1,7,2010,18,30,12,2,0,2,3,1,3,6,2,3,0,2,1,,,
201018456050,1,2,3,72,13,5.0,2,1,6,2010,9,6,12,6,0,2,1,1,3,3,2,3,0,2,1,,,
201018456116,5,2,2,72,13,60.0,3,1,6,2010,3,0,30,0,0,1,3,1,1,1,1,3,2,1,4,,,
201018456121,2,2,4,72,13,5.0,2,2,3,2010,19,0,12,6,0,2,3,2,0,0,2,3,0,2,1,,,
201018456144,1,2,3,72,13,5.0,3,1,5,2010,6,45,12,6,0,2,3,1,3,1,2,3,1,2,1,,,
201018456148,2,2,3,72,13,5.0,2,2,3,2010,0,41,12,6,0,2,3,4,0,0,2,3,0,2,1,,,
201018456175,6,2,1,72,13,130.0,1,2,3,2010,5,50,42,0,0,1,3,4,0,0,2,3,0,1,4,,,
201018456176,2,2,1,72,13,5.0,4,1,4,2010,10,21,12,1,0,2,1,1,3,1,2,3,0,8,1,,,
201018456177,2,2,1,72,13,5.0,2,2,3,2010,15,10,12,1,0,2,1,4,2,1,2,3,0,2,1,,,
201018456233,2,2,6,72,13,5.0,2,1,7,2010,23,51,12,6,0,4,6,1,2,2,2,3,0,1,1,,,
201018456240,4,2,6,72,13,295.0,2,1,6,2010,20,45,12,7,0,2,3,1,0,0,2,3,0,2,1,,,
201018456247,1,2,3,72,13,5.0,2,1,6,2010,23,30,12,6,0,1,3,1,3,2,1,3,0,1,1,,,
201018456251,4,2,3,72,13,295.0,2,1,7,2010,17,3,12,6,0,2,1,1,0,0,2,3,0,8,1,,,
201018456263,5,2,7,72,13,58.0,1,2,4,2010,5,0,25,0,1,19,3,4,2,1,2,8,0,1,3,,,
201018456292,1,2,7,72,13,2.0,1,2,7,2010,1,30,25,0,0,1,3,1,3,1,1,8,0,1,4,,,
201018456297,2,2,7,72,13,2.0,2,2,3,2010,16,58,12,7,0,1,1,4,2,1,2,8,0,1,1,,,
201018456320,2,2,7,72,13,2.0,2,2,1,2010,14,18,12,7,0,1,1,1,0,0,2,8,0,1,1,,,
201018456345,4,2,7,72,13,296.0,2,2,3,2010,14,30,12,7,0,1,1,1,0,0,2,8,0,1,1,,,
201018456422,4,2,2,72,13,295.0,2,2,1,2010,11,5,12,1,0,2,1,1,0,0,2,3,0,2,1,,,
201018456455,3,2,1,72,13,20.0,2,2,5,2010,14,10,12,1,0,1,1,1,2,2,2,3,0,1,1,,,
201018456459,4,2,1,72,13,295.0,2,2,6,2010,9,8,12,7,0,1,1,1,0,0,2,3,0,1,1,,,
201018456514,2,2,7,72,13,2.0,2,2,5,2010,16,10,12,7,0,1,1,1,2,1,2,8,0,1,1,,,
201018456515,2,2,7,72,13,2.0,2,2,2,2010,14,0,12,1,1,5,1,1,0,0,2,8,0,1,1,,,
201018456539,1,2,3,72,13,5.0,2,2,3,2010,15,30,12,2,0,2,1,4,3,2,2,3,0,2,1,,,
201018456562,6,2,4,72,13,130.0,1,2,4,2010,2,0,43,0,0,1,6,10,0,0,2,3,0,1,5,,,
201018456616,1,2,3,72,13,5.0,2,1,1,2010,10,30,12,6,0,2,1,1,3,4,2,3,0,2,1,,,
201018456631,1,2,1,72,13,5.0,2,2,7,2010,16,13,12,2,0,2,1,3,3,2,2,3,0,2,1,,,
201018456670,3,2,4,72,13,20.0,1,2,5,2010,14,33,21,0,0,2,1,1,2,1,2,3,0,2,1,,,
201018456672,4,2,4,72,13,295.0,2,2,4,2010,20,0,12,6,0,2,3,4,0,0,2,3,0,3,1,,,
201018456705,1,2,6,72,13,5.0,2,1,6,2010,6,10,12,2,0,2,3,1,3,2,2,3,0,3,1,,,
201018456733,6,2,3,72,13,130.0,2,2,6,2010,15,55,12,6,0,2,1,4,0,0,2,3,0,2,1,,,
201018456737,1,2,1,72,13,5.0,2,2,5,2010,11,0,12,6,0,4,1,1,3,2,2,3,0,1,1,,,
201018456756,2,2,7,72,13,2.0,2,2,6,2010,9,35,25,0,0,1,1,1,2,2,2,8,0,1,3,,,
201018456757,2,2,7,72,13,2.0,2,2,7,2010,13,55,12,6,0,1,1,1,2,6,2,8,0,1,1,,,
201018456766,2,2,7,72,13,2.0,3,2,1,2010,15,35,12,1,0,1,1,1,0,0,2,8,0,1,1,,,
201018456767,2,2,7,72,13,2.0,1,2,2,2010,17,35,25,0,1,5,1,2,0,0,2,8,0,1,6,,,
201018456813,2,2,2,72,13,5.0,2,2,4,2010,7,55,12,1,0,4,1,1,0,0,2,3,0,1,1,,,
201018456816,1,2,7,72,13,2.0,2,1,7,2010,13,41,14,0,0,1,1,1,3,2,2,8,1,1,2,,,
201018456821,2,2,7,72,13,2.0,2,2,3,2010,12,7,12,7,0,1,1,4,0,0,2,8,0,1,1,,,
201018456858,3,2,6,72,13,20.0,2,2,2,2010,16,45,12,6,0,1,1,1,2,2,2,3,0,1,1,,,
201018456872,6,2,6,72,13,130.0,1,2,6,2010,2,30,30,0,0,1,2,1,0,0,2,3,0,1,4,,,
201018456883,4,2,6,72,13,295.0,2,2,3,2010,11,35,12,1,0,1,1,1,0,0,2,3,0,1,1,,,
201018456907,4,2,2,72,13,295.0,2,2,2,2010,12,37,12,7,0,1,1,1,0,0,2,3,0,1,1,,,
201018456914,1,2,3,72,13,5.0,2,2,3,2010,19,15,12,6,0,2,2,1,3,2,2,3,0,8,1,,,
201018456923,4,2,3,72,13,295.0,2,2,5,2010,23,15,14,0,0,1,2,4,0,0,2,3,1,1,7,,,
201018456930,4,2,1,72,13,295.0,2,2,7,2010,3,20,12,2,0,1,3,1,0,0,2,3,0,1,1,,,
201018456991,2,2,3,72,13,5.0,2,2,4,2010,9,10,12,6,0,4,1,4,0,0,2,3,0,1,1,,,
201018457056,2,2,7,72,13,2.0,3,2,4,2010,6,45,12,1,0,1,1,1,0,0,2,8,0,1,1,,,
201018457077,3,2,1,72,13,20.0,1,2,1,2010,12,27,21,0,0,2,1,1,2,1,2,3,0,2,1,,,
201018457081,5,2,4,72,13,60.0,2,2,4,2010,6,28,25,0,0,1,1,1,2,1,2,3,0,1,3,,,
201018457120,3,2,3,72,13,20.0,1,2,1,2010,8,40,21,0,0,2,1,1,2,1,2,3,0,2,1,,,
201018457247,2,2,2,72,13,5.0,2,2,1,2010,3,20,14,0,0,1,3,1,0,0,2,3,1,1,7,,,
201018457282,5,2,3,72,13,60.0,1,2,5,2010,7,45,25,0,0,1,1,1,2,3,2,3,0,1,3,,,
201018457292,6,2,1,72,13,130.0,2,2,7,2010,11,43,12,1,0,1,1,1,0,0,2,3,0,1,1,,,
201018457301,2,2,1,72,13,5.0,2,2,5,2010,12,15,12,6,0,2,1,1,1,1,2,3,0,2,1,,,
201018457311,4,2,1,72,13,295.0,2,2,3,2010,4,0,14,0,0,1,3,4,0,0,2,3,1,1,7,,,
201018457332,2,2,7,72,13,2.0,3,3,2,2010,8,15,12,1,0,1,1,1,1,1,2,8,0,1,1,,,
201018457340,6,2,7,72,13,130.0,3,2,5,2010,19,20,12,1,0,1,3,1,0,0,2,8,0,1,1,,,
201018457348,2,2,7,72,13,2.0,2,3,3,2010,7,45,12,7,0,1,1,1,0,0,2,8,0,1,1,,,
201018457370,4,2,7,72,13,296.0,2,2,7,2010,8,0,12,7,0,1,1,1,0,0,2,8,0,1,1,,,
201018457412,4,2,4,72,13,295.0,2,2,1,2010,1,6,14,0,0,1,3,1,0,0,2,3,1,1,7,,,
201018457437,3,2,6,72,13,20.0,1,2,6,2010,11,20,21,0,0,2,1,1,3,1,2,3,0,2,1,,,
201018457443,4,2,6,72,13,295.0,2,2,7,2010,9,5,12,6,0,2,1,4,0,0,2,3,0,3,1,,,
201018457484,4,2,3,72,13,295.0,2,2,5,2010,17,55,14,0,0,1,5,1,0,0,2,3,1,1,6,,,
201018457494,1,2,7,72,13,2.0,1,3,3,2010,22,0,30,0,0,1,3,1,4,3,1,8,0,1,4,,,
201018457503,2,2,7,72,13,2.0,5,3,5,2010,9,11,12,1,0,1,1,1,0,0,2,8,0,1,1,,,
201018457504,2,2,7,72,13,2.0,2,3,5,2010,14,8,12,7,0,1,1,1,0,0,2,8,0,1,1,,,
201018457515,2,2,7,72,13,2.0,2,3,3,2010,20,10,12,7,0,1,3,1,0,0,2,8,0,1,1,,,
201018457588,2,2,6,72,13,5.0,2,2,7,2010,13,10,12,6,0,2,1,1,0,0,2,3,0,8,1,,,
201018457601,2,2,1,72,13,5.0,2,2,6,2010,15,20,12,6,0,2,1,1,0,0,2,3,0,3,1,,,
201018457614,2,2,4,72,13,5.0,2,2,3,2010,12,20,12,6,0,2,1,1,0,0,2,3,0,8,1,,,
201018457633,3,2,2,72,13,20.0,2,2,3,2010,17,45,21,0,0,1,5,1,2,1,2,3,0,1,1,,,
201018457644,6,2,2,72,13,130.0,1,2,4,2010,9,7,30,0,0,1,1,4,1,1,2,3,0,1,4,,,
201018457660,4,2,2,72,13,295.0,2,2,1,2010,8,1,12,6,0,1,1,1,0,0,2,3,0,1,1,,,
201018457789,2,2,7,72,13,2.0,3,3,4,2010,11,35,12,7,0,1,1,1,0,0,2,8,0,1,1,,,
201018457790,2,2,7,72,13,2.0,3,3,2,2010,17,43,12,1,0,1,3,1,0,0,2,8,0,1,1,,,
201018457791,2,2,7,72,13,2.0,2,3,2,2010,15,35,12,1,1,18,1,1,1,3,2,8,0,1,1,,,