CASENUM,STRATUM,REGION,PJ,PSU,PSUSTRAT,WEIGHT,VE_TOTAL,MONTH,WKDY_IM,YEAR,HOUR_IM,MINUTE_IM,EVENT1_IM,MANCOL_IM,RELJCT1_IM,RELJCT2_IM,LGTCON_IM,WEATHR_IM,MAXSEV_IM,NO_INJ_IM,ALCHL_IM,LAND_USE,PVH_INVL,TYP_INT,REL_ROAD,CF1,CF2,CF3
201018463192,3,2,4,72,13,20.0,1,5,3,2010,10,25,22,0,0,2,1,1,2,1,2,3,0,8,1,,,
201018463196,3,2,4,72,13,20.0,1,5,5,2010,16,15,21,0,0,2,1,1,2,1,2,3,0,2,1,,,
201018463208,3,2,3,72,13,20.0,1,5,5,2010,17,15,22,0,0,2,1,1,2,1,2,3,0,2,1,,,
201018463229,3,2,1,72,13,20.0,3,5,1,2010,20,23,12,1,0,2,3,1,2,1,2,3,0,2,1,,,
201018463249,1,2,2,72,13,5.0,2,5,6,2010,10,5,12,6,0,2,1,1,3,2,2,3,0,2,1,,,
201018463250,1,2,3,72,13,5.0,3,5,7,2010,11,30,12,6,0,2,1,1,3,1,2,3,1,2,1,,,
201018463251,1,2,1,72,13,5.0,2,5,6,2010,14,5,12,6,0,2,1,1,3,1,2,3,0,2,1,,,
201018463296,3,2,4,72,13,20.0,2,5,2,2010,15,50,12,1,0,2,1,10,2,2,2,3,0,8,1,,,
201018463298,6,2,4,72,13,130.0,3,5,2,2010,12,19,12,7,0,2,1,10,1,1,2,3,0,2,1,,,
201018463299,4,2,4,72,13,295.0,2,6,6,2010,17,58,12,6,0,2,1,1,0,0,2,3,0,2,1,,,
201018463300,5,2,4,72,13,60.0,4,5,2,2010,15,40,12,2,0,1,1,1,2,2,2,3,2,1,1,,,
201018463348,4,2,3,72,13,295.0,2,5,5,2010,15,10,12,7,0,1,1,1,0,0,2,3,0,1,1,,,
201018463353,6,2,1,72,13,130.0,2,5,1,2010,13,30,12,6,0,2,1,1,0,0,2,3,0,2,1,,,
201018463378,3,2,2,72,13,20.0,3,5,6,2010,17,0,12,1,0,2,1,1,2,1,2,3,0,2,1,,,
201018463398,3,2,1,72,13,20.0,3,5,6,2010,20,12,12,1,0,2,3,1,2,1,2,3,0,2,1,,,
201018463405,2,2,1,72,13,5.0,8,6,3,2010,14,0,12,7,0,2,1,1,3,6,2,3,0,2,1,,,
201018463418,2,2,7,72,13,2.0,4,6,4,2010,11,10,12,1,0,1,1,1,1,2,2,8,0,1,1,,,
201018463420,2,2,7,72,13,2.0,2,6,5,2010,10,20,12,7,0,1,1,1,2,2,2,8,0,1,1,,,
201018463421,2,2,7,72,13,2.0,2,6,4,2010,6,15,12,7,0,1,1,1,1,2,2,8,0,1,1,,,
201018463422,2,2,7,72,13,2.0,2,6,5,2010,19,30,12,1,0,1,1,1,2,2,2,8,0,1,1,,,
201018463450,4,2,1,72,13,295.0,2,6,6,2010,6,30,12,1,0,2,1,1,0,0,2,3,0,8,1,,,
201018463451,2,2,7,72,13,2.0,3,6,4,2010,15,0,12,7,0,1,1,1,0,0,2,8,0,1,1,,,
201018463454,2,2,7,72,13,2.0,2,6,5,2010,12,44,33,0,1,5,1,1,4,1,2,8,0,1,4,,,
201018463532,4,2,2,72,13,295.0,2,6,4,2010,8,10,12,1,0,1,1,10,0,0,2,3,0,1,1,,,
201018463564,2,2,4,72,13,5.0,2,6,3,2010,14,0,12,7,0,1,1,1,0,0,2,3,0,1,1,,,
201018463607,2,2,6,72,13,5.0,2,6,3,2010,17,15,12,1,0,2,1,5,2,1,2,3,0,8,1,,,
201018463611,3,2,6,72,13,20.0,1,6,3,2010,13,52,21,0,0,1,1,1,2,1,2,3,0,1,1,,,
201018463641,3,2,2,72,13,20.0,1,6,6,2010,21,15,21,0,0,2,3,1,4,2,2,3,0,2,1,,,
201018463643,6,2,2,72,13,130.0,2,6,3,2010,13,54,14,0,0,1,1,2,2,1,2,3,1,1,7,,,
201018463657,3,2,1,72,13,20.0,3,6,1,2010,17,30,12,1,0,1,1,2,2,1,2,3,0,1,1,,,
201018463701,4,2,4,72,13,295.0,2,6,2,2010,11,45,12,6,0,2,1,1,0,0,2,3,0,2,1,,,
201018463751,4,2,1,72,13,295.0,2,6,7,2010,15,0,14,0,0,1,1,1,0,0,2,3,1,1,7,,,
201018463769,4,2,6,72,13,295.0,2,6,1,2010,21,30,12,1,0,2,3,1,0,0,2,3,0,2,1,,,
201018463782,2,2,6,72,13,5.0,2,6,5,2010,13,20,12,7,0,1,1,1,0,0,2,3,0,1,1,,,
201018463831,1,2,4,72,13,5.0,2,6,3,2010,16,0,12,6,0,2,1,2,3,1,2,3,0,2,1,,,
201018463838,3,2,4,72,13,20.0,2,6,3,2010,16,0,12,1,0,2,1,2,2,1,2,3,0,8,1,,,
201018463855,3,2,3,72,13,20.0,1,6,4,2010,17,2,21,0,0,2,1,1,3,7,2,3,0,2,4,,,
201018463926,1,2,6,72,13,5.0,5,6,6,2010,9,18,12,2,0,2,1,1,4,3,2,3,3,3,1,,,
201018463931,2,2,7,72,13,2.0,2,6,3,2010,13,50,12,7,0,1,1,1,0,0,2,8,0,1,1,,,
201018463940,4,2,7,72,13,296.0,2,6,6,2010,6,50,12,1,0,1,1,1,0,0,2,8,0,1,1,,,
201018463969,5,2,7,72,13,58.0,4,6,5,2010,23,0,12,1,1,18,3,1,2,1,1,8,0,1,1,,,
201018463974,2,2,7,72,13,2.0,2,6,3,2010,10,10,12,7,0,1,1,1,0,0,2,8,0,1,1,,,
201018463979,3,2,7,72,13,18.0,2,6,6,2010,16,13,12,1,1,18,1,5,3,1,2,8,0,1,1,,,
201018464006,2,2,7,72,13,2.0,2,6,2,2010,8,35,12,7,1,18,1,1,2,1,2,8,0,1,1,,,
201018464075,4,2,1,72,13,295.0,2,6,3,2010,13,0,12,1,0,1,1,1,0,0,2,3,0,1,1,,,
201018464083,1,2,7,72,13,2.0,2,6,5,2010,16,7,12,7,1,17,1,1,3,1,2,8,0,1,1,,,
201018464085,2,2,7,72,13,2.0,3,6,6,2010,8,55,12,1,1,5,1,1,1,2,2,8,0,1,1,,,
201018464134,2,2,1,72,13,5.0,2,6,3,2010,15,50,12,6,0,2,1,1,0,0,2,3,0,2,1,,,
201018464138,6,2,1,72,13,130.0,2,6,3,2010,12,45,12,6,0,4,1,1,0,0,2,3,0,1,1,,,
201018464142,1,2,7,72,13,2.0,1,7,1,2010,13,43,25,0,0,1,1,1,3,1,2,8,0,1,3,,,
201018464144,1,2,7,72,13,2.0,1,7,6,2010,16,13,25,0,0,1,1,1,3,2,2,8,0,1,3,,,
201018464147,1,2,7,72,13,2.0,1,7,6,2010,2,10,20,0,1,19,3,1,4,1,2,8,0,1,8,,,
201018464152,2,2,7,72,13,2.0,4,7,5,2010,13,45,12,1,0,1,1,1,0,0,2,8,0,1,1,,,
201018464202,4,2,2,72,13,295.0,2,6,3,2010,15,15,12,6,0,4,1,1,0,0,2,3,0,1,1,,,
201018464225,3,2,1,72,13,20.0,2,6,3,2010,8,50,12,6,0,2,1,1,2,1,2,3,0,2,1,,,
201018464267,2,2,7,72,13,2.0,2,7,6,2010,11,30,12,7,0,1,1,1,2,1,2,8,0,1,1,,,
201018464268,1,2,7,72,13,2.0,2,7,7,2010,3,50,12,1,0,1,3,1,4,3,1,8,0,1,1,,,
201018464345,1,2,6,72,13,5.0,2,7,7,2010,1,24,12,6,0,2,3,1,4,3,1,3,0,2,1,,,
201018464395,2,2,7,72,13,2.0,2,7,6,2010,19,15,12,7,0,1,1,1,3,3,2,8,0,1,1,,,
201018464398,6,2,7,72,13,130.0,1,7,2,2010,14,5,25,0,0,1,1,1,0,0,2,8,0,1,3,,,
201018464400,4,2,7,72,13,296.0,2,7,4,2010,16,40,12,7,0,1,1,1,0,0,2,8,0,1,1,,,
201018464413,2,2,3,72,13,5.0,2,7,4,2010,10,30,12,1,0,2,1,1,0,0,2,3,0,2,1,,,
201018464429,2,2,7,72,13,2.0,2,7,3,2010,19,22,12,1,0,1,1,1,2,3,2,8,0,1,1,,,
201018464430,2,2,7,72,13,2.0,2,7,4,2010,13,15,12,1,0,1,1,1,2,1,2,8,0,1,1,,,
201018464466,2,2,1,72,13,5.0,1,7,5,2010,8,0,71,0,0,1,1,1,0,0,2,3,0,1,1,,,
201018464478,2,2,3,72,13,5.0,2,7,6,2010,7,15,12,6,0,2,1,1,3,2,2,3,0,2,1,,,
201018464480,4,2,3,72,13,295.0,2,7,2,2010,9,55,12,6,0,2,1,1,0,0,2,3,0,3,1,,,
201018464488,2,2,2,72,13,5.0,2,7,5,2010,16,0,12,6,0,2,1,1,1,2,2,3,0,3,1,,,
201018464524,2,2,7,72,13,2.0,2,8,1,2010,6,50,14,0,0,1,1,1,2,1,2,8,1,1,2,,,
201018464556,1,2,1,72,13,5.0,2,8,3,2010,6,50,12,2,0,2,1,2,3,1,2,3,0,2,1,,,
201018464563,2,2,2,72,13,5.0,2,8,2,2010,14,10,12,7,0,1,1,1,1,1,2,3,0,1,1,,,
201018464568,2,2,6,72,13,5.0,2,8,2,2010,10,0,12,6,0,2,1,1,2,1,2,3,0,2,1,,,
201018464570,2,2,4,72,13,5.0,2,8,2,2010,14,0,12,6,0,2,1,1,0,0,2,3,0,2,1,,,
201018464571,2,2,4,72,13,5.0,2,8,1,2010,21,55,12,6,0,2,6,10,0,0,2,3,0,2,1,,,
201018464593,2,2,7,72,13,2.0,2,8,5,2010,10,25,12,1,0,1,1,1,2,1,2,8,0,1,1,,,
201018464604,2,2,1,72,13,5.0,1,8,6,2010,19,50,71,0,0,1,1,1,0,0,2,3,0,1,1,,,
201018464613,2,2,7,72,13,2.0,2,8,4,2010,13,0,12,1,0,1,1,1,2,1,2,8,0,1,1,,,
201018464614,2,2,7,72,13,2.0,1,8,4,2010,15,55,22,0,1,2,1,1,3,1,2,8,0,3,1,,,
201018464615,2,2,7,72,13,2.0,2,8,6,2010,10,30,12,1,0,1,1,1,2,1,2,8,0,1,1,,,
201018464616,1,2,7,72,13,2.0,2,8,1,2010,3,10,12,6,0,1,3,1,3,5,2,8,0,1,1,,,
201018464706,2,2,6,72,13,5.0,2,8,4,2010,10,0,12,6,0,2,1,1,0,0,2,3,0,2,1,,,
201018464708,3,2,2,72,13,20.0,1,8,3,2010,15,58,21,0,0,2,1,1,2,1,2,3,0,8,1,,,
201018464712,2,2,4,72,13,5.0,2,8,5,2010,11,58,12,6,0,2,1,1,0,0,2,3,0,2,1,,,
201018464713,2,2,4,72,13,5.0,2,8,5,2010,17,35,12,6,0,2,1,1,0,0,2,3,0,3,1,,,
201018464716,2,2,3,72,13,5.0,2,8,6,2010,10,12,12,7,0,1,1,1,0,0,2,3,0,1,1,,,
201018464717,2,2,3,72,13,5.0,2,8,4,2010,12,20,12,6,0,2,1,2,0,0,2,3,0,2,1,,,
201018464718,2,2,3,72,13,5.0,2,8,5,2010,13,15,12,11,0,4,1,1,2,1,2,3,0,1,1,,,
201018464719,2,2,3,72,13,5.0,1,8,4,2010,20,35,71,0,0,1,3,2,0,0,2,3,0,1,1,,,
201018464720,2,2,3,72,13,5.0,1,8,5,2010,21,15,71,0,0,1,3,1,2,1,2,3,0,1,1,,,
201018464724,2,2,1,72,13,5.0,2,8,6,2010,7,20,12,6,0,2,1,1,2,1,2,3,0,2,1,,,
201018464772,2,2,1,72,13,5.0,1,8,4,2010,6,20,71,0,0,1,1,1,0,0,2,3,0,1,1,,,
201018464773,3,2,1,72,13,20.0,1,8,4,2010,8,56,11,0,0,1,1,2,2,1,2,3,0,1,1,,,
201018464778,2,2,4,72,13,5.0,1,8,6,2010,16,0,71,0,0,1,1,1,0,0,1,3,0,1,1,,,
201018464794,2,2,6,72,13,5.0,2,8,4,2010,15,0,12,1,0,1,1,1,3,1,1,3,0,1,1,,,
201018464807,2,2,1,72,13,5.0,2,8,2,2010,14,30,12,1,0,2,1,1,2,1,2,3,0,2,1,,,
201018464822,4,2,4,72,13,295.0,2,8,3,2010,7,42,12,1,0,2,1,2,0,0,2,3,0,8,1,,,
201018464845,6,2,3,72,13,130.0,2,8,3,2010,5,0,12,6,0,2,3,2,0,0,2,3,0,2,1,,,
201018464869,4,2,7,72,13,296.0,2,8,3,2010,14,27,12,1,1,5,1,1,0,0,2,8,0,1,1,,,
201018464943,2,2,7,72,13,2.0,4,8,4,2010,7,9,12,1,0,1,1,1,0,0,2,8,0,1,1,,,
201018464966,1,2,7,72,13,2.0,1,8,1,2010,1,55,1,0,1,18,3,1,4,2,2,8,0,1,4,,,
201018464970,2,2,7,72,13,2.0,2,6,3,2010,14,0,12,1,0,1,1,1,1,3,2,8,0,1,1,,,
201018464971,3,2,7,72,13,18.0,1,8,6,2010,1,50,38,0,0,1,3,1,3,1,2,8,0,1,10,,,
201018465056,4,2,1,72,13,295.0,2,8,5,2010,10,50,12,1,0,1,1,1,2,1,2,3,0,1,1,,,
201018465089,2,2,7,72,13,2.0,1,9,6,2010,13,23,25,0,1,18,1,1,0,0,2,8,0,1,4,,,
201018465126,2,2,1,72,13,5.0,2,9,7,2010,10,0,12,7,0,2,1,1,0,0,2,3,0,7,1,,,
201018465132,2,2,3,72,13,5.0,2,9,1,2010,6,0,12,6,0,2,1,1,0,0,2,3,0,2,1,,,
201018465133,2,2,3,72,13,5.0,2,9,3,2010,6,2,12,6,0,2,3,1,0,0,2,3,0,2,1,,,
201018465139,2,2,6,72,13,5.0,2,9,5,2010,13,40,12,9,0,2,1,1,1,1,2,3,0,2,1,,,
201018465143,2,2,2,72,13,5.0,1,9,4,2010,5,40,71,0,0,1,4,2,0,0,2,3,0,1,1,,,
201018465157,2,2,6,72,13,5.0,2,9,6,2010,14,16,14,0,0,1,1,1,0,0,2,3,1,1,6,,,
201018465158,2,2,6,72,13,5.0,2,9,5,2010,1,0,12,6,0,2,2,1,0,0,2,3,0,8,1,,,
201018465159,2,2,6,72,13,5.0,1,9,4,2010,15,0,21,0,0,2,1,1,3,1,2,3,0,2,4,,,
201018465160,2,2,6,72,13,5.0,2,9,5,2010,10,55,12,1,0,2,1,2,0,0,2,3,0,8,1,,,
201018465162,2,2,2,72,13,5.0,2,9,4,2010,17,32,12,7,0,1,1,1,1,1,2,3,0,1,1,,,
201018465163,2,2,2,72,13,5.0,2,9,3,2010,11,15,12,1,0,1,1,1,1,2,2,3,0,1,1,,,
201018465169,2,2,3,72,13,5.0,2,9,3,2010,9,0,12,7,0,1,1,1,0,0,2,3,0,1,1,,,
201018465170,2,2,3,72,13,5.0,2,9,3,2010,8,45,12,7,0,2,1,1,3,1,2,3,0,2,1,,,
201018465230,2,2,7,72,13,2.0,2,9,5,2010,21,58,12,1,0,1,3,2,1,4,2,8,0,1,1,,,
201018465231,2,2,7,72,13,2.0,5,9,4,2010,4,54,12,1,0,1,3,2,2,2,2,8,0,1,1,,,
201018465246,2,2,6,72,13,5.0,2,9,1,2010,4,5,12,2,0,2,3,2,0,0,1,3,0,2,1,,,
201018465247,3,2,6,72,13,20.0,2,9,2,2010,7,50,12,1,0,1,1,1,2,4,2,3,0,1,1,,,
201018465249,2,2,6,72,13,5.0,3,9,3,2010,14,12,12,7,0,2,1,1,0,0,2,3,0,8,1,,,
201018465250,2,2,6,72,13,5.0,3,9,2,2010,9,10,12,1,0,1,1,1,0,0,2,3,0,1,1,,,
201018465252,2,2,6,72,13,5.0,1,9,4,2010,12,56,71,0,0,1,1,1,0,0,2,3,0,1,1,,,
201018465254,2,2,6,72,13,5.0,2,9,2,2010,11,50,12,1,0,1,1,1,0,0,2,3,0,1,1,,,
201018465255,2,2,6,72,13,5.0,2,9,5,2010,14,45,14,0,0,1,1,1,0,0,2,3,1,1,7,,,
201018465256,2,2,6,72,13,5.0,2,9,6,2010,8,7,12,7,0,2,1,1,0,0,2,3,0,8,1,,,
201018465257,2,2,6,72,13,5.0,1,9,3,2010,23,30,71,0,0,1,3,1,0,0,2,3,0,1,1,,,
201018465258,2,2,6,72,13,5.0,2,9,2,2010,7,37,12,6,0,2,1,1,0,0,2,3,0,8,1,,,
201018465260,2,2,6,72,13,5.0,1,9,4,2010,20,0,71,0,0,1,3,1,0,0,2,3,0,1,1,,,
201018465261,2,2,2,72,13,5.0,2,9,3,2010,12,11,12,6,0,4,1,1,2,1,2,3,0,1,1,,,
201018465262,2,2,2,72,13,5.0,2,9,7,2010,17,12,12,1,0,2,1,1,0,0,2,3,0,8,1,,,
201018465263,3,2,2,72,13,20.0,2,9,7,2010,10,45,12,1,0,2,1,2,3,12,2,3,0,8,1,,,
201018465266,2,2,2,72,13,5.0,1,9,3,2010,13,55,21,0,0,2,1,1,3,1,2,3,0,2,1,,,
201018465268,2,2,2,72,13,5.0,2,9,2,2010,15,51,43,0,0,1,1,1,3,1,2,3,0,1,1,,,
201018465269,2,2,2,72,13,5.0,2,9,5,2010,4,30,12,2,0,2,3,2,3,2,1,3,0,8,1,,,
201018465272,3,2,4,72,13,20.0,1,9,2,2010,23,30,21,0,0,1,3,1,2,2,2,3,0,1,4,,,
201018465274,2,2,4,72,13,5.0,2,9,5,2010,12,10,12,6,0,4,1,1,0,0,2,3,0,1,1,,,
201018465278,2,2,4,72,13,5.0,2,9,3,2010,4,35,12,6,0,2,2,1,0,0,2,3,0,2,1,,,
201018465279,6,2,4,72,13,130.0,5,9,4,2010,17,44,14,0,0,1,1,1,0,0,2,3,4,1,7,,,
201018465281,2,2,3,72,13,5.0,2,9,3,2010,9,37,12,7,0,2,1,1,0,0,2,3,0,8,1,,,
201018465282,2,2,3,72,13,5.0,2,9,5,2010,10,0,12,6,0,2,1,1,2,1,2,3,0,8,1,,,
201018465286,2,2,3,72,13,5.0,2,9,5,2010,10,40,12,6,0,2,1,1,0,0,2,3,0,8,1,,,
201018465287,3,2,3,72,13,20.0,2,8,6,2010,15,23,12,1,0,2,1,1,2,2,2,3,0,2,1,,,
201018465292,5,2,1,72,13,60.0,2,9,6,2010,5,47,12,6,0,2,3,2,2,3,2,3,0,3,1,,,
201018465294,2,2,1,72,13,5.0,2,9,1,2010,15,45,12,1,0,1,1,1,0,0,2,3,0,1,1,,,
201018465296,2,2,1,72,13,5.0,2,9,4,2010,19,0,14,0,0,1,3,1,0,0,2,3,1,1,7,,,
201018465297,2,2,1,72,13,5.0,3,9,6,2010,10,35,12,1,0,2,1,1,2,4,2,3,0,8,1,,,
201018465299,1,2,7,72,13,2.0,2,9,1,2010,2,35,14,0,0,1,3,2,3,2,1,8,1,1,4,,,
201018465301,1,2,7,72,13,2.0,1,9,1,2010,4,8,30,0,0,1,3,1,3,2,2,8,0,1,4,,,
201018465302,1,2,7,72,13,2.0,1,9,7,2010,3,0,25,0,0,1,3,1,3,2,1,8,0,1,3,,,
201018465303,1,2,7,72,13,2.0,1,9,5,2010,12,0,25,0,0,1,1,2,3,1,2,8,0,1,3,,,
201018465304,1,2,7,72,13,2.0,3,9,2,2010,6,15,12,1,0,1,4,1,3,2,2,8,0,1,1,,,
201018465309,5,2,7,72,13,58.0,2,9,2,2010,16,1,12,1,0,1,1,1,2,2,2,8,0,1,1,,,
201018465337,6,2,7,72,13,130.0,1,9,4,2010,19,40,25,0,0,1,3,1,0,0,2,8,0,1,3,,,
201018465373,2,2,7,72,13,2.0,2,9,5,2010,14,0,12,7,1,18,1,1,2,1,2,8,0,1,1,,,
201018465374,2,2,7,72,13,2.0,3,9,5,2010,22,40,7,0,0,1,3,1,1,1,2,8,0,1,1,,,
201018465375,2,2,7,72,13,2.0,7,9,2,2010,7,58,25,0,0,1,1,1,1,1,2,8,0,1,3,,,
201018465376,2,2,7,72,13,2.0,2,9,5,2010,13,10,12,7,1,18,1,1,0,0,2,8,0,1,1,,,
201018465377,2,2,7,72,13,2.0,2,9,5,2010,9,55,12,7,1,5,1,1,1,1,2,8,0,1,1,,,
201018465378,2,2,7,72,13,2.0,1,9,6,2010,4,50,25,0,0,1,3,1,2,1,2,8,0,1,3,,,
201018465391,4,2,7,72,13,296.0,2,9,1,2010,7,45,12,7,1,5,1,1,0,0,2,8,0,1,1,,,
201018465539,4,2,7,72,13,296.0,2,9,3,2010,15,40,12,1,0,1,1,1,0,0,2,8,0,1,1,,,
201018465551,2,2,7,72,13,2.0,2,9,3,2010,1,50,25,0,0,1,3,1,0,0,1,8,0,1,3,,,
201018465559,4,2,6,72,13,295.0,2,9,2,2010,15,30,12,1,0,1,1,1,0,0,2,3,0,1,1,,,
201018465599,2,2,3,72,13,5.0,2,9,6,2010,14,0,12,1,0,2,1,1,1,1,2,3,0,2,1,,,
201018465600,4,2,3,72,13,295.0,2,9,5,2010,9,5,12,6,1,2,1,1,0,0,2,3,0,8,1,,,
201018465637,4,2,1,72,13,295.0,2,9,2,2010,12,10,12,1,0,2,1,1,0,0,2,3,0,8,1,,,
201018465662,2,2,7,72,13,2.0,2,10,7,2010,14,5,12,7,0,1,1,2,0,0,2,8,0,1,1,,,
201018465663,2,2,7,72,13,2.0,3,10,7,2010,6,45,25,0,0,1,4,2,0,0,2,8,0,1,4,,,
201018465664,2,2,7,72,13,2.0,3,10,7,2010,13,55,74,0,0,1,1,2,2,2,2,8,0,1,3,,,
201018465665,3,2,7,72,13,18.0,2,9,1,2010,19,0,12,7,0,1,3,1,3,1,2,8,0,1,1,,,
201018465730,2,2,6,72,13,5.0,2,9,7,2010,16,30,12,6,0,2,1,1,3,1,2,3,0,8,1,,,
201018465734,5,2,6,72,13,60.0,2,9,6,2010,1,35,12,6,0,2,3,1,2,4,2,3,0,2,1,,,
201018465739,6,2,6,72,13,130.0,2,9,1,2010,13,30,12,6,0,2,1,1,0,0,2,3,0,2,1,,,
201018465748,2,2,6,72,13,5.0,2,9,5,2010,10,40,12,6,0,2,1,2,0,0,2,3,0,2,1,,,
201018465749,2,2,6,72,13,5.0,2,9,4,2010,4,0,12,1,0,2,3,1,0,0,2,3,0,3,1,,,
201018465750,2,2,6,72,13,5.0,2,9,6,2010,9,40,12,6,0,2,1,1,0,0,2,3,0,2,1,,,
201018465751,2,2,6,72,13,5.0,1,9,5,2010,7,20,71,0,0,1,1,2,0,0,2,3,0,1,1,,,
201018465752,2,2,6,72,13,5.0,1,9,6,2010,22,15,71,0,0,1,2,1,0,0,2,3,0,1,1,,,
201018465753,3,2,6,72,13,20.0,2,9,7,2010,12,40,12,1,0,2,1,1,2,1,2,3,0,2,1,,,
201018465758,3,2,6,72,13,20.0,1,9,1,2010,17,10,22,0,0,1,1,1,3,1,2,3,0,1,1,,,
201018465814,5,2,2,72,13,60.0,4,9,7,2010,19,38,12,6,0,2,3,1,2,2,2,3,0,8,1,,,
201018465816,2,2,2,72,13,5.0,5,9,3,2010,14,51,12,6,0,2,1,1,2,1,2,3,3,2,1,,,
201018465817,2,2,2,72,13,5.0,3,9,4,2010,4,20,12,1,0,2,3,2,2,1,2,3,0,2,1,,,
201018465818,2,2,2,72,13,5.0,2,9,2,2010,8,0,12,1,0,2,1,1,2,1,2,3,0,8,1,,,
201018465822,6,2,2,72,13,130.0,3,9,7,2010,8,43,12,6,0,2,1,2,0,0,2,3,0,2,1,,,
201018465825,2,2,2,72,13,5.0,1,9,5,2010,14,0,71,0,0,1,1,1,0,0,2,3,0,1,1,,,
201018465832,4,2,2,72,13,295.0,2,9,5,2010,15,15,12,6,0,4,1,1,0,0,2,3,0,1,1,,,
201018465881,2,2,4,72,13,5.0,2,9,5,2010,13,0,12,6,0,2,1,1,0,0,2,3,0,2,1,,,
201018465882,2,2,4,72,13,5.0,2,9,5,2010,6,30,12,6,0,2,1,1,0,0,2,3,0,2,1,,,
201018465883,2,2,4,72,13,5.0,2,9,2,2010,9,8,12,7,0,1,1,2,0,0,2,3,0,1,1,,,
201018465884,3,2,4,72,13,20.0,2,9,4,2010,15,0,12,1,0,2,1,1,2,2,2,3,0,8,1,,,
201018465888,3,2,4,72,13,20.0,1,9,6,2010,23,4,22,0,0,1,2,1,2,1,2,3,0,1,1,,,
201018465919,4,2,4,72,13,295.0,2,9,7,2010,8,45,12,7,0,1,1,1,0,0,2,3,0,1,1,,,
201018465965,5,2,3,72,13,60.0,3,9,1,2010,4,11,12,2,0,2,3,1,2,1,2,3,0,2,1,,,
201018465990,6,2,3,72,13,130.0,2,9,4,2010,7,30,12,2,0,1,1,2,0,0,2,3,0,1,1,,,
201018465991,2,2,3,72,13,5.0,2,9,3,2010,11,30,12,1,0,1,1,1,2,1,2,3,0,1,1,,,
201018465994,3,2,3,72,13,20.0,2,9,7,2010,15,20,12,7,0,1,1,1,2,1,2,3,0,1,1,,,
201018466054,4,2,3,72,13,295.0,2,9,3,2010,11,33,12,6,0,2,1,1,0,0,2,3,0,2,1,,,
201018466070,1,2,1,72,13,5.0,3,9,5,2010,14,50,12,2,0,1,1,1,4,3,2,3,0,1,1,,,
201018466071,1,2,1,72,13,5.0,3,9,1,2010,22,50,12,6,0,1,3,1,3,1,2,3,1,1,1,,,
201018466086,6,2,1,72,13,130.0,3,9,7,2010,5,28,14,0,0,1,1,1,0,0,2,3,2,1,7,,,
201018466092,2,2,1,72,13,5.0,2,9,2,2010,10,45,12,6,0,2,1,1,0,0,2,3,0,2,1,,,
201018466093,2,2,1,72,13,5.0,2,9,6,2010,12,24,12,6,0,4,1,1,0,0,2,3,0,1,1,,,
201018466094,3,2,1,72,13,20.0,3,9,3,2010,10,45,14,0,0,1,1,1,2,1,2,3,2,1,7,,,
201018466098,3,2,1,72,13,20.0,1,9,7,2010,17,25,21,0,0,2,1,1,2,1,2,3,0,2,1,,,
201018466173,4,2,1,72,13,295.0,2,9,7,2010,11,30,14,0,0,1,1,1,0,0,2,3,1,1,7,,,
201018466214,2,2,6,72,13,5.0,2,10,7,2010,8,30,12,6,0,2,1,2,2,2,2,3,0,8,1,,,
201018466215,2,2,6,72,13,5.0,2,10,6,2010,15,15,12,6,0,4,1,3,1,1,2,3,0,1,1,,,
201018466276,2,2,7,72,13,2.0,2,10,7,2010,9,0,12,6,0,1,1,1,0,0,2,8,0,1,1,,,
201018466277,2,2,7,72,13,2.0,2,10,7,2010,4,45,12,7,0,1,3,1,0,0,2,8,0,1,1,,,
201018466339,2,2,7,72,13,2.0,2,10,5,2010,13,35,12,7,0,1,1,1,2,1,2,8,0,1,1,,,
201018466346,2,2,7,72,13,2.0,3,10,7,2010,21,7,12,7,0,1,2,2,3,2,2,8,0,1,1,,,
201018466349,2,2,7,72,13,2.0,3,10,2,2010,19,40,12,1,0,1,3,1,2,3,2,8,0,1,1,,,
201018466386,1,2,7,72,13,2.0,1,7,7,2010,10,0,72,0,0,1,1,1,3,2,2,8,0,1,3,,,
201018466388,2,2,7,72,13,2.0,2,7,7,2010,0,1,12,6,0,1,3,1,2,2,2,8,0,1,1,,,
201018466390,2,2,7,72,13,2.0,2,8,1,2010,6,50,12,6,0,1,1,1,0,0,2,8,0,1,1,,,
201018466391,6,2,7,72,13,130.0,2,9,6,2010,14,20,12,1,1,5,1,1,0,0,2,8,0,1,1,,,
201018466395,2,2,7,72,13,2.0,2,9,4,2010,7,20,12,1,0,1,1,1,1,1,2,8,0,1,1,,,
201018466419,4,2,7,72,13,296.0,2,8,7,2010,23,53,12,6,0,2,3,1,0,0,2,8,0,8,1,,,
201018466446,2,2,1,72,13,5.0,2,10,6,2010,8,40,12,7,0,1,1,1,2,1,2,3,0,1,1,,,
201018466447,2,2,1,72,13,5.0,2,10,3,2010,8,42,12,6,1,2,1,1,0,0,2,3,0,3,1,,,
201018466451,2,2,3,72,13,5.0,2,10,6,2010,17,5,12,7,0,2,1,1,3,1,2,3,0,2,1,,,
201018466455,2,2,2,72,13,5.0,2,10,6,2010,12,40,14,0,0,1,1,1,1,1,2,3,1,1,7,,,
201018466463,2,2,3,72,13,5.0,1,10,5,2010,8,30,22,0,0,1,1,1,3,1,2,3,0,1,1,,,
201018466467,2,2,4,72,13,5.0,1,10,2,2010,11,30,71,0,0,1,1,1,0,0,2,3,0,1,1,,,
201018466472,2,2,7,72,13,2.0,4,10,2,2010,16,3,12,1,0,1,1,1,2,7,2,8,0,1,1,,,
201018466473,1,2,7,72,13,2.0,1,10,1,2010,0,50,25,0,0,1,3,1,3,2,2,8,0,1,3,,,
201018466476,5,2,7,72,13,58.0,1,10,1,2010,20,55,25,0,0,1,3,1,2,1,2,8,0,1,3,,,
201018466520,2,2,3,72,13,5.0,1,10,2,2010,7,10,1,0,0,2,1,1,0,0,2,3,0,2,1,,,
201018466528,2,2,1,72,13,5.0,2,10,4,2010,14,30,12,7,0,2,1,1,0,0,2,3,0,2,1,,,