CASENUM,STRATUM,REGION,PJ,PSU,PSUSTRAT,WEIGHT,VE_TOTAL,MONTH,WKDY_IM,YEAR,HOUR_IM,MINUTE_IM,EVENT1_IM,MANCOL_IM,RELJCT1_IM,RELJCT2_IM,LGTCON_IM,WEATHR_IM,MAXSEV_IM,NO_INJ_IM,ALCHL_IM,LAND_USE,PVH_INVL,TYP_INT,REL_ROAD,CF1,CF2,CF3
201018466580,1,2,6,72,13,5.0,1,10,7,2010,12,12,30,0,0,1,1,2,4,2,2,3,0,1,4,,,
201018466589,4,2,6,72,13,295.0,2,10,6,2010,17,45,12,1,0,2,1,1,1,3,2,3,0,8,1,,,
201018466598,2,2,2,72,13,5.0,2,10,7,2010,10,55,12,6,0,2,1,2,0,0,2,3,0,8,1,,,
201018466599,2,2,2,72,13,5.0,2,10,7,2010,7,10,12,6,0,2,1,2,0,0,2,3,0,2,1,,,
201018466606,2,2,1,72,13,5.0,2,10,6,2010,8,20,12,1,0,1,1,1,0,0,2,3,0,1,1,,,
201018466607,2,2,1,72,13,5.0,3,10,5,2010,15,45,12,1,0,1,1,1,2,1,2,3,0,1,1,,,
201018466611,4,2,1,72,13,295.0,2,10,2,2010,18,15,12,7,0,1,1,1,1,2,2,3,0,1,1,,,
201018466623,3,2,6,72,13,20.0,1,10,7,2010,17,49,31,0,0,1,1,1,3,37,2,3,0,1,4,,,
201018466624,2,2,6,72,13,5.0,4,10,3,2010,15,15,12,6,0,2,1,1,0,0,2,3,0,2,1,,,
201018466625,2,2,6,72,13,5.0,4,10,4,2010,19,30,12,6,0,2,5,1,0,0,2,3,2,8,1,,,
201018466626,2,2,6,72,13,5.0,2,10,2,2010,13,5,12,1,0,2,1,1,0,0,2,3,0,8,1,,,
201018466627,2,2,6,72,13,5.0,2,10,3,2010,11,25,12,7,0,1,1,1,0,0,2,3,0,1,1,,,
201018466628,2,2,6,72,13,5.0,2,10,6,2010,8,20,12,7,0,1,1,1,1,2,2,3,0,1,1,,,
201018466629,2,2,6,72,13,5.0,2,10,5,2010,7,43,12,6,0,2,1,1,1,1,2,3,0,2,1,,,
201018466636,2,2,6,72,13,5.0,2,10,3,2010,8,30,12,7,0,1,1,1,0,0,2,3,0,1,1,,,
201018466638,2,2,3,72,13,5.0,1,10,3,2010,11,49,46,0,0,2,1,1,0,0,2,3,0,2,4,,,
201018466639,2,2,3,72,13,5.0,2,10,4,2010,19,15,12,8,0,2,2,1,0,0,2,3,0,2,1,,,
201018466640,3,2,3,72,13,20.0,1,10,4,2010,15,10,21,0,0,2,1,1,2,1,2,3,0,2,1,,,
201018466660,1,2,2,72,13,5.0,3,10,5,2010,15,35,12,6,0,2,1,1,3,2,2,3,0,2,1,,,
201018466661,2,2,2,72,13,5.0,2,10,4,2010,14,0,12,6,0,4,1,1,0,0,2,3,0,1,1,,,
201018466664,2,2,2,72,13,5.0,2,10,3,2010,10,38,12,7,0,2,1,1,0,0,2,3,0,2,1,,,
201018466678,2,2,7,72,13,2.0,2,10,2,2010,20,15,12,7,1,5,3,1,3,3,1,8,0,1,1,,,
201018466687,2,2,7,72,13,2.0,2,10,4,2010,0,41,12,7,0,1,3,1,5,1,1,8,0,1,1,,,
201018466786,4,2,4,72,13,295.0,2,10,7,2010,12,45,12,1,0,2,1,2,0,0,2,3,0,2,1,,,
201018466822,3,2,7,72,13,18.0,2,10,4,2010,6,52,12,1,0,1,1,1,2,1,2,8,0,1,1,,,
201018466824,2,2,7,72,13,2.0,2,10,4,2010,10,0,12,1,1,5,1,1,0,0,2,8,0,1,1,,,
201018466850,4,2,7,72,13,296.0,2,10,5,2010,7,0,12,1,0,1,1,1,0,0,2,8,0,1,1,,,
201018466853,2,2,6,72,13,5.0,1,10,7,2010,12,50,71,0,0,1,1,1,1,1,2,3,0,1,1,,,
201018466860,3,2,2,72,13,20.0,2,10,6,2010,10,40,12,1,0,1,1,1,2,1,2,3,0,1,1,,,
201018466867,4,2,2,72,13,295.0,2,10,6,2010,11,0,12,6,0,5,1,1,1,1,2,3,0,1,1,,,
201018466930,2,2,3,72,13,5.0,1,10,3,2010,15,10,71,0,0,1,1,1,0,0,2,3,0,1,1,,,
201018466952,4,2,3,72,13,295.0,2,10,1,2010,9,50,12,7,0,1,1,1,0,0,2,3,0,1,1,,,
201018466963,3,2,1,72,13,20.0,2,10,6,2010,7,10,12,1,0,1,1,1,2,2,2,3,0,1,1,,,
201018467025,4,2,1,72,13,295.0,2,10,6,2010,11,10,12,7,0,1,1,1,0,0,2,3,0,1,1,,,
201018467071,2,2,7,72,13,2.0,2,11,3,2010,11,15,12,7,0,5,1,1,0,0,2,8,0,1,1,,,
201018467072,2,2,7,72,13,2.0,3,11,2,2010,11,30,12,7,1,5,1,1,0,0,2,8,0,1,1,,,
201018467073,2,2,7,72,13,2.0,1,11,4,2010,5,10,25,0,0,5,3,1,0,0,2,8,0,1,4,,,
201018467106,1,2,7,72,13,2.0,2,10,1,2010,3,50,12,7,0,1,3,1,4,1,2,8,0,1,1,,,
201018467113,2,2,7,72,13,2.0,4,10,7,2010,19,57,12,7,0,1,1,1,0,0,2,8,0,1,1,,,
201018467115,2,2,7,72,13,2.0,2,11,2,2010,20,10,12,1,0,1,3,1,2,3,2,8,0,1,1,,,
201018467162,3,2,3,72,13,20.0,1,10,1,2010,20,35,21,0,0,1,3,1,2,1,2,3,0,1,1,,,
201018467170,4,2,4,72,13,295.0,2,10,7,2010,13,23,14,0,0,1,1,2,0,0,2,3,1,1,7,,,
201018467193,6,2,1,72,13,130.0,1,10,5,2010,9,55,30,0,0,1,1,1,2,1,2,3,0,1,4,,,
201018467216,3,2,4,72,13,20.0,2,10,6,2010,14,45,12,7,0,1,1,1,3,1,2,3,0,1,1,,,
201018467224,6,2,4,72,13,130.0,2,10,1,2010,22,10,12,2,0,1,3,1,0,0,2,3,0,1,1,,,
201018467266,2,2,7,72,13,2.0,2,11,6,2010,5,40,12,7,0,1,3,1,0,0,2,8,0,1,1,,,
201018467268,2,2,7,72,13,2.0,2,11,2,2010,19,11,12,7,1,18,3,1,0,0,2,8,0,1,1,,,
201018467289,3,2,1,72,13,20.0,1,10,3,2010,17,15,22,0,0,4,1,1,2,1,2,3,0,1,1,,,
201018467318,4,2,1,72,13,295.0,2,10,7,2010,19,0,12,7,0,1,3,1,0,0,2,3,0,1,1,,,
201018467351,3,2,4,72,13,20.0,1,10,2,2010,19,0,21,0,0,2,3,1,2,1,2,3,0,2,1,,,
201018467390,2,2,2,72,13,5.0,1,11,3,2010,17,14,71,0,0,1,1,1,0,0,2,3,0,1,1,,,
201018467406,1,2,6,72,13,5.0,1,10,1,2010,2,24,25,0,0,1,3,1,3,1,2,3,0,1,3,,,
201018467409,3,2,6,72,13,20.0,2,10,1,2010,22,10,12,6,0,1,3,1,2,1,2,3,0,1,1,,,
201018467428,4,2,6,72,13,295.0,2,10,2,2010,10,15,12,6,0,2,1,1,0,0,2,3,0,2,1,,,
201018467438,3,2,4,72,13,20.0,1,10,2,2010,14,30,22,0,0,4,1,1,2,1,2,3,0,1,1,,,
201018467465,4,2,4,72,13,295.0,2,10,2,2010,14,12,14,0,0,1,1,1,0,0,2,3,1,1,7,,,
201018467472,1,2,1,72,13,5.0,3,10,1,2010,4,30,12,1,0,1,3,1,3,2,2,3,0,1,1,,,
201018467500,1,2,7,72,13,2.0,2,11,2,2010,0,11,12,1,1,5,3,1,3,3,1,8,0,1,1,,,
201018467501,1,2,7,72,13,2.0,1,11,1,2010,3,34,25,0,1,19,3,1,3,2,1,8,0,1,8,,,
201018467535,2,2,6,72,13,5.0,2,11,4,2010,17,19,12,7,0,2,1,1,0,0,2,3,0,8,1,,,
201018467537,1,2,1,72,13,5.0,1,10,1,2010,13,25,30,0,0,1,1,1,3,2,2,3,0,1,4,,,
201018467606,1,2,7,72,13,2.0,2,11,2,2010,11,45,12,1,0,1,1,1,3,2,2,8,0,1,1,,,
201018467608,2,2,7,72,13,2.0,2,11,4,2010,8,45,12,1,0,1,1,1,2,1,2,8,0,1,1,,,
201018467640,2,2,3,72,13,5.0,2,11,3,2010,7,15,12,7,0,2,1,1,0,0,2,3,0,2,1,,,
201018467642,6,2,6,72,13,130.0,3,11,5,2010,0,35,12,7,0,1,3,1,0,0,2,3,1,1,1,,,
201018467649,1,2,7,72,13,2.0,1,11,6,2010,1,16,25,0,1,19,3,2,4,1,2,8,0,1,3,,,
201018467657,2,2,7,72,13,2.0,1,11,5,2010,23,50,30,0,0,1,3,2,2,1,2,8,0,1,3,,,
201018467658,6,2,7,72,13,130.0,1,11,7,2010,10,25,25,0,1,5,1,2,0,0,2,8,0,1,4,,,
201018467686,4,2,7,72,13,296.0,2,11,6,2010,16,10,12,1,0,1,1,1,0,0,2,8,0,1,1,,,
201018467692,2,2,4,72,13,5.0,2,11,7,2010,12,15,12,1,0,4,1,1,2,1,2,3,0,1,1,,,
201018467693,3,2,3,72,13,20.0,1,11,6,2010,10,20,22,0,0,1,1,1,3,1,2,3,0,1,4,,,
201018467709,3,2,4,72,13,20.0,1,10,6,2010,10,35,22,0,0,2,1,1,2,1,2,3,0,2,1,,,
201018467762,1,2,6,72,13,5.0,2,10,5,2010,6,55,12,6,0,2,1,1,3,1,2,3,0,2,1,,,
201018467764,2,2,6,72,13,5.0,2,11,6,2010,9,50,12,6,0,2,1,1,2,1,2,3,0,2,1,,,
201018467765,2,2,6,72,13,5.0,1,11,2,2010,12,50,71,0,0,1,1,1,0,0,2,3,0,1,1,,,
201018467766,2,2,6,72,13,5.0,1,10,5,2010,8,3,71,0,0,1,1,1,0,0,2,3,0,1,1,,,
201018467768,2,2,3,72,13,5.0,1,10,6,2010,2,30,46,0,1,2,3,1,3,1,2,3,0,2,4,,,
201018467795,4,2,3,72,13,295.0,2,10,4,2010,9,30,12,1,0,2,1,2,0,0,2,3,0,8,1,,,
201018467826,2,2,2,72,13,5.0,4,11,4,2010,13,30,12,1,0,1,1,1,1,1,2,3,0,1,1,,,
201018467830,6,2,2,72,13,130.0,1,10,6,2010,4,5,30,0,0,1,2,1,1,1,2,3,0,1,4,,,
201018467832,2,2,2,72,13,5.0,2,11,3,2010,13,22,12,1,0,2,1,1,0,0,2,3,0,2,1,,,
201018467833,2,2,2,72,13,5.0,2,11,1,2010,20,53,12,7,0,1,3,1,2,1,2,3,0,1,,,,
201018467835,3,2,2,72,13,20.0,1,10,5,2010,13,45,21,0,0,1,1,1,2,1,2,3,0,1,7,,,
201018467860,4,2,1,72,13,295.0,2,10,4,2010,6,41,12,7,0,2,1,1,0,0,2,3,0,8,1,,,
201018467903,2,2,3,72,13,5.0,2,11,3,2010,3,45,12,6,0,2,3,1,0,0,2,3,0,2,1,,,
201018467904,2,2,3,72,13,5.0,2,11,3,2010,13,30,12,6,0,2,1,1,0,0,2,3,0,2,1,,,
201018467905,2,2,3,72,13,5.0,1,11,2,2010,8,30,21,0,0,1,1,1,2,1,2,3,0,1,1,,,
201018467907,3,2,3,72,13,20.0,1,10,5,2010,8,0,21,0,0,2,1,1,3,1,2,3,0,2,1,,,
201018467961,2,2,1,72,13,5.0,1,10,5,2010,10,10,71,0,0,1,1,1,0,0,2,3,0,1,1,,,
201018467962,4,2,6,72,13,295.0,1,10,6,2010,8,45,19,0,0,4,1,1,0,0,2,3,0,1,5,,,
201018467982,1,2,7,72,13,2.0,1,10,1,2010,13,4,1,0,0,1,1,1,3,14,2,8,0,1,4,,,
201018467983,2,2,7,72,13,2.0,2,11,5,2010,12,1,12,7,0,1,1,1,1,1,2,8,0,1,1,,,
201018467985,2,2,7,72,13,2.0,2,11,3,2010,21,41,12,1,0,1,3,1,2,3,2,8,0,1,1,,,
201018467986,2,2,7,72,13,2.0,4,11,5,2010,6,10,12,1,0,1,2,1,0,0,2,8,0,1,1,,,
201018468003,5,2,1,72,13,60.0,3,10,4,2010,21,0,12,1,0,2,3,1,2,2,1,3,1,2,1,,,
201018468007,2,2,7,72,13,2.0,2,10,3,2010,11,10,12,1,0,1,1,1,0,0,2,8,0,1,1,,,
201018468008,2,2,7,72,13,2.0,2,9,6,2010,4,10,12,7,0,1,3,1,0,0,2,8,0,1,1,,,
201018468035,2,2,6,72,13,5.0,1,11,4,2010,8,0,71,0,0,1,1,1,0,0,2,3,0,1,1,,,
201018468042,1,2,7,72,13,2.0,1,11,1,2010,4,10,25,0,0,1,3,1,3,1,1,8,0,1,4,,,
201018468097,3,2,4,72,13,20.0,1,10,5,2010,17,45,21,0,0,2,5,1,2,1,2,3,0,8,1,,,
201018468129,4,2,4,72,13,295.0,2,10,4,2010,9,45,12,1,0,2,1,2,0,0,2,3,0,8,1,,,
201018468168,1,2,2,72,13,5.0,1,10,3,2010,23,20,30,0,0,1,3,1,3,1,1,3,0,1,4,,,
201018468185,4,2,2,72,13,295.0,2,10,1,2010,13,30,14,0,0,2,1,1,0,0,2,3,1,8,7,,,
201018468204,3,2,4,72,13,20.0,1,10,1,2010,0,10,22,0,0,2,3,1,2,1,2,3,0,3,1,,,
201018468232,3,2,3,72,13,20.0,1,10,1,2010,21,2,21,0,0,2,3,1,2,1,2,3,0,8,1,,,
201018468261,4,2,1,72,13,295.0,2,10,3,2010,21,30,12,7,0,1,3,1,0,0,2,3,0,1,1,,,
201018468310,1,2,3,72,13,5.0,1,10,7,2010,23,28,30,0,0,1,3,1,3,1,1,3,0,1,4,,,
201018468317,6,2,3,72,13,130.0,2,10,1,2010,4,6,12,6,0,2,2,1,2,1,2,3,0,2,1,,,
201018468334,4,2,3,72,13,295.0,2,10,7,2010,8,50,12,7,0,2,1,1,0,0,2,3,0,8,1,,,
201018468358,6,2,4,72,13,130.0,1,10,3,2010,3,48,25,0,0,2,3,1,0,0,2,3,0,3,4,,,
201018468363,2,2,4,72,13,5.0,1,10,3,2010,6,20,40,0,0,2,4,1,0,0,2,3,0,3,4,,,
201018468365,3,2,4,72,13,20.0,2,10,7,2010,23,55,12,6,0,2,2,1,2,1,2,3,0,2,1,,,
201018468400,4,2,4,72,13,295.0,2,10,1,2010,15,40,12,6,0,1,1,1,0,0,2,3,0,1,1,,,
201018468419,1,2,6,72,13,5.0,1,10,1,2010,23,1,72,0,0,1,3,1,3,1,2,3,0,1,4,,,
201018468420,1,2,6,72,13,5.0,2,10,7,2010,0,20,12,6,0,2,3,1,3,3,2,3,0,2,1,,,
201018468426,6,2,6,72,13,130.0,1,10,1,2010,3,58,40,0,0,1,3,1,0,0,2,3,0,1,4,,,
201018468433,3,2,6,72,13,20.0,1,10,7,2010,18,45,21,0,0,1,2,1,2,1,2,3,0,1,1,,,
201018468465,6,2,1,72,13,130.0,3,10,3,2010,7,45,12,1,0,1,1,1,0,0,2,3,0,1,1,,,
201018468470,3,2,1,72,13,20.0,2,10,7,2010,3,0,12,1,0,1,3,1,2,1,2,3,0,1,1,,,
201018468521,2,2,7,72,13,2.0,2,11,5,2010,12,50,12,1,0,1,1,1,0,0,2,8,0,1,1,,,
201018468548,2,2,2,72,13,5.0,2,10,1,2010,0,31,12,6,0,2,3,1,0,0,2,3,0,2,1,,,
201018468567,2,2,6,72,13,5.0,2,11,1,2010,12,40,12,8,0,1,1,1,0,0,1,3,0,1,1,,,
201018468576,4,2,6,72,13,295.0,2,11,3,2010,14,55,12,8,0,1,1,1,0,0,2,3,0,1,1,,,
201018468625,2,2,3,72,13,5.0,1,11,6,2010,11,15,71,0,0,1,1,1,0,0,2,3,0,1,1,,,
201018468636,2,2,2,72,13,5.0,2,11,7,2010,12,15,12,6,0,4,1,1,2,1,2,3,0,1,1,,,
201018468667,4,2,1,72,13,295.0,2,10,4,2010,9,0,12,6,0,2,1,1,0,0,2,3,0,2,1,,,
201018468690,4,2,2,72,13,295.0,2,10,3,2010,8,35,12,1,0,2,1,1,0,0,2,3,0,3,1,,,
201018468746,1,2,7,72,13,2.0,2,12,2,2010,13,49,12,6,1,18,1,1,3,3,2,8,0,1,1,,,
201018468747,1,2,7,72,13,2.0,3,12,7,2010,22,57,12,6,1,18,3,1,3,3,2,8,0,1,1,,,
201018468750,2,2,7,72,13,2.0,2,12,2,2010,5,50,12,1,1,18,3,1,0,0,2,8,0,1,1,,,
201018468762,2,2,7,72,13,2.0,1,12,5,2010,11,25,1,0,1,18,1,1,2,1,2,8,0,1,1,,,
201018468764,2,2,7,72,13,2.0,1,12,7,2010,7,20,5,0,1,5,1,4,0,0,2,8,0,1,1,,,
201018468775,2,2,7,72,13,2.0,2,12,1,2010,1,0,12,1,1,18,3,1,2,1,2,8,0,1,1,,,
201018468782,2,2,7,72,13,2.0,2,12,5,2010,9,8,12,7,1,17,1,1,0,0,2,8,0,1,1,,,
201018468836,2,2,2,72,13,5.0,2,12,4,2010,4,54,12,8,0,1,4,4,2,1,2,3,0,1,1,,,
201018468839,2,2,6,72,13,5.0,2,12,4,2010,19,20,12,6,0,2,1,1,3,4,2,3,0,2,1,,,
201018468846,3,2,1,72,13,20.0,1,12,4,2010,16,14,22,0,0,2,5,1,2,1,2,3,0,2,1,,,
201018468847,2,2,4,72,13,5.0,2,12,5,2010,13,25,12,1,0,2,1,1,0,0,2,3,0,2,1,,,
201018468848,2,2,4,72,13,5.0,2,12,5,2010,10,30,12,6,0,2,1,1,0,0,2,3,0,8,1,,,
201018468849,2,2,4,72,13,5.0,2,12,4,2010,10,20,12,6,0,2,1,1,3,1,2,3,0,2,1,,,
201018468850,1,2,4,72,13,5.0,2,12,6,2010,7,45,12,6,0,2,1,1,3,1,2,3,0,2,1,,,
201018468866,1,2,7,72,13,2.0,2,12,5,2010,21,57,12,7,0,1,3,4,4,2,2,8,0,1,1,,,
201018468876,6,2,7,72,13,130.0,1,12,3,2010,11,15,25,0,0,1,1,1,0,0,2,8,0,1,3,,,
201018468902,2,2,1,72,13,5.0,2,12,4,2010,14,25,12,7,0,2,1,1,0,0,2,3,0,2,1,,,
201018468906,2,2,1,72,13,5.0,2,12,5,2010,15,30,12,6,0,2,1,4,1,2,2,3,0,3,1,,,
201018468927,2,2,3,72,13,5.0,2,12,4,2010,13,20,12,6,0,2,1,1,5,1,2,3,0,2,1,,,
201018468977,2,2,4,72,13,5.0,2,12,6,2010,11,45,12,6,0,2,1,1,0,0,2,3,0,2,1,,,
201018469017,2,2,7,72,13,2.0,2,12,3,2010,3,28,12,1,0,1,3,2,0,0,2,8,0,1,1,,,
201018469020,2,2,7,72,13,2.0,2,12,2,2010,20,45,12,6,0,1,3,4,0,0,2,8,0,1,1,,,
201018469057,4,2,6,72,13,295.0,3,11,4,2010,16,47,12,7,0,2,1,1,0,0,2,3,0,8,1,,,
201018469071,2,2,6,72,13,5.0,2,12,5,2010,14,15,12,7,0,1,1,1,2,1,2,3,0,1,1,,,
201018469075,3,2,4,72,13,20.0,2,12,2,2010,14,10,12,6,0,4,1,4,2,1,2,3,0,1,1,,,
201018469077,2,2,6,72,13,5.0,2,10,1,2010,19,18,12,6,0,2,3,2,3,2,2,3,0,2,1,,,
201018469101,5,2,2,72,13,60.0,3,10,6,2010,8,55,12,2,0,4,1,1,0,0,2,3,1,1,1,,,
201018469102,3,2,2,72,13,20.0,1,10,6,2010,10,40,21,0,0,1,1,1,2,1,2,3,0,1,1,,,
201018469110,5,2,4,72,13,60.0,2,10,7,2010,12,46,25,0,0,1,1,2,2,1,2,3,0,1,3,,,
201018469118,4,2,4,72,13,295.0,2,10,6,2010,16,0,12,1,0,4,1,1,0,0,2,3,0,1,1,,,
201018469141,4,2,3,72,13,295.0,2,10,6,2010,8,30,12,6,0,2,1,1,0,0,2,3,0,2,1,,,
201018469158,2,2,1,72,13,5.0,1,10,6,2010,8,15,22,0,0,2,1,1,2,1,2,3,0,8,1,,,
201018469175,2,2,7,72,13,2.0,6,10,7,2010,14,0,12,7,0,1,1,1,2,2,2,8,0,1,1,,,
201018469210,3,2,6,72,13,20.0,1,10,1,2010,15,28,22,0,0,2,1,1,3,1,2,3,0,2,1,,,
201018469259,4,2,1,72,13,295.0,2,10,7,2010,9,30,14,0,0,1,1,1,0,0,2,3,1,1,7,,,
201018469286,2,2,6,72,13,5.0,2,12,3,2010,14,35,12,6,0,2,1,1,1,2,2,3,0,2,1,,,
201018469287,2,2,6,72,13,5.0,2,12,6,2010,14,8,12,6,0,2,1,1,2,2,2,3,0,8,1,,,
201018469290,2,2,2,72,13,5.0,2,12,2,2010,10,0,12,1,0,1,1,1,1,2,2,3,0,1,1,,,
201018469291,2,2,2,72,13,5.0,2,12,2,2010,17,23,12,6,0,4,1,1,0,0,2,3,0,1,1,,,
201018469293,3,2,4,72,13,20.0,2,12,4,2010,9,20,12,7,0,2,1,1,2,1,2,3,0,8,1,,,
201018469296,2,2,3,72,13,5.0,2,12,2,2010,4,20,12,6,0,2,2,4,2,1,2,3,0,2,1,,,
201018469299,2,2,1,72,13,5.0,2,12,6,2010,10,48,12,1,0,1,1,1,0,0,2,3,0,1,1,,,
201018469301,2,2,7,72,13,2.0,2,12,4,2010,11,0,12,7,0,1,1,1,1,2,2,8,0,1,1,,,
201018469304,5,2,7,72,13,58.0,1,12,7,2010,15,20,1,0,0,1,1,1,2,2,2,8,0,1,4,,,
201018469322,3,2,7,72,13,18.0,2,12,5,2010,22,5,12,1,0,1,3,1,2,1,2,8,0,1,1,,,
201018469354,2,2,4,72,13,5.0,2,12,6,2010,10,35,12,1,0,2,1,1,0,0,2,3,0,8,1,,,
201018469360,2,2,3,72,13,5.0,2,12,3,2010,15,35,12,6,0,2,1,1,0,0,2,3,0,2,1,,,
201018469361,2,2,3,72,13,5.0,2,12,2,2010,10,25,12,1,0,2,1,1,1,1,2,3,0,2,1,,,
201018469362,2,2,3,72,13,5.0,2,12,3,2010,13,10,12,1,0,2,1,1,1,1,2,3,0,2,1,,,
201018469363,1,2,3,72,13,5.0,1,12,7,2010,6,21,30,0,0,1,3,4,4,1,2,3,0,1,4,,,
201018469364,3,2,3,72,13,20.0,2,12,2,2010,20,34,12,6,0,2,3,4,2,2,2,3,0,8,1,,,
201018469365,2,2,3,72,13,5.0,2,12,7,2010,22,20,12,7,0,1,3,1,2,1,2,3,0,1,1,,,
201018469367,1,2,6,72,13,5.0,1,12,7,2010,5,20,72,0,0,1,3,1,4,3,2,3,0,1,3,,,
201018469369,2,2,2,72,13,5.0,2,12,4,2010,20,30,14,0,0,1,2,1,0,0,2,3,1,1,7,,,
201018469370,2,2,2,72,13,5.0,2,12,2,2010,13,30,12,7,0,1,1,1,2,2,2,3,0,1,1,,,
201018469371,2,2,2,72,13,5.0,2,12,3,2010,18,5,12,7,0,1,5,1,0,0,2,3,0,1,1,,,
201018469374,2,2,1,72,13,5.0,2,12,7,2010,4,30,12,6,0,2,3,1,0,0,2,3,0,2,1,,,
201018469376,2,2,7,72,13,2.0,1,12,5,2010,7,28,74,0,0,1,1,1,2,1,2,8,0,1,4,,,
201018469410,1,2,7,72,13,2.0,1,10,6,2010,22,23,1,0,0,1,3,1,3,3,1,8,0,1,1,,,
201018469446,5,2,6,72,13,60.0,3,10,7,2010,11,15,12,6,0,2,1,2,2,1,2,3,0,8,1,,,
201018469449,6,2,6,72,13,130.0,1,10,7,2010,3,58,19,0,0,1,3,1,0,0,2,3,0,1,5,,,
201018469503,1,2,3,72,13,5.0,1,10,7,2010,2,42,30,0,0,1,6,1,3,3,2,3,0,1,4,,,
201018469570,1,2,6,72,13,5.0,2,10,2,2010,9,30,12,2,0,1,1,1,3,1,2,3,0,1,1,,,
201018469582,4,2,6,72,13,295.0,3,10,2,2010,11,40,12,6,0,2,1,1,0,0,2,3,0,2,1,,,
201018469604,1,2,2,72,13,5.0,1,10,1,2010,4,18,30,0,0,1,3,1,3,1,2,3,0,1,4,,,
201018469605,3,2,2,72,13,20.0,3,10,1,2010,1,15,12,1,0,2,3,1,2,3,1,3,0,2,1,,,
201018469606,6,2,2,72,13,130.0,3,10,1,2010,1,4,14,0,0,1,3,1,0,0,2,3,2,1,7,,,
201018469626,4,2,2,72,13,295.0,2,10,2,2010,8,0,14,0,0,2,1,1,0,0,2,3,1,8,7,,,
201018469661,4,2,4,72,13,295.0,2,10,1,2010,12,0,14,0,0,1,1,1,0,0,2,3,1,1,7,,,
201018469679,5,2,3,72,13,60.0,2,10,2,2010,8,25,12,1,0,2,1,1,1,3,2,3,0,3,1,,,
201018469708,4,2,3,72,13,295.0,2,10,2,2010,17,30,12,6,0,4,1,1,5,1,2,3,0,1,1,,,
201018469713,3,2,1,72,13,20.0,1,10,1,2010,1,25,21,0,0,2,3,1,3,1,1,3,0,8,1,,,
201018469722,6,2,1,72,13,130.0,2,10,1,2010,7,0,14,0,0,1,1,1,0,0,2,3,1,1,7,,,
201018469749,2,2,6,72,13,5.0,2,11,7,2010,22,30,12,6,0,2,3,1,1,3,2,3,0,8,1,,,
201018469750,2,2,6,72,13,5.0,2,11,3,2010,17,11,12,7,0,2,3,1,0,0,2,3,0,8,1,,,
201018469751,2,2,6,72,13,5.0,2,11,2,2010,7,35,12,6,0,2,1,1,0,0,2,3,0,2,1,,,
201018469752,2,2,6,72,13,5.0,3,11,2,2010,10,30,12,2,0,1,1,1,0,0,2,3,1,1,1,,,
201018469753,2,2,6,72,13,5.0,2,11,6,2010,12,15,12,6,0,2,1,1,0,0,2,3,0,2,1,,,
201018469760,2,2,2,72,13,5.0,2,12,2,2010,8,57,12,7,0,1,1,1,0,0,2,3,0,1,1,,,
201018469762,2,2,2,72,13,5.0,1,11,2,2010,18,0,71,0,0,1,3,2,0,0,2,3,0,1,1,,,
201018469767,1,2,4,72,13,5.0,1,10,7,2010,22,35,42,0,0,1,3,10,3,2,2,3,0,1,3,,,
201018469768,2,2,4,72,13,5.0,2,11,3,2010,13,20,12,6,0,2,1,1,0,0,2,3,0,8,1,,,
201018469770,1,2,3,72,13,5.0,2,11,1,2010,17,25,12,6,0,2,3,1,3,1,2,3,0,2,1,,,
201018469773,2,2,3,72,13,5.0,2,11,3,2010,18,20,12,6,0,2,3,1,0,0,2,3,0,2,1,,,
201018469774,2,2,3,72,13,5.0,2,11,1,2010,7,0,12,6,0,1,1,1,0,0,2,3,0,1,1,,,
201018469775,2,2,3,72,13,5.0,2,11,3,2010,0,30,12,6,0,2,3,2,2,1,2,3,0,8,1,,,
201018469782,1,2,1,72,13,5.0,2,11,6,2010,23,5,12,6,0,2,3,1,4,3,1,3,0,2,1,,,
201018469783,2,2,1,72,13,5.0,2,11,3,2010,12,48,12,6,0,2,1,1,0,0,2,3,0,2,1,,,
201018469848,4,2,7,72,13,296.0,2,11,1,2010,11,50,12,1,1,18,1,1,0,0,2,8,0,1,1,,,
201018469976,3,2,4,72,13,20.0,1,11,5,2010,0,5,22,0,0,2,3,1,2,1,2,3,0,3,1,,,
201018470007,6,2,3,72,13,130.0,2,11,4,2010,12,20,12,6,0,2,1,2,0,0,2,3,0,2,1,,,
201018470032,5,2,1,72,13,60.0,2,11,4,2010,7,58,12,6,0,2,4,1,2,2,2,3,0,2,1,,,
201018470053,4,2,1,72,13,295.0,2,11,4,2010,9,30,12,7,0,1,1,2,0,0,2,3,0,1,1,,,
201018470066,2,2,6,72,13,5.0,1,10,2,2010,6,35,40,0,0,2,3,1,0,0,2,3,0,2,4,,,
201018470076,6,2,4,72,13,130.0,1,10,2,2010,0,55,25,0,0,1,3,2,0,0,2,3,0,1,3,,,
201018470102,4,2,4,72,13,295.0,3,10,1,2010,4,24,12,7,0,1,3,1,0,0,2,3,1,1,1,,,
201018470121,2,2,7,72,13,2.0,2,10,2,2010,5,50,25,0,0,1,3,1,2,1,2,8,0,1,3,,,
201018470122,2,2,7,72,13,2.0,2,10,5,2010,17,50,12,7,1,18,1,1,0,0,2,8,0,1,1,,,
201018470156,3,2,1,72,13,20.0,2,12,1,2010,0,1,12,6,0,2,3,1,2,1,2,3,0,3,1,,,
201018470325,4,2,6,72,13,295.0,2,12,7,2010,11,5,14,0,0,1,1,4,0,0,2,3,1,1,7,,,
201018470389,4,2,3,72,13,295.0,2,12,7,2010,8,51,12,6,0,2,1,1,5,2,2,3,0,2,1,,,
201018470406,4,2,1,72,13,295.0,2,12,7,2010,12,0,14,0,0,1,1,4,0,0,2,3,1,1,6,,,