CASENUM,STRATUM,REGION,PJ,PSU,PSUSTRAT,WEIGHT,VE_TOTAL,MONTH,WKDY_IM,YEAR,HOUR_IM,MINUTE_IM,EVENT1_IM,MANCOL_IM,RELJCT1_IM,RELJCT2_IM,LGTCON_IM,WEATHR_IM,MAXSEV_IM,NO_INJ_IM,ALCHL_IM,LAND_USE,PVH_INVL,TYP_INT,REL_ROAD,CF1,CF2,CF3
201018470430,3,2,2,72,13,20.0,1,12,6,2010,3,46,30,0,0,1,3,1,2,1,2,3,0,1,6,,,
201018470448,1,2,1,72,13,5.0,2,12,6,2010,0,50,14,0,0,1,3,1,3,1,1,3,1,1,7,,,
201018470486,2,2,7,72,13,2.0,1,12,6,2010,8,15,5,0,0,1,1,2,0,0,2,8,0,1,1,,,
201018470488,2,2,7,72,13,2.0,1,12,6,2010,23,0,25,0,0,1,3,2,3,1,2,8,0,1,4,,,
201018470510,3,2,1,72,13,20.0,2,12,4,2010,12,25,12,6,0,4,1,1,2,1,2,3,0,1,1,,,
201018470514,2,2,1,72,13,5.0,2,12,5,2010,6,45,12,6,0,2,4,1,0,0,2,3,0,2,1,,,
201018470515,2,2,1,72,13,5.0,2,12,4,2010,11,45,12,7,0,1,1,1,0,0,2,3,0,1,1,,,
201018470555,4,2,1,72,13,295.0,2,12,5,2010,12,55,12,1,0,2,1,1,0,0,2,3,0,2,1,,,
201018470573,3,2,6,72,13,20.0,1,12,4,2010,7,58,21,0,0,2,1,1,2,1,2,3,0,3,1,,,
201018470590,2,2,4,72,13,5.0,2,12,4,2010,9,7,14,0,0,1,1,1,0,0,2,3,1,1,7,,,
201018470600,4,2,4,72,13,295.0,2,12,4,2010,6,20,12,6,0,2,4,1,0,0,2,3,0,4,1,,,
201018470612,2,2,2,72,13,5.0,2,12,4,2010,4,5,12,1,0,1,3,1,0,0,2,3,0,1,1,,,
201018470616,4,2,2,72,13,295.0,2,12,4,2010,18,30,12,6,0,2,5,1,1,1,2,3,0,2,1,,,
201018470770,2,2,2,72,13,5.0,2,12,6,2010,13,20,12,6,0,2,1,1,2,1,2,3,0,2,1,,,
201018470797,2,2,1,72,13,5.0,2,12,3,2010,13,40,12,1,0,2,1,1,2,1,2,3,0,8,1,,,
201018470801,6,2,1,72,13,130.0,1,12,6,2010,4,18,42,0,0,1,3,1,5,1,2,3,0,1,3,,,
201018470931,2,2,6,72,13,5.0,2,12,6,2010,12,55,12,6,0,4,1,1,2,1,2,3,0,1,1,,,
201018470986,5,2,2,72,13,60.0,2,1,7,2010,14,30,12,6,0,2,1,1,2,2,2,3,0,2,1,,,
201018471020,3,2,3,72,13,20.0,2,12,5,2010,15,0,12,7,0,2,1,1,2,2,2,3,0,8,1,,,
201018471059,3,2,1,72,13,20.0,1,12,6,2010,13,15,21,0,0,2,1,1,2,1,2,3,0,2,1,,,
201018471068,4,2,1,72,13,295.0,2,12,6,2010,11,6,12,1,0,2,1,1,0,0,2,3,0,2,1,,,
201018471117,2,2,4,72,13,5.0,2,12,7,2010,9,55,12,8,0,1,1,1,0,0,2,3,0,1,1,,,
201018471118,3,2,4,72,13,20.0,2,12,6,2010,17,40,12,6,0,2,3,1,2,1,2,3,0,8,1,,,
201018471150,4,2,2,72,13,295.0,2,12,7,2010,11,38,12,1,1,5,1,5,0,0,2,3,0,1,1,,,
201018471155,2,2,6,72,13,5.0,2,12,6,2010,18,15,12,6,0,4,3,1,0,0,2,3,0,1,1,,,
201018471186,4,2,1,72,13,295.0,2,12,2,2010,9,34,14,0,0,1,1,10,0,0,2,3,1,1,7,,,
201018471212,1,2,7,72,13,2.0,3,12,7,2010,2,27,12,6,1,18,3,1,3,4,1,8,0,1,1,,,
201018471224,3,2,2,72,13,20.0,2,12,2,2010,20,43,12,6,0,2,2,4,2,3,2,3,0,2,1,,,
201018471237,2,2,1,72,13,5.0,2,12,7,2010,14,49,12,1,0,1,1,1,0,0,2,3,0,1,1,,,
201018471562,2,2,3,72,13,5.0,2,12,4,2010,6,25,12,6,0,2,3,1,2,1,2,3,0,7,1,,,
201018471583,2,2,1,72,13,5.0,2,12,4,2010,6,21,12,2,0,1,3,2,1,1,2,3,0,1,1,,,
201018471584,2,2,1,72,13,5.0,3,12,4,2010,8,24,12,7,0,1,1,4,0,0,2,3,1,1,1,,,
201018471594,2,2,4,72,13,5.0,2,12,3,2010,5,15,12,1,0,1,3,4,0,0,2,3,0,1,1,,,
201018471596,2,2,4,72,13,5.0,2,12,4,2010,9,0,12,6,0,2,1,4,2,1,2,3,0,8,1,,,
201018471597,2,2,4,72,13,5.0,3,12,4,2010,10,52,12,7,0,1,1,1,0,0,2,3,0,1,1,,,
201018471621,2,2,6,72,13,5.0,2,12,4,2010,18,37,12,6,0,2,3,1,1,1,2,3,0,2,1,,,
201018471623,6,2,6,72,13,130.0,2,12,3,2010,15,25,12,6,0,2,1,1,0,0,2,3,0,2,1,,,
201018471731,4,2,1,72,13,295.0,2,12,5,2010,14,15,12,1,0,2,1,1,0,0,2,3,0,8,1,,,
201018471782,1,2,1,72,13,5.0,2,12,5,2010,8,25,12,6,0,2,1,1,3,3,2,3,0,2,1,,,
201018471843,4,2,3,72,13,295.0,2,12,5,2010,11,30,12,6,0,4,1,4,0,0,2,3,0,1,1,,,
201018471851,4,2,4,72,13,295.0,2,12,6,2010,9,30,12,6,0,2,1,2,0,0,2,3,0,8,1,,,
201018471942,4,2,6,72,13,295.0,2,12,5,2010,15,30,12,7,0,1,1,1,0,0,2,3,0,1,1,,,
201018471964,6,2,1,72,13,130.0,1,12,5,2010,3,10,30,0,0,1,2,1,0,0,2,3,0,1,4,,,
201018471968,3,2,1,72,13,20.0,2,12,6,2010,15,30,12,1,0,2,1,4,2,1,2,3,0,2,1,,,
201018471970,6,2,4,72,13,130.0,2,12,5,2010,17,40,12,1,0,1,1,1,0,0,2,3,0,1,1,,,
201018472126,5,2,1,72,13,60.0,2,12,6,2010,11,55,12,8,0,1,1,4,3,2,2,3,0,1,1,,,
201018472180,2,2,3,72,13,5.0,2,12,6,2010,9,30,14,0,0,1,1,1,2,1,2,3,1,1,7,,,
201018472219,4,2,4,72,13,295.0,2,12,6,2010,14,55,12,6,0,2,1,1,0,0,2,3,0,8,1,,,
201018472504,5,2,6,72,13,60.0,3,12,2,2010,13,13,12,6,0,2,1,1,2,3,2,3,0,2,1,,,
201018472514,3,2,6,72,13,20.0,1,12,3,2010,15,45,21,0,0,2,1,1,2,2,1,3,0,2,1,,,
201018472544,1,2,2,72,13,5.0,1,12,1,2010,5,0,30,0,0,1,3,4,3,2,2,3,0,1,4,,,
201018472549,6,2,2,72,13,130.0,1,12,2,2010,1,3,30,0,0,1,3,1,0,0,2,3,0,1,4,,,
201018472594,1,2,3,72,13,5.0,1,12,1,2010,1,50,42,0,0,1,3,1,4,3,1,3,0,1,4,,,
201018472600,6,2,3,72,13,130.0,2,12,1,2010,4,0,14,0,0,1,3,4,0,0,2,3,1,1,7,,,
201018472607,2,2,3,72,13,5.0,2,12,3,2010,15,30,12,1,0,1,1,4,2,2,2,3,0,1,1,,,
201018472608,3,2,3,72,13,20.0,1,12,2,2010,13,30,22,0,0,2,1,1,2,1,2,3,0,2,1,,,
201018472648,4,2,1,72,13,295.0,2,12,1,2010,16,55,12,1,0,2,3,4,0,0,2,3,0,2,1,,,
201018472686,1,2,1,72,13,5.0,2,12,3,2010,20,46,12,2,0,2,3,1,3,1,2,3,0,2,1,,,
201018472738,3,2,4,72,13,20.0,2,12,3,2010,9,20,12,6,0,2,1,1,3,1,2,3,0,8,1,,,
201018472764,1,2,6,72,13,5.0,1,12,3,2010,8,35,19,0,0,1,1,1,3,1,2,3,0,1,5,,,
201018472803,4,2,3,72,13,295.0,2,12,3,2010,14,30,12,7,0,2,1,1,0,0,2,3,0,8,1,,,
201018472818,2,2,2,72,13,5.0,2,12,4,2010,7,45,12,1,0,2,1,1,1,1,2,3,0,2,1,,,
201018472821,4,2,2,72,13,295.0,3,12,3,2010,8,40,12,1,0,2,1,1,0,0,2,3,0,2,1,,,
201018473079,6,2,6,72,13,130.0,4,12,6,2010,9,35,12,1,0,2,1,2,1,2,2,3,0,2,1,,,
201018473086,4,2,6,72,13,295.0,2,12,6,2010,8,50,12,1,0,1,1,2,0,0,2,3,0,1,1,,,
201018473097,1,2,6,72,13,5.0,1,12,6,2010,3,0,72,0,0,1,3,2,3,1,2,3,0,1,4,,,
201018473111,3,2,1,72,13,20.0,1,12,6,2010,6,30,21,0,0,2,3,2,2,1,2,3,0,2,1,,,
201018473126,6,2,7,72,13,130.0,1,12,7,2010,3,15,25,0,0,1,3,4,0,0,2,8,0,1,4,,,
201018473128,1,2,6,72,13,5.0,6,12,1,2010,8,57,12,7,0,1,1,4,3,5,2,3,0,1,1,,,
201018473142,3,2,6,72,13,20.0,2,12,4,2010,8,57,12,1,0,2,1,1,2,1,2,3,0,2,1,,,
201018473162,2,2,2,72,13,5.0,2,12,7,2010,12,19,12,6,0,2,1,4,2,1,2,3,0,2,1,,,
201018473165,5,2,2,72,13,60.0,1,12,7,2010,3,53,17,0,0,1,3,4,1,1,1,3,0,1,4,,,
201018473172,2,2,2,72,13,5.0,2,12,7,2010,22,44,12,6,0,2,2,4,2,1,2,3,0,2,1,,,
201018473174,3,2,2,72,13,20.0,2,12,7,2010,23,15,12,6,0,2,3,1,2,5,2,3,0,2,1,,,
201018473203,6,2,4,72,13,130.0,2,12,4,2010,9,10,12,6,0,2,1,1,1,2,2,3,0,8,1,,,
201018473211,3,2,4,72,13,20.0,1,12,7,2010,16,45,21,0,0,2,3,4,2,1,2,3,0,8,1,,,
201018473222,4,2,4,72,13,295.0,2,12,7,2010,23,40,12,1,0,2,3,1,0,0,2,3,0,2,1,,,
201018473253,5,2,3,72,13,60.0,3,12,1,2010,21,1,12,6,0,4,2,1,3,1,2,3,1,1,1,,,
201018473266,6,2,3,72,13,130.0,2,12,7,2010,11,50,12,6,0,2,1,4,0,0,2,3,0,2,1,,,
201018473267,3,2,3,72,13,20.0,1,12,1,2010,2,0,21,0,0,2,3,1,2,2,2,3,0,2,1,,,
201018473271,3,2,3,72,13,20.0,1,12,7,2010,20,29,21,0,0,2,3,1,2,1,2,3,0,2,1,,,
201018473380,6,2,1,72,13,130.0,4,12,5,2010,8,50,12,6,0,2,1,1,1,2,2,3,2,2,1,,,
201018473381,3,2,1,72,13,20.0,3,12,5,2010,15,25,12,6,0,2,5,3,2,2,2,3,0,2,1,,,
201018473394,4,2,1,72,13,295.0,2,12,5,2010,8,0,14,0,0,1,1,1,0,0,2,3,1,1,7,,,
201018473406,1,2,6,72,13,5.0,2,12,5,2010,7,58,12,6,0,2,1,2,3,2,2,3,0,2,1,,,
201018473413,2,2,2,72,13,5.0,3,12,5,2010,12,0,12,6,0,2,1,1,0,0,2,3,0,2,1,,,
201018501029,1,3,6,9,8,4.798,1,1,1,2010,1,43,42,0,0,1,2,10,3,1,2,8,0,1,4,,,
201018501050,2,3,6,9,8,4.798,2,1,6,2010,8,36,45,0,0,1,1,4,0,0,2,8,1,1,1,,,
201018501080,1,3,6,9,8,4.798,2,1,2,2010,12,51,12,2,0,1,1,10,3,2,2,8,0,1,1,,,
201018501091,5,3,6,9,8,57.57,1,1,5,2010,10,25,74,0,0,4,1,1,2,1,2,8,0,1,4,,,
201018501096,6,3,6,9,8,129.532,1,1,7,2010,21,54,34,0,0,1,2,1,0,0,2,8,0,1,4,,,
201018501098,3,3,6,9,8,19.19,2,1,2,2010,11,6,12,1,0,2,1,1,2,4,2,8,0,8,1,,,
201018501115,4,3,6,9,8,292.647,2,1,7,2010,20,10,12,1,0,2,3,4,1,2,2,8,0,8,1,,,
201018501140,3,3,6,9,8,19.19,2,1,7,2010,10,15,12,1,0,2,1,4,2,1,2,8,0,8,1,,,
201018501163,6,3,6,9,8,129.532,2,2,2,2010,3,4,14,0,0,1,3,1,0,0,1,8,1,1,6,,,
201018501193,1,3,6,9,8,4.798,2,2,7,2010,13,48,12,6,0,2,1,1,3,3,2,8,0,2,1,,,
201018501208,5,3,6,9,8,57.57,1,2,6,2010,17,16,42,0,0,1,5,4,2,1,2,8,0,1,4,,,
201018501230,6,3,6,9,8,129.532,2,2,7,2010,12,12,12,6,0,4,1,1,0,0,2,8,0,1,1,,,
201018501246,3,3,6,9,8,19.19,1,2,2,2010,9,41,34,0,0,1,1,2,2,1,2,8,0,1,4,,,
201018501253,4,3,6,9,8,292.647,2,2,2,2010,21,45,12,8,0,1,2,10,0,0,1,8,0,1,1,,,
201018501300,6,3,6,9,8,129.532,1,3,5,2010,14,28,42,0,0,1,1,10,2,1,2,8,0,1,4,,,
201018501306,3,3,6,9,8,19.19,2,3,1,2010,14,19,12,1,0,1,1,2,2,1,2,8,0,1,1,,,
201018501312,5,3,6,9,8,57.57,1,3,2,2010,6,26,42,0,0,1,2,2,2,1,2,8,0,1,4,,,
201018501336,1,3,6,9,8,4.798,1,3,1,2010,18,3,42,0,0,1,1,1,3,2,2,8,0,1,4,,,
201018501344,3,3,6,9,8,19.19,1,3,3,2010,8,45,53,0,0,2,1,1,2,1,2,8,0,3,4,,,
201018501368,5,3,6,9,8,57.57,1,3,1,2010,2,16,42,0,0,1,2,10,2,1,2,8,0,1,4,,,
201018501398,3,3,6,9,8,19.19,1,4,7,2010,20,12,21,0,0,2,2,10,2,1,1,8,0,3,1,,,
201018501399,6,3,6,9,8,129.532,2,4,1,2010,14,36,12,2,0,1,1,10,1,3,2,8,0,1,1,,,
201018501401,1,3,6,9,8,4.798,2,4,5,2010,21,15,12,6,0,2,3,1,3,5,1,8,0,2,1,,,
201018501407,4,3,6,9,8,292.647,2,4,7,2010,18,18,12,1,0,2,1,10,1,1,2,8,0,2,1,,,
201018501443,5,3,6,9,8,57.57,1,4,6,2010,11,41,30,0,0,4,1,10,2,1,2,8,0,1,4,,,
201018501445,2,3,6,9,8,4.798,2,4,7,2010,22,0,12,1,0,2,3,10,1,1,2,8,0,8,1,,,
201018501454,1,3,6,9,8,4.798,1,4,5,2010,8,57,35,0,0,1,1,10,3,1,1,8,0,1,4,,,
201018501495,6,3,6,9,8,129.532,1,5,2,2010,12,3,33,0,0,1,1,10,0,0,2,8,0,1,4,,,
201018501497,3,3,6,9,8,19.19,1,5,4,2010,23,17,13,0,0,1,2,10,3,1,1,8,0,1,1,,,
201018501518,3,3,6,9,8,19.19,2,5,6,2010,13,13,12,1,0,2,1,10,2,3,2,8,0,8,1,,,
201018501547,5,3,6,9,8,57.57,2,5,2,2010,6,55,12,6,0,2,4,2,2,4,2,8,0,8,1,,,
201018501553,6,3,6,9,8,129.532,1,5,3,2010,12,55,43,0,0,1,1,2,0,0,2,8,0,1,4,,,
201018501599,4,3,6,9,8,292.647,2,5,7,2010,9,0,12,6,0,2,1,10,1,1,2,8,0,3,1,,,
201018501644,3,3,6,9,8,19.19,1,6,5,2010,9,16,1,0,0,1,1,10,2,1,2,8,0,1,1,,,
201018501658,6,3,6,9,8,129.532,1,6,1,2010,15,46,33,0,0,2,1,2,0,0,2,8,0,8,3,,,
201018501663,5,3,6,9,8,57.57,1,6,3,2010,3,25,33,0,0,1,3,10,2,1,2,8,0,1,4,,,
201018501686,3,3,6,9,8,19.19,1,6,2,2010,23,30,21,0,0,1,3,10,2,1,1,8,0,1,2,,,
201018501721,1,3,6,9,8,4.798,1,6,4,2010,14,30,42,0,0,1,1,10,4,2,1,8,0,1,4,,,
201018501734,3,3,6,9,8,19.19,1,7,1,2010,20,9,1,0,0,2,5,10,2,1,1,8,0,3,4,,,
201018501736,1,3,6,9,8,4.798,2,6,6,2010,17,22,12,6,0,2,1,10,3,1,2,8,0,8,1,,,
201018501746,4,3,6,9,8,292.647,2,6,4,2010,19,50,14,0,0,1,1,10,0,0,2,8,1,1,6,,,
201018501752,6,3,6,9,8,129.532,2,6,3,2010,10,21,12,7,0,1,1,1,0,0,2,8,0,1,1,,,
201018501763,5,3,6,9,8,57.57,2,7,3,2010,10,21,12,6,0,4,1,1,2,2,2,8,0,1,1,,,
201018501766,1,3,6,9,8,4.798,2,7,4,2010,17,48,12,6,0,2,1,1,3,3,2,8,0,3,1,,,
201018501799,1,3,6,9,8,4.798,1,7,3,2010,8,29,31,0,0,1,1,2,3,1,2,8,0,1,4,,,
201018501814,6,3,6,9,8,129.532,1,7,3,2010,2,36,19,0,0,2,3,1,0,0,1,8,0,3,5,,,
201018501832,1,3,6,9,8,4.798,1,8,1,2010,17,35,42,0,0,1,1,1,3,1,2,8,0,1,4,,,
201018501833,3,3,6,9,8,19.19,1,8,1,2010,21,21,21,0,0,1,3,1,2,1,1,8,0,1,1,,,
201018501841,1,3,6,9,8,4.798,1,8,7,2010,10,12,42,0,0,1,1,1,3,1,2,8,0,1,4,,,
201018501861,6,3,6,9,8,129.532,2,8,4,2010,14,18,12,6,0,2,1,2,0,0,2,8,0,2,1,,,
201018501866,3,3,6,9,8,19.19,1,8,7,2010,17,3,1,0,0,1,1,1,2,1,2,8,0,1,1,,,
201018501867,1,3,6,9,8,4.798,2,8,7,2010,17,45,12,6,0,2,1,1,3,3,2,8,0,8,1,,,
201018501891,3,3,6,9,8,19.19,1,8,3,2010,19,12,21,0,0,1,1,1,2,1,2,8,0,1,1,,,
201018501895,1,3,6,9,8,4.798,2,8,7,2010,2,30,12,6,0,2,3,1,3,3,1,8,0,2,1,,,
201018501943,5,3,6,9,8,57.57,2,9,2,2010,17,0,12,6,0,2,1,1,1,2,2,8,0,2,1,,,
201018501949,3,3,6,9,8,19.19,1,9,7,2010,0,34,42,0,0,2,3,1,2,1,1,8,0,3,4,,,
201018501951,6,3,6,9,8,129.532,2,9,7,2010,17,50,12,1,0,1,1,1,0,0,2,8,0,1,1,,,
201018501975,4,3,6,9,8,292.647,1,9,1,2010,2,21,42,0,0,1,2,1,0,0,2,8,0,1,4,,,
201018502011,6,3,6,9,8,129.532,1,9,5,2010,6,34,33,0,0,1,4,2,1,1,2,8,0,1,4,,,
201018502014,2,3,6,9,8,4.798,1,9,5,2010,23,43,18,0,0,1,2,2,0,0,2,8,0,1,1,,,
201018502022,5,3,6,9,8,57.57,2,10,3,2010,17,48,12,6,0,2,1,1,2,1,2,8,0,8,1,,,
201018502023,1,3,6,9,8,4.798,2,10,7,2010,2,31,12,2,0,1,2,1,3,2,2,8,0,1,1,,,
201018502033,3,3,6,9,8,19.19,1,10,4,2010,7,3,24,0,0,1,1,1,2,2,2,8,0,1,1,,,
201018502052,2,3,6,9,8,4.798,2,10,4,2010,20,44,12,6,0,2,3,1,0,0,2,8,0,3,1,,,
201018502081,1,3,6,9,8,4.798,2,10,4,2010,16,59,12,8,0,1,1,2,3,2,2,8,0,1,1,,,
201018502084,1,3,6,9,8,4.798,2,10,5,2010,9,19,12,6,0,2,1,1,3,4,2,8,0,3,1,,,
201018502087,6,3,6,9,8,129.532,2,10,6,2010,8,3,12,6,0,1,1,1,0,0,2,8,0,1,1,,,
201018502126,6,3,6,9,8,129.532,1,11,6,2010,4,58,30,0,0,1,2,2,1,1,2,8,0,1,4,,,
201018502139,2,3,6,9,8,4.798,4,11,3,2010,8,43,12,1,0,1,1,1,2,1,2,8,0,1,1,,,
201018502161,5,3,6,9,8,57.57,2,11,5,2010,13,28,12,6,0,2,1,1,1,1,2,8,0,2,1,,,
201018502190,1,3,6,9,8,4.798,1,11,1,2010,17,55,34,0,0,1,2,1,3,2,1,8,0,1,4,,,
201018502191,1,3,6,9,8,4.798,2,11,1,2010,21,30,12,2,0,1,2,1,3,2,2,8,0,1,1,,,
201018502192,6,3,6,9,8,129.532,2,11,2,2010,4,44,12,6,0,2,3,5,0,0,2,8,0,2,1,,,
201018502227,4,3,6,9,8,292.647,2,11,5,2010,9,30,14,0,0,1,1,1,0,0,2,8,1,1,7,,,
201018502262,6,3,6,9,8,129.532,1,11,1,2010,3,30,35,0,0,1,2,1,0,0,1,8,0,1,4,,,
201018502282,5,3,6,9,8,57.57,1,12,2,2010,16,25,42,0,0,1,1,1,2,1,2,8,0,1,4,,,
201018502293,3,3,6,9,8,19.19,1,12,5,2010,11,9,30,0,0,1,1,4,2,1,2,8,0,1,4,,,
201018502297,1,3,2,9,8,4.798,1,12,2,2010,23,16,42,0,0,1,3,1,3,1,2,1,0,1,4,,,
201018502298,1,3,2,9,8,4.798,1,11,1,2010,3,3,74,0,0,1,3,1,3,2,2,1,0,1,3,,,
201018502300,1,3,2,9,8,4.798,1,10,3,2010,11,29,1,0,0,1,1,1,3,1,2,1,0,1,1,,,
201018502302,1,3,2,9,8,4.798,1,12,7,2010,8,13,30,0,0,2,3,1,3,4,2,1,0,3,4,,,
201018502304,6,3,2,9,8,129.532,2,12,1,2010,16,19,12,1,1,5,1,1,0,0,2,1,0,1,1,,,
201018502306,2,3,2,9,8,4.798,3,11,2,2010,19,8,12,7,0,1,2,1,3,3,2,1,0,1,1,,,
201018502308,2,3,2,9,8,4.798,2,12,5,2010,12,0,12,6,0,1,1,1,3,1,2,1,0,1,1,,,
201018502337,4,3,2,9,8,292.647,2,10,4,2010,6,51,12,1,0,1,1,2,0,0,2,1,0,1,1,,,
201018502339,2,3,2,9,8,4.798,2,8,6,2010,13,11,12,1,0,1,1,1,2,2,2,1,0,1,1,,,
201018502347,6,3,2,9,8,129.532,2,11,5,2010,7,32,12,1,0,1,1,2,0,0,2,1,0,1,1,,,
201018502349,5,3,2,9,8,57.57,1,11,2,2010,7,49,74,0,0,1,1,1,1,1,2,1,0,1,3,,,
201018502359,2,3,2,9,8,4.798,2,10,5,2010,22,16,12,1,0,1,2,1,0,0,2,1,0,1,1,,,
201018502374,2,3,2,9,8,4.798,2,10,1,2010,23,18,12,1,0,1,2,1,2,1,1,1,0,1,1,,,
201018502382,2,3,2,9,8,4.798,4,10,6,2010,14,17,12,7,0,1,1,1,1,2,2,1,0,1,1,,,
201018502390,2,3,2,9,8,4.798,2,10,7,2010,0,8,12,7,0,1,6,2,0,0,2,1,0,1,1,,,
201018502410,6,3,6,9,8,129.532,1,12,5,2010,17,21,33,0,0,1,2,4,0,0,2,8,0,1,4,,,
201018502437,2,3,6,9,8,4.798,2,12,4,2010,12,46,12,6,0,2,1,1,2,1,2,8,0,3,1,,,
201018502447,4,3,6,9,8,292.647,1,12,1,2010,14,54,53,0,0,1,1,1,0,0,2,8,0,1,4,,,
201018502456,1,3,6,9,8,4.798,1,12,5,2010,6,19,42,0,0,1,2,1,3,1,2,8,0,1,4,,,
201018977576,5,2,9,73,5,64.929,2,1,6,2010,5,50,12,2,0,1,2,1,2,2,2,1,0,1,1,,,
201018977577,4,2,9,73,5,303.001,2,1,6,2010,0,33,14,0,0,1,3,1,0,0,1,1,1,1,7,,,
201018977664,3,2,4,73,5,16.471,1,1,1,2010,2,15,25,0,1,5,2,4,2,1,2,1,0,1,3,,,
201018977688,4,2,2,73,5,296.476,2,1,3,2010,9,21,12,1,0,2,1,1,0,0,2,3,0,2,1,,,
201018977732,4,2,1,73,5,296.476,2,1,1,2010,13,47,12,1,0,2,1,4,0,0,2,3,0,8,1,,,
201018977775,4,2,10,73,5,287.325,2,1,7,2010,15,15,12,6,0,4,1,1,0,0,2,1,0,1,1,,,
201018977822,2,2,3,73,5,5.49,1,1,6,2010,7,50,34,0,0,1,1,11,0,0,2,8,0,1,4,,,
201018977823,1,2,3,73,5,5.49,1,1,6,2010,7,52,42,0,0,1,1,4,3,1,2,8,0,1,4,,,
201018977839,5,2,5,73,5,60.755,1,1,6,2010,0,54,3,0,0,2,2,1,2,1,1,2,0,3,5,,,
201018977841,1,2,5,73,5,10.126,1,1,1,2010,23,29,30,0,0,2,3,1,3,1,2,2,0,8,4,,,
201018977843,6,2,5,73,5,131.636,2,1,7,2010,14,10,12,6,0,2,1,1,0,0,2,2,0,2,1,,,
201018977849,3,2,5,73,5,20.252,2,1,3,2010,11,38,12,1,0,2,1,1,2,1,2,2,0,8,1,,,
201018977851,4,2,5,73,5,293.649,2,1,4,2010,7,50,12,2,0,2,1,1,0,0,2,2,0,2,1,,,
201018977878,2,2,4,73,5,5.49,2,1,1,2010,7,20,12,6,0,1,1,1,0,0,2,1,0,1,1,,,
201018977889,2,2,4,73,5,5.49,2,1,3,2010,12,50,12,7,0,1,1,1,0,0,2,1,0,1,1,,,
201018977892,2,2,4,73,5,5.49,2,1,5,2010,2,30,25,0,0,1,2,4,0,0,2,1,0,1,3,,,
201018977896,2,2,4,73,5,5.49,2,1,5,2010,5,30,12,6,0,1,3,4,0,0,2,1,0,1,1,,,
201018977899,6,2,4,73,5,131.767,1,1,5,2010,9,45,25,0,1,5,1,4,0,0,2,1,0,1,4,,,
201018977901,2,2,4,73,5,5.49,2,1,5,2010,11,30,12,6,0,1,1,4,2,1,2,1,0,1,1,,,
201018977904,2,2,4,73,5,5.49,2,1,5,2010,14,4,12,2,0,1,1,4,0,0,2,1,0,1,1,,,
201018977906,2,2,4,73,5,5.49,2,1,5,2010,14,15,12,1,0,1,1,4,0,0,2,1,0,1,1,,,
201018977919,2,2,4,73,5,5.49,1,1,6,2010,17,11,20,0,1,5,3,4,0,0,2,1,0,1,8,,,
201018977961,1,2,2,73,5,5.49,3,1,4,2010,16,43,12,6,0,1,3,10,3,3,2,3,0,1,1,,,
201018977965,3,2,2,73,5,16.471,1,1,5,2010,11,29,30,0,0,1,1,4,2,1,2,3,0,1,4,,,
201018977978,6,2,2,73,5,131.767,2,1,6,2010,14,48,12,6,0,4,1,1,0,0,2,3,0,1,3,,,
201018977991,2,2,2,73,5,5.49,2,1,2,2010,12,56,14,0,0,4,1,1,2,1,2,3,1,1,5,,,
201018977992,2,2,2,73,5,5.49,2,1,2,2010,13,49,12,1,0,1,1,1,2,1,2,3,0,1,1,,,
201018978008,4,2,2,73,5,296.476,2,1,4,2010,16,0,12,1,0,1,5,1,0,0,2,3,0,1,1,,,
201018978013,4,2,3,73,5,296.476,1,1,7,2010,15,30,34,0,0,2,1,4,0,0,2,8,0,2,4,,,
201018978018,6,2,3,73,5,131.767,2,1,2,2010,10,7,12,1,0,4,1,1,0,0,2,8,0,1,1,,,
201018978022,3,2,9,73,5,21.643,2,1,6,2010,15,24,12,2,0,1,1,10,2,1,2,1,0,1,1,,,
201018978025,6,2,9,73,5,129.858,2,1,2,2010,18,25,14,0,0,1,3,4,0,0,2,1,1,1,7,,,
201018978034,4,2,10,73,5,287.325,2,1,3,2010,8,45,14,0,0,4,1,4,0,0,2,1,1,1,7,,,
201018978047,1,2,5,73,5,10.126,2,1,6,2010,8,46,12,6,0,2,1,4,3,2,2,2,0,2,1,,,
201018978068,2,2,4,73,5,5.49,2,1,5,2010,3,30,25,0,0,1,2,4,0,0,2,1,0,1,3,,,
201018978071,2,2,4,73,5,5.49,2,1,5,2010,7,13,12,7,0,1,1,4,2,1,2,1,0,1,1,,,
201018978075,2,2,4,73,5,5.49,2,1,5,2010,11,15,12,7,1,18,1,4,0,0,2,1,0,1,1,,,
201018978081,2,2,4,73,5,5.49,2,1,5,2010,13,40,12,6,1,5,1,4,0,0,2,1,0,1,1,,,
201018978090,2,2,4,73,5,5.49,1,1,6,2010,9,16,5,0,0,1,1,4,0,0,2,1,0,1,1,,,
201018978092,2,2,4,73,5,5.49,2,1,6,2010,10,50,12,6,0,1,1,4,0,0,2,1,0,1,1,,,
201018978093,2,2,4,73,5,5.49,2,1,6,2010,11,12,12,7,1,18,1,10,0,0,2,1,0,1,1,,,
201018978094,2,2,4,73,5,5.49,3,1,6,2010,11,50,12,7,0,1,1,10,2,1,2,1,0,1,1,,,
201018978095,2,2,4,73,5,5.49,2,1,6,2010,12,20,45,0,1,17,1,10,0,0,2,1,1,1,1,,,
201018978097,2,2,4,73,5,5.49,2,1,6,2010,22,30,12,6,1,2,3,1,0,0,2,1,0,3,1,,,
201018978099,1,2,4,73,5,5.49,1,1,7,2010,19,5,48,0,1,5,3,1,3,1,2,1,0,8,8,,,
201018978102,2,2,4,73,5,5.49,3,1,2,2010,17,26,12,7,1,18,3,4,0,0,2,1,0,1,1,,,
201018978105,2,2,4,73,5,5.49,2,1,2,2010,21,37,12,2,0,1,2,4,0,0,2,1,0,1,1,,,