CASENUM,STRATUM,REGION,PJ,PSU,PSUSTRAT,WEIGHT,VE_TOTAL,MONTH,WKDY_IM,YEAR,HOUR_IM,MINUTE_IM,EVENT1_IM,MANCOL_IM,RELJCT1_IM,RELJCT2_IM,LGTCON_IM,WEATHR_IM,MAXSEV_IM,NO_INJ_IM,ALCHL_IM,LAND_USE,PVH_INVL,TYP_INT,REL_ROAD,CF1,CF2,CF3
201018980534,2,2,4,73,5,5.49,2,4,5,2010,16,14,12,7,0,1,1,1,0,0,2,1,0,1,1,,,
201018980537,2,2,4,73,5,5.49,2,4,6,2010,16,26,12,1,0,1,1,1,2,1,2,1,0,1,1,,,
201018980542,2,2,4,73,5,5.49,2,4,7,2010,7,55,12,6,0,1,1,1,0,0,2,1,0,1,1,,,
201018980545,1,2,4,73,5,5.49,2,4,7,2010,21,20,25,0,0,1,3,1,3,1,2,1,0,1,3,,,
201018980546,1,2,4,73,5,5.49,2,4,1,2010,1,4,20,0,1,5,3,1,3,2,1,1,0,1,8,,,
201018980562,2,2,4,73,5,5.49,2,4,3,2010,12,50,12,1,0,1,1,1,2,1,2,1,0,1,1,,,
201018980566,5,2,5,73,5,60.755,2,4,5,2010,12,23,12,6,0,2,1,10,2,1,2,2,0,2,1,,,
201018980567,2,2,5,73,5,10.126,2,4,4,2010,13,8,12,1,0,2,1,2,3,1,2,2,0,2,1,,,
201018980570,3,2,5,73,5,20.252,2,4,7,2010,14,28,12,1,0,2,1,1,2,1,2,2,0,2,1,,,
201018980576,3,2,5,73,5,20.252,2,4,3,2010,11,30,12,1,0,2,1,10,2,1,2,2,0,2,1,,,
201018980641,4,2,1,73,5,296.476,2,4,3,2010,15,30,54,0,0,1,1,1,0,0,2,3,0,1,1,,,
201018980686,3,2,2,73,5,16.471,2,4,1,2010,11,9,12,6,0,4,1,1,2,1,2,3,0,1,1,,,
201018980693,4,2,2,73,5,296.476,2,4,3,2010,0,59,12,8,0,1,3,10,0,0,2,3,0,1,1,,,
201018980706,3,2,2,73,5,16.471,4,4,4,2010,12,58,12,7,0,2,1,11,2,1,2,3,0,2,1,,,
201018980710,6,2,2,73,5,131.767,1,4,4,2010,16,29,75,0,0,1,1,1,0,0,2,3,0,1,4,,,
201018980726,1,2,3,73,5,5.49,1,4,4,2010,23,15,18,0,1,5,3,2,3,1,2,8,0,1,8,,,
201018980733,3,2,3,73,5,16.471,2,4,7,2010,22,48,12,1,0,2,3,1,2,2,1,8,0,2,1,,,
201018980735,2,2,3,73,5,5.49,2,4,3,2010,11,49,12,6,0,2,1,1,0,0,2,8,0,3,1,,,
201018980737,4,2,3,73,5,296.476,2,4,4,2010,11,20,12,8,0,4,1,1,0,0,2,8,0,1,1,,,
201018980739,6,2,9,73,5,129.858,1,4,5,2010,18,0,43,0,0,1,5,2,0,0,2,1,0,1,6,,,
201018980740,3,2,9,73,5,21.643,2,4,2,2010,9,4,12,1,0,2,1,1,2,1,2,1,0,2,1,,,
201018980743,2,2,9,73,5,21.643,2,4,5,2010,9,20,12,8,0,1,1,1,0,0,2,1,0,1,1,,,
201018980744,5,2,9,73,5,64.929,4,4,6,2010,14,19,12,1,0,2,1,1,2,2,2,1,0,2,1,,,
201018980750,5,2,9,73,5,64.929,3,4,5,2010,17,55,12,1,0,1,1,1,2,1,2,1,0,1,1,,,
201018980756,4,2,10,73,5,287.325,2,4,5,2010,13,37,12,1,0,1,1,10,0,0,2,1,0,1,1,,,
201018980765,3,2,10,73,5,31.925,2,4,5,2010,12,23,12,7,0,1,1,1,2,1,2,1,0,1,1,,,
201018980792,6,2,5,73,5,131.636,2,4,7,2010,15,23,12,1,0,2,1,1,0,0,2,2,0,2,1,,,
201018980793,3,2,5,73,5,20.252,2,4,2,2010,11,46,12,6,0,2,1,1,2,1,2,2,0,8,1,,,
201018980796,4,2,5,73,5,293.649,2,4,5,2010,14,53,12,6,0,4,1,1,0,0,2,2,0,1,1,,,
201018980813,2,2,4,73,5,5.49,2,4,4,2010,16,52,12,1,0,1,1,2,0,0,2,1,0,1,1,,,
201018980815,2,2,4,73,5,5.49,2,4,5,2010,15,0,12,1,0,1,1,10,2,1,2,1,0,1,1,,,
201018980818,2,2,4,73,5,5.49,2,4,6,2010,3,19,12,7,0,1,3,1,2,1,1,1,0,1,1,,,
201018980826,3,2,4,73,5,16.471,1,4,7,2010,21,46,1,0,1,5,3,1,3,2,2,1,0,1,1,,,
201018980829,4,2,4,73,5,296.476,1,4,3,2010,7,6,18,0,0,1,1,1,0,0,2,1,0,1,1,,,
201018980841,2,2,4,73,5,5.49,2,4,1,2010,22,35,12,7,0,1,3,1,0,0,2,1,0,1,1,,,
201018980855,1,2,3,73,5,5.49,1,4,1,2010,11,28,42,0,0,1,1,1,4,2,2,8,0,1,6,,,
201018980868,3,2,1,73,5,16.471,3,4,3,2010,8,35,1,0,0,2,1,1,2,1,2,3,0,2,1,,,
201018980874,5,2,1,73,5,60.393,2,4,6,2010,9,51,12,6,0,2,1,2,2,1,2,3,0,2,1,,,
201018980880,6,2,1,73,5,131.767,1,4,7,2010,20,30,33,0,0,1,3,1,0,0,2,3,0,1,4,,,
201018980889,3,2,1,73,5,16.471,1,4,2,2010,15,50,13,0,0,1,1,1,2,1,2,3,0,1,1,,,
201018980933,2,2,2,73,5,5.49,2,4,4,2010,7,27,12,6,0,2,1,1,0,0,2,3,0,2,1,,,
201018980936,3,2,2,73,5,16.471,2,4,4,2010,23,23,12,1,0,6,3,1,0,0,1,3,0,1,1,,,
201018980946,3,2,3,73,5,16.471,1,4,4,2010,17,30,24,0,0,1,1,1,2,1,2,8,0,1,1,,,
201018980951,3,2,9,73,5,21.643,2,4,3,2010,16,13,12,1,0,2,1,1,2,1,2,1,0,2,1,,,
201018980955,4,2,10,73,5,287.325,2,4,2,2010,7,12,12,1,0,2,1,1,0,0,2,1,0,3,1,,,
201018980992,2,2,4,73,5,5.49,2,4,5,2010,10,35,12,7,0,1,1,1,2,1,2,1,0,1,1,,,
201018980997,2,2,4,73,5,5.49,2,4,2,2010,5,41,12,1,0,1,1,1,3,1,2,1,0,1,1,,,
201018981006,2,2,4,73,5,5.49,2,4,6,2010,13,37,12,1,0,1,1,1,2,2,2,1,0,1,1,,,
201018981008,2,2,4,73,5,5.49,2,4,6,2010,16,46,12,1,1,2,1,2,0,0,2,1,0,3,1,,,
201018981031,3,2,1,73,5,16.471,2,4,4,2010,10,40,12,1,0,2,1,1,2,1,2,3,0,2,1,,,
201018981057,3,2,1,73,5,16.471,2,4,3,2010,8,26,12,6,0,2,1,1,2,1,2,3,0,8,1,,,
201018981072,4,2,2,73,5,296.476,2,4,7,2010,9,40,12,1,0,2,1,10,0,0,2,3,0,2,1,,,
201018981100,2,2,2,73,5,5.49,2,4,5,2010,10,33,12,6,0,2,1,1,2,1,2,3,0,2,1,,,
201018981121,1,2,9,73,5,21.643,1,4,7,2010,20,4,42,0,0,1,2,2,4,1,2,1,0,1,6,,,
201018981127,6,2,9,73,5,129.858,1,4,7,2010,18,15,42,0,0,1,1,10,0,0,2,1,0,1,6,,,
201018981137,3,2,10,73,5,31.925,2,4,5,2010,15,0,12,1,0,2,1,1,2,1,2,1,0,3,1,,,
201018981138,4,2,10,73,5,287.325,2,4,5,2010,18,15,14,0,0,4,1,1,0,0,2,1,1,1,7,,,
201018981146,5,2,5,73,5,60.755,2,4,6,2010,15,40,12,2,0,1,1,2,2,1,2,2,0,1,1,,,
201018981147,3,2,5,73,5,20.252,2,4,4,2010,12,0,12,1,0,4,1,1,2,1,2,2,0,1,1,,,
201018981159,4,2,5,73,5,293.649,2,4,3,2010,9,0,14,0,0,1,1,1,0,0,2,2,1,1,7,,,
201018981186,1,2,5,73,5,10.126,2,4,1,2010,12,5,12,6,0,2,1,2,3,2,2,2,0,2,1,,,
201018981189,2,2,4,73,5,5.49,2,4,3,2010,14,2,12,1,0,1,1,1,0,0,2,1,0,1,1,,,
201018981192,6,2,4,73,5,131.767,2,4,6,2010,16,55,12,7,0,1,1,2,0,0,2,1,0,1,1,,,
201018981193,5,2,4,73,5,60.393,2,4,7,2010,18,40,12,6,0,1,1,2,2,4,2,1,0,1,1,,,
201018981197,2,2,4,73,5,5.49,2,4,2,2010,5,48,12,1,0,1,1,1,0,0,2,1,0,1,1,,,
201018981198,2,2,4,73,5,5.49,2,4,2,2010,8,5,12,7,0,1,1,1,0,0,2,1,0,1,1,,,
201018981203,2,2,4,73,5,5.49,2,4,4,2010,14,10,12,1,0,1,1,1,0,0,2,1,0,1,1,,,
201018981208,2,2,4,73,5,5.49,2,4,6,2010,12,56,12,7,0,1,1,10,0,0,2,1,0,1,1,,,
201018981212,2,2,4,73,5,5.49,1,5,7,2010,0,38,1,0,0,1,2,2,0,0,2,1,0,1,4,,,
201018981216,4,2,1,73,5,296.476,2,4,4,2010,15,17,12,7,0,2,1,1,0,0,2,3,0,2,1,,,
201018981254,3,2,2,73,5,16.471,2,4,6,2010,7,24,12,1,0,1,1,1,2,1,2,3,0,1,1,,,
201018981257,2,2,2,73,5,5.49,3,4,6,2010,15,1,12,1,0,1,1,1,2,1,2,3,0,1,1,,,
201018981262,5,2,2,73,5,60.393,1,5,7,2010,2,34,30,0,0,1,3,10,2,1,1,3,0,1,4,,,
201018981296,3,2,2,73,5,16.471,1,5,4,2010,20,33,21,0,0,2,3,1,2,1,2,3,0,2,1,,,
201018981298,6,2,2,73,5,131.767,2,5,4,2010,21,30,12,7,0,1,3,1,0,0,1,3,0,1,1,,,
201018981304,1,2,3,73,5,5.49,2,4,4,2010,0,55,12,1,0,1,2,1,3,1,1,8,0,1,1,,,
201018981309,1,2,3,73,5,5.49,2,5,7,2010,4,20,12,2,0,1,2,10,3,2,2,8,0,1,1,,,
201018981323,5,2,9,73,5,64.929,3,4,5,2010,16,26,12,1,0,2,1,1,2,2,2,1,0,3,1,,,
201018981327,2,2,9,73,5,21.643,2,5,2,2010,12,47,12,1,0,2,1,1,0,0,2,1,0,2,1,,,
201018981339,4,2,10,73,5,287.325,2,5,2,2010,17,45,12,6,0,2,1,1,0,0,2,1,0,3,1,,,
201018981349,2,2,5,73,5,10.126,2,5,2,2010,14,47,12,1,0,2,1,1,0,0,2,2,0,2,1,,,
201018981378,2,2,4,73,5,5.49,2,4,5,2010,1,9,12,1,0,1,2,1,0,0,1,1,0,1,1,,,
201018981380,2,2,4,73,5,5.49,2,4,5,2010,17,51,12,1,0,1,1,1,0,0,2,1,0,1,1,,,
201018981385,4,2,4,73,5,296.476,2,4,6,2010,17,40,12,1,0,1,1,10,0,0,2,1,0,1,1,,,
201018981390,2,2,4,73,5,5.49,3,5,7,2010,20,38,12,7,0,1,2,1,0,0,2,1,0,1,1,,,
201018981395,2,2,4,73,5,5.49,2,5,2,2010,9,25,12,1,0,1,1,1,0,0,2,1,0,1,1,,,
201018981403,2,2,4,73,5,5.49,3,5,3,2010,13,58,12,6,1,5,1,1,2,2,2,1,0,1,1,,,
201018981434,2,2,1,73,5,5.49,1,5,5,2010,3,0,71,0,0,1,3,10,0,0,2,3,0,1,1,,,
201018981436,2,2,1,73,5,5.49,1,5,5,2010,13,0,71,0,0,1,1,1,0,0,2,3,0,1,1,,,
201018981452,2,2,1,73,5,5.49,2,5,2,2010,10,59,12,8,0,1,1,1,2,2,2,3,0,1,1,,,
201018981467,6,2,9,73,5,129.858,3,5,2,2010,14,47,12,1,0,1,1,1,0,0,2,1,0,1,1,,,
201018981468,3,2,9,73,5,21.643,1,5,5,2010,14,52,21,0,0,2,1,1,2,1,2,1,0,3,1,,,
201018981475,4,2,1,73,5,296.476,2,5,3,2010,22,20,12,6,0,2,3,1,0,0,2,3,0,2,1,,,
201018981499,4,2,2,73,5,296.476,2,5,6,2010,22,4,12,1,0,2,3,1,0,0,2,3,0,2,1,,,
201018981509,3,2,2,73,5,16.471,1,5,1,2010,16,5,21,0,0,1,1,1,2,2,2,3,0,1,1,,,
201018981547,5,2,3,73,5,60.393,2,5,5,2010,17,49,12,8,0,1,1,1,2,2,2,8,0,1,1,,,
201018981552,6,2,3,73,5,131.767,2,5,7,2010,18,38,12,1,0,2,1,2,0,0,2,8,0,2,1,,,
201018981575,4,2,10,73,5,287.325,2,5,4,2010,10,51,14,0,0,4,1,1,0,0,2,1,1,1,7,,,
201018981578,6,2,10,73,5,127.7,2,5,5,2010,19,25,12,6,0,2,5,1,2,1,2,1,0,2,1,,,
201018981585,6,2,5,73,5,131.636,2,5,2,2010,17,19,12,1,0,2,1,1,2,1,2,2,0,8,1,,,
201018981600,4,2,5,73,5,293.649,2,5,4,2010,13,18,12,1,0,2,1,1,0,0,2,2,0,8,1,,,
201018981608,2,2,4,73,5,5.49,2,5,6,2010,0,10,12,7,0,1,3,1,1,1,2,1,0,1,1,,,
201018981609,2,2,4,73,5,5.49,2,5,6,2010,4,12,12,7,0,1,3,2,0,0,2,1,0,1,1,,,
201018981646,1,2,3,73,5,5.49,1,5,4,2010,22,40,1,0,0,1,2,1,3,1,2,8,0,1,6,,,
201018981648,3,2,3,73,5,16.471,1,5,5,2010,23,35,22,0,0,1,3,1,2,1,2,8,0,1,1,,,
201018981660,1,2,3,73,5,5.49,1,5,3,2010,6,31,34,0,0,1,1,1,3,2,1,8,0,1,4,,,
201018981675,3,2,1,73,5,16.471,1,5,2,2010,8,30,43,0,0,1,1,2,3,1,2,3,0,1,1,,,
201018981688,3,2,2,73,5,16.471,1,5,7,2010,2,7,21,0,0,1,3,1,3,1,1,3,0,1,,,,
201018981695,3,2,2,73,5,16.471,1,5,7,2010,16,14,13,0,0,1,1,10,4,2,1,3,0,1,1,,,
201018981710,4,2,2,73,5,296.476,1,5,3,2010,2,50,74,0,0,2,3,10,0,0,2,3,0,3,4,,,
201018981724,3,2,9,73,5,21.643,1,5,1,2010,12,36,22,0,0,2,1,1,2,1,2,1,0,2,1,,,
201018981726,5,2,10,73,5,63.85,2,5,7,2010,20,53,12,7,0,1,3,1,2,1,2,1,0,1,1,,,
201018981733,5,2,10,73,5,63.85,5,5,1,2010,10,48,12,1,0,2,1,1,2,3,2,1,0,8,1,,,
201018981736,4,2,10,73,5,287.325,1,5,2,2010,6,40,43,0,0,1,1,2,0,0,2,1,0,1,4,,,
201018981756,5,2,1,73,5,60.393,2,5,7,2010,16,20,12,6,0,2,1,10,2,1,2,3,0,2,1,,,
201018981758,6,2,1,73,5,131.767,3,5,7,2010,22,23,14,0,0,1,3,1,0,0,2,3,2,1,7,,,
201018981788,5,2,5,73,5,60.755,1,5,3,2010,7,41,30,0,0,1,1,10,2,1,2,2,0,1,4,,,
201018981793,1,2,5,73,5,10.126,2,5,1,2010,11,54,12,6,0,4,1,1,3,2,2,2,0,1,1,,,
201018981810,2,2,4,73,5,5.49,2,5,2,2010,11,45,54,11,0,1,1,1,2,2,2,1,0,1,1,,,
201018981811,2,2,4,73,5,5.49,2,5,3,2010,8,10,12,7,0,1,1,2,0,0,2,1,0,1,1,,,
201018981813,2,2,4,73,5,5.49,2,5,4,2010,21,36,12,7,0,1,3,10,0,0,2,1,0,1,1,,,
201018981815,2,2,4,73,5,5.49,2,5,5,2010,10,28,12,1,0,1,1,10,0,0,2,1,0,1,1,,,
201018981816,2,2,4,73,5,5.49,2,5,5,2010,13,5,12,1,0,1,1,1,0,0,2,1,0,1,1,,,
201018981833,2,2,4,73,5,5.49,2,5,2,2010,13,35,12,1,0,1,1,2,2,1,2,1,0,1,1,,,
201018981842,4,2,4,73,5,296.476,2,5,3,2010,19,3,12,1,1,5,1,10,0,0,2,1,0,1,1,,,
201018981884,3,2,1,73,5,16.471,1,5,6,2010,14,24,22,0,0,2,1,10,2,1,2,3,0,2,1,,,
201018981890,3,2,1,73,5,16.471,1,5,7,2010,19,50,42,0,0,1,3,1,3,1,2,3,0,1,4,,,
201018981896,4,2,1,73,5,296.476,2,5,2,2010,11,35,14,0,0,4,1,1,0,0,2,3,1,1,7,,,
201018981916,3,2,2,73,5,16.471,2,5,5,2010,19,10,12,6,0,2,1,1,2,1,2,3,0,3,1,,,
201018981946,2,2,2,73,5,5.49,2,5,3,2010,3,15,12,1,0,2,3,1,2,1,1,3,0,3,1,,,
201018981951,3,2,2,73,5,16.471,2,5,3,2010,21,21,12,1,0,2,3,1,2,2,2,3,0,2,1,,,
201018981958,2,2,2,73,5,5.49,3,5,4,2010,13,50,12,1,0,1,1,1,2,1,2,3,0,1,1,,,
201018981978,1,2,3,73,5,5.49,1,5,2,2010,12,45,42,0,0,2,1,2,4,1,2,8,0,3,4,,,
201018982005,1,2,9,73,5,21.643,2,5,7,2010,13,46,12,2,0,1,1,10,3,2,2,1,0,1,1,,,
201018982006,6,2,9,73,5,129.858,2,5,7,2010,22,31,14,0,0,1,3,1,0,0,1,1,1,1,7,,,
201018982007,5,2,9,73,5,64.929,2,5,2,2010,9,22,12,6,0,2,1,1,1,1,2,1,0,2,1,,,
201018982009,3,2,9,73,5,21.643,2,5,3,2010,0,43,12,1,0,1,2,1,2,2,2,1,0,1,1,,,
201018982011,3,2,9,73,5,21.643,2,5,4,2010,17,21,12,1,0,2,1,1,2,3,2,1,0,2,1,,,
201018982012,3,2,9,73,5,21.643,2,5,5,2010,14,50,1,0,0,2,1,10,2,1,2,1,0,2,1,,,
201018982016,5,2,10,73,5,63.85,2,5,4,2010,13,16,12,1,0,2,1,1,2,2,2,1,0,3,1,,,
201018982018,5,2,10,73,5,63.85,2,5,5,2010,9,39,12,6,0,2,1,1,1,1,2,1,0,3,1,,,
201018982019,6,2,10,73,5,127.7,2,5,5,2010,12,13,12,6,0,2,1,10,0,0,2,1,0,2,1,,,
201018982027,6,2,10,73,5,127.7,3,5,2,2010,16,15,12,1,0,1,1,1,0,0,2,1,0,1,1,,,
201018982030,4,2,10,73,5,287.325,2,5,2,2010,16,45,12,6,0,2,1,1,0,0,2,1,0,2,1,,,
201018982039,3,2,5,73,5,20.252,3,5,4,2010,15,22,12,1,0,2,1,1,2,3,2,2,0,8,1,,,
201018982044,3,2,5,73,5,20.252,2,5,2,2010,17,27,12,2,0,1,1,1,2,1,2,2,0,1,1,,,
201018982060,2,2,4,73,5,5.49,2,5,4,2010,1,25,12,6,1,5,3,1,0,0,2,1,0,1,1,,,
201018982067,6,2,4,73,5,131.767,1,5,7,2010,3,33,25,0,0,1,2,5,0,0,2,1,0,1,3,,,
201018982070,2,2,4,73,5,5.49,2,5,7,2010,11,50,12,2,1,2,1,1,1,1,2,1,0,3,1,,,
201018982073,2,2,4,73,5,5.49,2,5,7,2010,16,53,12,1,0,1,1,1,0,0,1,1,0,1,1,,,
201018982088,2,2,4,73,5,5.49,2,5,6,2010,10,0,12,1,0,1,1,1,0,0,2,1,0,1,1,,,
201018982098,1,2,4,73,5,5.49,1,5,6,2010,23,25,25,0,0,1,3,1,3,2,2,1,0,1,3,,,
201018982105,2,2,4,73,5,5.49,2,5,2,2010,13,25,12,6,1,18,1,2,3,2,2,1,0,1,1,,,
201018982126,3,2,1,73,5,16.471,1,5,6,2010,18,1,21,0,0,1,1,1,2,1,2,3,0,1,1,,,
201018982149,6,2,5,73,5,131.636,2,5,6,2010,16,35,12,1,0,1,3,1,0,0,2,2,0,1,1,,,
201018982154,4,2,5,73,5,293.649,2,5,6,2010,9,19,12,1,0,2,1,1,0,0,2,2,0,2,1,,,
201018982192,2,2,4,73,5,5.49,2,5,6,2010,11,35,12,7,0,1,1,1,0,0,2,1,0,1,1,,,
201018982200,3,2,4,73,5,16.471,2,5,2,2010,18,34,12,1,0,1,1,10,2,1,1,1,0,1,1,,,
201018982207,5,2,2,73,5,60.393,3,5,6,2010,12,50,12,1,0,1,1,1,1,3,2,3,0,1,1,,,
201018982213,4,2,2,73,5,296.476,2,5,6,2010,15,33,12,1,0,1,1,1,0,0,2,3,0,1,1,,,
201018982233,3,2,2,73,5,16.471,1,5,1,2010,18,28,22,0,0,2,1,1,2,1,2,3,0,2,1,,,
201018982241,6,2,2,73,5,131.767,1,5,2,2010,2,45,30,0,0,1,3,1,0,0,1,3,0,1,4,,,
201018982267,1,2,3,73,5,5.49,1,5,5,2010,6,6,30,0,0,1,1,1,3,1,2,8,0,1,4,,,
201018982271,5,2,3,73,5,60.393,1,5,7,2010,15,1,53,0,0,1,1,1,2,1,1,8,0,1,4,,,
201018982272,3,2,3,73,5,16.471,2,5,7,2010,17,25,12,1,0,2,1,1,3,1,2,8,0,3,1,,,
201018982273,4,2,3,73,5,296.476,2,5,1,2010,0,41,12,7,0,1,2,1,0,0,2,8,0,1,1,,,
201018982277,1,2,3,73,5,5.49,2,6,3,2010,13,59,12,2,0,2,1,1,3,1,2,8,0,2,1,,,
201018982285,3,2,9,73,5,21.643,2,5,4,2010,19,40,12,1,0,2,5,1,2,1,2,1,0,2,1,,,
201018982286,3,2,9,73,5,21.643,2,5,2,2010,13,44,12,1,0,2,1,2,2,1,2,1,0,2,1,,,
201018982288,4,2,9,73,5,303.001,2,6,6,2010,6,24,12,6,0,2,1,1,0,0,2,1,0,3,1,,,
201018982294,3,2,10,73,5,31.925,2,5,6,2010,17,24,12,1,0,1,1,1,2,1,2,1,0,1,1,,,
201018982295,4,2,10,73,5,287.325,2,5,6,2010,18,1,12,1,0,2,1,1,0,0,2,1,0,3,1,,,
201018982297,3,2,10,73,5,31.925,1,6,3,2010,23,35,22,0,0,2,6,1,2,1,2,1,0,2,1,,,
201018982301,6,2,10,73,5,127.7,1,6,4,2010,16,30,30,0,0,2,3,2,0,0,1,1,0,2,4,,,
201018982310,4,2,1,73,5,296.476,2,5,1,2010,18,0,14,0,0,1,1,1,0,0,2,3,1,1,7,,,
201018982328,3,2,1,73,5,16.471,1,6,7,2010,14,36,30,0,0,1,1,1,2,2,2,3,0,1,4,,,
201018982378,3,2,2,73,5,16.471,3,6,6,2010,23,38,12,1,0,2,3,1,2,1,2,3,0,2,1,,,
201018982389,4,2,2,73,5,296.476,2,6,1,2010,12,20,12,6,0,2,1,1,0,0,2,3,0,2,1,,,
201018982427,6,2,3,73,5,131.767,2,6,6,2010,19,51,12,6,0,2,1,1,0,0,2,8,0,3,1,,,
201018982434,1,2,3,73,5,5.49,2,6,2,2010,11,5,12,2,0,1,1,1,4,2,1,8,0,1,4,,,
201018982448,3,2,9,73,5,21.643,2,6,4,2010,15,35,12,6,0,2,1,1,2,3,2,1,0,3,1,,,
201018982451,3,2,9,73,5,21.643,1,6,6,2010,15,30,22,0,0,2,1,2,2,1,2,1,0,2,1,,,
201018982452,3,2,9,73,5,21.643,2,6,6,2010,16,52,12,1,0,2,1,2,2,1,2,1,0,2,1,,,
201018982454,5,2,9,73,5,64.929,2,6,1,2010,17,4,12,1,0,2,1,1,2,1,2,1,0,2,1,,,
201018982457,3,2,9,73,5,21.643,2,6,3,2010,13,10,12,6,0,4,1,10,3,2,2,1,0,1,1,,,
201018982459,3,2,9,73,5,21.643,2,6,4,2010,16,34,12,1,0,2,1,1,2,3,2,1,0,2,1,,,
201018982464,5,2,10,73,5,63.85,2,6,5,2010,14,17,12,6,0,2,1,1,2,2,2,1,0,3,1,,,
201018982470,6,2,10,73,5,127.7,3,6,6,2010,6,55,12,6,0,2,1,1,2,4,2,1,0,2,1,,,
201018982473,4,2,10,73,5,287.325,2,6,6,2010,15,55,12,1,0,2,1,2,0,0,2,1,0,2,1,,,
201018982483,4,2,10,73,5,287.325,2,6,5,2010,15,45,12,7,0,6,1,1,0,0,2,1,0,1,1,,,
201018982487,2,2,5,73,5,10.126,2,6,4,2010,12,51,12,1,0,2,1,1,2,2,2,2,0,8,1,,,
201018982488,3,2,5,73,5,20.252,2,6,4,2010,10,49,12,1,0,2,1,1,2,1,2,2,0,8,1,,,
201018982490,3,2,5,73,5,20.252,2,6,6,2010,15,59,12,1,0,2,1,2,2,1,2,2,0,2,1,,,
201018982511,4,2,5,73,5,293.649,2,6,3,2010,14,12,12,1,0,2,1,2,0,0,2,2,0,2,1,,,
201018982527,2,2,4,73,5,5.49,2,5,1,2010,7,55,12,7,0,1,1,1,0,0,2,1,0,1,1,,,
201018982530,2,2,4,73,5,5.49,2,6,3,2010,10,5,54,11,0,1,1,1,0,0,2,1,0,1,1,,,
201018982532,2,2,4,73,5,5.49,2,6,3,2010,20,50,12,1,1,18,3,1,3,4,1,1,0,1,1,,,
201018982535,2,2,4,73,5,5.49,2,6,4,2010,13,55,12,7,1,18,1,10,0,0,2,1,0,1,1,,,
201018982537,4,2,4,73,5,296.476,2,6,4,2010,22,45,12,1,1,17,3,1,0,0,2,1,0,1,1,,,
201018982550,1,2,4,73,5,5.49,6,6,7,2010,15,44,12,1,1,18,1,10,3,5,2,1,0,1,1,,,
201018982551,2,2,4,73,5,5.49,2,6,1,2010,17,30,25,0,0,1,1,10,3,1,2,1,0,1,3,,,
201018982553,2,2,4,73,5,5.49,1,6,2,2010,1,55,38,0,1,19,3,1,0,0,1,1,0,1,8,,,
201018982562,2,2,4,73,5,5.49,3,6,4,2010,16,21,12,1,1,18,1,10,1,1,2,1,0,1,1,,,
201018982565,2,2,4,73,5,5.49,2,6,5,2010,14,25,12,1,0,1,1,1,2,1,2,1,0,1,1,,,
201018982567,2,2,4,73,5,5.49,3,6,6,2010,14,33,12,7,1,18,1,10,3,1,2,1,0,1,1,,,
201018982572,2,2,4,73,5,5.49,2,6,6,2010,21,31,12,7,1,18,2,1,2,3,2,1,0,1,1,,,
201018982593,1,2,1,73,5,5.49,2,6,4,2010,15,55,12,6,0,2,1,1,3,2,1,3,0,2,1,,,
201018982632,5,2,2,73,5,60.393,2,6,1,2010,22,17,14,0,0,1,3,1,2,1,2,3,1,1,7,,,
201018982633,2,2,2,73,5,5.49,2,6,2,2010,10,18,12,7,0,2,1,1,1,1,2,3,0,2,1,,,
201018982666,2,2,1,73,5,5.49,1,6,4,2010,7,23,71,0,0,1,1,1,0,0,2,3,0,1,1,,,
201018982669,3,2,1,73,5,16.471,2,6,6,2010,0,10,12,6,0,2,3,1,2,4,2,3,0,3,1,,,
201018982670,5,2,1,73,5,60.393,2,6,6,2010,9,49,12,6,0,2,1,1,2,4,2,3,0,2,1,,,
201018982695,1,2,3,73,5,5.49,3,6,2,2010,16,20,12,1,0,2,1,1,3,3,2,8,0,3,1,,,
201018982699,6,2,9,73,5,129.858,2,6,5,2010,18,20,12,2,0,2,5,1,0,0,2,1,0,2,1,,,
201018982702,3,2,9,73,5,21.643,1,6,4,2010,21,11,1,0,0,1,3,1,2,1,2,1,0,1,1,,,
201018982704,3,2,9,73,5,21.643,2,6,1,2010,14,14,12,1,0,2,1,10,2,1,2,1,0,3,1,,,
201018982708,3,2,9,73,5,21.643,2,6,5,2010,14,12,12,1,0,1,1,1,2,1,2,1,0,1,1,,,
201018982713,6,2,10,73,5,127.7,2,6,2,2010,11,37,12,1,0,2,1,1,0,0,2,1,0,3,1,,,
201018982714,5,2,10,73,5,63.85,2,6,3,2010,15,33,12,6,0,4,1,10,2,2,2,1,0,1,11,,,
201018982726,2,2,5,73,5,10.126,3,6,5,2010,16,0,12,2,0,1,1,1,4,3,1,2,0,1,1,,,
201018982727,5,2,5,73,5,60.755,2,6,5,2010,17,20,12,1,0,1,1,1,2,2,1,2,0,1,1,,,
201018982731,2,2,5,73,5,10.126,1,6,3,2010,14,36,30,0,0,1,1,1,0,0,2,2,0,1,4,,,
201018982752,5,2,4,73,5,60.393,3,6,5,2010,15,30,12,1,0,1,1,1,2,2,2,1,0,1,1,,,
201018982773,6,2,1,73,5,131.767,1,6,2,2010,22,8,33,0,0,2,3,10,0,0,1,3,0,3,4,,,
201018982774,4,2,1,73,5,296.476,2,6,3,2010,3,10,12,6,0,2,3,1,0,0,2,3,0,2,1,,,
201018982809,3,2,1,73,5,16.471,2,6,2,2010,7,25,12,1,0,2,1,10,2,1,2,3,0,2,1,,,
201018982829,4,2,2,73,5,296.476,2,6,6,2010,16,42,12,1,0,1,1,1,0,0,2,3,0,1,1,,,
201018982845,6,2,2,73,5,131.767,4,6,1,2010,2,49,12,1,0,1,3,10,0,0,2,3,0,1,1,,,