CASENUM,STRATUM,REGION,PJ,PSU,PSUSTRAT,WEIGHT,VE_TOTAL,MONTH,WKDY_IM,YEAR,HOUR_IM,MINUTE_IM,EVENT1_IM,MANCOL_IM,RELJCT1_IM,RELJCT2_IM,LGTCON_IM,WEATHR_IM,MAXSEV_IM,NO_INJ_IM,ALCHL_IM,LAND_USE,PVH_INVL,TYP_INT,REL_ROAD,CF1,CF2,CF3
201018982849,3,2,2,73,5,16.471,2,6,1,2010,21,47,12,6,0,2,3,1,2,1,2,3,0,2,1,,,
201018982851,2,2,2,73,5,5.49,2,6,2,2010,13,18,12,1,0,2,1,1,1,1,2,3,0,2,1,,,
201018982860,1,2,2,73,5,5.49,3,6,3,2010,17,27,12,2,0,1,1,1,4,4,2,3,0,1,1,,,
201018982902,3,2,3,73,5,16.471,2,6,2,2010,11,51,12,1,0,2,1,10,2,1,2,8,0,2,1,,,
201018982921,2,2,4,73,5,5.49,1,6,6,2010,12,49,1,0,1,19,1,1,0,0,2,1,0,1,8,,,
201018982922,2,2,4,73,5,5.49,2,6,4,2010,13,37,12,1,0,1,1,1,0,0,2,1,0,1,1,,,
201018982926,3,2,4,73,5,16.471,1,6,4,2010,21,39,25,0,0,1,2,1,2,1,1,1,0,1,4,,,
201018982941,2,2,4,73,5,5.49,2,6,2,2010,16,58,12,1,1,5,1,1,0,0,2,1,0,1,1,,,
201018982948,2,2,4,73,5,5.49,2,6,5,2010,6,50,12,1,0,1,1,10,0,0,2,1,0,1,1,,,
201018982950,4,2,4,73,5,296.476,2,6,5,2010,16,50,12,1,0,1,1,1,0,0,2,1,0,1,1,,,
201018982953,5,2,9,73,5,64.929,2,6,7,2010,10,6,12,1,0,1,1,1,3,1,2,1,0,1,1,,,
201018982954,3,2,9,73,5,21.643,1,6,7,2010,13,9,22,0,0,2,1,1,3,1,2,1,0,2,1,,,
201018982955,3,2,9,73,5,21.643,3,6,1,2010,13,39,12,1,0,2,1,1,2,1,2,1,0,8,1,,,
201018982958,6,2,9,73,5,129.858,2,6,3,2010,12,20,12,6,0,4,1,10,0,0,2,1,0,1,1,,,
201018982959,3,2,9,73,5,21.643,1,6,5,2010,17,38,1,0,0,1,1,1,3,2,2,1,0,1,1,,,
201018982960,3,2,9,73,5,21.643,4,6,6,2010,16,27,12,1,0,2,1,10,2,1,2,1,0,2,1,,,
201018982962,3,2,9,73,5,21.643,1,6,7,2010,20,10,22,0,0,2,1,1,2,1,2,1,0,3,1,,,
201018982968,5,2,10,73,5,63.85,2,6,7,2010,14,27,12,1,0,2,1,1,2,1,2,1,0,2,1,,,
201018982971,4,2,10,73,5,287.325,2,6,2,2010,9,0,12,7,0,1,1,2,0,0,2,1,0,1,1,,,
201018982977,6,2,5,73,5,131.636,3,6,3,2010,12,7,12,1,0,2,1,1,2,4,2,2,0,3,1,,,
201018982981,5,2,5,73,5,60.755,4,6,5,2010,17,17,12,1,0,2,1,1,2,1,2,2,0,2,1,,,
201018982982,1,2,5,73,5,10.126,2,6,5,2010,8,42,12,6,1,2,1,1,3,2,2,2,0,8,1,,,
201018982987,2,2,5,73,5,10.126,2,6,3,2010,0,45,12,6,0,4,3,10,0,0,2,2,0,1,1,,,
201018983010,4,2,5,73,5,293.649,2,6,7,2010,17,19,12,1,0,2,1,1,0,0,2,2,0,8,1,,,
201018983026,2,2,1,73,5,5.49,2,6,4,2010,10,0,71,0,0,6,1,1,3,4,2,3,0,1,1,,,
201018983042,2,2,1,73,5,5.49,2,6,5,2010,12,0,12,7,0,2,1,1,2,1,2,3,0,2,1,,,
201018983048,4,2,1,73,5,296.476,2,6,5,2010,16,45,12,1,0,2,1,1,0,0,2,3,0,3,1,,,
201018983058,3,2,1,73,5,16.471,1,6,6,2010,21,14,21,0,0,1,2,1,2,1,1,3,0,1,2,,,
201018983083,2,2,2,73,5,5.49,2,6,7,2010,10,10,12,2,0,1,1,1,3,1,2,3,0,1,1,,,
201018983099,3,2,2,73,5,16.471,2,6,2,2010,22,16,12,1,0,1,3,1,1,1,2,3,0,1,1,,,
201018983112,4,2,2,73,5,296.476,2,6,4,2010,17,4,12,1,0,2,1,1,0,0,2,3,0,3,1,,,
201018983119,5,2,5,73,5,60.755,2,6,4,2010,21,49,12,6,0,2,2,10,2,2,2,2,0,2,1,,,
201018983121,1,2,5,73,5,10.126,3,6,6,2010,17,2,12,1,0,2,1,1,3,3,2,2,0,8,1,,,
201018983124,3,2,5,73,5,20.252,2,6,6,2010,16,25,12,1,0,2,1,1,2,1,2,2,0,2,1,,,
201018983149,1,2,3,73,5,5.49,1,6,5,2010,16,53,35,0,0,1,1,1,3,3,2,8,0,1,5,,,
201018983162,6,2,4,73,5,131.767,3,6,6,2010,13,10,12,1,0,1,1,1,0,0,2,1,0,1,1,,,
201018983169,2,2,4,73,5,5.49,2,6,7,2010,4,30,25,0,0,1,3,1,0,0,1,1,0,1,3,,,
201018983170,2,2,4,73,5,5.49,2,6,7,2010,5,52,12,7,0,1,1,2,0,0,1,1,0,1,1,,,
201018983192,3,2,9,73,5,21.643,1,6,7,2010,18,20,13,0,0,1,1,1,2,1,1,1,0,1,1,,,
201018983194,6,2,9,73,5,129.858,2,6,2,2010,15,54,12,6,0,2,1,10,0,0,2,1,0,2,1,,,
201018983195,3,2,9,73,5,21.643,2,6,3,2010,18,14,12,6,0,2,1,1,3,1,2,1,0,3,1,,,
201018983198,6,2,10,73,5,127.7,2,6,5,2010,14,8,12,6,0,2,1,1,0,0,2,1,0,2,1,,,
201018983204,3,2,10,73,5,31.925,3,6,3,2010,13,55,12,1,0,2,1,1,2,2,2,1,0,2,1,,,
201018983226,5,2,9,73,5,64.929,2,6,4,2010,17,18,12,1,0,1,1,1,2,1,2,1,0,1,1,,,
201018983235,4,2,10,73,5,287.325,2,6,2,2010,14,0,14,0,0,4,1,1,0,0,2,1,1,1,7,,,
201018983242,5,2,10,73,5,63.85,2,7,4,2010,9,37,12,1,0,2,1,1,2,2,2,1,0,3,1,,,
201018983268,4,2,3,73,5,296.476,2,7,4,2010,7,21,12,8,0,1,1,1,0,0,2,8,0,1,1,,,
201018983330,6,2,5,73,5,131.636,1,7,5,2010,10,14,59,0,0,2,1,10,0,0,2,2,0,3,4,,,
201018983347,4,2,5,73,5,293.649,2,7,3,2010,9,0,12,7,0,1,1,1,0,0,2,2,0,1,1,,,
201018983386,3,2,1,73,5,16.471,2,7,1,2010,18,28,12,6,0,2,1,1,3,1,2,3,0,2,1,,,
201018983394,3,2,1,73,5,16.471,1,7,3,2010,18,25,21,0,0,1,1,1,2,1,2,3,0,1,1,,,
201018983396,4,2,1,73,5,296.476,2,7,4,2010,14,23,12,6,0,2,1,10,0,0,2,3,0,2,1,,,
201018983419,3,2,4,73,5,16.471,1,6,3,2010,10,40,1,0,0,1,1,1,2,2,2,1,0,1,1,,,
201018983431,2,2,4,73,5,5.49,2,7,5,2010,12,30,12,7,0,1,1,1,0,0,2,1,0,1,1,,,
201018983435,2,2,4,73,5,5.49,2,7,6,2010,8,58,12,1,0,1,1,1,2,1,2,1,0,1,1,,,
201018983438,2,2,4,73,5,5.49,1,7,6,2010,15,15,25,0,0,1,1,1,0,0,2,1,0,1,4,,,
201018983452,1,2,4,73,5,5.49,2,7,7,2010,18,28,12,1,0,1,1,1,3,1,2,1,0,1,1,,,
201018983462,4,2,4,73,5,296.476,2,7,2,2010,23,40,12,1,0,1,3,1,0,0,2,1,0,1,1,,,
201018983467,2,2,4,73,5,5.49,2,7,3,2010,17,25,12,1,0,1,1,1,0,0,2,1,0,1,1,,,
201018983490,4,2,9,73,5,303.001,4,7,4,2010,15,20,12,1,0,2,1,1,0,0,2,1,0,8,1,,,
201018983494,6,2,10,73,5,127.7,1,7,7,2010,2,30,42,0,0,1,3,1,2,1,1,1,0,1,5,,,
201018983495,4,2,10,73,5,287.325,2,7,7,2010,12,3,12,1,0,2,1,1,0,0,2,1,0,2,1,,,
201018983503,3,2,10,73,5,31.925,1,7,3,2010,9,50,21,0,0,1,1,1,2,2,2,1,0,1,1,,,
201018983506,3,2,10,73,5,31.925,1,7,4,2010,16,0,22,0,0,1,1,1,2,1,2,1,0,1,1,,,
201018983566,1,2,3,73,5,5.49,2,7,3,2010,12,8,12,6,0,2,1,1,3,1,2,8,0,2,1,,,
201018983577,6,2,3,73,5,131.767,2,7,4,2010,16,6,12,6,0,4,1,1,0,0,2,8,0,1,1,,,
201018983610,6,2,2,73,5,131.767,2,7,6,2010,19,19,12,6,0,4,1,1,0,0,2,3,0,1,1,,,
201018983614,1,2,2,73,5,5.49,2,7,7,2010,22,1,12,2,0,1,2,1,3,4,1,3,0,1,1,,,
201018983618,3,2,2,73,5,16.471,1,7,1,2010,16,8,22,0,0,2,1,1,2,1,2,3,0,3,4,,,
201018983630,4,2,2,73,5,296.476,2,7,4,2010,18,29,12,6,0,2,1,1,0,0,2,3,0,3,1,,,
201018983657,2,2,4,73,5,5.49,2,7,6,2010,14,12,12,1,0,1,1,1,0,0,2,1,0,1,1,,,
201018983674,2,2,4,73,5,5.49,3,7,3,2010,14,26,12,6,0,1,1,1,0,0,2,1,0,1,1,,,
201018983679,2,2,4,73,5,5.49,2,7,4,2010,18,19,12,7,0,1,5,10,0,0,2,1,0,1,1,,,
201018983687,3,2,10,73,5,31.925,2,7,6,2010,14,31,12,6,0,2,1,1,2,1,2,1,0,2,1,,,
201018983689,4,2,10,73,5,287.325,2,7,1,2010,12,55,12,1,0,2,1,2,0,0,2,1,0,2,1,,,
201018983695,3,2,9,73,5,21.643,2,7,4,2010,12,55,12,1,0,2,1,1,2,1,2,1,0,2,1,,,
201018983700,6,2,9,73,5,129.858,2,7,1,2010,23,19,14,0,0,1,3,1,0,0,2,1,1,1,6,,,
201018983708,4,2,1,73,5,296.476,2,7,7,2010,13,42,12,6,0,2,1,1,0,0,2,3,0,2,1,,,
201018983710,3,2,1,73,5,16.471,3,7,6,2010,17,38,12,1,0,2,1,1,2,1,2,3,0,2,1,,,
201018983719,5,2,1,73,5,60.393,2,7,7,2010,16,41,12,6,0,2,1,1,3,1,2,3,0,2,1,,,
201018983745,6,2,4,73,5,131.767,2,7,3,2010,5,50,12,6,0,7,1,2,0,0,2,1,0,1,1,,,
201018983746,2,2,4,73,5,5.49,3,7,3,2010,7,55,12,6,1,18,1,1,2,1,2,1,0,1,1,,,
201018983753,2,2,4,73,5,5.49,2,7,4,2010,17,10,54,11,0,1,1,1,1,1,2,1,0,1,1,,,
201018983755,2,2,4,73,5,5.49,2,7,4,2010,20,49,12,7,0,1,3,10,2,1,2,1,0,1,1,,,
201018983770,4,2,4,73,5,296.476,3,7,7,2010,14,45,12,1,1,18,1,1,0,0,2,1,0,1,1,,,
201018983784,5,2,3,73,5,60.393,2,7,6,2010,11,12,12,6,0,2,1,1,2,1,2,8,0,2,1,,,
201018983786,1,2,3,73,5,5.49,1,7,7,2010,8,58,42,0,0,1,1,1,4,1,1,8,0,1,4,,,
201018983807,3,2,5,73,5,20.252,2,7,4,2010,15,4,12,1,0,2,1,1,2,1,2,2,0,3,1,,,
201018983812,5,2,5,73,5,60.755,2,7,7,2010,11,53,12,6,0,2,1,1,2,5,2,2,0,2,1,,,
201018983815,3,2,5,73,5,20.252,2,7,4,2010,7,49,12,7,0,2,1,1,2,2,2,2,0,2,1,,,
201018983830,4,2,5,73,5,293.649,2,7,5,2010,16,19,12,1,0,2,1,1,0,0,2,2,0,2,1,,,
201018983842,1,2,2,73,5,5.49,1,7,7,2010,13,31,72,0,1,5,1,1,3,1,2,3,0,1,4,,,
201018983848,5,2,2,73,5,60.393,2,7,7,2010,15,55,12,1,0,4,1,1,2,2,2,3,0,1,1,,,
201018983882,2,2,2,73,5,5.49,2,7,5,2010,6,16,12,6,0,4,1,1,2,1,2,3,0,1,1,,,
201018983892,2,2,2,73,5,5.49,2,7,5,2010,23,7,12,6,0,2,3,1,2,1,2,3,0,3,1,,,
201018983917,3,2,1,73,5,16.471,2,7,6,2010,9,36,12,6,0,4,1,1,2,1,2,3,0,1,1,,,
201018983918,6,2,1,73,5,131.767,1,7,6,2010,19,20,30,0,0,2,5,10,0,0,2,3,0,3,4,,,
201018983925,5,2,9,73,5,64.929,1,7,5,2010,14,42,30,0,0,1,1,1,2,1,2,1,0,1,4,,,
201018983934,4,2,2,73,5,296.476,2,7,7,2010,13,23,12,7,0,1,1,10,0,0,2,3,0,1,1,,,
201018983962,1,2,3,73,5,5.49,3,7,6,2010,16,35,12,8,0,1,1,1,3,2,2,8,0,1,1,,,
201018983972,3,2,3,73,5,16.471,2,7,3,2010,13,40,12,1,0,2,1,1,3,1,2,8,0,2,1,,,
201018983980,5,2,10,73,5,63.85,2,7,6,2010,12,54,12,7,0,1,1,1,1,1,2,1,0,1,11,,,
201018983984,4,2,10,73,5,287.325,1,7,1,2010,19,30,43,0,0,4,5,1,0,0,2,1,0,1,4,,,
201018983986,3,2,10,73,5,31.925,2,7,5,2010,17,12,12,1,0,1,1,1,2,1,2,1,0,1,1,,,
201018983987,3,2,10,73,5,31.925,2,7,6,2010,1,10,12,1,0,4,3,1,2,1,2,1,0,1,1,,,
201018983990,2,2,4,73,5,5.49,2,7,6,2010,3,20,12,1,1,18,3,1,0,0,2,1,0,1,1,,,
201018983996,1,2,4,73,5,5.49,1,7,1,2010,6,35,25,0,0,1,1,1,3,1,2,1,0,1,3,,,
201018984004,2,2,4,73,5,5.49,2,7,4,2010,21,0,12,7,0,1,3,1,2,1,2,1,0,1,1,,,
201018984006,2,2,4,73,5,5.49,2,7,5,2010,8,5,12,1,0,1,1,1,2,1,2,1,0,1,1,,,
201018984009,2,2,4,73,5,5.49,5,7,5,2010,13,0,12,1,0,1,1,1,2,1,2,1,0,1,1,,,
201018984013,2,2,4,73,5,5.49,3,7,5,2010,17,12,12,7,0,1,1,10,0,0,2,1,0,1,1,,,
201018984023,2,2,4,73,5,5.49,2,7,7,2010,19,20,25,0,0,1,1,10,0,0,2,1,0,1,4,,,
201018984028,2,2,4,73,5,5.49,2,7,1,2010,13,40,12,7,0,1,1,1,0,0,2,1,0,1,1,,,
201018984048,3,2,5,73,5,20.252,1,7,6,2010,4,32,24,0,0,1,2,1,2,1,2,2,0,1,1,,,
201018984050,6,2,5,73,5,131.636,2,7,4,2010,15,51,12,1,0,2,1,2,2,2,2,2,0,8,1,,,
201018984091,1,2,1,73,5,5.49,1,7,6,2010,9,16,23,0,0,6,1,1,4,4,1,3,0,1,1,,,
201018984094,2,2,1,73,5,5.49,2,7,6,2010,22,45,12,6,0,2,3,1,2,1,2,3,0,2,1,,,
201018984097,2,2,1,73,5,5.49,2,7,7,2010,14,13,12,1,0,2,1,1,1,1,2,3,0,2,1,,,
201018984110,2,2,1,73,5,5.49,2,7,2,2010,17,19,12,6,0,2,1,1,2,2,2,3,0,2,1,,,
201018984122,4,2,1,73,5,296.476,2,7,4,2010,16,22,14,0,0,1,1,10,0,0,2,3,1,1,7,,,
201018984144,3,2,1,73,5,16.471,1,8,1,2010,19,50,21,0,0,1,1,1,3,1,2,3,0,1,1,,,
201018984147,6,2,3,73,5,131.767,2,7,6,2010,16,23,12,1,0,1,1,10,0,0,2,8,0,1,1,,,
201018984152,2,2,3,73,5,5.49,1,8,1,2010,17,56,1,0,0,1,1,1,0,0,2,8,0,1,1,,,
201018984167,2,2,4,73,5,5.49,2,7,3,2010,11,45,12,1,0,1,1,1,0,0,2,1,0,1,1,,,
201018984173,2,2,4,73,5,5.49,2,7,4,2010,2,38,12,7,1,18,2,1,0,0,1,1,0,1,1,,,
201018984190,6,2,4,73,5,131.767,2,8,1,2010,15,58,14,0,0,1,1,1,4,3,2,1,1,1,2,,,
201018984192,2,2,4,73,5,5.49,2,8,1,2010,16,38,12,1,1,5,1,1,0,0,2,1,0,1,1,,,
201018984196,4,2,4,73,5,296.476,2,8,1,2010,19,40,12,1,0,1,1,1,0,0,2,1,0,1,1,,,
201018984239,3,2,2,73,5,16.471,1,8,2,2010,16,0,18,0,0,1,1,1,0,0,2,3,0,1,1,,,
201018984241,4,2,2,73,5,296.476,2,8,3,2010,6,57,12,1,0,2,1,2,0,0,2,3,0,2,1,,,
201018984264,3,2,9,73,5,21.643,2,7,7,2010,9,19,12,6,0,2,1,1,2,1,2,1,0,2,1,,,
201018984265,6,2,9,73,5,129.858,3,8,1,2010,2,28,14,0,0,1,3,10,0,0,1,1,2,1,7,,,
201018984266,3,2,9,73,5,21.643,2,8,1,2010,7,28,12,6,0,2,1,1,3,1,2,1,0,2,1,,,
201018984267,3,2,9,73,5,21.643,2,8,4,2010,12,1,12,1,0,2,1,1,2,1,2,1,0,3,1,,,
201018984271,6,2,10,73,5,127.7,2,8,2,2010,10,58,12,6,0,2,1,1,0,0,2,1,0,3,1,,,
201018984278,3,2,10,73,5,31.925,2,8,4,2010,12,15,12,6,0,4,1,1,2,1,2,1,0,1,1,,,
201018984296,3,2,5,73,5,20.252,2,8,4,2010,20,10,12,1,0,1,3,1,2,1,2,2,0,1,1,,,
201018984310,4,2,5,73,5,293.649,2,8,4,2010,13,45,12,6,0,2,1,1,0,0,2,2,0,2,1,,,
201018984334,1,2,1,73,5,5.49,2,8,2,2010,20,55,12,6,0,4,3,10,3,3,2,3,0,1,1,,,
201018984346,2,2,1,73,5,5.49,2,8,4,2010,11,12,12,6,0,2,1,1,2,2,2,3,0,2,1,,,
201018984373,5,2,1,73,5,60.393,4,8,1,2010,12,0,12,1,1,2,1,10,2,1,2,3,0,3,1,,,
201018984378,4,2,1,73,5,296.476,2,8,1,2010,17,39,14,0,0,1,1,1,0,0,2,3,1,1,7,,,
201018984401,6,2,2,73,5,131.767,1,8,7,2010,18,46,25,0,0,1,1,1,0,0,2,3,0,1,5,,,
201018984406,3,2,2,73,5,16.471,1,8,1,2010,3,13,34,0,0,1,3,1,3,1,2,3,0,1,4,,,
201018984433,3,2,3,73,5,16.471,2,7,3,2010,0,40,12,1,0,1,2,1,3,1,2,8,0,1,1,,,
201018984435,1,2,3,73,5,5.49,1,8,3,2010,23,17,42,0,0,1,2,1,4,1,1,8,0,1,5,,,
201018984444,3,2,3,73,5,16.471,1,8,1,2010,1,47,1,0,0,1,2,1,2,1,2,8,0,1,6,,,
201018984446,1,2,3,73,5,5.49,1,8,1,2010,2,50,1,0,0,1,2,1,4,1,1,8,0,1,4,,,
201018984451,2,2,3,73,5,5.49,1,8,4,2010,10,24,1,0,1,18,1,1,2,1,2,8,0,1,1,,,
201018984464,3,2,9,73,5,21.643,1,8,2,2010,16,45,22,0,0,1,1,1,2,1,2,1,0,1,1,,,
201018984465,5,2,9,73,5,64.929,3,8,5,2010,18,44,12,6,0,4,1,1,2,2,2,1,0,1,1,,,
201018984467,3,2,9,73,5,21.643,2,8,6,2010,17,33,12,1,0,1,1,1,2,1,2,1,0,1,1,,,
201018984472,4,2,10,73,5,287.325,2,8,6,2010,20,41,12,1,0,2,3,1,0,0,2,1,0,3,1,,,
201018984473,6,2,10,73,5,127.7,2,8,3,2010,14,38,12,1,0,1,1,1,0,0,2,1,0,1,1,,,
201018984484,2,2,4,73,5,5.49,2,7,2,2010,12,35,12,1,1,5,1,1,2,1,2,1,0,1,1,,,
201018984489,2,2,4,73,5,5.49,3,7,7,2010,9,45,12,7,1,18,1,1,2,7,2,1,0,1,1,,,
201018984496,5,2,4,73,5,60.393,2,8,2,2010,23,31,12,1,0,1,2,10,0,0,2,1,0,1,1,,,
201018984511,3,2,4,73,5,16.471,2,8,6,2010,13,10,12,1,0,1,1,1,2,1,2,1,0,1,1,,,
201018984529,2,2,4,73,5,5.49,1,8,2,2010,19,21,2,0,1,5,3,1,2,1,2,1,0,1,1,,,
201018984535,2,2,4,73,5,5.49,2,8,5,2010,17,2,12,1,1,18,1,10,0,0,2,1,0,1,1,,,
201018984539,6,2,5,73,5,131.636,2,8,4,2010,8,30,12,1,0,2,1,1,0,0,2,2,0,8,1,,,
201018984540,1,2,5,73,5,10.126,2,8,4,2010,6,51,12,1,0,2,1,1,3,1,2,2,0,2,1,,,
201018984544,3,2,5,73,5,20.252,1,8,3,2010,20,19,22,0,0,2,3,1,2,1,2,2,0,2,1,,,
201018984593,3,2,1,73,5,16.471,1,8,3,2010,4,15,42,0,0,1,2,1,2,1,2,3,0,1,6,,,
201018984600,6,2,1,73,5,131.767,2,8,4,2010,23,55,14,0,0,1,3,10,0,0,2,3,1,1,7,,,
201018984652,3,2,2,73,5,16.471,1,8,6,2010,15,42,1,0,0,1,1,1,2,1,2,3,0,1,4,,,
201018984664,2,2,2,73,5,5.49,2,8,1,2010,1,49,12,6,0,2,3,1,0,0,2,3,0,2,1,,,
201018984668,4,2,2,73,5,296.476,2,8,2,2010,14,0,12,1,0,2,1,1,0,0,2,3,0,3,1,,,
201018984670,3,2,2,73,5,16.471,2,8,2,2010,15,13,12,1,0,1,3,1,2,1,2,3,0,1,1,,,
201018984688,1,2,3,73,5,5.49,1,8,6,2010,5,30,18,0,0,1,4,1,3,2,2,8,0,1,6,,,
201018984689,2,2,3,73,5,5.49,2,8,4,2010,12,3,12,7,0,1,1,1,0,0,2,8,0,1,1,,,
201018984704,2,2,4,73,5,5.49,2,8,7,2010,4,0,12,1,0,1,2,1,4,2,1,1,0,1,1,,,
201018984709,4,2,4,73,5,296.476,1,8,3,2010,0,0,74,0,0,1,3,1,0,0,2,1,0,1,4,,,
201018984712,2,2,4,73,5,5.49,4,8,4,2010,8,45,12,7,0,1,1,1,3,1,2,1,0,1,1,,,
201018984714,2,2,4,73,5,5.49,1,8,4,2010,13,15,1,0,1,2,1,1,0,0,2,1,0,2,1,,,
201018984726,2,2,4,73,5,5.49,2,8,6,2010,18,16,18,0,0,1,1,1,5,1,2,1,0,1,1,,,
201018984751,6,2,9,73,5,129.858,2,8,7,2010,14,35,12,6,0,2,1,1,0,0,2,1,0,2,1,,,
201018984763,5,2,10,73,5,63.85,2,8,6,2010,10,48,12,6,0,4,1,1,2,2,2,1,0,1,1,,,
201018984765,4,2,10,73,5,287.325,2,8,6,2010,16,50,12,1,0,1,1,1,0,0,2,1,0,1,1,,,
201018984771,2,2,10,73,5,31.925,2,8,4,2010,9,28,41,0,0,2,1,1,2,1,2,1,0,3,6,,,
201018984773,6,2,10,73,5,127.7,4,8,2,2010,12,40,12,1,0,1,1,10,2,1,2,1,0,1,1,,,
201018984777,4,2,10,73,5,287.325,2,8,5,2010,7,54,12,1,0,1,1,1,0,0,2,1,0,1,1,,,
201018984791,5,2,5,73,5,60.755,2,8,7,2010,12,40,12,2,0,1,1,1,2,1,1,2,0,1,1,,,
201018984812,4,2,5,73,5,293.649,2,8,2,2010,16,0,12,1,1,18,1,1,0,0,2,2,0,1,1,,,
201018984828,3,2,9,73,5,21.643,2,8,7,2010,15,27,12,7,0,1,1,1,2,1,2,1,0,1,1,,,
201018984830,5,2,9,73,5,64.929,1,8,7,2010,15,58,41,0,0,2,1,1,2,5,2,1,0,3,6,,,
201018984865,4,2,1,73,5,296.476,2,8,4,2010,0,0,14,0,0,1,3,10,0,0,2,3,1,1,7,,,
201018984881,3,2,1,73,5,16.471,2,8,7,2010,13,30,12,6,0,2,1,1,2,2,2,3,0,2,1,,,
201018984920,3,2,2,73,5,16.471,1,8,1,2010,18,13,21,0,0,2,1,10,2,1,2,3,0,3,1,,,
201018984932,5,2,2,73,5,60.393,3,8,3,2010,18,20,12,6,0,4,1,1,2,7,2,3,0,1,1,,,
201018984948,1,2,3,73,5,5.49,1,8,1,2010,0,14,38,0,0,1,2,1,4,1,2,8,0,1,5,,,
201018984964,5,2,9,73,5,64.929,3,8,5,2010,14,59,12,6,0,4,1,1,2,1,2,1,1,1,1,,,
201018984975,4,2,10,73,5,287.325,2,8,3,2010,17,50,12,1,0,1,1,1,0,0,2,1,0,1,1,,,
201018984982,6,2,5,73,5,131.636,2,8,3,2010,18,0,12,1,0,2,1,1,2,1,2,2,0,8,1,,,
201018984989,3,2,5,73,5,20.252,2,8,2,2010,16,9,12,6,0,4,1,1,2,1,2,2,0,1,1,,,
201018985012,4,2,5,73,5,293.649,2,8,5,2010,22,49,12,1,0,1,3,1,0,0,2,2,0,1,1,,,
201018985018,2,2,4,73,5,5.49,2,8,2,2010,7,15,12,7,0,1,1,1,0,0,2,1,0,1,1,,,
201018985026,2,2,4,73,5,5.49,4,8,5,2010,16,55,12,1,0,1,1,1,2,9,2,1,0,1,1,,,
201018985037,2,2,4,73,5,5.49,2,8,7,2010,9,0,12,1,0,1,1,10,1,1,2,1,0,1,1,,,
201018985042,6,2,4,73,5,131.767,1,8,1,2010,4,15,25,0,0,1,3,1,2,2,2,1,0,1,3,,,
201018985048,3,2,4,73,5,16.471,2,8,2,2010,18,50,12,1,1,2,5,1,2,1,2,1,0,3,1,,,
201018985059,2,2,4,73,5,5.49,2,8,5,2010,19,9,12,6,0,1,3,1,0,0,2,1,0,1,1,,,
201018985060,2,2,4,73,5,5.49,2,8,6,2010,9,20,12,1,1,2,1,1,0,0,2,1,0,3,1,,,
201018985063,4,2,4,73,5,296.476,2,8,6,2010,18,28,12,7,0,1,1,1,0,0,2,1,0,1,1,,,
201018985092,1,2,1,73,5,5.49,2,8,4,2010,15,39,12,2,0,2,1,1,3,2,2,3,0,2,1,,,
201018985097,2,2,1,73,5,5.49,2,8,5,2010,12,15,12,6,1,2,1,1,0,0,2,3,0,3,1,,,
201018985121,5,2,1,73,5,60.393,1,8,2,2010,17,56,30,0,0,1,1,1,2,1,2,3,0,1,4,,,
201018985128,4,2,1,73,5,296.476,2,8,3,2010,14,54,12,1,0,1,1,1,0,0,2,3,0,1,1,,,
201018985130,2,2,1,73,5,5.49,2,9,4,2010,14,40,12,6,0,2,1,1,0,0,2,3,0,2,1,,,
201018985150,3,2,2,73,5,16.471,2,8,7,2010,5,39,12,6,0,4,1,1,3,1,2,3,0,1,1,,,
201018985157,4,2,2,73,5,296.476,2,8,2,2010,11,36,14,0,0,1,1,1,0,0,2,3,1,1,7,,,
201018985165,6,2,2,73,5,131.767,2,8,3,2010,17,1,12,6,0,2,1,1,1,1,2,3,0,2,1,,,
201018985177,5,2,3,73,5,60.393,1,8,1,2010,11,20,42,0,0,1,1,1,2,2,2,8,0,1,6,,,
201018985178,1,2,3,73,5,5.49,2,8,1,2010,20,55,12,2,0,1,2,1,3,4,1,8,0,1,1,,,
201018985182,3,2,3,73,5,16.471,1,8,3,2010,22,30,24,0,0,1,3,1,2,1,2,8,0,1,1,,,
201018985184,6,2,3,73,5,131.767,1,9,4,2010,16,0,1,0,0,1,1,1,0,0,2,8,0,1,4,,,
201018985189,6,2,9,73,5,129.858,2,8,7,2010,8,13,12,1,0,2,1,1,0,0,2,1,0,8,1,,,
201018985192,3,2,9,73,5,21.643,2,8,1,2010,18,16,12,1,0,1,1,1,2,1,2,1,0,1,1,,,
201018985193,3,2,9,73,5,21.643,2,8,6,2010,6,36,12,6,0,2,1,1,1,3,2,1,0,2,1,,,
201018985196,5,2,9,73,5,64.929,2,8,3,2010,13,24,12,6,0,4,1,1,2,1,2,1,0,1,1,,,
201018985197,3,2,9,73,5,21.643,2,9,5,2010,11,11,12,8,0,1,1,2,2,1,2,1,0,1,1,,,
201018985201,1,2,4,73,5,5.49,2,8,1,2010,15,50,12,7,0,1,1,1,3,4,1,1,0,1,1,,,
201018985209,2,2,10,73,5,31.925,2,8,3,2010,16,35,12,6,0,4,1,1,0,0,2,1,0,1,1,,,
201018985211,5,2,10,73,5,63.85,2,9,4,2010,17,37,12,6,0,2,1,1,2,1,2,1,0,2,1,,,
201018985212,4,2,10,73,5,287.325,2,9,5,2010,18,58,14,0,0,1,1,1,0,0,2,1,1,1,7,,,
201018985228,3,2,5,73,5,20.252,1,8,7,2010,8,20,1,0,0,2,3,1,2,1,2,2,0,8,1,,,
201018985246,2,2,4,73,5,5.49,2,8,5,2010,5,55,12,1,0,1,1,10,1,1,2,1,0,1,1,,,