CASENUM,STRATUM,REGION,PJ,PSU,PSUSTRAT,WEIGHT,VE_TOTAL,MONTH,WKDY_IM,YEAR,HOUR_IM,MINUTE_IM,EVENT1_IM,MANCOL_IM,RELJCT1_IM,RELJCT2_IM,LGTCON_IM,WEATHR_IM,MAXSEV_IM,NO_INJ_IM,ALCHL_IM,LAND_USE,PVH_INVL,TYP_INT,REL_ROAD,CF1,CF2,CF3
201020188107,4,4,2,75,11,298.782,2,10,3,2010,22,9,12,1,0,2,3,1,0,0,2,3,0,8,1,,,
201020188144,5,4,2,75,11,56.526,2,10,6,2010,19,13,12,6,0,2,3,1,2,2,2,3,0,8,1,,,
201020188152,3,4,2,75,11,16.15,2,9,4,2010,14,50,12,7,0,1,1,1,2,1,2,3,0,1,1,,,
201020188163,6,4,2,75,11,129.203,2,9,5,2010,15,55,12,1,0,1,1,1,0,0,2,3,0,1,1,,,
201020188164,4,4,2,75,11,298.782,2,9,5,2010,17,45,12,1,0,2,1,1,0,0,2,3,0,8,1,,,
201020188175,3,4,2,75,11,16.15,1,9,4,2010,17,34,38,0,0,4,1,1,2,1,2,3,0,1,5,,,
201020188192,6,4,5,75,11,126.599,2,9,5,2010,15,41,12,1,0,1,1,1,0,0,2,3,0,1,1,,,
201020188221,5,4,1,75,11,56.526,1,10,1,2010,6,38,1,0,0,2,4,1,1,1,2,1,0,6,4,,,
201020188223,4,4,1,75,11,298.782,3,9,4,2010,14,50,12,1,0,2,1,1,0,0,2,1,0,8,1,,,
201020188228,1,4,1,75,11,8.075,1,9,5,2010,23,1,35,0,0,1,2,1,3,1,1,1,0,1,3,,,
201020188273,6,4,2,75,11,129.203,3,10,7,2010,12,57,12,1,0,2,1,1,0,0,2,3,0,8,1,,,
201020188275,4,4,2,75,11,298.782,2,10,7,2010,11,30,12,1,0,2,1,1,0,0,2,3,0,8,1,,,
201020188355,1,4,1,75,11,8.075,1,10,3,2010,15,24,32,0,0,1,1,1,3,1,1,1,0,1,3,,,
201020188362,6,4,1,75,11,129.203,2,10,7,2010,18,0,12,1,0,1,1,1,0,0,2,1,0,1,1,,,
201020188364,3,4,1,75,11,16.15,1,10,1,2010,16,41,74,0,0,1,1,1,3,2,2,1,0,1,4,,,
201020188392,4,4,2,75,11,298.782,2,10,4,2010,16,8,12,7,0,1,1,1,0,0,2,3,0,1,1,,,
201020188411,6,4,2,75,11,129.203,2,10,2,2010,15,26,12,1,0,2,1,1,1,1,2,3,0,8,1,,,
201020188417,3,4,2,75,11,16.15,1,10,1,2010,20,26,1,0,1,2,3,1,2,1,2,3,0,8,1,,,
201020188441,1,4,2,75,11,8.075,2,10,5,2010,17,36,12,2,0,2,1,1,3,3,2,3,0,3,1,,,
201020188443,5,4,2,75,11,56.526,2,10,5,2010,6,55,12,2,0,2,1,1,1,2,2,3,0,8,1,,,
201020188445,4,4,2,75,11,298.782,2,10,5,2010,11,48,12,6,0,4,1,1,1,1,2,3,0,1,1,,,
201020188472,3,4,5,75,11,14.067,2,10,7,2010,15,26,12,6,0,2,1,1,2,1,2,3,0,2,1,,,
201020188473,6,4,5,75,11,126.599,2,10,4,2010,16,25,12,1,0,1,1,1,0,0,2,3,0,1,1,,,
201020188487,3,4,1,75,11,16.15,1,10,3,2010,6,50,22,0,0,4,3,1,2,1,2,1,0,1,1,,,
201020188491,5,4,1,75,11,56.526,1,10,3,2010,9,28,30,0,0,1,1,1,2,1,2,1,0,1,4,,,
201020188498,1,4,1,75,11,8.075,1,10,6,2010,2,12,18,0,0,1,2,1,3,1,1,1,0,1,,,,
201020188516,4,4,1,75,11,298.782,2,10,6,2010,7,45,12,7,0,1,1,1,0,0,2,1,0,1,1,,,
201020188517,6,4,1,75,11,129.203,2,10,6,2010,10,20,12,1,0,1,1,1,0,0,2,1,0,1,1,,,
201020188558,4,4,2,75,11,298.782,2,10,6,2010,20,2,12,6,0,4,3,1,0,0,2,3,0,1,1,,,
201020188629,1,4,1,75,11,8.075,1,10,3,2010,4,8,17,0,0,1,2,8,3,2,1,1,0,1,3,,,
201020188649,5,4,1,75,11,56.526,2,10,7,2010,12,35,12,6,0,2,1,1,1,1,2,1,0,3,1,,,
201020188657,6,4,1,75,11,129.203,2,10,2,2010,16,33,12,1,0,2,1,1,0,0,2,1,0,8,1,,,
201020188694,4,4,5,75,11,295.397,2,10,2,2010,17,6,12,1,0,1,1,1,0,0,2,3,0,1,1,,,
201020188716,5,4,1,75,11,56.526,1,11,3,2010,17,10,35,0,0,1,1,1,2,2,2,1,0,1,4,,,
201020188722,1,4,1,75,11,8.075,3,11,4,2010,8,24,12,2,0,1,1,1,3,2,2,1,0,1,1,,,
201020188751,6,4,5,75,11,126.599,2,11,6,2010,7,46,12,1,0,2,1,1,0,0,2,3,0,3,1,,,
201020188771,6,4,1,75,11,129.203,2,11,2,2010,21,55,12,1,0,2,3,1,0,0,2,1,0,8,1,,,
201020188788,4,4,1,75,11,298.782,2,11,4,2010,7,5,12,1,0,2,1,5,0,0,2,1,0,8,1,,,
201020188795,5,4,1,75,11,56.526,2,11,4,2010,15,27,12,7,1,5,1,1,1,1,2,1,0,1,1,,,
201020188803,4,4,2,75,11,298.782,2,11,2,2010,12,4,12,1,0,2,1,1,0,0,2,3,0,8,1,,,
201020188808,6,4,2,75,11,129.203,2,11,3,2010,17,32,12,6,0,4,3,6,1,1,2,3,0,1,1,,,
201020188851,4,4,2,75,11,298.782,2,11,5,2010,17,3,12,1,0,2,3,1,0,0,2,3,0,8,1,,,
201020188897,1,4,1,75,11,8.075,3,11,5,2010,13,0,12,8,0,1,1,1,3,3,2,1,0,1,1,,,
201020188911,2,4,1,75,11,8.075,1,11,4,2010,23,12,18,0,1,18,3,2,0,0,2,1,0,1,1,,,
201020188912,6,4,1,75,11,129.203,2,11,4,2010,12,20,14,0,0,1,1,1,0,0,2,1,1,1,7,,,
201020188923,5,4,1,75,11,56.526,2,11,2,2010,8,2,12,6,0,2,1,1,1,1,2,1,0,8,1,,,
201020188953,1,4,1,75,11,8.075,1,11,7,2010,1,30,35,0,0,1,6,1,3,1,1,1,0,1,4,,,
201020188956,6,4,2,75,11,129.203,2,11,3,2010,19,40,14,0,0,1,3,1,0,0,2,3,1,1,7,,,
201020188974,1,4,2,75,11,8.075,3,11,1,2010,4,43,14,0,0,1,3,1,3,1,2,3,2,1,7,,,
201020188994,4,4,2,75,11,298.782,2,11,6,2010,17,21,12,1,0,1,3,1,0,0,2,3,0,1,1,,,
201020188997,1,4,2,75,11,8.075,1,11,5,2010,20,53,42,0,0,1,3,1,3,3,1,3,0,1,3,,,
201020189067,4,4,5,75,11,295.397,2,11,3,2010,8,55,12,1,0,1,1,1,0,0,2,3,0,1,1,,,
201020189077,6,4,1,75,11,129.203,1,12,4,2010,8,0,42,0,0,1,1,1,0,0,2,1,0,1,5,,,
201020189099,4,4,2,75,11,298.782,2,12,7,2010,21,44,12,1,0,2,3,1,0,0,2,3,0,8,1,,,
201020189107,5,4,2,75,11,56.526,2,12,7,2010,9,55,12,2,0,2,1,1,1,1,1,3,0,8,1,,,
201020189117,2,4,2,75,11,8.075,2,12,5,2010,12,54,12,6,0,2,1,1,0,0,2,3,0,8,1,,,
201020189121,6,4,2,75,11,129.203,1,12,5,2010,23,49,33,0,0,1,2,1,0,0,1,3,0,1,4,,,
201020189131,1,4,2,75,11,8.075,1,12,5,2010,15,54,43,0,0,1,1,1,0,0,2,3,0,1,4,,,
201020189133,1,4,2,75,11,8.075,2,12,4,2010,18,59,12,6,0,2,3,1,3,5,1,3,0,8,1,,,
201020189170,3,4,4,75,11,16.15,1,11,3,2010,12,36,1,0,0,1,1,1,2,1,2,2,0,1,1,,,
201020189177,5,4,5,75,11,56.266,2,11,1,2010,15,51,12,1,0,2,1,1,2,2,2,3,0,2,1,,,
201020189189,5,4,1,75,11,56.526,3,12,2,2010,17,15,12,1,0,2,3,1,0,0,2,1,0,8,1,,,
201020189203,4,4,1,75,11,298.782,2,12,2,2010,10,30,12,7,0,2,1,1,0,0,2,1,0,6,1,,,
201020189216,3,4,1,75,11,16.15,2,12,1,2010,15,40,12,6,0,4,1,1,2,1,2,1,0,1,1,,,
201020189221,6,4,1,75,11,129.203,1,12,2,2010,5,38,18,0,0,1,1,1,0,0,2,1,0,1,,,,
201020189222,5,4,1,75,11,56.526,2,12,2,2010,16,22,12,6,0,2,5,1,1,1,2,1,0,8,1,,,
201020189224,1,4,1,75,11,8.075,2,12,2,2010,14,45,12,6,0,2,1,1,3,1,2,1,0,8,1,,,
201020189250,4,4,3,75,11,298.782,1,12,6,2010,13,51,33,0,0,1,1,1,1,1,2,3,0,1,4,,,
201020189280,1,4,2,75,11,8.075,1,12,5,2010,15,54,30,0,0,1,1,1,4,1,2,3,0,1,4,,,
201020189281,4,4,2,75,11,298.782,2,12,1,2010,0,26,12,1,0,1,3,1,0,0,1,3,0,1,1,,,
201020189306,3,4,2,75,11,16.15,1,12,6,2010,17,10,21,0,0,1,3,1,3,1,2,3,0,1,1,,,
201020189331,6,4,2,75,11,129.203,3,12,3,2010,17,23,12,1,0,2,3,1,0,0,2,3,0,8,1,,,
201020189334,4,4,2,75,11,298.782,2,12,4,2010,12,37,12,1,0,2,1,1,0,0,2,3,0,8,1,,,
201020189377,6,4,5,75,11,126.599,2,12,6,2010,18,50,12,1,0,2,3,1,0,0,2,3,0,2,1,,,
201020189388,5,4,2,75,11,56.526,3,12,4,2010,17,16,14,0,0,1,2,1,2,1,2,3,2,1,7,,,
201020189394,1,4,2,75,11,8.075,1,12,2,2010,3,43,33,0,0,2,3,1,4,1,1,3,0,8,4,,,
201020189416,4,4,2,75,11,298.782,2,12,5,2010,8,37,12,2,0,2,1,1,0,0,2,3,0,8,1,,,
201020189424,6,4,2,75,11,129.203,1,12,6,2010,3,52,33,0,0,2,3,4,3,1,1,3,0,8,4,,,
201020189447,3,4,2,75,11,16.15,1,12,5,2010,16,53,22,0,0,2,3,1,2,1,2,3,0,8,1,,,
201020189462,2,4,2,75,11,8.075,2,12,4,2010,8,0,12,1,0,1,1,1,0,0,2,3,0,1,1,,,
201020189516,5,4,1,75,11,56.526,3,12,6,2010,15,49,12,1,0,1,1,1,0,0,2,1,0,1,1,,,
201020189521,6,4,1,75,11,129.203,1,12,6,2010,22,0,42,0,0,1,2,4,0,0,2,1,0,1,6,,,
201020189541,4,4,5,75,11,295.397,2,12,7,2010,17,7,12,1,0,2,2,1,0,0,2,3,0,8,1,,,
201020189547,6,4,5,75,11,126.599,1,12,5,2010,1,58,33,0,0,2,3,1,0,0,1,3,0,8,4,,,
201020189573,5,4,5,75,11,56.266,2,12,5,2010,9,3,12,1,0,2,1,1,2,1,2,3,0,8,1,,,
201020189588,5,4,1,75,11,56.526,2,12,1,2010,21,20,12,7,0,2,3,1,2,1,2,1,0,8,1,,,
201020189589,1,4,1,75,11,8.075,1,12,1,2010,1,35,38,0,0,1,3,1,3,1,1,1,0,1,5,,,
201020189590,4,4,1,75,11,298.782,2,12,2,2010,0,45,14,0,0,1,2,1,0,0,2,1,1,1,7,,,
201020189619,4,4,2,75,11,298.782,2,12,5,2010,22,2,14,0,0,4,2,3,0,0,2,3,1,1,7,,,
201020189620,6,4,2,75,11,129.203,1,12,5,2010,16,0,30,0,0,2,1,4,0,0,2,3,0,8,4,,,
201020189629,5,4,2,75,11,56.526,1,12,5,2010,10,1,35,0,1,5,1,3,1,1,2,3,0,1,4,,,
201020189643,3,4,2,75,11,16.15,1,12,4,2010,14,57,22,0,0,4,1,1,3,1,2,3,0,1,1,,,
201020189644,1,4,2,75,11,8.075,1,12,3,2010,15,23,31,0,0,1,1,1,3,1,2,3,0,1,4,,,
201020189675,6,4,2,75,11,129.203,2,12,7,2010,15,40,12,6,0,2,1,1,0,0,2,3,0,8,1,,,
201020189681,4,4,2,75,11,298.782,2,12,6,2010,18,2,12,1,0,1,3,1,0,0,2,3,0,1,1,,,
201020189780,6,4,1,75,11,129.203,2,12,5,2010,17,19,12,6,0,2,3,4,1,1,2,1,0,8,1,,,
201020189807,5,4,1,75,11,56.526,1,12,6,2010,2,48,38,0,0,1,2,1,2,1,1,1,0,1,5,,,
201020189810,3,4,1,75,11,16.15,1,12,6,2010,13,27,1,0,0,2,1,1,3,1,2,1,0,2,1,,,
201020189813,4,4,1,75,11,298.782,1,12,7,2010,21,48,38,0,0,1,3,1,0,0,1,1,0,1,5,,,
201020189819,6,4,5,75,11,126.599,2,12,6,2010,11,12,12,6,0,2,1,1,0,0,2,3,0,3,1,,,
201020189820,1,4,5,75,11,14.067,2,12,5,2010,18,36,12,6,0,1,3,4,3,2,2,3,0,1,1,,,
201020514799,4,4,1,76,12,315.872,1,1,6,2010,18,10,24,0,0,1,5,1,0,0,2,8,0,1,1,,,
201020514800,6,4,1,76,12,105.291,1,1,6,2010,20,14,18,0,0,1,2,1,0,0,2,8,0,1,1,,,
201020514825,1,4,4,76,12,105.291,1,1,6,2010,22,27,33,0,0,2,3,1,3,1,2,1,0,2,4,,,
201020514827,4,4,18,76,12,315.872,2,1,6,2010,19,28,12,7,0,1,2,1,0,0,2,8,0,1,1,,,
201020514828,6,4,18,76,12,105.291,2,1,7,2010,17,12,12,1,0,1,1,1,0,0,2,8,0,1,1,,,
201020514851,4,4,1,76,12,315.872,2,1,5,2010,9,21,12,1,0,2,1,1,0,0,2,8,0,2,1,,,
201020514853,6,4,3,76,12,105.291,2,1,5,2010,14,10,12,6,0,2,1,1,0,0,2,1,0,8,1,,,
201020514854,4,4,4,76,12,315.872,2,1,6,2010,12,24,14,0,0,1,1,1,0,0,2,1,1,1,7,,,
201020514857,1,4,4,76,12,105.291,2,1,7,2010,11,48,12,2,0,2,1,1,3,9,2,1,0,2,1,,,
201020514859,6,4,18,76,12,105.291,2,1,1,2010,16,14,12,6,0,2,2,1,1,1,1,8,0,3,1,,,
201020514860,5,4,18,76,12,105.291,1,1,2,2010,21,4,75,0,0,1,2,1,1,1,1,8,0,1,4,,,
201020514861,6,4,18,76,12,105.291,2,1,7,2010,12,11,12,1,0,1,1,1,0,0,2,8,0,1,1,,,
201020514883,6,4,1,76,12,105.291,1,1,2,2010,18,43,24,0,0,1,2,1,0,0,2,8,0,1,1,,,
201020514884,6,4,1,76,12,105.291,2,1,2,2010,16,36,12,6,0,1,1,2,0,0,2,8,0,1,1,,,
201020514885,6,4,1,76,12,105.291,1,1,2,2010,20,24,34,0,0,1,2,4,0,0,2,8,0,1,4,,,
201020514886,6,4,1,76,12,105.291,1,1,5,2010,14,46,35,0,0,1,1,2,0,0,2,8,0,1,4,,,
201020514887,6,4,1,76,12,105.291,1,1,6,2010,17,10,10,0,0,1,1,4,0,0,2,8,0,1,1,,,
201020514888,6,4,2,76,12,105.291,2,1,6,2010,21,1,14,0,0,1,2,2,0,0,2,8,1,1,7,,,
201020514889,6,4,2,76,12,105.291,2,1,1,2010,10,33,12,1,0,2,1,1,0,0,2,8,0,2,1,,,
201020514890,4,4,4,76,12,315.872,2,1,7,2010,19,34,12,7,0,1,3,1,0,0,2,1,0,1,1,,,
201020514891,6,4,4,76,12,105.291,2,1,3,2010,9,56,12,1,0,2,1,1,5,1,2,1,0,2,1,,,
201020514894,6,4,18,76,12,105.291,2,1,7,2010,12,56,12,6,0,2,1,1,1,2,2,8,0,2,1,,,
201020514895,6,4,18,76,12,105.291,1,1,1,2010,4,32,35,0,0,1,2,1,0,0,2,8,0,1,4,,,
201020514896,4,4,18,76,12,315.872,1,1,4,2010,13,26,38,0,0,1,1,1,1,1,2,8,0,1,4,,,
201020514908,5,4,1,76,12,105.291,3,1,7,2010,12,15,12,1,0,2,1,1,2,2,2,8,0,3,1,,,
201020514909,6,4,1,76,12,105.291,1,1,2,2010,21,31,75,0,0,1,2,10,0,0,2,8,0,1,3,,,
201020514910,6,4,1,76,12,105.291,1,1,1,2010,18,39,24,0,0,1,2,5,0,0,2,8,0,1,1,,,
201020514911,5,4,1,76,12,105.291,1,1,3,2010,0,45,35,0,0,1,2,1,3,1,2,8,0,1,4,,,
201020514912,4,4,2,76,12,315.872,2,1,6,2010,14,41,12,6,0,2,1,10,0,0,2,8,0,2,1,,,
201020514914,6,4,2,76,12,105.291,2,2,3,2010,20,30,14,0,0,1,3,1,1,1,2,8,1,1,7,,,
201020514915,4,4,3,76,12,315.872,2,1,2,2010,12,38,12,2,0,2,1,1,0,0,2,1,0,3,1,,,
201020514918,2,4,18,76,12,105.291,2,1,4,2010,13,25,12,8,0,1,1,10,0,0,2,8,0,1,1,,,
201020514919,6,4,18,76,12,105.291,1,1,6,2010,2,24,1,0,0,1,2,2,0,0,2,8,0,1,4,,,
201020514928,6,4,1,76,12,105.291,1,1,1,2010,7,20,1,0,0,1,1,10,0,0,2,8,0,1,4,,,
201020514929,2,4,1,76,12,105.291,1,2,5,2010,21,16,1,0,0,1,2,10,2,1,2,8,0,1,1,,,
201020514930,5,4,2,76,12,105.291,3,2,1,2010,10,59,12,6,0,2,1,2,2,2,2,8,0,2,1,,,
201020514931,6,4,2,76,12,105.291,1,2,2,2010,10,13,33,0,0,1,1,1,0,0,1,8,0,1,4,,,
201020514932,6,4,4,76,12,105.291,2,1,3,2010,10,35,12,1,0,2,1,1,0,0,2,1,0,2,1,,,
201020514933,4,4,4,76,12,315.872,2,1,1,2010,22,31,12,6,0,2,3,1,0,0,2,1,0,2,1,,,
201020514934,5,4,4,76,12,105.291,1,1,1,2010,0,42,30,0,0,1,3,1,2,1,2,1,0,1,4,,,
201020514935,5,4,4,76,12,105.291,2,2,2,2010,10,30,12,1,0,1,1,1,1,1,2,1,0,1,1,,,
201020514937,6,4,5,76,12,105.291,2,1,5,2010,14,10,12,2,0,1,1,1,0,0,2,8,0,1,1,,,
201020514938,1,4,5,76,12,105.291,1,1,7,2010,18,33,1,0,0,1,2,1,2,1,2,8,0,1,4,,,
201020514939,5,4,5,76,12,105.291,2,1,4,2010,13,56,12,6,0,1,1,1,2,1,1,8,0,1,1,,,
201020514940,6,4,5,76,12,105.291,2,1,2,2010,13,51,12,6,0,2,1,10,0,0,2,8,0,3,1,,,
201020514941,4,4,5,76,12,315.872,1,1,1,2010,6,48,38,0,0,2,6,1,0,0,2,8,0,3,5,,,
201020514943,5,4,18,76,12,105.291,1,1,7,2010,8,18,1,0,0,1,1,4,3,4,2,8,0,1,2,,,
201020514948,6,4,1,76,12,105.291,2,2,3,2010,8,26,12,6,0,1,1,1,0,0,2,8,0,1,1,,,
201020514949,6,4,1,76,12,105.291,2,2,1,2010,6,30,45,0,0,1,4,4,0,0,2,8,1,1,1,,,
201020514950,6,4,1,76,12,105.291,1,2,1,2010,8,51,43,0,0,1,1,4,1,2,2,8,0,1,4,,,
201020514951,5,4,1,76,12,105.291,2,2,1,2010,11,18,12,2,0,1,1,10,2,2,2,8,0,1,1,,,
201020514953,6,4,1,76,12,105.291,1,2,6,2010,22,41,17,0,0,1,2,1,0,0,2,8,0,1,4,,,
201020514955,6,4,1,76,12,105.291,1,2,1,2010,19,17,24,0,0,1,2,1,0,0,2,8,0,1,1,,,
201020514956,4,4,1,76,12,315.872,2,2,2,2010,12,45,12,8,0,1,1,1,0,0,2,8,0,1,1,,,
201020514957,4,4,3,76,12,315.872,2,1,4,2010,12,37,12,1,0,2,1,1,0,0,2,1,0,8,1,,,
201020514960,6,4,3,76,12,105.291,1,1,6,2010,19,47,1,0,0,1,2,4,0,0,1,1,0,1,1,,,
201020514961,4,4,3,76,12,315.872,1,1,6,2010,22,39,38,0,0,2,2,4,0,0,2,1,0,3,5,,,
201020514963,6,4,4,76,12,105.291,2,2,5,2010,7,32,12,6,0,2,1,1,0,0,2,1,0,2,1,,,
201020514964,6,4,6,76,12,105.291,1,1,3,2010,10,0,30,0,0,1,1,2,0,0,2,8,0,1,4,,,
201020514965,5,4,18,76,12,105.291,1,2,6,2010,4,25,35,0,0,1,2,1,1,1,2,8,0,1,6,,,
201020515009,6,4,1,76,12,105.291,1,2,4,2010,7,14,31,0,0,1,4,1,0,0,2,8,0,1,4,,,
201020515010,3,4,1,76,12,105.291,1,2,4,2010,17,54,25,0,0,1,1,1,3,1,2,8,0,1,3,,,
201020515013,6,4,1,76,12,105.291,1,2,2,2010,9,45,74,0,0,1,1,4,0,0,2,8,0,1,4,,,
201020515014,6,4,1,76,12,105.291,1,2,2,2010,13,2,1,0,0,1,1,4,2,1,2,8,0,1,6,,,
201020515015,6,4,1,76,12,105.291,1,2,3,2010,6,45,74,0,0,1,4,1,0,0,2,8,0,1,4,,,
201020515017,6,4,2,76,12,105.291,2,2,7,2010,15,53,12,6,0,2,1,1,0,0,2,8,0,2,1,,,
201020515018,5,4,2,76,12,105.291,2,2,5,2010,14,57,12,6,0,4,1,1,1,1,2,8,0,1,1,,,
201020515019,6,4,2,76,12,105.291,3,2,7,2010,16,32,12,1,1,2,1,1,1,1,2,8,0,8,1,,,
201020515020,5,4,3,76,12,105.291,1,2,6,2010,19,26,39,0,0,1,3,1,2,1,2,1,0,1,5,,,
201020515021,3,4,4,76,12,105.291,1,1,3,2010,21,2,38,0,0,2,3,1,3,1,1,1,0,3,5,,,
201020515022,6,4,4,76,12,105.291,2,2,2,2010,11,28,12,6,0,4,1,1,1,2,2,1,0,1,1,,,
201020515024,4,4,4,76,12,315.872,2,2,5,2010,12,8,12,1,0,1,1,1,0,0,2,1,0,1,1,,,
201020515025,6,4,4,76,12,105.291,2,2,3,2010,7,33,12,1,0,2,1,1,0,0,2,1,0,4,1,,,
201020515028,4,4,4,76,12,315.872,2,2,1,2010,13,23,12,1,0,2,1,2,0,0,2,1,0,2,1,,,
201020515029,4,4,7,76,12,300.83,2,1,1,2010,12,16,12,6,0,4,1,1,0,0,2,1,0,1,1,,,
201020515030,4,4,7,76,12,300.83,1,2,3,2010,12,25,30,0,0,4,1,1,0,0,2,1,0,1,6,,,
201020515068,5,4,1,76,12,105.291,1,2,1,2010,7,0,35,0,0,1,4,1,2,2,2,8,0,1,4,,,
201020515069,6,4,1,76,12,105.291,1,2,7,2010,15,30,17,0,0,1,1,2,2,1,2,8,0,1,3,,,
201020515070,4,4,1,76,12,315.872,1,2,1,2010,12,2,1,0,0,1,1,3,0,0,2,8,0,1,4,,,
201020515074,3,4,3,76,12,105.291,1,2,1,2010,22,18,21,0,0,1,2,4,3,1,1,1,0,1,,,,
201020515075,6,4,3,76,12,105.291,2,2,7,2010,19,0,12,6,0,2,3,2,0,0,2,1,0,2,1,,,
201020515077,6,4,4,76,12,105.291,2,2,4,2010,18,35,12,6,0,2,3,1,1,1,2,1,0,2,1,,,
201020515078,6,4,6,76,12,105.291,2,1,3,2010,16,32,12,1,0,1,1,1,0,0,2,8,0,1,1,,,
201020515079,4,4,6,76,12,315.872,1,1,1,2010,19,28,34,0,0,1,2,1,2,2,1,8,0,1,4,,,
201020515080,4,4,1,76,12,315.872,2,1,6,2010,8,20,12,1,0,1,1,4,1,1,2,8,0,1,1,,,
201020515082,6,4,1,76,12,105.291,1,2,2,2010,4,14,42,0,0,1,2,4,1,1,2,8,0,1,4,,,
201020515085,5,4,5,76,12,105.291,1,1,3,2010,2,15,30,0,0,1,2,1,2,1,1,8,0,1,6,,,
201020515086,4,4,7,76,12,300.83,2,2,5,2010,14,19,12,6,0,2,1,1,0,0,2,1,0,8,1,,,
201020515089,6,4,18,76,12,105.291,1,2,6,2010,17,53,74,0,0,1,5,1,1,1,1,8,0,1,4,,,
201020515090,4,4,18,76,12,315.872,1,3,5,2010,12,28,34,0,0,2,1,1,0,0,2,8,0,2,4,,,
201020515091,6,4,1,76,12,105.291,1,2,2,2010,17,25,1,0,0,1,5,11,0,0,2,8,0,1,2,,,
201020515092,6,4,1,76,12,105.291,1,3,5,2010,19,40,74,0,0,1,2,1,0,0,2,8,0,1,4,,,
201020515100,2,4,1,76,12,105.291,2,3,4,2010,14,50,12,8,0,1,1,1,3,1,2,8,0,1,1,,,
201020515101,6,4,1,76,12,105.291,1,3,6,2010,0,1,24,0,0,1,2,1,0,0,2,8,0,1,1,,,
201020515102,6,4,1,76,12,105.291,1,3,3,2010,14,10,74,0,0,1,1,4,0,0,2,8,0,1,4,,,
201020515103,6,4,1,76,12,105.291,1,3,4,2010,6,50,34,0,0,1,4,10,0,0,2,8,0,1,4,,,
201020515104,3,4,1,76,12,105.291,1,3,7,2010,13,40,1,0,0,1,1,1,3,1,2,8,0,1,4,,,
201020515105,2,4,2,76,12,105.291,2,2,3,2010,12,12,12,1,1,19,1,1,0,0,2,8,0,8,1,,,
201020515106,5,4,2,76,12,105.291,2,2,6,2010,4,45,12,1,0,2,3,1,1,1,2,8,0,2,1,,,
201020515107,6,4,2,76,12,105.291,2,3,2,2010,11,3,12,6,0,2,1,1,0,0,2,8,0,2,1,,,
201020515108,4,4,2,76,12,315.872,2,3,6,2010,10,34,12,6,0,2,1,1,0,0,2,8,0,2,1,,,
201020515109,6,4,2,76,12,105.291,3,3,3,2010,16,50,12,1,0,1,1,1,0,0,2,8,0,1,1,,,
201020515110,6,4,4,76,12,105.291,1,2,7,2010,6,48,35,0,0,1,4,1,0,0,2,1,0,1,4,,,
201020515111,4,4,4,76,12,315.872,2,2,1,2010,2,25,12,8,0,1,3,5,0,0,1,1,0,1,1,,,
201020515112,5,4,4,76,12,105.291,2,2,6,2010,14,39,12,1,0,6,1,1,1,3,2,1,0,1,1,,,
201020515113,6,4,4,76,12,105.291,2,3,2,2010,15,43,12,1,0,1,1,10,0,0,2,1,0,1,1,,,
201020515114,5,4,5,76,12,105.291,2,1,1,2010,14,53,12,1,0,4,1,1,2,2,2,8,0,1,1,,,
201020515115,6,4,5,76,12,105.291,1,1,1,2010,12,53,17,0,0,1,1,1,2,1,2,8,0,1,4,,,
201020515117,6,4,5,76,12,105.291,1,1,1,2010,12,50,59,0,0,1,1,1,0,0,2,8,0,1,3,,,
201020515118,5,4,5,76,12,105.291,1,2,6,2010,22,1,33,0,0,2,2,1,2,1,1,8,0,2,4,,,
201020515119,5,4,18,76,12,105.291,1,3,7,2010,4,30,1,0,0,1,2,1,1,1,2,8,0,1,4,,,
201020515120,6,4,1,76,12,105.291,1,2,2,2010,21,40,74,0,0,1,2,4,0,0,2,8,0,1,4,,,
201020515121,6,4,1,76,12,105.291,1,2,3,2010,5,9,34,0,0,1,2,1,0,0,2,8,0,1,4,,,
201020515122,5,4,1,76,12,105.291,1,2,3,2010,5,48,34,0,0,1,2,1,1,1,2,8,0,1,4,,,
201020515124,6,4,1,76,12,105.291,1,3,2,2010,11,18,35,0,0,1,1,1,0,0,2,8,0,1,4,,,
201020515125,4,4,1,76,12,315.872,2,3,4,2010,16,7,14,0,0,1,1,1,0,0,2,8,1,1,2,,,
201020515127,4,4,3,76,12,315.872,2,1,2,2010,10,36,12,9,0,4,1,1,0,0,2,1,0,1,1,,,
201020515130,4,4,3,76,12,315.872,2,2,4,2010,13,5,12,7,0,1,1,1,0,0,2,1,0,1,3,,,
201020515133,6,4,3,76,12,105.291,1,3,3,2010,5,50,35,0,0,1,2,10,0,0,2,1,0,1,4,,,
201020515134,4,4,3,76,12,315.872,2,3,4,2010,17,25,12,6,0,2,5,4,0,0,2,1,0,2,1,,,