CASENUM,STRATUM,REGION,PJ,PSU,PSUSTRAT,WEIGHT,VE_TOTAL,MONTH,WKDY_IM,YEAR,HOUR_IM,MINUTE_IM,EVENT1_IM,MANCOL_IM,RELJCT1_IM,RELJCT2_IM,LGTCON_IM,WEATHR_IM,MAXSEV_IM,NO_INJ_IM,ALCHL_IM,LAND_USE,PVH_INVL,TYP_INT,REL_ROAD,CF1,CF2,CF3
201020515572,6,4,6,76,12,105.291,1,5,6,2010,3,53,35,0,0,1,2,1,0,0,1,8,0,1,4,,,
201020515573,2,4,6,76,12,105.291,1,5,2,2010,3,29,38,0,0,1,6,1,0,0,2,8,0,1,5,,,
201020515581,4,4,4,76,12,315.872,2,6,6,2010,13,40,12,1,0,1,1,1,0,0,2,1,0,1,1,,,
201020515586,5,4,4,76,12,105.291,2,7,6,2010,9,19,12,6,0,2,1,1,2,2,2,1,0,7,1,,,
201020515588,3,4,6,76,12,105.291,1,3,5,2010,16,42,13,0,0,1,1,1,2,2,2,8,0,1,1,,,
201020515589,5,4,6,76,12,105.291,2,4,1,2010,2,3,12,6,0,1,2,1,3,2,1,8,0,1,1,,,
201020515590,4,4,6,76,12,315.872,2,4,1,2010,16,0,12,6,0,4,1,1,0,0,2,8,0,1,1,,,
201020515591,6,4,6,76,12,105.291,1,6,6,2010,20,21,42,0,0,1,5,1,0,0,2,8,0,1,4,,,
201020515592,6,4,6,76,12,105.291,1,6,5,2010,9,37,7,0,0,1,1,1,0,0,2,8,0,1,1,,,
201020515593,5,4,6,76,12,105.291,1,7,5,2010,8,59,1,0,0,1,1,1,2,1,1,8,0,1,2,,,
201020515594,2,4,18,76,12,105.291,1,7,6,2010,6,52,74,0,0,1,1,1,0,0,2,8,0,1,4,,,
201020515600,6,4,1,76,12,105.291,1,7,7,2010,16,33,25,0,0,1,1,1,0,0,2,8,0,1,3,,,
201020515601,6,4,1,76,12,105.291,1,7,3,2010,20,27,24,0,0,1,2,1,0,0,2,8,0,1,1,,,
201020515602,6,4,1,76,12,105.291,1,7,7,2010,22,15,18,0,0,1,2,1,1,1,2,8,0,1,1,,,
201020515603,5,4,3,76,12,105.291,2,5,2,2010,20,38,12,6,0,2,3,1,3,5,1,1,0,2,1,,,
201020515604,4,4,3,76,12,315.872,2,6,4,2010,11,51,12,1,0,2,1,1,0,0,2,1,0,2,1,,,
201020515605,5,4,3,76,12,105.291,1,6,7,2010,17,11,34,0,0,4,1,1,3,1,2,1,0,1,4,,,
201020515607,6,4,3,76,12,105.291,2,6,1,2010,17,32,12,1,0,2,1,1,1,2,1,1,0,2,1,,,
201020515608,5,4,3,76,12,105.291,1,6,1,2010,0,10,74,0,0,1,2,1,3,1,2,1,0,1,4,,,
201020515609,4,4,7,76,12,300.83,2,6,4,2010,15,13,12,1,0,1,1,1,0,0,2,1,0,1,1,,,
201020515610,5,4,7,76,12,300.83,2,7,4,2010,14,0,12,6,0,4,1,1,2,2,2,1,0,1,1,,,
201020515612,6,4,18,76,12,105.291,1,7,6,2010,1,10,1,0,0,1,2,1,0,0,2,8,0,1,4,,,
201020515613,1,4,18,76,12,105.291,1,7,5,2010,16,33,42,0,0,1,1,1,3,1,2,8,0,1,4,,,
201020515620,6,4,1,76,12,105.291,2,6,5,2010,16,35,12,6,0,1,1,1,1,2,1,8,0,1,1,,,
201020515621,6,4,1,76,12,105.291,1,7,5,2010,13,0,35,0,0,1,1,2,2,1,2,8,0,1,4,,,
201020515622,4,4,1,76,12,315.872,2,7,6,2010,13,55,12,7,0,1,1,1,0,0,2,8,0,1,1,,,
201020515624,5,4,1,76,12,105.291,1,7,7,2010,13,39,35,0,0,1,1,1,2,1,2,8,0,1,4,,,
201020515625,6,4,1,76,12,105.291,1,7,7,2010,19,34,24,0,0,1,5,1,2,4,2,8,0,1,1,,,
201020515626,3,4,1,76,12,105.291,1,7,1,2010,7,35,1,0,0,1,1,1,2,1,2,8,0,1,1,,,
201020515627,6,4,1,76,12,105.291,1,7,1,2010,19,44,24,0,0,1,2,1,0,0,2,8,0,1,1,,,
201020515628,6,4,1,76,12,105.291,1,7,4,2010,23,38,17,0,0,1,2,2,0,0,2,8,0,1,1,,,
201020515630,4,4,2,76,12,315.872,1,7,6,2010,3,3,43,0,0,1,2,1,0,0,2,8,0,1,4,,,
201020515631,5,4,3,76,12,105.291,2,6,4,2010,10,50,12,1,0,2,1,1,2,1,2,1,0,2,1,,,
201020515632,6,4,3,76,12,105.291,2,7,5,2010,14,52,12,6,0,4,1,1,0,0,2,1,0,1,1,,,
201020515634,5,4,3,76,12,105.291,2,7,2,2010,13,10,12,6,0,4,1,1,0,0,2,1,0,1,1,,,
201020515635,4,4,3,76,12,315.872,2,7,5,2010,12,13,14,0,0,1,1,1,0,0,2,1,1,1,7,,,
201020515637,6,4,3,76,12,105.291,2,7,6,2010,9,19,12,6,0,4,1,1,0,0,2,1,0,1,1,,,
201020515638,6,4,3,76,12,105.291,2,7,4,2010,21,50,12,6,0,2,2,1,0,0,2,1,0,2,1,,,
201020515639,6,4,5,76,12,105.291,1,7,3,2010,5,22,35,0,0,1,2,1,2,1,2,8,0,1,4,,,
201020515641,5,4,5,76,12,105.291,1,7,5,2010,23,20,74,0,0,2,3,10,2,2,1,8,0,3,4,,,
201020515642,6,4,5,76,12,105.291,2,7,3,2010,16,1,12,1,0,1,1,1,0,0,2,8,0,1,1,,,
201020515660,2,4,1,76,12,105.291,1,7,5,2010,17,50,1,0,0,1,1,1,2,1,2,8,0,1,1,,,
201020515661,6,4,1,76,12,105.291,1,7,7,2010,22,15,24,0,0,1,2,1,0,0,2,8,0,1,1,,,
201020515662,6,4,1,76,12,105.291,1,7,6,2010,6,11,75,0,0,1,1,1,0,0,2,8,0,1,4,,,
201020515663,3,4,1,76,12,105.291,1,7,1,2010,9,12,75,0,0,1,1,10,3,1,2,8,0,1,4,,,
201020515664,6,4,1,76,12,105.291,1,7,3,2010,17,4,1,0,0,1,1,2,0,0,2,8,0,1,3,,,
201020515665,6,4,1,76,12,105.291,1,7,6,2010,11,38,25,0,0,1,1,10,0,0,2,8,0,1,3,,,
201020515666,6,4,1,76,12,105.291,1,7,6,2010,18,24,24,0,0,1,1,1,0,0,2,8,0,1,1,,,
201020515668,5,4,4,76,12,105.291,1,7,6,2010,8,13,1,0,0,1,1,1,2,1,1,1,0,1,2,,,
201020515670,6,4,4,76,12,105.291,2,7,6,2010,7,49,12,6,0,2,1,1,0,0,2,1,0,2,1,,,
201020515671,6,4,18,76,12,105.291,1,7,2,2010,16,45,59,0,0,1,1,2,0,0,2,8,0,1,4,,,
201020515672,4,4,18,76,12,315.872,1,7,1,2010,4,45,24,0,0,1,4,10,0,0,2,8,0,1,1,,,
201020515680,6,4,1,76,12,105.291,1,7,1,2010,18,27,24,0,0,1,1,1,0,0,2,8,0,1,1,,,
201020515681,5,4,1,76,12,105.291,1,7,6,2010,10,17,35,0,0,1,1,1,2,1,2,8,0,1,4,,,
201020515682,6,4,1,76,12,105.291,1,7,5,2010,10,50,18,0,0,1,1,2,0,0,2,8,0,1,1,,,
201020515683,6,4,1,76,12,105.291,1,7,1,2010,13,22,74,0,0,1,1,2,0,0,2,8,0,1,3,,,
201020515684,5,4,1,76,12,105.291,1,7,7,2010,16,34,1,0,0,1,1,10,2,1,1,8,0,1,2,,,
201020515685,5,4,1,76,12,105.291,1,8,5,2010,23,28,34,0,0,1,2,1,2,1,1,8,0,1,4,,,
201020515686,6,4,2,76,12,105.291,2,7,6,2010,18,56,12,6,0,2,5,10,0,0,2,8,0,2,1,,,
201020515687,6,4,2,76,12,105.291,1,8,1,2010,13,20,42,0,0,2,1,1,2,1,1,8,0,8,6,,,
201020515690,4,4,3,76,12,315.872,2,7,6,2010,18,7,12,1,0,2,1,1,0,0,2,1,0,2,1,,,
201020515693,6,4,3,76,12,105.291,1,7,7,2010,22,47,24,0,0,1,2,1,0,0,2,1,0,1,1,,,
201020515694,4,4,4,76,12,315.872,2,7,4,2010,16,46,12,6,0,2,1,1,0,0,2,1,0,2,1,,,
201020515696,1,4,4,76,12,105.291,1,7,7,2010,15,32,33,0,0,1,1,10,3,3,2,1,0,1,4,,,
201020515697,6,4,4,76,12,105.291,2,8,1,2010,11,10,54,0,0,1,1,1,0,0,2,1,0,1,1,,,
201020515698,5,4,4,76,12,105.291,2,8,2,2010,11,44,12,6,0,2,1,1,1,1,2,1,0,2,1,,,
201020515700,4,4,4,76,12,315.872,2,8,5,2010,16,20,12,1,0,2,1,1,1,1,2,1,0,2,1,,,
201020515720,6,4,1,76,12,105.291,2,7,4,2010,22,20,12,8,0,1,2,1,0,0,1,8,0,1,1,,,
201020515721,6,4,1,76,12,105.291,1,7,3,2010,0,7,24,0,0,1,2,10,2,1,2,8,0,1,1,,,
201020515723,6,4,1,76,12,105.291,1,7,7,2010,11,27,74,0,0,1,1,2,2,1,2,8,0,1,4,,,
201020515724,3,4,1,76,12,105.291,2,8,1,2010,13,58,12,6,0,2,1,1,3,2,2,8,0,3,1,,,
201020515725,6,4,1,76,12,105.291,3,8,3,2010,15,45,12,1,0,4,1,1,0,0,2,8,0,1,1,,,
201020515727,5,4,3,76,12,105.291,2,7,5,2010,15,37,12,6,0,2,1,2,2,1,2,1,0,2,1,,,
201020515728,5,4,3,76,12,105.291,2,7,7,2010,13,56,12,6,0,2,1,2,2,2,2,1,0,2,1,,,
201020515729,6,4,3,76,12,105.291,1,8,3,2010,14,34,73,0,0,4,1,1,2,1,2,1,0,1,4,,,
201020515730,4,4,3,76,12,315.872,2,8,3,2010,18,27,14,0,0,1,5,1,0,0,2,1,1,1,5,,,
201020515731,6,4,5,76,12,105.291,1,6,6,2010,12,8,1,0,0,1,1,1,1,2,2,8,0,1,4,,,
201020515732,6,4,5,76,12,105.291,1,6,2,2010,9,49,1,0,0,1,1,1,0,0,2,8,0,1,1,,,
201020515733,6,4,5,76,12,105.291,1,7,7,2010,21,28,43,0,0,1,2,1,0,0,1,8,0,1,5,,,
201020515735,6,4,5,76,12,105.291,2,7,1,2010,14,13,12,8,0,1,1,1,2,1,2,8,0,1,1,,,
201020515736,3,4,6,76,12,105.291,1,7,3,2010,17,0,59,0,0,2,1,10,2,2,2,8,0,3,4,,,
201020515737,1,4,7,76,12,300.83,1,5,1,2010,6,34,30,0,0,1,1,1,2,1,2,1,0,1,6,,,
201020515741,5,4,2,76,12,105.291,2,8,5,2010,9,54,12,6,0,2,1,1,1,1,2,8,0,2,1,,,
201020515742,4,4,2,76,12,315.872,2,8,6,2010,19,0,14,0,0,4,5,1,0,0,2,8,1,1,7,,,
201020515743,6,4,2,76,12,105.291,1,8,7,2010,6,11,34,0,0,2,1,1,0,0,2,8,0,1,4,,,
201020515744,5,4,2,76,12,105.291,2,8,2,2010,8,16,12,6,0,2,1,1,2,1,2,8,0,2,1,,,
201020515745,6,4,5,76,12,105.291,1,6,3,2010,23,6,24,0,0,1,2,1,0,0,2,8,0,1,1,,,
201020515746,6,4,5,76,12,105.291,1,6,4,2010,1,10,38,0,0,1,2,1,0,0,2,8,0,1,5,,,
201020515747,4,4,5,76,12,315.872,2,7,7,2010,11,34,12,6,0,4,1,1,0,0,2,8,0,1,1,,,
201020515748,5,4,5,76,12,105.291,1,7,1,2010,21,16,42,0,0,1,2,1,2,1,2,8,0,1,6,,,
201020515749,6,4,18,76,12,105.291,1,8,2,2010,6,27,42,0,0,1,1,2,0,0,2,8,0,1,6,,,
201020515750,6,4,18,76,12,105.291,1,8,6,2010,22,30,31,0,0,1,2,1,0,0,2,8,0,1,4,,,
201020515760,3,4,1,76,12,105.291,1,7,7,2010,12,44,1,0,0,1,1,2,2,1,2,8,0,1,1,,,
201020515761,2,4,1,76,12,105.291,2,8,6,2010,19,39,74,0,0,1,2,2,0,0,2,8,0,1,3,,,
201020515762,4,4,1,76,12,315.872,2,8,5,2010,14,47,12,1,0,1,1,1,0,0,2,8,0,1,1,,,
201020515763,6,4,1,76,12,105.291,2,8,5,2010,16,34,12,8,0,1,1,1,2,1,2,8,0,1,1,,,
201020515765,6,4,1,76,12,105.291,1,8,1,2010,20,20,38,0,0,1,2,2,0,0,2,8,0,1,5,,,
201020515766,5,4,1,76,12,105.291,1,8,2,2010,4,22,24,0,0,1,4,1,1,1,2,8,0,1,1,,,
201020515768,6,4,1,76,12,105.291,1,8,2,2010,19,9,74,0,0,1,2,1,0,0,2,8,0,1,3,,,
201020515772,3,4,3,76,12,105.291,1,8,4,2010,7,49,22,0,0,2,1,1,2,1,2,1,0,2,1,,,
201020515773,4,4,3,76,12,315.872,2,8,1,2010,12,29,12,6,0,4,1,1,0,0,2,1,0,1,1,,,
201020515774,6,4,3,76,12,105.291,2,8,2,2010,12,44,14,0,0,1,1,1,1,1,2,1,1,1,6,,,
201020515775,3,4,3,76,12,105.291,1,8,4,2010,16,1,22,0,0,2,1,1,3,1,2,1,0,2,1,,,
201020515778,6,4,3,76,12,105.291,2,6,1,2010,13,36,12,1,0,2,1,1,2,4,2,1,0,2,1,,,
201020515779,6,4,4,76,12,105.291,2,8,2,2010,18,54,12,1,0,2,5,1,0,0,1,1,0,2,1,,,
201020515781,4,4,4,76,12,315.872,2,8,3,2010,14,45,12,6,0,4,1,10,0,0,2,1,0,1,1,,,
201020515782,6,4,4,76,12,105.291,2,8,4,2010,7,5,12,1,0,1,1,1,0,0,2,1,0,1,1,,,
201020515783,6,4,4,76,12,105.291,1,8,7,2010,21,42,1,0,0,1,2,1,0,0,2,1,0,1,4,,,
201020515785,5,4,4,76,12,105.291,2,8,2,2010,9,50,43,0,0,1,1,1,2,1,2,1,1,1,4,,,
201020515788,6,4,6,76,12,105.291,1,8,1,2010,20,38,1,0,0,1,2,1,0,0,2,8,0,1,4,,,
201020515789,2,4,18,76,12,105.291,2,7,6,2010,13,24,12,6,0,2,1,10,3,2,1,8,0,2,1,,,
201020515790,4,4,18,76,12,315.872,2,8,5,2010,11,12,12,1,0,1,1,1,0,0,2,8,0,1,1,,,
201020515800,5,4,1,76,12,105.291,1,8,5,2010,4,50,1,0,0,1,2,1,2,1,2,8,0,1,4,,,
201020515801,6,4,1,76,12,105.291,1,8,7,2010,17,31,34,0,0,1,1,1,0,0,2,8,0,1,3,,,
201020515802,3,4,1,76,12,105.291,1,8,1,2010,9,15,18,0,0,1,1,1,2,1,2,8,0,1,1,,,
201020515803,6,4,1,76,12,105.291,1,8,5,2010,1,5,74,0,0,1,3,10,0,0,2,8,0,1,4,,,
201020515804,4,4,1,76,12,315.872,1,8,5,2010,18,30,24,0,0,1,1,1,0,0,2,8,0,1,1,,,
201020515805,6,4,2,76,12,105.291,2,9,4,2010,18,20,12,6,0,2,1,1,0,0,2,8,0,2,1,,,
201020515806,5,4,6,76,12,105.291,2,8,6,2010,8,3,12,6,0,2,1,1,2,1,2,8,0,3,1,,,
201020515807,4,4,7,76,12,300.83,2,8,4,2010,13,12,12,7,0,1,1,1,0,0,2,1,0,1,1,,,
201020515808,3,4,7,76,12,300.83,1,8,4,2010,8,47,1,0,0,2,1,1,3,1,2,1,0,8,1,,,
201020515810,3,4,18,76,12,105.291,1,8,2,2010,20,30,1,0,0,2,1,1,3,1,2,8,0,3,1,,,
201020515811,6,4,1,76,12,105.291,1,8,1,2010,17,5,5,0,0,1,1,1,0,0,2,8,0,1,4,,,
201020515825,3,4,1,76,12,105.291,1,8,1,2010,16,36,1,0,0,1,1,10,3,2,2,8,0,1,4,,,
201020515827,5,4,1,76,12,105.291,3,9,6,2010,17,30,12,1,0,1,1,1,2,3,2,8,0,1,1,,,
201020515829,6,4,4,76,12,105.291,3,8,2,2010,16,46,12,1,0,2,1,1,0,0,2,1,0,3,1,,,
201020515830,3,4,4,76,12,105.291,1,8,2,2010,22,19,1,0,0,2,3,1,3,1,1,1,0,3,,,,
201020515831,6,4,4,76,12,105.291,2,8,3,2010,16,11,12,6,0,2,1,1,0,0,2,1,0,2,1,,,
201020515832,6,4,4,76,12,105.291,2,9,6,2010,16,23,12,6,0,2,1,1,2,1,2,1,0,2,1,,,
201020515834,5,4,5,76,12,105.291,1,7,6,2010,21,38,35,0,0,1,2,2,2,1,2,8,0,1,4,,,
201020515836,6,4,6,76,12,105.291,1,8,2,2010,23,0,74,0,0,1,3,1,1,2,2,8,0,1,4,,,
201020515838,5,4,7,76,12,300.83,2,8,3,2010,20,35,12,6,0,2,3,1,2,1,2,1,0,2,1,,,
201020515839,4,4,7,76,12,300.83,2,9,4,2010,19,46,12,6,0,4,3,1,0,0,2,1,0,1,1,,,
201020515840,4,4,7,76,12,300.83,2,9,4,2010,15,37,12,1,0,2,1,10,0,0,2,1,0,3,1,,,
201020515860,4,4,1,76,12,315.872,2,8,5,2010,20,10,12,6,0,2,3,1,0,0,2,8,0,2,1,,,
201020515862,6,4,1,76,12,105.291,1,8,1,2010,19,55,18,0,0,1,2,10,0,0,2,8,0,1,1,,,
201020515863,5,4,1,76,12,105.291,2,8,2,2010,13,14,12,6,0,2,1,1,2,1,2,8,0,2,1,,,
201020515864,6,4,1,76,12,105.291,1,9,4,2010,13,3,34,0,0,1,1,1,0,0,2,8,0,1,4,,,
201020515865,5,4,1,76,12,105.291,1,9,2,2010,14,57,35,0,0,1,1,1,2,2,2,8,0,1,4,,,
201020515866,2,4,1,76,12,105.291,1,9,2,2010,16,45,1,0,0,1,1,1,2,1,2,8,0,1,4,,,
201020515868,5,4,1,76,12,105.291,2,9,5,2010,12,22,12,2,0,1,1,1,2,1,2,8,0,1,1,,,
201020515869,4,4,3,76,12,315.872,2,8,2,2010,10,45,12,9,0,4,1,1,0,0,2,1,0,1,1,,,
201020515871,6,4,3,76,12,105.291,3,9,2,2010,13,13,12,6,0,2,1,1,0,0,2,1,0,2,1,,,
201020515872,3,4,4,76,12,105.291,3,9,6,2010,17,42,12,1,0,1,1,1,3,2,2,1,0,1,1,,,
201020515873,5,4,4,76,12,105.291,2,9,3,2010,8,24,12,1,0,1,1,1,2,2,2,1,0,1,1,,,
201020515875,4,4,4,76,12,315.872,2,9,4,2010,12,44,12,1,0,2,1,1,0,0,2,1,0,2,1,,,
201020515877,6,4,5,76,12,105.291,1,3,4,2010,19,4,35,0,0,1,1,1,0,0,2,8,0,1,4,,,
201020515878,6,4,5,76,12,105.291,1,8,7,2010,0,45,34,0,0,1,2,1,1,1,1,8,0,1,4,,,
201020515879,5,4,5,76,12,105.291,2,8,3,2010,12,53,12,6,0,2,1,1,2,3,2,8,0,3,1,,,
201020515880,6,4,5,76,12,105.291,2,8,5,2010,15,12,12,1,0,1,1,1,1,1,2,8,0,1,1,,,
201020515881,6,4,5,76,12,105.291,1,9,6,2010,23,0,24,0,0,1,2,1,0,0,2,8,0,1,1,,,
201020515882,6,4,5,76,12,105.291,1,9,1,2010,18,25,42,0,0,1,1,1,2,1,2,8,0,1,6,,,
201020515883,6,4,18,76,12,105.291,1,9,6,2010,17,2,24,0,0,1,1,1,0,0,2,8,0,1,1,,,
201020515884,6,4,18,76,12,105.291,1,9,7,2010,9,55,34,0,0,1,1,1,0,0,2,8,0,1,4,,,
201020515885,3,4,18,76,12,105.291,1,9,3,2010,8,30,1,0,0,1,1,1,3,1,2,8,0,1,4,,,
201020515886,3,4,18,76,12,105.291,1,9,3,2010,9,30,35,0,0,1,1,1,2,1,2,8,0,1,4,,,
201020515900,6,4,1,76,12,105.291,1,7,7,2010,22,33,35,0,0,1,2,1,1,1,2,8,0,1,3,,,
201020515901,5,4,1,76,12,105.291,1,8,2,2010,15,0,34,0,0,1,1,1,2,9,2,8,0,1,3,,,
201020515902,4,4,1,76,12,315.872,2,8,3,2010,11,55,14,0,0,1,1,1,0,0,2,8,1,1,4,,,
201020515904,3,4,1,76,12,105.291,2,8,1,2010,8,27,25,0,0,1,1,1,2,2,2,8,0,1,3,,,
201020515906,4,4,1,76,12,315.872,2,9,2,2010,14,9,12,7,0,1,1,10,0,0,2,8,0,1,1,,,
201020515907,6,4,1,76,12,105.291,1,9,2,2010,14,20,35,0,0,1,1,2,0,0,2,8,0,1,4,,,
201020515910,6,4,1,76,12,105.291,1,9,6,2010,8,40,74,0,0,1,1,1,0,0,2,8,0,1,4,,,
201020515913,6,4,2,76,12,105.291,2,9,5,2010,19,1,12,6,0,4,1,1,0,0,2,8,0,1,1,,,
201020515914,4,4,2,76,12,315.872,2,9,6,2010,8,16,12,1,0,1,1,1,0,0,2,8,0,1,1,,,
201020515915,2,4,4,76,12,105.291,2,8,1,2010,12,25,12,1,0,6,1,1,3,1,2,1,0,1,1,,,
201020515917,1,4,4,76,12,105.291,2,9,7,2010,13,29,12,6,0,2,1,1,3,2,2,1,0,2,1,,,
201020515918,5,4,4,76,12,105.291,3,9,4,2010,18,42,12,1,0,2,3,1,2,3,2,1,0,2,1,,,
201020515922,3,4,18,76,12,105.291,1,9,5,2010,13,0,1,0,0,1,1,1,2,1,2,8,0,1,6,,,
201020515940,5,4,1,76,12,105.291,1,9,5,2010,18,0,34,0,0,1,1,1,2,1,2,8,0,1,4,,,
201020515941,3,4,1,76,12,105.291,1,9,3,2010,14,4,18,0,0,1,1,1,3,1,2,8,0,1,3,,,
201020515942,3,4,1,76,12,105.291,1,9,7,2010,16,58,1,0,0,1,1,1,2,1,2,8,0,1,2,,,
201020515943,6,4,1,76,12,105.291,1,9,7,2010,20,24,24,0,0,1,2,1,0,0,2,8,0,1,1,,,
201020515944,6,4,1,76,12,105.291,2,9,1,2010,15,54,12,8,0,1,1,1,0,0,2,8,0,1,1,,,
201020515945,5,4,1,76,12,105.291,1,9,4,2010,5,8,1,0,0,1,2,2,2,1,2,8,0,1,3,,,
201020515946,5,4,1,76,12,105.291,1,9,4,2010,16,27,74,0,0,1,1,1,0,0,2,8,0,1,3,,,
201020515947,6,4,1,76,12,105.291,1,9,6,2010,8,31,24,0,0,1,1,1,0,0,2,8,0,1,1,,,
201020515949,6,4,3,76,12,105.291,3,9,2,2010,13,22,12,1,0,2,1,10,0,0,2,1,0,2,1,,,
201020515950,4,4,3,76,12,315.872,1,9,2,2010,0,35,35,0,0,1,3,1,0,0,2,1,0,1,,,,
201020515953,3,4,4,76,12,105.291,2,9,7,2010,21,23,12,6,0,4,3,1,3,2,2,1,0,1,1,,,
201020515954,6,4,4,76,12,105.291,1,9,4,2010,12,44,35,0,0,1,1,1,1,1,2,1,0,1,4,,,
201020515955,6,4,4,76,12,105.291,2,9,5,2010,18,13,12,1,0,1,5,1,2,2,2,1,0,1,1,,,
201020515956,6,4,4,76,12,105.291,1,9,5,2010,7,13,38,0,0,1,1,10,0,0,2,1,0,1,5,,,
201020515957,1,4,18,76,12,105.291,2,8,4,2010,16,34,12,2,0,1,1,1,3,2,2,8,0,1,2,,,
201020515958,3,4,18,76,12,105.291,1,9,3,2010,21,58,1,0,0,1,2,10,2,1,1,8,0,1,1,,,
201020515959,4,4,18,76,12,315.872,1,9,1,2010,21,36,24,0,0,1,2,1,0,0,2,8,0,1,1,,,
201020515960,6,4,18,76,12,105.291,1,9,2,2010,16,35,31,0,0,1,1,1,0,0,2,8,0,1,4,,,
201020515961,5,4,18,76,12,105.291,1,9,2,2010,22,18,1,0,0,1,2,1,0,0,2,8,0,1,2,,,
201020515962,5,4,18,76,12,105.291,3,9,4,2010,18,5,12,1,0,2,5,1,1,1,2,8,0,3,1,,,
201020515980,4,4,1,76,12,315.872,1,9,3,2010,19,15,24,0,0,1,2,1,0,0,2,8,0,1,1,,,
201020515981,2,4,1,76,12,105.291,1,9,4,2010,5,21,18,0,0,1,2,2,0,0,2,8,0,1,1,,,
201020515983,2,4,1,76,12,105.291,1,9,4,2010,5,18,74,0,0,1,1,1,0,0,2,8,0,1,4,,,
201020515985,5,4,1,76,12,105.291,1,9,4,2010,17,20,74,0,0,1,1,1,2,1,1,8,0,1,3,,,
201020515986,6,4,2,76,12,105.291,2,9,6,2010,15,42,12,6,0,2,1,1,0,0,2,8,0,2,1,,,
201020515987,6,4,2,76,12,105.291,2,9,3,2010,9,5,12,1,0,2,1,1,0,0,2,8,0,3,1,,,
201020515988,6,4,2,76,12,105.291,2,9,3,2010,9,50,12,6,0,4,1,1,0,0,2,8,0,1,1,,,
201020515990,6,4,2,76,12,105.291,2,10,7,2010,10,16,12,1,0,1,1,1,0,0,2,8,0,1,1,,,
201020515992,5,4,3,76,12,105.291,2,9,4,2010,9,27,12,1,0,4,1,1,3,1,2,1,0,1,1,,,
201020515994,5,4,3,76,12,105.291,2,9,5,2010,7,28,12,1,0,2,1,1,2,1,2,1,0,2,1,,,
201020515995,6,4,3,76,12,105.291,2,9,5,2010,11,48,12,6,0,2,1,1,2,3,2,1,0,2,1,,,
201020515996,5,4,3,76,12,105.291,1,9,6,2010,21,16,35,0,0,1,2,1,2,2,1,1,0,1,4,,,
201020515997,6,4,3,76,12,105.291,2,9,7,2010,16,48,12,6,0,2,1,1,0,0,2,1,0,2,1,,,
201020515998,5,4,3,76,12,105.291,2,9,3,2010,17,46,12,6,0,2,1,1,1,1,2,1,0,2,1,,,
201020515999,4,4,3,76,12,315.872,2,10,7,2010,16,52,12,6,0,2,5,10,1,1,2,1,0,3,1,,,
201020516000,3,4,3,76,12,105.291,1,10,2,2010,18,18,22,0,0,4,3,2,2,1,2,1,0,1,1,,,
201020516001,6,4,4,76,12,105.291,1,9,7,2010,3,10,30,0,0,1,3,1,0,0,1,1,0,1,4,,,
201020516002,4,4,4,76,12,315.872,1,9,6,2010,11,0,43,0,0,1,1,1,8,0,2,1,0,1,4,,,
201020516003,4,4,5,76,12,315.872,2,9,5,2010,16,53,12,6,0,4,1,1,0,0,2,8,0,1,1,,,
201020516004,6,4,5,76,12,105.291,1,9,5,2010,2,23,30,0,0,1,2,1,1,1,2,8,0,1,4,,,
201020516005,6,4,18,76,12,105.291,1,9,3,2010,21,11,35,0,0,1,2,2,2,1,2,8,0,1,4,,,
201020516007,6,4,18,76,12,105.291,1,10,7,2010,5,49,1,0,0,1,4,1,0,0,2,8,0,1,4,,,
201020516021,5,4,1,76,12,105.291,1,9,2,2010,14,38,17,0,0,1,1,1,2,2,1,8,0,1,4,,,
201020516022,4,4,1,76,12,315.872,1,9,5,2010,19,15,2,0,0,1,2,1,0,0,2,8,0,1,1,,,
201020516023,6,4,1,76,12,105.291,1,10,6,2010,13,0,59,0,0,1,1,1,0,0,2,8,0,1,4,,,
201020516025,5,4,1,76,12,105.291,1,10,7,2010,15,18,1,0,0,1,1,1,2,1,2,8,0,1,5,,,
201020516026,6,4,1,76,12,105.291,1,10,2,2010,10,51,74,0,0,1,1,1,0,0,2,8,0,1,4,,,
201020516027,6,4,1,76,12,105.291,1,10,3,2010,17,9,74,0,0,1,1,2,1,1,2,8,0,1,3,,,
201020516028,5,4,1,76,12,105.291,1,10,7,2010,6,33,75,0,0,1,1,1,2,1,2,8,0,1,4,,,
201020516029,5,4,2,76,12,105.291,2,10,2,2010,18,11,12,6,0,2,5,10,2,2,2,8,0,2,1,,,
201020516030,6,4,2,76,12,105.291,3,10,6,2010,17,25,12,6,0,2,1,1,1,1,2,8,0,2,1,,,
201020516031,5,4,2,76,12,105.291,2,10,6,2010,11,30,12,1,0,1,1,1,1,1,2,8,0,1,1,,,