CASENUM,STRATUM,REGION,PJ,PSU,PSUSTRAT,WEIGHT,VE_TOTAL,MONTH,WKDY_IM,YEAR,HOUR_IM,MINUTE_IM,EVENT1_IM,MANCOL_IM,RELJCT1_IM,RELJCT2_IM,LGTCON_IM,WEATHR_IM,MAXSEV_IM,NO_INJ_IM,ALCHL_IM,LAND_USE,PVH_INVL,TYP_INT,REL_ROAD,CF1,CF2,CF3
201020516032,5,4,2,76,12,105.291,2,10,7,2010,16,49,12,6,0,2,1,1,1,2,2,8,0,2,1,,,
201020516033,4,4,2,76,12,315.872,2,10,6,2010,15,45,12,10,0,4,1,1,0,0,2,8,0,1,1,,,
201020516035,6,4,6,76,12,105.291,1,9,4,2010,16,23,34,0,0,1,1,1,1,1,2,8,0,1,4,,,
201020516037,6,4,7,76,12,300.83,2,9,7,2010,14,20,12,6,0,2,1,1,0,0,2,1,0,2,1,,,
201020516038,3,4,7,76,12,300.83,1,9,3,2010,19,1,21,0,0,1,3,1,3,2,2,1,0,1,1,,,
201020516039,6,4,7,76,12,300.83,3,10,2,2010,14,34,12,1,0,2,1,1,0,0,2,1,0,2,1,,,
201020516040,4,4,7,76,12,300.83,2,10,4,2010,12,51,12,1,0,4,1,1,1,1,2,1,0,1,1,,,
201020516041,3,4,18,76,12,105.291,1,10,7,2010,9,25,1,0,0,1,1,1,3,1,2,8,0,1,1,,,
201020516060,6,4,1,76,12,105.291,1,10,2,2010,5,30,24,0,0,1,2,1,0,0,2,8,0,1,1,,,
201020516064,4,4,3,76,12,315.872,2,10,6,2010,14,54,12,1,0,4,1,1,1,1,2,1,0,1,1,,,
201020516067,5,4,3,76,12,105.291,1,7,5,2010,22,28,24,0,0,1,2,1,2,1,2,1,0,1,1,,,
201020516070,4,4,4,76,12,315.872,2,10,5,2010,7,7,12,1,0,2,4,1,0,0,2,1,0,3,1,,,
201020516072,3,4,4,76,12,105.291,1,10,5,2010,16,58,1,0,0,1,1,1,2,1,2,1,0,1,1,,,
201020516073,5,4,4,76,12,105.291,2,10,5,2010,16,40,12,6,0,2,1,1,1,1,2,1,0,3,1,,,
201020516074,1,4,4,76,12,105.291,2,10,6,2010,11,39,12,1,0,1,1,10,3,1,2,1,0,1,1,,,
201020516075,3,4,5,76,12,105.291,1,9,5,2010,15,16,1,0,0,1,1,1,3,1,2,8,0,1,1,,,
201020516076,6,4,5,76,12,105.291,1,10,1,2010,6,33,1,0,0,1,2,10,0,0,2,8,0,1,4,,,
201020516078,6,4,5,76,12,105.291,1,8,3,2010,13,28,42,0,0,1,1,1,0,0,2,8,0,1,4,,,
201020516079,3,4,5,76,12,105.291,1,9,7,2010,14,32,13,0,0,1,1,1,3,1,2,8,0,1,4,,,
201020516080,3,4,5,76,12,105.291,1,9,4,2010,14,50,1,0,0,4,1,1,2,1,2,8,0,1,1,,,
201020516081,6,4,5,76,12,105.291,1,9,7,2010,23,43,24,0,0,1,2,1,0,0,2,8,0,1,1,,,
201020516082,6,4,5,76,12,105.291,1,9,2,2010,3,0,24,0,0,1,2,1,0,0,2,8,0,1,1,,,
201020516100,6,4,1,76,12,105.291,1,10,4,2010,23,32,42,0,0,1,2,1,2,1,1,8,0,1,4,,,
201020516101,2,4,1,76,12,105.291,1,10,5,2010,14,36,74,0,0,1,1,1,3,3,2,8,0,1,4,,,
201020516102,5,4,1,76,12,105.291,1,10,6,2010,16,37,1,0,0,1,1,1,1,1,2,8,0,1,4,,,
201020516103,4,4,1,76,12,315.872,1,10,7,2010,18,15,24,0,0,1,2,1,0,0,2,8,0,1,1,,,
201020516106,2,4,1,76,12,105.291,2,10,6,2010,15,27,1,0,0,1,1,10,3,1,2,8,0,1,1,,,
201020516107,4,4,1,76,12,315.872,1,10,1,2010,10,45,24,0,0,1,1,1,0,0,2,8,0,1,1,,,
201020516109,6,4,1,76,12,105.291,1,10,3,2010,3,3,24,0,0,1,2,1,0,0,2,8,0,1,1,,,
201020516111,6,4,7,76,12,300.83,2,10,6,2010,8,0,12,2,0,2,1,1,0,0,2,1,0,3,1,,,
201020516112,6,4,7,76,12,300.83,2,10,3,2010,8,46,12,6,0,4,1,1,0,0,2,1,0,1,1,,,
201020516113,4,4,7,76,12,300.83,2,10,5,2010,14,36,12,1,0,2,1,2,1,1,2,1,0,3,1,,,
201020516115,4,4,18,76,12,315.872,1,10,1,2010,18,40,24,0,0,1,1,1,0,0,2,8,0,1,1,,,
201020516117,5,4,18,76,12,105.291,1,10,3,2010,22,45,35,0,0,1,2,1,2,2,1,8,0,1,4,,,
201020516118,6,4,18,76,12,105.291,3,10,5,2010,10,0,12,7,0,1,1,10,0,0,2,8,0,1,1,,,
201020516119,5,4,18,76,12,105.291,2,10,5,2010,11,52,12,6,0,2,1,2,2,2,2,8,0,3,1,,,
201020516120,5,4,18,76,12,105.291,3,10,5,2010,15,42,12,1,0,1,1,10,2,2,2,8,0,1,1,,,
201020516140,4,4,1,76,12,315.872,1,8,6,2010,13,38,24,0,0,1,1,1,1,1,2,8,0,1,1,,,
201020516142,6,4,1,76,12,105.291,1,10,1,2010,0,26,74,0,0,1,2,1,0,0,2,8,0,1,3,,,
201020516144,6,4,1,76,12,105.291,1,10,6,2010,7,0,1,0,0,1,1,1,2,1,2,8,0,1,6,,,
201020516145,6,4,1,76,12,105.291,1,10,6,2010,23,26,24,0,0,1,2,1,0,0,2,8,0,1,1,,,
201020516147,5,4,2,76,12,105.291,2,10,1,2010,19,28,12,6,0,2,3,1,1,1,2,8,0,2,1,,,
201020516149,5,4,4,76,12,105.291,2,10,5,2010,11,35,12,6,0,4,1,1,1,1,2,1,0,1,1,,,
201020516150,6,4,4,76,12,105.291,1,10,6,2010,16,39,30,0,0,2,1,1,0,0,2,1,0,2,6,,,
201020516151,6,4,5,76,12,105.291,1,8,2,2010,5,54,35,0,0,1,1,1,0,0,2,8,0,1,6,,,
201020516152,6,4,5,76,12,105.291,1,10,6,2010,7,59,25,0,0,2,2,1,0,0,2,8,0,3,5,,,
201020516154,5,4,5,76,12,105.291,1,10,3,2010,12,0,35,0,0,1,1,1,1,1,2,8,0,1,5,,,
201020516155,3,4,5,76,12,105.291,1,10,5,2010,10,10,1,0,0,1,1,1,2,1,2,8,0,1,6,,,
201020516156,4,4,5,76,12,315.872,2,10,7,2010,12,7,12,8,0,1,1,1,1,1,2,8,0,1,1,,,
201020516157,4,4,7,76,12,300.83,2,10,2,2010,12,31,12,9,0,1,1,1,0,0,2,1,0,1,1,,,
201020516158,1,4,18,76,12,105.291,2,10,2,2010,12,28,12,2,0,2,1,1,4,3,2,8,0,3,1,,,
201020516160,3,4,1,76,12,105.291,1,10,3,2010,11,25,59,0,0,1,1,1,4,1,2,8,0,1,4,,,
201020516161,6,4,1,76,12,105.291,1,10,6,2010,22,38,5,0,0,1,2,1,0,0,2,8,0,1,1,,,
201020516162,5,4,1,76,12,105.291,1,10,1,2010,16,40,34,0,0,1,1,1,2,1,2,8,0,1,4,,,
201020516163,4,4,1,76,12,315.872,1,11,4,2010,13,50,24,0,0,1,1,1,0,0,2,8,0,1,1,,,
201020516164,5,4,4,76,12,105.291,1,10,6,2010,15,57,74,0,0,1,1,1,2,1,2,1,0,1,4,,,
201020516165,5,4,5,76,12,105.291,1,8,7,2010,15,9,35,0,0,1,1,1,2,3,2,8,0,1,4,,,
201020516166,6,4,5,76,12,105.291,1,10,1,2010,5,34,77,0,0,1,3,1,0,0,2,8,0,1,4,,,
201020516168,6,4,18,76,12,105.291,1,11,4,2010,14,15,1,0,0,1,1,1,0,0,2,8,0,1,2,,,
201020516180,6,4,1,76,12,105.291,1,10,1,2010,5,55,24,0,0,1,2,1,0,0,2,8,0,1,1,,,
201020516181,6,4,1,76,12,105.291,1,11,6,2010,18,50,24,0,0,1,2,1,0,0,2,8,0,1,1,,,
201020516183,6,4,1,76,12,105.291,2,11,6,2010,18,54,12,1,0,2,2,1,0,0,2,8,0,3,1,,,
201020516185,3,4,4,76,12,105.291,1,11,4,2010,15,8,21,0,0,1,1,1,2,1,2,1,0,1,1,,,
201020516186,5,4,4,76,12,105.291,3,11,5,2010,14,21,12,6,0,2,1,1,2,1,2,1,1,2,1,,,
201020516187,6,4,5,76,12,105.291,1,9,2,2010,3,0,24,0,0,1,2,1,0,0,2,8,0,1,1,,,
201020516188,6,4,5,76,12,105.291,1,11,1,2010,2,9,42,0,0,1,2,1,0,0,2,8,0,1,,,,
201020516190,6,4,6,76,12,105.291,1,10,5,2010,22,55,35,0,0,1,2,1,0,0,2,8,0,1,4,,,
201020516191,4,4,6,76,12,315.872,1,11,7,2010,20,14,59,0,0,2,2,1,0,0,1,8,0,3,4,,,
201020516192,4,4,7,76,12,300.83,2,10,1,2010,14,7,12,6,0,4,1,1,0,0,2,1,0,1,1,,,
201020516193,6,4,7,76,12,300.83,2,11,4,2010,9,39,12,6,0,2,1,1,0,0,2,1,0,2,1,,,
201020516194,6,4,7,76,12,300.83,2,11,2,2010,16,26,14,0,0,1,1,1,1,1,2,1,1,1,7,,,
201020516195,5,4,18,76,12,105.291,1,11,7,2010,21,23,59,0,0,1,2,1,2,1,1,8,0,1,4,,,
201020516200,6,4,1,76,12,105.291,1,11,7,2010,7,48,74,0,0,1,1,1,0,0,2,8,0,1,4,,,
201020516201,5,4,1,76,12,105.291,1,11,1,2010,10,51,1,0,0,1,1,1,2,2,2,8,0,1,4,,,
201020516202,5,4,1,76,12,105.291,1,11,1,2010,15,53,35,0,0,1,1,1,2,1,2,8,0,1,4,,,
201020516203,5,4,1,76,12,105.291,2,11,2,2010,15,40,12,1,0,2,1,1,1,4,2,8,0,8,1,,,
201020516205,4,4,1,76,12,315.872,1,11,2,2010,10,0,2,0,0,1,1,1,0,0,2,8,0,1,1,,,
201020516206,4,4,2,76,12,315.872,1,10,7,2010,6,30,59,0,0,1,1,1,0,0,2,8,0,1,4,,,
201020516207,6,4,2,76,12,105.291,2,11,6,2010,16,15,12,2,0,4,1,1,0,0,2,8,0,1,1,,,
201020516209,4,4,3,76,12,315.872,2,10,4,2010,11,7,12,6,0,2,1,1,1,1,2,1,0,2,1,,,
201020516212,4,4,3,76,12,315.872,2,10,5,2010,15,33,12,7,0,2,1,10,0,0,2,1,0,2,1,,,
201020516214,6,4,3,76,12,105.291,2,11,5,2010,12,47,12,2,0,4,1,1,0,0,2,1,0,1,1,,,
201020516215,3,4,4,76,12,105.291,1,10,1,2010,16,54,22,0,0,4,5,1,2,1,2,1,0,1,1,,,
201020516216,6,4,4,76,12,105.291,1,11,5,2010,3,30,75,0,0,1,2,1,0,0,1,1,0,1,4,,,
201020516217,6,4,4,76,12,105.291,2,11,4,2010,13,44,12,1,0,1,1,1,1,2,2,1,0,1,1,,,
201020516218,3,4,5,76,12,105.291,1,8,7,2010,10,1,1,0,0,1,1,1,3,1,2,8,0,1,1,,,
201020516219,1,4,5,76,12,105.291,1,9,1,2010,18,53,1,0,0,1,1,1,3,1,1,8,0,1,4,,,
201020516220,6,4,5,76,12,105.291,3,10,6,2010,19,30,12,2,0,2,1,1,0,0,1,8,0,8,1,,,
201020516221,6,4,18,76,12,105.291,5,10,2,2010,16,14,12,8,0,1,1,6,3,3,2,8,0,1,1,,,
201020516222,6,4,18,76,12,105.291,1,11,7,2010,6,20,24,0,0,1,1,1,0,0,2,8,0,1,1,,,
201020516223,4,4,18,76,12,315.872,2,11,4,2010,7,21,12,1,0,2,1,1,1,1,2,8,0,2,1,,,
201020516224,6,4,1,76,12,105.291,1,11,7,2010,2,35,75,0,0,1,2,1,0,0,2,8,0,1,4,,,
201020516226,3,4,1,76,12,105.291,1,11,7,2010,17,0,1,0,0,1,1,1,2,1,2,8,0,1,1,,,
201020516227,6,4,1,76,12,105.291,1,11,1,2010,17,43,1,0,0,1,2,10,0,0,2,8,0,1,4,,,
201020516229,4,4,2,76,12,315.872,2,11,4,2010,13,21,12,9,0,2,1,1,0,0,2,8,0,2,1,,,
201020516230,6,4,2,76,12,105.291,2,11,1,2010,14,38,12,6,0,4,1,1,0,0,2,8,0,1,1,,,
201020516232,6,4,2,76,12,105.291,2,11,7,2010,20,44,12,6,0,2,3,1,1,1,2,8,0,3,1,,,
201020516234,4,4,3,76,12,315.872,1,10,7,2010,18,18,24,0,0,1,2,1,0,0,2,1,0,1,1,,,
201020516237,4,4,3,76,12,315.872,2,11,7,2010,16,14,12,1,0,2,1,10,0,0,1,1,0,2,1,,,
201020516238,2,4,3,76,12,105.291,2,11,5,2010,12,15,12,6,0,2,1,1,1,1,2,1,0,8,1,,,
201020516239,3,4,3,76,12,105.291,1,11,6,2010,21,10,13,0,0,1,2,1,2,1,2,1,0,1,1,,,
201020516242,5,4,4,76,12,105.291,2,11,7,2010,19,52,12,1,0,2,3,1,1,1,1,1,0,3,1,,,
201020516243,4,4,4,76,12,315.872,2,11,5,2010,15,15,12,1,0,2,1,1,0,0,2,1,0,2,1,,,
201020516244,4,4,5,76,12,315.872,2,10,6,2010,8,8,12,6,0,2,1,1,0,0,2,8,0,3,1,,,
201020516245,3,4,5,76,12,105.291,1,11,5,2010,15,9,1,0,0,1,1,1,2,1,2,8,0,1,2,,,
201020516247,6,4,6,76,12,105.291,2,11,6,2010,14,1,12,1,0,1,1,1,0,0,2,8,0,1,1,,,
201020516248,6,4,18,76,12,105.291,2,10,2,2010,18,15,12,1,0,1,2,1,2,2,1,8,0,1,1,,,
201020516249,1,4,18,76,12,105.291,1,10,6,2010,18,15,1,0,0,1,2,1,4,2,2,8,0,1,6,,,
201020516252,6,4,18,76,12,105.291,1,11,2,2010,13,25,24,0,0,1,1,1,0,0,2,8,0,1,1,,,
201020516260,5,4,1,76,12,105.291,2,11,1,2010,16,33,12,6,0,2,1,1,2,2,1,8,0,2,1,,,
201020516262,6,4,1,76,12,105.291,1,11,1,2010,13,14,1,0,0,1,1,4,0,0,2,8,0,1,4,,,
201020516263,4,4,1,76,12,315.872,1,11,4,2010,4,41,24,0,0,1,2,1,0,0,2,8,0,1,1,,,
201020516265,6,4,5,76,12,105.291,1,11,6,2010,2,24,24,0,0,1,2,1,0,0,2,8,0,1,1,,,
201020516266,6,4,5,76,12,105.291,1,11,7,2010,0,54,24,0,0,1,2,1,0,0,2,8,0,1,1,,,
201020516267,6,4,5,76,12,105.291,1,11,7,2010,22,34,24,0,0,1,2,10,0,0,2,8,0,1,1,,,
201020516268,3,4,5,76,12,105.291,1,11,7,2010,13,32,13,0,0,1,1,1,2,1,2,8,0,1,6,,,
201020516269,6,4,6,76,12,105.291,3,11,7,2010,9,11,12,1,0,1,1,7,1,16,2,8,0,1,1,,,
201020516270,5,4,6,76,12,105.291,2,12,6,2010,7,21,12,6,0,2,1,1,2,1,2,8,0,3,1,,,
201020516271,6,4,6,76,12,105.291,1,12,3,2010,6,23,32,0,0,1,2,1,0,0,2,8,0,1,4,,,
201020516272,4,4,7,76,12,300.83,2,12,4,2010,18,18,12,1,0,1,3,1,0,0,2,1,0,1,1,,,
201020516273,4,4,7,76,12,300.83,2,12,5,2010,7,24,12,6,0,2,1,1,0,0,2,1,0,8,1,,,
201020516274,6,4,7,76,12,300.83,1,12,1,2010,0,32,38,0,0,1,2,1,2,1,1,1,0,1,5,,,
201020516275,6,4,18,76,12,105.291,1,11,7,2010,21,38,43,0,0,1,3,1,0,0,1,8,0,1,5,,,
201020516280,6,4,1,76,12,105.291,1,11,6,2010,12,46,35,0,0,1,1,1,0,0,2,8,0,1,4,,,
201020516281,3,4,1,76,12,105.291,1,11,7,2010,13,59,74,0,0,1,1,10,3,1,2,8,0,1,3,,,
201020516282,5,4,1,76,12,105.291,1,11,1,2010,7,42,1,0,0,1,1,4,2,1,2,8,0,1,4,,,
201020516283,6,4,1,76,12,105.291,2,11,1,2010,9,0,12,6,0,1,1,4,0,0,2,8,0,1,1,,,
201020516284,5,4,1,76,12,105.291,2,11,1,2010,10,0,12,6,0,1,1,4,2,1,2,8,0,1,1,,,
201020516285,6,4,1,76,12,105.291,2,11,2,2010,7,42,12,1,0,1,1,1,0,0,2,8,0,1,1,,,
201020516287,4,4,3,76,12,315.872,2,11,7,2010,14,15,12,1,0,2,1,1,0,0,2,1,0,2,1,,,
201020516288,6,4,3,76,12,105.291,1,11,2,2010,15,49,1,0,0,1,1,1,0,0,2,1,0,1,6,,,
201020516289,5,4,3,76,12,105.291,2,12,4,2010,11,32,12,6,0,2,1,1,2,2,2,1,0,2,1,,,
201020516292,6,4,4,76,12,105.291,2,12,5,2010,11,59,12,7,0,1,1,1,0,0,2,1,0,1,1,,,
201020516293,3,4,4,76,12,105.291,1,12,6,2010,15,58,21,0,0,4,1,10,2,1,2,1,0,1,1,,,
201020516294,5,4,5,76,12,105.291,1,9,4,2010,8,17,42,0,0,1,1,10,2,1,2,8,0,1,4,,,
201020516297,4,4,7,76,12,300.83,2,11,2,2010,17,43,12,7,0,4,5,1,0,0,2,1,0,1,1,,,
201020516298,4,4,7,76,12,300.83,1,11,5,2010,12,25,42,0,0,2,1,1,0,0,2,1,0,2,5,,,
201020516299,1,4,7,76,12,300.83,2,11,6,2010,16,28,12,6,0,2,1,1,3,3,2,1,0,2,1,,,
201020516300,4,4,7,76,12,300.83,2,11,7,2010,10,45,12,1,0,4,1,1,0,0,2,1,0,1,11,,,
201020516301,2,4,7,76,12,300.83,2,11,3,2010,10,50,12,6,0,4,1,1,3,1,2,1,0,1,1,,,
201020516302,4,4,7,76,12,300.83,2,12,5,2010,11,17,12,7,0,4,1,1,0,0,2,1,0,1,1,,,
201020516303,4,4,7,76,12,300.83,2,12,2,2010,10,58,12,9,0,1,1,4,0,0,2,1,0,1,1,,,
201020516320,6,4,1,76,12,105.291,2,12,3,2010,16,5,12,1,0,2,1,1,0,0,2,8,0,2,1,,,
201020516321,1,4,1,76,12,105.291,1,12,6,2010,19,31,1,0,0,1,2,1,4,2,1,8,0,1,1,,,
201020516322,5,4,2,76,12,105.291,2,12,4,2010,13,52,12,6,0,2,1,1,2,2,2,8,0,2,1,,,
201020516324,6,4,2,76,12,105.291,2,12,7,2010,5,50,12,6,0,2,3,1,0,0,2,8,0,8,1,,,
201020516325,4,4,4,76,12,315.872,2,8,2,2010,14,18,12,1,0,2,1,1,1,1,2,1,0,2,1,,,
201020516328,6,4,4,76,12,105.291,2,12,5,2010,10,18,12,6,0,2,1,1,0,0,2,1,0,3,1,,,
201020516329,4,4,4,76,12,315.872,2,12,5,2010,17,1,12,7,0,1,1,1,0,0,2,1,0,1,1,,,
201020516330,4,4,5,76,12,315.872,2,12,6,2010,14,40,12,9,0,1,1,1,1,1,2,8,0,1,1,,,
201020516332,6,4,5,76,12,105.291,1,12,1,2010,8,36,35,0,0,1,1,10,0,0,1,8,0,1,4,,,
201020516334,4,4,7,76,12,300.83,2,12,5,2010,12,4,12,7,0,1,1,1,0,0,2,1,0,1,1,,,
201020516335,4,4,18,76,12,315.872,1,12,4,2010,17,46,24,0,0,1,2,2,0,0,2,8,0,1,1,,,
201020516342,6,4,1,76,12,105.291,2,12,3,2010,15,58,12,1,0,2,1,1,1,1,2,8,0,2,1,,,
201020516343,6,4,1,76,12,105.291,1,12,4,2010,16,20,35,0,0,1,1,10,1,1,2,8,0,1,6,,,
201020516344,6,4,1,76,12,105.291,1,12,6,2010,7,0,24,0,0,1,4,1,0,0,2,8,0,1,1,,,
201020516345,4,4,1,76,12,315.872,1,12,1,2010,17,40,24,0,0,1,2,1,0,0,2,8,0,1,1,,,
201020516346,6,4,3,76,12,105.291,1,8,7,2010,19,45,34,0,0,2,5,2,0,0,1,1,0,6,4,,,
201020516347,3,4,3,76,12,105.291,1,11,2,2010,14,40,22,0,0,4,1,1,2,1,1,1,0,1,1,,,
201020516349,3,4,3,76,12,105.291,2,12,5,2010,13,3,12,6,0,4,1,1,2,1,2,1,0,1,1,,,
201020516350,3,4,3,76,12,105.291,1,12,6,2010,18,18,34,0,0,1,2,10,2,1,2,1,0,1,4,,,
201020516351,4,4,5,76,12,315.872,1,10,4,2010,11,35,1,0,0,1,1,1,0,0,2,8,0,1,1,,,
201020516354,4,4,5,76,12,315.872,1,11,7,2010,19,20,1,0,0,1,2,1,0,0,2,8,0,1,4,,,
201020516355,6,4,5,76,12,105.291,1,11,1,2010,19,10,42,0,0,1,2,11,0,0,2,8,0,1,6,,,
201020516356,1,4,5,76,12,105.291,1,12,7,2010,17,16,42,0,0,1,2,1,3,1,2,8,0,1,5,,,
201020516357,1,4,5,76,12,105.291,1,12,7,2010,14,33,17,0,0,1,1,1,3,4,2,8,0,1,4,,,
201020516358,5,4,5,76,12,105.291,1,12,2,2010,7,24,1,0,0,1,4,1,1,1,1,8,0,1,1,,,
201020516359,5,4,6,76,12,105.291,2,12,5,2010,15,52,12,1,0,1,1,2,2,5,2,8,0,1,1,,,
201020516386,5,4,1,76,12,105.291,1,12,7,2010,22,40,74,0,0,1,2,1,2,1,1,8,0,1,4,,,
201020516387,6,4,1,76,12,105.291,1,12,4,2010,7,55,24,0,0,1,1,10,0,0,2,8,0,1,1,,,
201020516388,6,4,1,76,12,105.291,1,12,5,2010,8,26,35,0,0,1,1,4,0,0,2,8,0,1,4,,,
201020516390,6,4,1,76,12,105.291,1,12,5,2010,15,30,35,0,0,1,1,11,0,0,2,8,0,1,4,,,
201020516392,6,4,1,76,12,105.291,1,12,6,2010,14,50,1,0,0,1,1,4,2,1,2,8,0,1,4,,,
201020516393,6,4,1,76,12,105.291,1,12,6,2010,15,30,5,0,0,1,1,4,0,0,2,8,0,1,1,,,
201020516394,6,4,2,76,12,105.291,2,12,5,2010,13,14,12,6,0,2,1,1,0,0,2,8,0,2,1,,,
201020516395,6,4,2,76,12,105.291,2,12,4,2010,21,12,12,1,0,1,3,2,0,0,2,8,0,1,1,,,
201020516396,6,4,3,76,12,105.291,2,12,3,2010,16,0,12,1,0,1,1,1,0,0,2,1,0,1,1,,,
201020516399,6,4,3,76,12,105.291,2,12,5,2010,13,10,12,6,0,2,1,1,0,0,2,1,0,2,1,,,
201020516400,4,4,3,76,12,315.872,1,12,6,2010,6,4,40,0,0,2,3,10,0,0,2,1,0,2,4,,,
201020516402,3,4,4,76,12,105.291,2,11,6,2010,10,37,12,2,0,1,1,1,2,1,2,1,0,1,1,,,
201020516405,4,4,4,76,12,315.872,2,12,3,2010,13,39,12,1,0,1,1,1,0,0,2,1,0,1,1,,,
201020516407,6,4,5,76,12,105.291,1,12,2,2010,11,2,1,0,0,1,1,1,2,1,2,8,0,1,6,,,
201020516408,3,4,5,76,12,105.291,1,12,1,2010,20,11,17,0,0,1,2,1,3,2,1,8,0,1,4,,,
201020516411,4,4,18,76,12,315.872,1,12,2,2010,21,20,24,0,0,1,5,1,0,0,2,8,0,1,1,,,
201020516412,5,4,18,76,12,105.291,1,12,5,2010,7,52,1,0,0,1,1,4,2,1,2,8,0,1,4,,,
201020516414,6,4,1,76,12,105.291,1,12,5,2010,14,40,1,0,0,1,1,10,0,0,2,8,0,1,3,,,
201020516438,5,4,1,76,12,105.291,1,12,4,2010,22,36,1,0,0,1,2,4,2,3,2,8,0,1,3,,,
201020516439,4,4,1,76,12,315.872,1,12,5,2010,17,45,35,0,0,1,2,4,0,0,2,8,0,1,4,,,
201020516440,6,4,1,76,12,105.291,1,12,6,2010,18,50,1,0,0,1,2,4,0,0,2,8,0,1,4,,,
201020516442,3,4,1,76,12,105.291,1,12,1,2010,13,58,1,0,0,1,1,1,2,1,2,8,0,1,4,,,
201020516443,6,4,1,76,12,105.291,1,12,4,2010,1,34,35,0,0,1,2,1,1,1,2,8,0,1,4,,,
201020516445,2,4,1,76,12,105.291,3,12,5,2010,13,16,12,8,0,1,1,4,0,0,2,8,0,1,1,,,
201020516446,6,4,1,76,12,105.291,4,12,5,2010,15,10,12,1,0,1,1,4,0,0,2,8,0,1,1,,,
201020516447,6,4,1,76,12,105.291,1,12,6,2010,11,20,35,0,0,1,1,4,0,0,2,8,0,1,4,,,
201020516448,6,4,1,76,12,105.291,2,12,6,2010,15,40,12,2,0,1,1,4,0,0,2,8,0,1,1,,,
201020516449,6,4,1,76,12,105.291,2,12,6,2010,17,0,12,6,0,1,1,4,0,0,2,8,0,1,1,,,
201020516451,6,4,3,76,12,105.291,2,12,3,2010,12,43,12,1,0,2,1,2,0,0,2,1,0,2,1,,,
201020516452,2,4,3,76,12,105.291,2,12,2,2010,16,20,12,6,0,2,1,1,1,1,2,1,0,2,1,,,
201020516453,6,4,4,76,12,105.291,2,12,4,2010,10,16,12,6,0,2,1,1,2,1,2,1,0,2,1,,,
201020516455,1,4,4,76,12,105.291,2,12,7,2010,22,14,30,0,0,1,3,1,3,1,1,1,1,1,4,,,
201020516456,5,4,5,76,12,105.291,1,11,5,2010,22,21,35,0,0,1,2,1,2,2,1,8,0,1,4,,,
201020516457,4,4,7,76,12,300.83,2,12,3,2010,10,15,12,6,0,4,1,1,0,0,2,1,0,1,1,,,
201020516641,6,4,2,76,12,105.291,2,12,4,2010,13,57,12,1,0,2,1,1,0,0,2,8,0,2,1,,,
201020516642,4,4,2,76,12,315.872,2,12,4,2010,15,24,14,0,0,1,1,10,0,0,1,8,1,1,6,,,
201020516643,4,4,3,76,12,315.872,2,12,4,2010,14,45,12,7,0,2,1,1,0,0,2,1,0,2,1,,,
201020516646,4,4,3,76,12,315.872,2,12,1,2010,9,33,12,6,0,4,1,1,0,0,2,1,0,1,1,,,
201020516648,6,4,3,76,12,105.291,1,12,4,2010,18,51,39,0,0,1,2,4,0,0,2,1,0,1,5,,,
201020516649,6,4,5,76,12,105.291,1,12,7,2010,2,50,1,0,0,1,2,1,0,0,2,8,0,1,4,,,
201020516650,6,4,5,76,12,105.291,1,12,5,2010,18,56,1,0,0,1,2,1,0,0,2,8,0,1,3,,,
201020516651,3,4,5,76,12,105.291,1,12,6,2010,0,30,1,0,0,1,2,1,3,2,2,8,0,1,1,,,
201020516652,4,4,5,76,12,315.872,1,12,5,2010,23,22,1,0,0,2,6,1,0,0,2,8,0,3,4,,,
201020516653,6,4,18,76,12,105.291,2,11,2,2010,16,0,12,1,0,2,1,1,0,0,2,8,0,3,1,,,
201020516654,5,4,18,76,12,105.291,1,12,6,2010,7,53,1,0,0,1,1,1,2,1,2,8,0,1,4,,,
201020516655,3,4,18,76,12,105.291,1,12,7,2010,15,37,74,0,0,1,1,1,4,1,2,8,0,1,3,,,
201020918998,6,4,2,78,12,110.635,1,1,6,2010,4,21,59,0,0,2,2,1,0,0,1,8,0,3,1,,,
201020919024,4,4,1,78,12,276.589,2,1,6,2010,11,57,12,7,0,1,1,1,0,0,2,8,0,1,1,,,
201020919029,6,4,1,78,12,110.635,2,1,7,2010,17,21,12,6,0,2,1,1,0,0,2,8,0,3,1,,,
201020919031,4,4,1,78,12,276.589,2,1,1,2010,12,56,12,6,0,4,1,1,0,0,2,8,0,1,1,,,
201020919036,4,4,1,78,12,276.589,2,1,2,2010,11,56,12,1,0,2,1,1,0,0,2,8,0,2,1,,,