CASENUM,STRATUM,REGION,PJ,PSU,PSUSTRAT,WEIGHT,VE_TOTAL,MONTH,WKDY_IM,YEAR,HOUR_IM,MINUTE_IM,EVENT1_IM,MANCOL_IM,RELJCT1_IM,RELJCT2_IM,LGTCON_IM,WEATHR_IM,MAXSEV_IM,NO_INJ_IM,ALCHL_IM,LAND_USE,PVH_INVL,TYP_INT,REL_ROAD,CF1,CF2,CF3
201020919038,3,4,1,78,12,55.318,2,1,2,2010,15,33,12,6,0,2,1,1,2,1,2,8,0,3,1,,,
201020919039,3,4,1,78,12,55.318,3,1,2,2010,21,0,12,1,0,2,2,1,2,1,2,8,0,3,1,,,
201020919064,6,4,3,78,12,110.635,2,1,6,2010,20,45,12,1,1,5,3,10,0,0,2,8,0,2,1,,,
201020919123,5,4,1,78,12,55.318,2,1,2,2010,22,9,12,6,0,2,2,1,2,1,2,8,0,2,1,,,
201020919124,4,4,1,78,12,276.589,2,1,4,2010,15,9,12,7,0,2,1,1,0,0,2,8,0,6,1,,,
201020919127,1,4,1,78,12,55.318,2,1,5,2010,9,30,12,6,0,2,1,1,3,1,2,8,0,3,1,,,
201020919130,4,4,1,78,12,276.589,3,1,5,2010,17,4,12,7,0,1,1,1,0,0,2,8,0,1,11,,,
201020919131,6,4,1,78,12,110.635,2,1,5,2010,20,15,12,6,0,2,3,1,2,1,2,8,0,2,1,,,
201020919136,4,4,1,78,12,276.589,2,1,7,2010,10,35,12,6,0,2,1,1,1,1,2,8,0,2,1,,,
201020919141,4,4,1,78,12,276.589,2,1,2,2010,12,20,12,1,0,2,1,1,1,1,2,8,0,2,1,,,
201020919144,1,4,1,78,12,55.318,3,1,3,2010,7,36,12,1,0,1,1,1,3,2,2,8,0,1,1,,,
201020919165,4,4,3,78,12,276.589,2,1,7,2010,19,1,12,7,1,5,3,1,0,0,2,8,0,8,1,,,
201020919167,2,4,3,78,12,55.318,2,1,4,2010,7,21,12,1,1,5,1,1,0,0,2,8,0,1,1,,,
201020919185,1,4,2,78,12,55.318,1,1,7,2010,16,0,35,0,0,1,1,1,3,4,2,8,0,1,4,,,
201020919187,4,4,2,78,12,276.589,2,1,5,2010,21,5,12,6,0,4,2,1,1,1,2,8,0,1,1,,,
201020919189,6,4,2,78,12,110.635,1,1,1,2010,16,43,35,0,0,1,1,1,0,0,2,8,0,1,4,,,
201020919194,4,4,2,78,12,276.589,1,1,7,2010,19,57,18,0,0,2,3,1,0,0,1,8,0,4,4,,,
201020919197,6,4,1,78,12,110.635,1,1,6,2010,3,12,39,0,0,2,6,1,0,0,2,8,0,3,5,,,
201020919202,6,4,1,78,12,110.635,2,1,1,2010,0,53,12,6,0,4,2,1,0,0,1,8,0,1,1,,,
201020919203,3,4,1,78,12,55.318,1,1,2,2010,17,11,22,0,0,2,1,1,3,1,2,8,0,2,1,,,
201020919204,4,4,1,78,12,276.589,1,1,2,2010,21,55,38,0,0,2,3,1,5,1,2,8,0,2,5,,,
201020919207,1,4,1,78,12,55.318,2,1,3,2010,9,4,12,1,0,4,1,1,3,1,2,8,0,1,1,,,
201020919212,6,4,1,78,12,110.635,2,1,4,2010,2,19,12,8,0,2,3,1,0,0,2,8,0,3,1,,,
201020919213,4,4,1,78,12,276.589,1,1,4,2010,14,50,22,0,0,2,1,2,1,1,2,8,0,3,1,,,
201020919215,5,4,1,78,12,55.318,2,1,5,2010,10,56,12,6,0,2,1,1,1,3,2,8,0,3,1,,,
201020919218,6,4,1,78,12,110.635,2,1,6,2010,7,19,12,6,0,2,4,1,0,0,2,8,0,3,1,,,
201020919223,4,4,1,78,12,276.589,2,1,6,2010,15,53,12,6,0,2,1,1,0,0,2,8,0,2,1,,,
201020919225,6,4,1,78,12,110.635,1,1,7,2010,23,43,33,0,0,2,3,1,2,1,1,8,0,2,6,,,
201020919227,5,4,1,78,12,55.318,2,1,1,2010,15,0,12,6,0,2,1,1,1,1,2,8,0,2,1,,,
201020919246,4,4,3,78,12,276.589,1,1,5,2010,6,53,34,0,0,1,2,1,0,0,2,8,0,1,4,,,
201020919247,2,4,3,78,12,55.318,2,1,5,2010,10,36,12,1,1,5,1,1,0,0,2,8,0,2,1,,,
201020919248,5,4,3,78,12,55.318,1,1,7,2010,17,31,75,0,0,1,1,1,1,1,2,8,0,1,4,,,
201020919252,2,4,4,78,12,55.318,1,1,6,2010,5,48,30,0,0,1,2,1,0,0,2,8,0,1,4,,,
201020919254,3,4,4,78,12,55.318,1,1,5,2010,11,48,17,0,0,1,1,1,2,1,2,8,0,1,3,,,
201020919255,5,4,4,78,12,55.318,1,1,7,2010,14,3,1,0,0,1,1,1,2,4,2,8,0,1,4,,,
201020919256,4,4,4,78,12,276.589,1,1,2,2010,10,5,5,0,0,1,1,1,0,0,2,8,0,1,1,,,
201020919260,6,4,5,78,12,132.762,1,1,4,2010,0,14,1,0,0,1,2,1,0,0,2,8,0,1,3,,,
201020919285,1,4,2,78,12,55.318,2,1,7,2010,17,45,14,0,0,1,2,1,4,1,1,8,1,1,2,,,
201020919286,1,4,2,78,12,55.318,2,1,3,2010,6,58,12,6,0,1,4,1,4,7,2,8,0,1,1,,,
201020919290,5,4,2,78,12,55.318,2,1,6,2010,8,30,12,6,0,2,1,1,1,1,2,8,0,2,1,,,
201020919291,2,4,2,78,12,55.318,2,1,6,2010,17,49,12,1,0,2,1,1,0,0,2,8,0,8,1,,,
201020919292,5,4,2,78,12,55.318,2,1,1,2010,2,30,12,1,0,2,2,1,1,1,2,8,0,3,1,,,
201020919293,6,4,2,78,12,110.635,2,1,1,2010,14,20,12,6,0,2,1,10,2,3,2,8,0,2,1,,,
201020919296,4,4,2,78,12,276.589,2,1,3,2010,16,29,12,1,0,1,1,2,0,0,2,8,0,1,1,,,
201020919300,4,4,1,78,12,276.589,2,1,5,2010,13,18,12,1,0,2,1,1,0,0,2,8,0,2,1,,,
201020919301,5,4,1,78,12,55.318,2,1,5,2010,15,4,12,6,0,1,1,1,1,2,2,8,0,1,1,,,
201020919303,5,4,1,78,12,55.318,2,1,2,2010,10,17,12,6,0,2,1,1,3,1,2,8,0,2,1,,,
201020919304,6,4,1,78,12,110.635,2,1,2,2010,15,52,12,6,0,2,1,10,0,0,2,8,0,2,1,,,
201020919306,3,4,1,78,12,55.318,1,1,3,2010,16,3,21,0,0,2,1,2,2,1,2,8,0,2,1,,,
201020919308,5,4,1,78,12,55.318,2,1,4,2010,7,25,12,6,0,2,1,1,2,3,2,8,0,2,1,,,
201020919310,4,4,1,78,12,276.589,2,1,4,2010,7,49,12,6,1,2,1,1,0,0,2,8,0,2,1,,,
201020919316,3,4,1,78,12,55.318,1,1,4,2010,16,51,1,0,0,1,1,1,2,1,2,8,0,1,1,,,
201020919317,4,4,1,78,12,276.589,2,1,4,2010,17,1,12,1,0,1,1,1,0,0,2,8,0,1,1,,,
201020919322,4,4,1,78,12,276.589,2,1,5,2010,13,54,12,1,0,2,1,2,0,0,2,8,0,2,1,,,
201020919329,3,4,1,78,12,55.318,2,1,6,2010,13,10,12,1,0,2,1,1,2,1,2,8,0,2,1,,,
201020919331,6,4,1,78,12,110.635,2,1,6,2010,17,5,12,6,0,2,1,1,0,0,2,8,0,3,1,,,
201020919333,1,4,1,78,12,55.318,1,1,6,2010,23,50,33,0,0,1,3,1,3,2,1,8,0,1,4,,,
201020919338,4,4,1,78,12,276.589,2,1,7,2010,17,57,12,7,0,1,5,1,1,3,2,8,0,1,1,,,
201020919343,4,4,1,78,12,276.589,5,1,2,2010,14,56,12,1,0,2,1,1,0,0,2,8,0,2,1,,,
201020919346,6,4,1,78,12,110.635,2,1,2,2010,16,48,12,1,0,2,1,1,0,0,2,8,0,2,1,,,
201020919347,5,4,1,78,12,55.318,2,1,2,2010,19,5,12,6,0,2,3,1,2,1,2,8,0,2,1,,,
201020919363,6,4,3,78,12,110.635,2,1,2,2010,7,27,12,6,0,4,1,1,0,0,2,8,0,1,1,,,
201020919365,6,4,3,78,12,110.635,2,1,6,2010,21,11,12,1,0,1,2,1,5,1,2,8,0,1,1,,,
201020919366,1,4,3,78,12,55.318,1,1,3,2010,20,38,1,0,0,1,2,2,3,1,1,8,0,1,3,,,
201020919371,4,4,3,78,12,276.589,2,1,2,2010,14,30,12,6,1,2,1,1,0,0,2,8,0,4,1,,,
201020919374,6,4,4,78,12,110.635,1,1,7,2010,11,57,1,0,0,1,1,1,1,1,2,8,0,1,4,,,
201020919375,5,4,4,78,12,55.318,2,1,2,2010,9,10,12,6,0,2,1,1,2,1,2,8,0,4,1,,,
201020919381,6,4,2,78,12,110.635,1,1,2,2010,12,32,38,0,0,1,1,1,2,1,2,8,0,1,5,,,
201020919383,5,4,2,78,12,55.318,2,1,5,2010,16,20,12,6,0,2,1,1,2,1,2,8,0,2,1,,,
201020919386,6,4,2,78,12,110.635,2,1,1,2010,22,5,12,2,0,1,3,1,0,0,2,8,0,1,1,,,
201020919389,4,4,2,78,12,276.589,2,1,4,2010,7,55,12,7,0,1,1,1,0,0,2,8,0,1,1,,,
201020919391,6,4,2,78,12,110.635,2,1,4,2010,16,59,12,7,0,1,1,10,0,0,2,8,0,1,1,,,
201020919395,4,4,2,78,12,276.589,2,1,1,2010,9,26,12,6,0,2,1,1,0,0,2,8,0,3,1,,,
201020919401,4,4,1,78,12,276.589,2,1,7,2010,17,37,12,6,0,2,1,1,0,0,2,8,0,2,1,,,
201020919406,4,4,1,78,12,276.589,2,1,2,2010,21,1,12,7,0,1,2,1,0,0,2,8,0,1,1,,,
201020919412,4,4,1,78,12,276.589,2,1,3,2010,19,6,12,2,0,2,3,1,0,0,2,8,0,2,1,,,
201020919414,6,4,1,78,12,110.635,2,1,4,2010,13,12,12,6,0,2,1,1,0,0,2,8,0,2,1,,,
201020919418,6,4,1,78,12,110.635,2,1,4,2010,18,31,12,6,0,2,3,1,0,0,2,8,0,2,1,,,
201020919420,6,4,1,78,12,110.635,2,1,4,2010,19,39,12,1,0,2,3,1,0,0,2,8,0,2,1,,,
201020919423,4,4,1,78,12,276.589,2,1,5,2010,10,43,12,1,0,4,1,1,0,0,2,8,0,1,1,,,
201020919428,4,4,1,78,12,276.589,2,1,6,2010,10,0,12,6,0,2,1,1,0,0,2,8,0,2,1,,,
201020919429,6,4,1,78,12,110.635,2,1,6,2010,13,42,12,6,0,2,1,1,0,0,2,8,0,2,1,,,
201020919432,3,4,1,78,12,55.318,1,1,7,2010,9,37,21,0,0,2,1,1,3,1,1,8,0,2,1,,,
201020919435,3,4,1,78,12,55.318,1,1,1,2010,12,34,21,0,0,2,1,1,2,1,2,8,0,3,1,,,
201020919436,1,4,1,78,12,55.318,2,2,2,2010,3,23,12,2,0,1,2,1,3,3,2,8,0,1,1,,,
201020919437,1,4,1,78,12,55.318,2,2,2,2010,6,33,12,2,0,2,2,1,3,1,2,8,0,2,1,,,
201020919438,4,4,1,78,12,276.589,2,2,2,2010,6,40,12,6,0,2,3,1,0,0,2,8,0,2,1,,,
201020919444,5,4,1,78,12,55.318,2,2,2,2010,16,48,12,6,0,4,1,1,2,1,2,8,0,1,1,,,
201020919446,6,4,5,78,12,132.762,1,1,3,2010,0,3,24,0,0,1,2,1,2,1,2,8,0,1,1,,,
201020919460,4,4,5,78,12,265.525,1,1,4,2010,7,55,24,0,0,1,1,1,0,0,2,8,0,1,1,,,
201020919465,6,4,3,78,12,110.635,2,1,6,2010,14,9,12,1,0,1,1,1,1,2,2,8,0,1,1,,,
201020919466,5,4,3,78,12,55.318,1,1,4,2010,7,17,1,0,0,1,4,1,2,1,2,8,0,1,1,,,
201020919471,5,4,4,78,12,55.318,2,1,4,2010,18,47,12,6,0,2,2,1,3,1,2,8,0,3,1,,,
201020919472,5,4,4,78,12,55.318,2,1,3,2010,14,47,12,7,0,1,1,10,2,3,2,8,0,1,1,,,
201020919480,3,4,2,78,12,55.318,2,1,3,2010,14,40,12,1,0,2,1,1,2,1,2,8,0,2,1,,,
201020919481,1,4,2,78,12,55.318,1,1,3,2010,15,0,38,0,0,1,1,1,3,1,1,8,0,1,5,,,
201020919486,6,4,2,78,12,110.635,2,2,7,2010,9,40,12,6,0,1,1,10,0,0,2,8,0,1,1,,,
201020919487,4,4,2,78,12,276.589,2,2,7,2010,15,57,14,0,0,1,1,2,0,0,2,8,1,1,7,,,
201020919491,4,4,1,78,12,276.589,2,1,1,2010,23,10,12,1,0,1,3,10,0,0,2,8,0,1,1,,,
201020919494,6,4,1,78,12,110.635,2,1,5,2010,21,26,12,6,0,2,6,1,2,1,2,8,0,3,1,,,
201020919496,3,4,1,78,12,55.318,1,2,2,2010,12,13,21,0,0,1,1,1,3,1,2,8,0,1,1,,,
201020919500,6,4,1,78,12,110.635,2,2,3,2010,10,58,12,6,0,2,1,1,2,2,2,8,0,2,1,,,
201020919501,4,4,1,78,12,276.589,2,2,3,2010,18,46,12,1,0,1,3,1,0,0,2,8,0,1,1,,,
201020919503,6,4,1,78,12,110.635,2,2,4,2010,7,7,12,6,0,2,3,1,1,1,2,8,0,2,1,,,
201020919509,6,4,1,78,12,110.635,2,2,5,2010,13,34,12,6,0,2,1,1,0,0,2,8,0,3,1,,,
201020919511,6,4,1,78,12,110.635,2,2,5,2010,20,33,12,6,0,2,3,1,0,0,2,8,0,2,1,,,
201020919512,4,4,1,78,12,276.589,2,2,5,2010,20,46,12,1,0,1,3,1,0,0,2,8,0,1,1,,,
201020919517,6,4,1,78,12,110.635,2,2,6,2010,14,44,12,6,0,2,1,1,0,0,2,8,0,2,1,,,
201020919519,5,4,1,78,12,55.318,6,2,6,2010,18,5,12,7,0,2,5,1,2,1,2,8,3,3,1,,,
201020919522,4,4,1,78,12,276.589,2,2,6,2010,19,15,14,0,0,1,3,1,0,0,2,8,1,1,7,,,
201020919523,6,4,1,78,12,110.635,2,2,1,2010,7,25,12,1,0,2,4,1,1,1,1,8,0,2,1,,,
201020919529,4,4,5,78,12,265.525,1,1,5,2010,13,35,75,0,0,1,1,1,0,0,1,8,0,1,4,,,
201020919542,5,4,3,78,12,55.318,2,1,6,2010,13,5,12,1,0,1,1,1,2,2,2,8,0,1,1,,,
201020919543,5,4,3,78,12,55.318,3,1,6,2010,13,5,12,1,0,1,1,1,1,2,2,8,0,1,1,,,
201020919544,5,4,3,78,12,55.318,1,1,2,2010,6,20,42,0,0,1,2,1,2,1,2,8,0,1,3,,,
201020919546,5,4,3,78,12,55.318,2,1,3,2010,7,31,12,6,0,2,1,1,1,2,2,8,0,2,1,,,
201020919547,5,4,3,78,12,55.318,1,1,7,2010,6,20,1,0,0,1,3,1,1,1,2,8,0,1,3,,,
201020919548,5,4,3,78,12,55.318,1,1,1,2010,3,45,1,0,0,1,2,1,2,4,2,8,0,1,4,,,
201020919549,3,4,3,78,12,55.318,1,1,1,2010,17,54,1,0,0,1,1,1,3,1,2,8,0,1,1,,,
201020919550,4,4,3,78,12,276.589,2,2,3,2010,14,41,12,7,0,1,1,1,0,0,2,8,0,1,1,,,
201020919554,6,4,4,78,12,110.635,1,1,7,2010,11,15,18,0,0,1,1,1,0,0,2,8,0,1,1,,,
201020919555,4,4,4,78,12,276.589,1,1,7,2010,22,47,18,0,0,1,2,1,0,0,2,8,0,1,1,,,
201020919556,5,4,4,78,12,55.318,3,1,1,2010,12,39,12,7,0,1,1,1,2,2,2,8,0,1,1,,,
201020919558,5,4,4,78,12,55.318,2,2,4,2010,20,7,12,8,0,1,2,1,2,3,1,8,0,1,1,,,
201020919559,2,4,4,78,12,55.318,2,2,7,2010,1,47,12,7,0,1,2,10,0,0,2,8,0,1,1,,,
201020919580,5,4,2,78,12,55.318,2,1,5,2010,18,25,12,7,0,2,2,1,1,1,2,8,0,3,1,,,
201020919584,1,4,2,78,12,55.318,3,2,4,2010,2,35,14,0,0,1,2,1,3,2,2,8,2,1,2,,,
201020919585,2,4,2,78,12,55.318,2,2,2,2010,18,40,54,11,0,1,2,1,0,0,2,8,0,1,1,,,
201020919587,4,4,2,78,12,276.589,2,2,2,2010,20,30,12,7,0,1,2,1,0,0,2,8,0,1,1,,,
201020919588,6,4,2,78,12,110.635,2,2,2,2010,21,28,14,0,0,1,3,1,0,0,2,8,1,1,7,,,
201020919592,4,4,1,78,12,276.589,2,1,4,2010,17,58,12,6,0,4,5,10,0,0,2,8,0,1,1,,,
201020919596,1,4,1,78,12,55.318,2,2,4,2010,18,35,12,2,0,2,3,1,3,3,1,8,0,2,1,,,
201020919598,3,4,1,78,12,55.318,1,2,5,2010,6,58,21,0,0,1,3,1,3,1,2,8,0,1,1,,,
201020919600,4,4,1,78,12,276.589,2,2,5,2010,17,4,12,7,0,1,1,1,0,0,2,8,0,1,1,,,
201020919605,6,4,1,78,12,110.635,3,2,2,2010,16,39,12,1,0,2,1,1,0,0,2,8,0,3,1,,,
201020919606,4,4,1,78,12,276.589,2,2,2,2010,16,20,12,1,0,1,1,1,0,0,2,8,0,1,1,,,
201020919610,5,4,1,78,12,55.318,2,2,3,2010,13,8,12,6,0,2,1,1,3,1,2,8,0,2,1,,,
201020919612,1,4,1,78,12,55.318,2,2,3,2010,16,45,12,6,0,2,1,1,3,3,1,8,0,2,1,,,
201020919613,4,4,1,78,12,276.589,2,2,3,2010,20,10,12,6,0,4,3,1,0,0,2,8,0,1,1,,,
201020919617,1,4,1,78,12,55.318,3,2,4,2010,11,59,12,1,0,2,1,10,3,5,2,8,0,3,1,,,
201020919619,4,4,1,78,12,276.589,2,2,4,2010,12,46,12,6,0,4,1,10,0,0,2,8,0,1,1,,,
201020919622,6,4,1,78,12,110.635,2,2,4,2010,15,39,12,6,0,4,1,10,1,1,2,8,0,1,1,,,
201020919627,6,4,1,78,12,110.635,2,2,5,2010,15,34,12,1,0,2,1,1,0,0,2,8,0,2,1,,,
201020919629,6,4,1,78,12,110.635,2,2,5,2010,17,1,12,1,0,2,1,1,1,1,2,8,0,2,1,,,
201020919631,3,4,1,78,12,55.318,1,2,6,2010,13,17,1,0,0,2,1,1,2,1,2,8,0,3,1,,,
201020919632,6,4,1,78,12,110.635,2,2,6,2010,13,53,12,6,0,4,1,1,0,0,2,8,0,1,1,,,
201020919634,4,4,1,78,12,276.589,2,2,7,2010,12,0,12,7,0,1,1,1,0,0,2,8,0,1,1,,,
201020919639,4,4,1,78,12,276.589,2,2,7,2010,15,58,12,6,0,2,1,1,1,1,2,8,0,2,1,,,
201020919642,5,4,1,78,12,55.318,3,2,1,2010,14,34,12,1,0,2,1,1,1,1,2,8,0,3,1,,,
201020919643,6,4,1,78,12,110.635,2,2,1,2010,17,24,12,6,0,4,1,1,1,1,2,8,0,1,1,,,
201020919647,2,4,1,78,12,55.318,4,2,3,2010,16,16,12,6,0,4,1,1,3,2,2,8,0,1,1,,,
201020919649,1,4,5,78,12,132.762,1,2,4,2010,16,20,1,0,0,1,1,10,3,2,2,8,0,1,4,,,
201020919661,6,4,3,78,12,110.635,1,2,6,2010,3,31,1,0,0,1,3,1,0,0,2,8,0,1,3,,,
201020919663,4,4,3,78,12,276.589,2,2,6,2010,15,8,12,7,0,2,1,10,0,0,2,8,0,3,1,,,
201020919665,1,4,3,78,12,55.318,2,2,7,2010,16,34,12,2,0,1,1,2,3,2,2,8,0,1,1,,,
201020919667,2,4,3,78,12,55.318,2,2,3,2010,7,45,12,1,0,1,1,1,1,1,2,8,0,1,1,,,
201020919671,4,4,3,78,12,276.589,3,2,2,2010,13,51,12,1,0,1,1,1,1,1,2,8,0,1,1,,,
201020919673,6,4,4,78,12,110.635,3,1,6,2010,18,14,12,1,0,2,2,1,1,2,1,8,0,3,1,,,
201020919683,4,4,2,78,12,276.589,2,2,4,2010,17,15,12,6,0,2,1,1,0,0,2,8,0,3,1,,,
201020919685,5,4,2,78,12,55.318,2,2,7,2010,16,17,12,6,0,2,1,2,1,1,2,8,0,3,1,,,
201020919686,6,4,2,78,12,110.635,1,2,1,2010,8,10,38,0,0,1,1,1,0,0,2,8,0,1,5,,,
201020919688,6,4,2,78,12,110.635,2,2,1,2010,18,0,12,8,0,1,5,1,0,0,1,8,0,1,1,,,
201020919693,5,4,2,78,12,55.318,2,2,5,2010,8,20,12,6,0,2,1,1,2,1,2,8,0,2,1,,,
201020919694,6,4,2,78,12,110.635,2,2,5,2010,12,35,54,11,0,1,1,1,0,0,2,8,0,1,1,,,
201020919696,4,4,2,78,12,276.589,2,2,6,2010,8,14,14,0,0,4,1,1,0,0,2,8,1,1,7,,,
201020919697,6,4,2,78,12,110.635,2,2,6,2010,11,50,12,6,0,2,1,1,0,0,2,8,0,2,1,,,
201020919699,2,4,2,78,12,55.318,2,2,3,2010,7,43,12,7,0,2,1,1,0,0,2,8,0,2,1,,,
201020919703,4,4,2,78,12,276.589,2,2,1,2010,10,40,12,1,0,1,1,1,0,0,2,8,0,1,1,,,
201020919705,1,4,1,78,12,55.318,1,2,3,2010,0,16,39,0,0,1,3,1,3,1,2,8,0,1,5,,,
201020919706,6,4,1,78,12,110.635,3,2,1,2010,20,15,33,0,0,1,3,1,1,4,2,8,2,1,4,,,
201020919707,4,4,1,78,12,276.589,2,2,6,2010,21,41,12,1,0,2,3,1,0,0,2,8,0,3,1,,,
201020919708,3,4,1,78,12,55.318,2,2,6,2010,22,21,12,6,0,4,3,1,2,1,2,8,0,1,1,,,
201020919711,6,4,1,78,12,110.635,2,2,1,2010,2,4,12,6,0,2,3,1,0,0,2,8,0,2,1,,,
201020919715,5,4,1,78,12,55.318,2,2,2,2010,19,19,12,1,0,1,3,1,1,2,2,8,0,1,1,,,
201020919718,4,4,1,78,12,276.589,2,2,3,2010,16,46,12,1,0,1,1,1,0,0,2,8,0,1,1,,,
201020919722,3,4,1,78,12,55.318,1,2,4,2010,14,47,22,0,0,2,1,1,3,1,2,8,0,3,1,,,
201020919723,6,4,1,78,12,110.635,2,2,4,2010,16,53,12,1,0,2,1,1,0,0,2,8,0,2,1,,,
201020919725,4,4,1,78,12,276.589,1,2,4,2010,18,1,33,0,0,1,1,1,0,0,2,8,0,1,4,,,
201020919727,5,4,1,78,12,55.318,2,2,4,2010,20,51,12,6,0,2,3,1,2,1,2,8,0,2,1,,,
201020919728,6,4,1,78,12,110.635,2,2,4,2010,21,12,14,0,0,1,3,1,0,0,1,8,1,1,7,,,
201020919731,3,4,1,78,12,55.318,2,2,5,2010,10,50,12,6,0,2,1,1,3,1,2,8,0,3,1,,,
201020919737,6,4,1,78,12,110.635,2,2,6,2010,10,29,12,6,0,4,1,1,0,0,2,8,0,1,1,,,
201020919738,4,4,1,78,12,276.589,1,2,6,2010,14,45,38,0,0,1,1,1,0,0,2,8,0,1,5,,,
201020919742,5,4,1,78,12,55.318,2,2,6,2010,19,23,12,6,0,2,3,1,0,0,2,8,0,2,1,,,
201020919744,4,4,1,78,12,276.589,2,2,7,2010,9,58,12,6,0,4,1,1,0,0,2,8,0,1,1,,,
201020919749,1,4,1,78,12,55.318,1,2,1,2010,3,14,33,0,0,1,3,1,3,2,1,8,0,1,4,,,
201020919750,4,4,1,78,12,276.589,1,2,1,2010,5,30,30,0,0,1,2,1,0,0,2,8,0,1,4,,,
201020919753,6,4,1,78,12,110.635,2,2,2,2010,11,27,12,6,0,4,1,1,0,0,2,8,0,1,1,,,
201020919757,2,4,1,78,12,55.318,2,2,3,2010,11,35,12,6,0,2,1,1,0,0,2,8,0,2,1,,,
201020919758,4,4,1,78,12,276.589,2,2,3,2010,17,7,12,6,0,4,1,1,0,0,2,8,0,1,1,,,
201020919761,5,4,3,78,12,55.318,2,2,4,2010,9,55,12,6,0,2,1,1,3,1,2,8,0,2,1,,,
201020919762,5,4,3,78,12,55.318,2,2,6,2010,11,57,12,6,0,2,1,1,2,3,2,8,0,8,1,,,
201020919766,4,4,3,78,12,276.589,1,2,5,2010,8,45,2,0,0,1,1,1,0,0,2,8,0,1,1,,,
201020919767,3,4,3,78,12,55.318,1,2,1,2010,9,5,74,0,0,1,1,1,2,1,2,8,0,1,3,,,
201020919772,5,4,4,78,12,55.318,2,2,2,2010,15,46,12,6,0,4,1,1,1,1,2,8,0,1,1,,,
201020919773,6,4,4,78,12,110.635,1,2,4,2010,6,40,1,0,0,1,1,1,0,0,2,8,0,1,4,,,
201020919774,5,4,4,78,12,55.318,1,2,2,2010,9,30,1,0,0,1,1,1,2,2,2,8,0,1,4,,,
201020919775,3,4,4,78,12,55.318,1,2,7,2010,12,34,1,0,0,5,1,1,3,1,2,8,0,1,4,,,
201020919781,3,4,2,78,12,55.318,2,2,7,2010,17,32,12,6,0,4,1,1,2,1,2,8,0,1,1,,,
201020919782,3,4,2,78,12,55.318,1,2,5,2010,7,50,21,0,0,2,1,1,2,1,2,8,0,2,1,,,
201020919785,5,4,2,78,12,55.318,1,2,7,2010,5,29,1,0,0,1,2,2,2,1,2,8,0,1,5,,,
201020919788,5,4,2,78,12,55.318,1,2,1,2010,4,21,35,0,0,1,2,1,1,1,2,8,0,1,4,,,
201020919789,4,4,2,78,12,276.589,1,2,1,2010,10,5,59,0,0,2,1,10,0,0,2,8,0,3,4,,,
201020919793,6,4,2,78,12,110.635,1,2,1,2010,18,18,1,0,0,1,5,1,0,0,2,8,0,1,2,,,
201020919796,5,4,1,78,12,55.318,2,2,7,2010,4,55,14,0,0,1,2,2,1,1,1,8,1,1,7,,,
201020919800,6,4,1,78,12,110.635,2,2,3,2010,21,42,12,6,0,2,6,1,0,0,2,8,0,3,1,,,
201020919803,4,4,1,78,12,276.589,2,2,4,2010,14,0,12,1,1,2,1,1,0,0,2,8,0,2,1,,,
201020919808,6,4,1,78,12,110.635,2,2,5,2010,7,53,12,6,0,2,1,1,0,0,2,8,0,3,1,,,
201020919810,4,4,1,78,12,276.589,2,2,5,2010,14,7,12,1,0,1,1,1,1,1,2,8,0,1,1,,,
201020919813,5,4,1,78,12,55.318,2,2,6,2010,10,39,12,6,0,2,1,1,1,1,2,8,0,3,1,,,
201020919816,6,4,1,78,12,110.635,2,2,6,2010,11,59,12,1,0,2,1,1,0,0,2,8,0,2,1,,,
201020919818,4,4,1,78,12,276.589,2,2,6,2010,14,42,12,6,0,2,1,1,0,0,2,8,0,3,1,,,
201020919820,5,4,1,78,12,55.318,2,2,6,2010,21,46,14,0,0,1,3,1,2,1,1,8,1,1,7,,,
201020919824,6,4,1,78,12,110.635,2,2,7,2010,13,12,12,6,0,2,1,1,2,1,2,8,0,2,1,,,
201020919825,4,4,1,78,12,276.589,2,2,7,2010,17,8,12,1,0,1,1,2,0,0,2,8,0,1,1,,,
201020919826,5,4,1,78,12,55.318,2,2,7,2010,17,35,12,6,0,2,1,10,2,1,2,8,0,2,1,,,
201020919829,6,4,1,78,12,110.635,2,2,1,2010,13,29,12,6,0,4,1,1,0,0,2,8,0,1,1,,,
201020919830,3,4,1,78,12,55.318,2,2,1,2010,15,19,12,6,0,4,1,1,2,1,2,8,0,1,1,,,
201020919831,5,4,1,78,12,55.318,2,3,2,2010,11,55,12,6,0,4,1,1,2,2,2,8,0,1,1,,,
201020919840,1,4,3,78,12,55.318,2,2,3,2010,2,35,30,0,0,1,2,1,3,1,1,8,1,1,4,,,
201020919841,5,4,3,78,12,55.318,2,2,4,2010,11,58,12,1,0,2,1,1,2,1,2,8,0,2,1,,,
201020919843,6,4,3,78,12,110.635,1,2,5,2010,11,47,1,0,0,1,1,1,2,1,2,8,0,1,4,,,
201020919847,1,4,4,78,12,55.318,1,1,2,2010,19,14,1,0,0,1,2,1,3,1,2,8,0,1,6,,,