CASENUM,STRATUM,REGION,PJ,PSU,PSUSTRAT,WEIGHT,VE_TOTAL,MONTH,WKDY_IM,YEAR,HOUR_IM,MINUTE_IM,EVENT1_IM,MANCOL_IM,RELJCT1_IM,RELJCT2_IM,LGTCON_IM,WEATHR_IM,MAXSEV_IM,NO_INJ_IM,ALCHL_IM,LAND_USE,PVH_INVL,TYP_INT,REL_ROAD,CF1,CF2,CF3
201020919848,6,4,4,78,12,110.635,1,1,1,2010,13,49,1,0,0,1,1,1,1,3,2,8,0,1,4,,,
201020919861,4,4,2,78,12,276.589,2,2,7,2010,10,18,12,6,0,2,1,1,0,0,2,8,0,3,1,,,
201020919867,4,4,2,78,12,276.589,2,2,7,2010,22,30,12,8,0,2,2,1,0,0,2,8,0,3,1,,,
201020919872,6,4,1,78,12,110.635,2,2,1,2010,18,58,12,7,0,2,3,1,1,1,2,8,0,2,1,,,
201020919873,3,4,1,78,12,55.318,2,2,4,2010,11,1,12,6,0,2,1,1,2,1,2,8,0,3,1,,,
201020919875,4,4,1,78,12,276.589,2,2,5,2010,12,7,12,1,0,4,1,1,1,1,2,8,0,1,1,,,
201020919881,4,4,1,78,12,276.589,2,3,3,2010,14,23,12,7,0,2,1,1,0,0,2,8,0,6,1,,,
201020919883,6,4,1,78,12,110.635,2,3,4,2010,13,40,12,6,0,2,1,1,1,1,2,8,0,2,1,,,
201020919885,5,4,1,78,12,55.318,4,3,5,2010,8,10,12,1,0,2,1,1,2,4,2,8,0,2,1,,,
201020919888,6,4,1,78,12,110.635,2,3,5,2010,16,20,12,2,0,2,1,1,1,1,2,8,0,2,1,,,
201020919889,3,4,1,78,12,55.318,1,3,5,2010,18,21,22,0,0,4,3,1,2,1,2,8,0,1,1,,,
201020919890,3,4,1,78,12,55.318,1,3,5,2010,20,52,21,0,0,2,3,1,4,1,1,8,0,3,1,,,
201020919893,3,4,1,78,12,55.318,2,3,6,2010,17,43,12,6,0,4,1,1,3,1,2,8,0,1,1,,,
201020919894,3,4,1,78,12,55.318,2,3,7,2010,21,17,12,1,0,2,3,1,2,1,2,8,0,2,1,,,
201020919896,5,4,1,78,12,55.318,1,3,1,2010,8,35,59,0,0,1,4,2,2,1,1,8,0,1,4,,,
201020919897,3,4,1,78,12,55.318,3,3,2,2010,11,50,12,1,0,2,1,1,2,1,2,8,0,2,1,,,
201020919898,4,4,1,78,12,276.589,2,3,2,2010,14,50,12,1,0,1,1,1,0,0,2,8,0,1,1,,,
201020919901,6,4,1,78,12,110.635,2,3,3,2010,14,54,12,6,0,4,1,1,0,0,2,8,0,1,1,,,
201020919920,6,4,3,78,12,110.635,1,2,5,2010,20,26,43,0,0,1,3,1,2,1,1,8,0,1,6,,,
201020919923,6,4,3,78,12,110.635,1,3,6,2010,18,54,1,0,1,5,1,1,0,0,2,8,0,1,2,,,
201020919925,4,4,3,78,12,276.589,2,3,3,2010,16,4,54,0,0,1,1,1,0,0,2,8,0,1,1,,,
201020919926,2,4,3,78,12,55.318,2,3,5,2010,6,18,12,7,0,1,4,1,0,0,2,8,0,1,1,,,
201020919928,3,4,4,78,12,55.318,1,1,4,2010,12,36,1,0,0,1,1,1,3,2,2,8,0,1,2,,,
201020919930,2,4,4,78,12,55.318,2,1,3,2010,6,30,12,7,0,1,1,1,0,0,2,8,0,1,1,,,
201020919932,4,4,4,78,12,276.589,1,1,7,2010,11,20,72,0,0,1,1,1,0,0,2,8,0,1,3,,,
201020919933,2,4,4,78,12,55.318,2,2,5,2010,11,23,12,1,0,1,1,1,0,0,2,8,0,1,1,,,
201020919934,1,4,4,78,12,55.318,1,2,4,2010,16,23,42,0,0,1,1,1,3,1,2,8,0,1,4,,,
201020919936,2,4,4,78,12,55.318,1,2,3,2010,9,49,75,0,1,19,1,1,0,0,2,8,0,1,3,,,
201020919937,5,4,4,78,12,55.318,1,2,6,2010,8,7,5,0,0,1,1,1,2,3,2,8,0,1,2,,,
201020919938,6,4,4,78,12,110.635,1,2,6,2010,17,34,1,0,0,1,1,1,2,3,2,8,0,1,3,,,
201020919961,4,4,5,78,12,265.525,2,3,6,2010,14,5,14,0,0,4,1,1,0,0,2,8,1,1,7,,,
201020919963,6,4,2,78,12,110.635,1,2,2,2010,12,33,18,0,0,2,1,1,0,0,2,8,0,3,4,,,
201020919966,5,4,2,78,12,55.318,1,3,5,2010,7,30,1,0,0,1,1,1,1,3,2,8,0,1,4,,,
201020919968,5,4,2,78,12,55.318,5,3,6,2010,16,0,12,1,0,1,1,1,2,2,2,8,0,1,1,,,
201020919969,4,4,2,78,12,276.589,1,3,7,2010,11,34,33,0,0,1,1,1,0,0,2,8,0,1,4,,,
201020919972,5,4,2,78,12,55.318,2,3,1,2010,14,0,12,1,0,1,1,1,2,2,2,8,0,1,1,,,
201020919973,3,4,2,78,12,55.318,1,3,3,2010,14,0,1,0,0,1,1,1,2,1,2,8,0,1,5,,,
201020919974,5,4,2,78,12,55.318,2,3,4,2010,12,55,12,6,0,2,1,1,2,2,2,8,0,3,1,,,
201020919978,4,4,1,78,12,276.589,2,2,2,2010,0,20,12,1,0,2,3,1,0,0,2,8,0,2,1,,,
201020919981,2,4,1,78,12,55.318,2,3,2,2010,19,47,12,6,0,2,3,1,0,0,2,8,0,2,1,,,
201020919983,5,4,1,78,12,55.318,2,3,4,2010,14,14,12,6,0,2,1,1,2,1,2,8,0,2,1,,,
201020919985,4,4,1,78,12,276.589,2,3,6,2010,17,55,12,1,0,1,1,1,0,0,2,8,0,1,1,,,
201020919988,6,4,1,78,12,110.635,2,3,2,2010,12,9,12,1,0,1,1,1,0,0,2,8,0,1,1,,,
201020919991,4,4,1,78,12,276.589,3,3,3,2010,12,44,12,1,0,2,1,1,1,3,2,8,0,8,1,,,
201020919997,4,4,1,78,12,276.589,2,3,4,2010,12,30,12,6,0,2,1,1,1,2,2,8,0,2,1,,,
201020919999,5,4,1,78,12,55.318,2,3,4,2010,14,52,12,2,0,2,1,1,2,3,2,8,0,2,1,,,
201020920001,5,4,1,78,12,55.318,4,3,4,2010,15,6,12,1,0,2,1,1,1,2,2,8,0,2,1,,,
201020920002,6,4,1,78,12,110.635,2,3,4,2010,17,0,12,1,0,2,1,1,0,0,2,8,0,3,1,,,
201020920005,5,4,1,78,12,55.318,3,3,5,2010,10,1,12,2,0,4,1,1,1,1,2,8,0,1,1,,,
201020920007,4,4,1,78,12,276.589,2,3,5,2010,16,10,12,1,0,1,1,1,0,0,2,8,0,1,1,,,
201020920008,6,4,1,78,12,110.635,2,3,5,2010,18,5,12,6,0,2,5,1,0,0,2,8,0,2,1,,,
201020920013,4,4,1,78,12,276.589,2,3,6,2010,15,2,12,6,0,4,1,1,0,0,2,8,0,1,1,,,
201020920015,6,4,1,78,12,110.635,2,3,1,2010,9,25,12,6,0,2,1,1,1,1,2,8,0,3,1,,,
201020920020,4,4,1,78,12,276.589,2,3,3,2010,11,36,12,1,0,1,1,1,0,0,2,8,0,1,1,,,
201020920040,3,4,3,78,12,55.318,2,2,1,2010,9,5,14,0,0,1,1,1,3,2,2,8,1,1,2,,,
201020920041,5,4,3,78,12,55.318,1,2,1,2010,12,3,42,0,0,1,1,1,2,1,1,8,0,1,3,,,
201020920042,6,4,3,78,12,110.635,2,3,5,2010,20,50,12,6,0,2,3,1,0,0,2,8,0,2,1,,,
201020920045,6,4,3,78,12,110.635,2,3,3,2010,12,8,12,6,0,2,1,1,1,1,2,8,0,2,1,,,
201020920049,5,4,4,78,12,55.318,1,2,7,2010,15,21,18,0,0,1,1,10,2,2,2,8,0,1,4,,,
201020920050,5,4,4,78,12,55.318,1,2,1,2010,14,23,1,0,0,1,1,1,2,2,2,8,0,1,2,,,
201020920051,2,4,4,78,12,55.318,2,3,3,2010,5,54,12,1,0,1,2,10,3,2,2,8,0,1,1,,,
201020920060,1,4,2,78,12,55.318,1,3,7,2010,5,49,30,0,0,1,2,10,4,3,2,8,0,1,4,,,
201020920062,6,4,2,78,12,110.635,2,3,7,2010,16,5,12,2,0,1,1,1,2,3,2,8,0,1,1,,,
201020920065,4,4,2,78,12,276.589,2,3,5,2010,14,2,14,0,0,1,1,1,0,0,2,8,1,1,7,,,
201020920069,6,4,1,78,12,110.635,3,3,4,2010,19,10,12,1,0,1,3,1,1,1,2,8,0,1,1,,,
201020920071,4,4,1,78,12,276.589,2,3,2,2010,9,35,12,1,0,2,1,1,0,0,2,8,0,8,1,,,
201020920077,4,4,1,78,12,276.589,3,3,7,2010,17,17,12,1,0,2,1,1,0,0,2,8,0,2,1,,,
201020920079,5,4,1,78,12,55.318,2,3,7,2010,18,55,12,6,0,2,3,1,2,4,2,8,0,2,1,,,
201020920080,5,4,1,78,12,55.318,2,3,1,2010,12,14,12,1,0,2,1,1,1,1,2,8,0,2,1,,,
201020920081,5,4,1,78,12,55.318,2,3,1,2010,17,46,12,1,0,2,5,1,2,3,2,8,0,2,1,,,
201020920084,5,4,1,78,12,55.318,2,3,2,2010,14,17,12,7,0,2,1,1,2,1,2,8,0,3,1,,,
201020920086,4,4,1,78,12,276.589,2,3,3,2010,12,8,12,1,0,2,1,1,1,1,2,8,0,3,1,,,
201020920091,4,4,1,78,12,276.589,3,3,3,2010,18,46,12,1,0,2,1,1,0,0,2,8,0,2,1,,,
201020920096,4,4,1,78,12,276.589,2,3,5,2010,14,23,12,1,0,1,1,1,1,1,2,8,0,1,1,,,
201020920101,6,4,1,78,12,110.635,2,3,6,2010,10,6,12,6,0,4,1,1,2,1,2,8,0,1,1,,,
201020920102,4,4,1,78,12,276.589,2,3,7,2010,14,18,12,1,0,4,1,1,0,0,2,8,0,1,1,,,
201020920126,6,4,3,78,12,110.635,2,3,3,2010,6,15,12,1,0,2,3,1,0,0,2,8,0,2,1,,,
201020920129,4,4,3,78,12,276.589,3,3,7,2010,15,10,12,1,0,1,1,1,0,0,2,8,0,1,1,,,
201020920130,2,4,3,78,12,55.318,2,3,3,2010,15,48,12,1,0,1,1,1,0,0,2,8,0,1,1,,,
201020920131,2,4,3,78,12,55.318,2,3,2,2010,6,10,12,6,0,4,2,1,0,0,2,8,0,1,1,,,
201020920133,6,4,4,78,12,110.635,1,3,7,2010,8,35,1,0,0,1,1,1,0,0,2,8,0,1,4,,,
201020920143,4,4,2,78,12,276.589,2,3,4,2010,11,40,12,7,0,1,1,1,0,0,2,8,0,1,1,,,
201020920146,3,4,2,78,12,55.318,2,3,6,2010,9,49,12,6,0,2,1,1,2,1,2,8,0,3,1,,,
201020920149,6,4,2,78,12,110.635,2,3,2,2010,8,3,12,6,0,4,1,1,0,0,2,8,0,1,1,,,
201020920152,4,4,2,78,12,276.589,2,3,4,2010,18,28,12,1,0,2,1,1,0,0,2,8,0,2,1,,,
201020920160,4,4,1,78,12,276.589,3,3,4,2010,8,27,12,1,0,4,1,1,1,1,2,8,0,1,1,,,
201020920163,3,4,1,78,12,55.318,1,3,1,2010,1,38,33,0,0,1,3,1,2,1,1,8,0,1,3,,,
201020920166,4,4,1,78,12,276.589,1,3,7,2010,2,9,42,0,0,2,3,1,0,0,1,8,0,2,6,,,
201020920168,6,4,1,78,12,110.635,2,3,3,2010,10,48,12,2,0,2,1,1,2,1,2,8,0,3,1,,,
201020920170,2,4,1,78,12,55.318,2,3,3,2010,16,4,12,1,0,1,1,1,0,0,2,8,0,1,1,,,
201020920171,3,4,1,78,12,55.318,1,3,4,2010,15,13,22,0,0,4,1,1,2,1,2,8,0,1,1,,,
201020920173,6,4,1,78,12,110.635,2,3,4,2010,17,6,12,1,0,2,1,1,1,1,2,8,0,3,1,,,
201020920176,4,4,1,78,12,276.589,2,3,5,2010,8,26,12,7,0,1,1,1,0,0,2,8,0,1,1,,,
201020920182,4,4,1,78,12,276.589,2,3,6,2010,13,33,12,1,0,2,1,1,0,0,2,8,0,3,1,,,
201020920187,6,4,1,78,12,110.635,2,3,2,2010,20,49,12,6,0,2,3,1,2,1,2,8,0,2,1,,,
201020920200,3,4,3,78,12,55.318,2,3,4,2010,12,30,12,7,0,1,1,1,3,2,2,8,0,1,1,,,
201020920201,5,4,3,78,12,55.318,1,3,1,2010,3,6,1,0,0,1,2,1,2,2,2,8,0,1,2,,,
201020920220,1,4,2,78,12,55.318,1,3,7,2010,21,0,1,0,0,1,2,1,3,1,2,8,0,1,4,,,
201020920223,2,4,2,78,12,55.318,2,4,6,2010,14,50,12,2,0,1,1,1,4,2,2,8,0,1,1,,,
201020920224,4,4,2,78,12,276.589,1,4,1,2010,0,51,53,0,0,2,2,1,0,0,2,8,0,2,4,,,
201020920226,4,4,1,78,12,276.589,2,3,1,2010,21,18,14,0,0,1,3,1,0,0,2,8,1,1,7,,,
201020920232,4,4,1,78,12,276.589,2,3,4,2010,15,9,12,1,0,2,1,1,1,1,2,8,0,3,1,,,
201020920235,6,4,1,78,12,110.635,2,3,7,2010,9,18,12,1,0,1,1,1,0,0,2,8,0,1,1,,,
201020920238,4,4,1,78,12,276.589,2,3,7,2010,16,8,12,1,0,2,1,1,0,0,2,8,0,8,1,,,
201020920243,4,4,1,78,12,276.589,2,3,3,2010,13,2,12,1,0,1,1,1,0,0,2,8,0,1,1,,,
201020920248,6,4,1,78,12,110.635,2,3,4,2010,9,45,12,6,0,2,1,1,0,0,2,8,0,2,1,,,
201020920250,4,4,1,78,12,276.589,2,3,4,2010,13,39,12,6,0,4,1,10,0,0,2,8,0,1,11,,,
201020920252,3,4,1,78,12,55.318,2,4,5,2010,16,18,12,6,0,2,1,1,2,2,2,8,0,3,1,,,
201020920254,5,4,1,78,12,55.318,2,4,5,2010,18,7,12,2,0,2,1,1,2,4,2,8,0,2,1,,,
201020920258,4,4,1,78,12,276.589,2,4,6,2010,12,33,12,2,0,2,1,1,0,0,2,8,0,2,1,,,
201020920260,5,4,1,78,12,55.318,2,4,7,2010,11,33,12,6,0,2,1,1,2,3,2,8,0,3,1,,,
201020920263,5,4,1,78,12,55.318,2,4,7,2010,17,14,12,6,0,2,1,1,2,1,2,8,0,3,1,,,
201020920264,5,4,1,78,12,55.318,2,4,7,2010,18,35,12,1,0,1,1,1,2,2,2,8,0,1,1,,,
201020920265,5,4,1,78,12,55.318,2,4,1,2010,12,6,12,6,0,2,1,1,2,3,2,8,0,2,1,,,
201020920267,4,4,1,78,12,276.589,1,4,1,2010,15,5,59,0,0,2,1,1,0,0,2,8,0,3,4,,,
201020920268,3,4,1,78,12,55.318,1,4,1,2010,18,33,21,0,0,1,5,1,2,1,2,8,0,1,1,,,
201020920271,2,4,3,78,12,55.318,2,2,2,2010,16,3,12,2,0,2,1,1,4,2,2,8,0,3,1,,,
201020920273,1,4,3,78,12,55.318,1,3,5,2010,18,20,42,0,0,1,2,1,3,2,1,8,0,1,5,,,
201020920274,2,4,3,78,12,55.318,2,3,6,2010,12,35,12,2,0,2,1,1,2,1,2,8,0,2,1,,,
201020920276,4,4,3,78,12,276.589,2,3,6,2010,18,10,12,1,0,2,1,1,0,0,2,8,0,2,1,,,
201020920278,5,4,3,78,12,55.318,1,3,2,2010,19,16,1,0,0,1,2,1,2,2,2,8,0,1,4,,,
201020920285,3,4,4,78,12,55.318,1,3,6,2010,16,26,1,0,0,2,1,1,2,1,2,8,0,3,1,,,
201020920286,1,4,4,78,12,55.318,1,3,7,2010,9,28,1,0,0,1,1,1,3,5,2,8,0,1,3,,,
201020920287,6,4,4,78,12,110.635,1,3,1,2010,16,54,74,0,0,1,1,1,1,1,2,8,0,1,4,,,
201020920289,4,4,4,78,12,276.589,1,3,3,2010,18,39,2,0,0,1,1,1,0,0,2,8,0,1,1,,,
201020920290,1,4,4,78,12,55.318,4,3,3,2010,19,20,12,1,0,1,2,1,3,2,2,8,0,1,1,,,
201020920292,5,4,4,78,12,55.318,2,3,4,2010,20,34,12,6,0,2,3,1,2,1,2,8,0,2,1,,,
201020920293,5,4,4,78,12,55.318,2,3,7,2010,13,50,12,7,0,1,1,1,3,4,2,8,0,1,1,,,
201020920298,4,4,4,78,12,276.589,2,3,4,2010,12,20,12,7,0,1,1,1,0,0,2,8,0,1,1,,,
201020920299,5,4,4,78,12,55.318,1,3,6,2010,14,58,1,0,0,1,1,1,3,3,2,8,0,1,3,,,
201020920321,5,4,2,78,12,55.318,2,3,6,2010,19,40,12,6,0,2,2,1,2,2,2,8,0,2,1,,,
201020920323,3,4,2,78,12,55.318,2,3,4,2010,19,50,12,6,1,2,3,1,3,2,1,8,0,2,1,,,
201020920324,6,4,2,78,12,110.635,1,4,6,2010,18,35,38,0,0,1,1,1,0,0,2,8,0,1,5,,,
201020920325,5,4,2,78,12,55.318,1,4,6,2010,21,19,24,0,0,1,2,1,2,1,2,8,0,1,1,,,
201020920329,6,4,2,78,12,110.635,1,4,6,2010,2,9,59,0,0,1,2,1,0,0,2,8,0,1,4,,,
201020920330,4,4,2,78,12,276.589,2,4,6,2010,14,40,12,6,0,2,1,1,0,0,2,8,0,2,1,,,
201020920332,6,4,1,78,12,110.635,3,3,2,2010,1,17,14,0,0,1,2,1,1,1,2,8,2,1,6,,,
201020920334,3,4,1,78,12,55.318,1,4,1,2010,2,25,1,0,0,1,3,1,2,1,2,8,0,1,3,,,
201020920338,4,4,1,78,12,276.589,2,4,2,2010,18,33,12,2,0,2,5,1,0,0,2,8,0,2,1,,,
201020920339,6,4,1,78,12,110.635,2,4,3,2010,15,3,12,6,0,2,1,1,0,0,2,8,0,2,1,,,
201020920341,6,4,1,78,12,110.635,2,4,3,2010,18,43,12,6,0,2,1,1,0,0,2,8,0,2,1,,,
201020920347,4,4,1,78,12,276.589,2,4,4,2010,19,35,12,6,0,1,5,1,0,0,2,8,0,1,1,,,
201020920351,6,4,1,78,12,110.635,2,4,5,2010,10,31,12,6,0,2,1,1,0,0,2,8,0,2,1,,,
201020920352,3,4,1,78,12,55.318,2,4,7,2010,10,16,12,6,0,4,1,1,2,1,2,8,0,1,1,,,
201020920356,6,4,1,78,12,110.635,2,3,4,2010,5,11,12,1,0,2,3,1,2,1,2,8,0,2,1,,,
201020920360,5,4,3,78,12,55.318,1,4,3,2010,12,5,59,0,0,1,1,1,2,1,2,8,0,1,4,,,
201020920362,6,4,3,78,12,110.635,1,4,1,2010,12,32,42,0,0,1,1,1,0,0,2,8,0,1,4,,,
201020920363,5,4,3,78,12,55.318,1,4,3,2010,18,4,75,0,0,1,2,1,2,3,2,8,0,1,4,,,
201020920364,5,4,3,78,12,55.318,2,4,5,2010,21,17,12,6,0,2,3,1,2,1,2,8,0,2,1,,,
201020920367,2,4,4,78,12,55.318,2,2,4,2010,6,5,12,1,0,1,2,1,4,3,2,8,0,1,1,,,
201020920369,2,4,4,78,12,55.318,2,3,2,2010,21,58,12,1,0,1,2,10,0,0,2,8,0,1,1,,,
201020920370,2,4,4,78,12,55.318,1,3,6,2010,7,25,74,0,0,1,1,1,0,0,2,8,0,1,4,,,
201020920380,3,4,2,78,12,55.318,1,3,3,2010,16,30,22,0,0,2,1,1,2,1,2,8,0,3,1,,,
201020920384,4,4,1,78,12,276.589,2,4,5,2010,13,55,12,6,0,4,1,1,1,1,2,8,0,1,1,,,
201020920385,5,4,1,78,12,55.318,2,4,3,2010,7,28,12,6,0,2,1,1,1,1,2,8,0,2,1,,,
201020920386,3,4,1,78,12,55.318,2,4,3,2010,19,58,1,0,0,2,3,1,2,1,2,8,0,2,1,,,
201020920389,2,4,1,78,12,55.318,2,4,5,2010,12,47,12,6,0,2,1,1,0,0,2,8,0,3,1,,,
201020920391,6,4,1,78,12,110.635,2,4,6,2010,14,31,12,6,0,2,1,1,0,0,2,8,0,3,1,,,
201020920394,6,4,1,78,12,110.635,3,4,7,2010,16,27,12,6,0,2,1,1,2,1,2,8,0,2,1,,,
201020920396,5,4,1,78,12,55.318,2,4,7,2010,21,37,12,6,0,4,3,1,2,2,2,8,0,1,1,,,
201020920397,4,4,1,78,12,276.589,1,4,1,2010,4,35,18,0,1,2,3,1,0,0,2,8,0,2,5,,,
201020920401,5,4,1,78,12,55.318,1,4,1,2010,18,23,19,0,0,1,1,1,2,1,1,8,0,1,5,,,
201020920402,5,4,1,78,12,55.318,2,4,2,2010,9,8,12,6,0,2,1,1,2,4,2,8,0,3,1,,,
201020920404,3,4,1,78,12,55.318,2,4,2,2010,17,45,12,6,0,2,1,1,2,1,2,8,0,2,1,,,
201020920406,5,4,1,78,12,55.318,3,4,3,2010,7,56,12,6,0,2,1,1,2,3,2,8,0,2,1,,,
201020920407,4,4,1,78,12,276.589,2,4,3,2010,14,3,12,1,0,2,1,1,0,0,2,8,0,2,1,,,
201020920410,2,4,1,78,12,55.318,2,4,4,2010,12,38,12,6,0,2,1,1,3,3,2,8,0,2,1,,,
201020920412,6,4,1,78,12,110.635,2,4,4,2010,13,55,12,2,0,4,1,1,2,2,2,8,0,1,1,,,
201020920416,4,4,1,78,12,276.589,2,4,5,2010,6,56,12,1,0,2,1,1,1,1,2,8,0,2,1,,,
201020920422,6,4,1,78,12,110.635,3,4,1,2010,13,25,14,0,0,1,1,1,2,1,2,8,2,1,7,,,
201020920423,4,4,1,78,12,276.589,2,4,1,2010,17,35,12,6,0,2,1,1,0,0,2,8,0,2,1,,,
201020920440,6,4,5,78,12,132.762,1,4,4,2010,15,19,1,0,0,1,1,1,0,0,2,8,0,1,2,,,
201020920442,4,4,3,78,12,276.589,2,4,2,2010,12,0,12,1,1,2,1,1,0,0,2,8,0,2,1,,,
201020920444,5,4,3,78,12,55.318,1,4,1,2010,13,8,1,0,0,1,1,1,2,2,2,8,0,1,4,,,
201020920449,2,4,4,78,12,55.318,1,4,2,2010,8,24,38,0,1,19,1,1,2,1,2,8,0,1,5,,,
201020920451,6,4,4,78,12,110.635,1,4,7,2010,15,38,38,0,0,1,1,1,0,0,2,8,0,1,5,,,
201020920452,5,4,4,78,12,55.318,1,4,1,2010,11,39,1,0,0,1,1,1,2,2,2,8,0,1,4,,,
201020920468,6,4,2,78,12,110.635,1,4,2,2010,18,44,1,0,0,1,5,1,0,0,2,8,0,1,4,,,
201020920469,5,4,2,78,12,55.318,2,4,5,2010,14,0,12,1,0,2,1,1,2,1,2,8,0,2,1,,,
201020920470,5,4,2,78,12,55.318,2,4,6,2010,9,25,12,6,0,2,1,1,2,1,1,8,0,2,1,,,
201020920472,5,4,2,78,12,55.318,1,4,1,2010,12,35,35,0,0,1,1,1,2,3,2,8,0,1,4,,,
201020920474,5,4,2,78,12,55.318,2,4,6,2010,11,40,12,6,0,2,1,1,2,2,2,8,0,2,1,,,
201020920477,5,4,1,78,12,55.318,1,4,7,2010,4,18,33,0,0,1,3,10,2,1,2,8,0,1,4,,,
201020920479,5,4,1,78,12,55.318,2,4,5,2010,4,56,12,6,0,2,3,1,2,2,2,8,0,3,1,,,
201020920480,1,4,1,78,12,55.318,2,4,5,2010,11,35,12,6,0,2,1,1,3,2,2,8,0,2,1,,,
201020920481,5,4,1,78,12,55.318,2,4,6,2010,9,12,12,6,0,4,1,1,2,3,2,8,0,1,1,,,
201020920482,6,4,1,78,12,110.635,3,4,6,2010,15,17,12,1,0,2,1,1,2,2,2,8,0,2,1,,,
201020920483,5,4,1,78,12,55.318,2,4,7,2010,8,1,12,6,0,4,1,1,1,1,2,8,0,1,1,,,
201020920486,4,4,1,78,12,276.589,2,4,2,2010,13,8,12,1,0,2,1,1,1,4,2,8,0,3,1,,,
201020920491,3,4,1,78,12,55.318,1,4,3,2010,8,35,22,0,0,2,1,1,2,1,2,8,0,2,1,,,
201020920492,4,4,1,78,12,276.589,2,4,3,2010,9,6,12,6,0,2,1,1,0,0,2,8,0,2,1,,,
201020920497,6,4,1,78,12,110.635,3,4,4,2010,8,33,12,1,0,2,1,1,0,0,2,8,0,3,1,,,
201020920498,4,4,1,78,12,276.589,2,4,4,2010,8,37,12,6,0,2,1,1,0,0,2,8,0,2,1,,,
201020920499,3,4,1,78,12,55.318,2,4,4,2010,11,13,1,0,0,1,1,1,2,1,2,8,0,1,1,,,
201020920501,5,4,1,78,12,55.318,2,4,4,2010,20,7,12,6,0,2,3,1,2,1,2,8,0,3,1,,,
201020920503,3,4,1,78,12,55.318,3,4,5,2010,14,23,12,1,0,4,1,10,3,2,2,8,0,1,1,,,
201020920509,6,4,1,78,12,110.635,2,4,6,2010,21,5,12,1,0,1,3,1,1,1,2,8,0,1,1,,,
201020920510,4,4,1,78,12,276.589,1,4,7,2010,2,0,25,0,0,1,3,1,0,0,1,8,0,1,3,,,
201020920520,1,4,3,78,12,55.318,1,4,5,2010,13,50,1,0,0,1,1,1,3,9,2,8,0,1,4,,,
201020920521,6,4,3,78,12,110.635,2,4,5,2010,19,43,12,1,1,2,2,1,0,0,2,8,0,8,1,,,
201020920522,3,4,3,78,12,55.318,1,4,6,2010,13,4,1,0,0,1,1,1,2,1,2,8,0,1,1,,,
201020920523,1,4,3,78,12,55.318,2,4,6,2010,17,38,12,7,0,1,1,1,3,2,2,8,0,1,1,,,
201020920524,5,4,3,78,12,55.318,1,4,7,2010,1,35,1,0,0,1,2,1,2,1,1,8,0,1,5,,,
201020920529,4,4,4,78,12,276.589,1,4,4,2010,6,24,1,0,0,1,1,1,0,0,2,8,0,1,1,,,
201020920542,5,4,2,78,12,55.318,3,4,2,2010,7,35,12,1,0,2,1,1,2,4,2,8,0,2,1,,,
201020920543,6,4,2,78,12,110.635,2,4,5,2010,23,45,12,2,0,2,3,10,0,0,2,8,0,2,1,,,
201020920544,5,4,2,78,12,55.318,2,4,7,2010,9,15,12,6,0,2,1,1,1,1,2,8,0,2,1,,,
201020920545,3,4,2,78,12,55.318,2,4,1,2010,19,30,12,6,0,2,5,1,0,0,2,8,0,2,1,,,
201020920547,5,4,2,78,12,55.318,2,4,6,2010,0,31,12,6,0,1,2,1,2,2,2,8,0,1,1,,,
201020920548,5,4,2,78,12,55.318,3,4,6,2010,23,19,12,6,0,4,3,1,2,3,2,8,0,1,1,,,
201020920551,3,4,1,78,12,55.318,1,4,1,2010,0,35,33,0,0,1,3,1,3,1,1,8,0,1,4,,,
201020920552,4,4,1,78,12,276.589,2,4,2,2010,8,38,12,6,0,2,1,1,0,0,2,8,0,2,1,,,
201020920555,3,4,1,78,12,55.318,1,4,3,2010,19,46,21,0,0,2,3,10,2,1,2,8,0,2,1,,,
201020920558,6,4,1,78,12,110.635,2,4,5,2010,12,16,12,6,0,2,1,10,0,0,2,8,0,2,1,,,
201020920560,6,4,1,78,12,110.635,2,4,1,2010,11,38,12,6,0,2,1,1,2,2,2,8,0,2,1,,,
201020920561,1,4,1,78,12,55.318,3,4,1,2010,13,21,55,6,0,2,1,1,3,3,2,8,1,2,5,,,
201020920565,4,4,1,78,12,276.589,2,4,2,2010,22,41,14,0,0,2,6,1,0,0,2,8,1,3,7,,,
201020920566,5,4,1,78,12,55.318,2,4,3,2010,12,15,12,6,0,2,1,1,2,1,2,8,0,3,1,,,
201020920571,4,4,1,78,12,276.589,2,4,4,2010,16,9,12,1,0,1,1,1,0,0,2,8,0,1,1,,,
201020920573,6,4,1,78,12,110.635,1,4,5,2010,23,26,33,0,0,2,3,1,0,0,2,8,0,2,4,,,
201020920578,4,4,1,78,12,276.589,2,4,6,2010,12,11,12,6,0,2,1,1,0,0,2,8,0,3,1,,,
201020920600,6,4,3,78,12,110.635,1,4,7,2010,19,23,1,0,0,1,5,1,0,0,2,8,0,1,3,,,
201020920602,3,4,4,78,12,55.318,1,3,4,2010,12,45,1,0,0,1,1,1,2,1,2,8,0,1,6,,,