CASENUM,STRATUM,REGION,PJ,PSU,PSUSTRAT,WEIGHT,VE_TOTAL,MONTH,WKDY_IM,YEAR,HOUR_IM,MINUTE_IM,EVENT1_IM,MANCOL_IM,RELJCT1_IM,RELJCT2_IM,LGTCON_IM,WEATHR_IM,MAXSEV_IM,NO_INJ_IM,ALCHL_IM,LAND_USE,PVH_INVL,TYP_INT,REL_ROAD,CF1,CF2,CF3
201020921471,4,4,1,78,12,276.589,3,7,3,2010,15,49,12,7,0,2,1,1,0,0,2,8,0,2,1,,,
201020921473,2,4,1,78,12,55.318,2,7,6,2010,12,5,12,7,0,2,1,1,0,0,2,8,0,2,1,,,
201020921476,6,4,1,78,12,110.635,2,7,6,2010,16,13,12,6,0,2,1,1,0,0,2,8,0,3,1,,,
201020921479,5,4,1,78,12,55.318,2,7,2,2010,12,5,12,6,0,2,1,1,2,2,2,8,0,2,1,,,
201020921480,4,4,1,78,12,276.589,2,7,2,2010,13,47,12,1,0,2,1,1,0,0,2,8,0,2,1,,,
201020921482,3,4,1,78,12,55.318,1,7,3,2010,12,52,22,0,0,2,1,1,2,1,2,8,0,2,1,,,
201020921493,4,4,3,78,12,276.589,2,7,3,2010,20,48,12,6,0,2,3,1,0,0,2,8,0,2,1,,,
201020921497,4,4,4,78,12,276.589,2,7,6,2010,13,48,54,11,0,1,1,1,0,0,2,8,0,1,1,,,
201020921500,1,4,4,78,12,55.318,1,6,5,2010,2,40,1,0,0,1,2,1,4,2,1,8,0,1,4,,,
201020921513,4,4,2,78,12,276.589,2,7,6,2010,13,28,12,6,0,2,1,1,0,0,2,8,0,2,1,,,
201020921514,6,4,2,78,12,110.635,2,7,6,2010,14,7,12,6,0,2,1,1,2,1,1,8,0,2,1,,,
201020921516,5,4,2,78,12,55.318,1,7,7,2010,20,6,1,0,0,1,2,1,2,1,1,8,0,1,1,,,
201020921517,5,4,2,78,12,55.318,1,7,1,2010,4,50,35,0,0,1,2,1,2,1,1,8,0,1,4,,,
201020921522,4,4,1,78,12,276.589,2,7,1,2010,12,48,12,1,0,1,1,1,0,0,1,8,0,1,1,,,
201020921527,4,4,1,78,12,276.589,2,7,5,2010,11,46,12,7,0,2,1,1,0,0,2,8,0,3,1,,,
201020921532,4,4,1,78,12,276.589,2,7,7,2010,9,33,12,1,0,2,1,10,0,0,2,8,0,2,1,,,
201020921534,5,4,1,78,12,55.318,2,8,2,2010,9,39,12,6,0,1,1,1,1,2,2,8,0,1,1,,,
201020921555,4,4,3,78,12,276.589,1,7,1,2010,11,48,74,0,0,1,1,1,0,0,2,8,0,1,3,,,
201020921558,5,4,4,78,12,55.318,1,7,2,2010,14,40,1,0,0,1,1,1,2,1,2,8,0,1,4,,,
201020921559,2,4,4,78,12,55.318,1,7,4,2010,21,51,17,0,0,1,2,1,0,0,2,8,0,1,3,,,
201020921560,6,4,4,78,12,110.635,1,7,7,2010,17,45,42,0,0,1,1,1,2,1,2,8,0,1,4,,,
201020921573,1,4,2,78,12,55.318,1,7,3,2010,21,53,38,0,0,1,3,1,3,2,1,8,0,1,10,,,
201020921574,5,4,2,78,12,55.318,2,7,4,2010,7,10,12,6,0,2,1,1,2,1,2,8,0,2,1,,,
201020921577,6,4,2,78,12,110.635,2,8,3,2010,21,3,12,6,0,2,2,1,0,0,2,8,0,2,1,,,
201020921579,6,4,2,78,12,110.635,2,8,2,2010,7,58,12,1,0,4,1,1,0,0,2,8,0,1,1,,,
201020921583,4,4,1,78,12,276.589,2,7,3,2010,21,1,12,6,0,2,1,1,0,0,2,8,0,2,1,,,
201020921588,4,4,1,78,12,276.589,2,7,7,2010,22,44,12,1,0,2,3,1,1,4,2,8,0,2,1,,,
201020921589,6,4,1,78,12,110.635,1,7,7,2010,22,51,30,0,0,2,3,1,0,0,2,8,0,2,4,,,
201020921597,6,4,1,78,12,110.635,2,8,3,2010,8,6,12,6,0,4,1,1,0,0,2,8,0,1,1,,,
201020921598,4,4,1,78,12,276.589,2,8,3,2010,9,38,12,1,0,2,1,1,0,0,2,8,0,2,1,,,
201020921599,5,4,1,78,12,55.318,2,8,3,2010,11,5,12,6,0,2,1,1,1,1,2,8,0,2,1,,,
201020921604,4,4,1,78,12,276.589,2,8,4,2010,15,40,12,6,0,2,1,1,0,0,2,8,0,3,1,,,
201020921606,2,4,1,78,12,55.318,2,8,5,2010,7,21,12,6,0,2,1,1,0,0,2,8,0,2,1,,,
201020921607,6,4,1,78,12,110.635,2,8,5,2010,10,58,12,6,0,2,1,1,1,1,2,8,0,2,1,,,
201020921612,5,4,1,78,12,55.318,2,8,1,2010,8,46,12,6,0,2,1,1,2,5,2,8,0,2,1,,,
201020921614,4,4,1,78,12,276.589,2,8,2,2010,12,31,12,6,0,2,1,1,0,0,2,8,0,2,1,,,
201020921616,5,4,1,78,12,55.318,2,8,3,2010,6,59,12,6,0,2,1,1,2,1,2,8,0,3,1,,,
201020921617,6,4,1,78,12,110.635,2,8,3,2010,9,34,14,0,0,1,1,1,2,1,2,8,1,1,7,,,
201020921633,2,4,3,78,12,55.318,2,8,4,2010,11,13,12,1,0,2,1,1,2,1,2,8,0,8,1,,,
201020921634,1,4,3,78,12,55.318,1,8,3,2010,4,20,1,0,0,1,2,1,3,1,1,8,0,1,3,,,
201020921637,4,4,4,78,12,276.589,2,7,3,2010,6,35,14,0,0,1,4,1,0,0,2,8,1,1,2,,,
201020921639,6,4,4,78,12,110.635,1,7,5,2010,15,34,41,0,0,1,1,2,0,0,2,8,0,1,4,,,
201020921641,1,4,4,78,12,55.318,1,7,7,2010,6,32,1,0,0,1,1,10,3,5,2,8,0,1,1,,,
201020921653,4,4,2,78,12,276.589,2,8,2,2010,18,41,12,2,0,2,5,1,0,0,2,8,0,2,1,,,
201020921658,6,4,2,78,12,110.635,2,8,3,2010,7,20,12,1,0,2,1,10,0,0,2,8,0,2,1,,,
201020921663,1,4,1,78,12,55.318,2,8,3,2010,11,25,12,1,0,2,1,1,3,2,2,8,0,2,1,,,
201020921664,4,4,1,78,12,276.589,2,8,3,2010,11,25,12,8,0,2,1,1,0,0,2,8,0,2,1,,,
201020921665,6,4,1,78,12,110.635,1,8,4,2010,7,25,1,0,0,1,1,1,0,0,2,8,0,1,4,,,
201020921667,6,4,1,78,12,110.635,2,8,4,2010,16,2,12,6,0,2,1,1,0,0,2,8,0,2,1,,,
201020921670,3,4,1,78,12,55.318,2,8,5,2010,11,7,12,1,0,1,1,1,2,1,2,8,0,1,1,,,
201020921671,6,4,1,78,12,110.635,2,8,5,2010,12,12,12,6,0,2,1,1,0,0,2,8,0,2,1,,,
201020921675,4,4,1,78,12,276.589,2,8,2,2010,8,51,12,1,0,1,1,1,0,0,2,8,0,1,1,,,
201020921695,6,4,3,78,12,110.635,2,8,5,2010,5,48,12,1,0,1,1,1,1,2,2,8,0,1,1,,,
201020921697,2,4,4,78,12,55.318,1,8,4,2010,3,55,34,0,0,1,2,1,0,0,2,8,0,1,3,,,
201020921717,3,4,1,78,12,55.318,1,7,2,2010,16,22,22,0,0,2,1,1,2,2,2,8,0,3,1,,,
201020921721,6,4,1,78,12,110.635,2,8,3,2010,12,10,12,1,0,1,1,1,1,3,2,8,0,1,1,,,
201020921722,3,4,1,78,12,55.318,2,8,1,2010,19,35,12,6,0,2,5,1,2,2,2,8,0,2,1,,,
201020921724,3,4,1,78,12,55.318,1,8,4,2010,11,44,1,0,0,1,1,1,3,1,2,8,0,1,1,,,
201020921725,4,4,1,78,12,276.589,2,8,5,2010,21,2,12,1,0,2,3,1,0,0,2,8,0,2,1,,,
201020921728,3,4,1,78,12,55.318,1,8,6,2010,12,25,1,0,0,1,1,1,2,1,2,8,0,1,1,,,
201020921731,5,4,1,78,12,55.318,2,8,7,2010,14,47,12,6,0,2,1,1,2,5,1,8,0,2,1,,,
201020921732,4,4,1,78,12,276.589,2,8,7,2010,17,43,12,1,0,2,1,1,0,0,2,8,0,2,1,,,
201020921734,6,4,1,78,12,110.635,2,8,1,2010,12,55,12,1,0,2,1,1,0,0,2,8,0,2,1,,,
201020921740,4,4,1,78,12,276.589,1,8,2,2010,23,43,53,0,0,1,3,1,0,0,2,8,0,1,4,,,
201020921745,3,4,1,78,12,55.318,1,8,5,2010,9,48,21,0,0,2,1,1,2,1,2,8,0,2,1,,,
201020921746,6,4,1,78,12,110.635,2,8,5,2010,10,7,12,1,0,4,1,1,0,0,2,8,0,1,1,,,
201020921747,4,4,1,78,12,276.589,2,8,5,2010,13,44,12,1,0,2,1,1,0,0,2,8,0,2,1,,,
201020921751,6,4,1,78,12,110.635,2,8,6,2010,15,30,12,6,0,4,1,1,0,0,2,8,0,1,1,,,
201020921755,4,4,1,78,12,276.589,2,8,7,2010,9,32,12,1,0,2,1,1,0,0,2,8,0,2,1,,,
201020921773,2,4,3,78,12,55.318,2,8,5,2010,1,13,12,1,0,1,2,1,0,0,2,8,0,1,1,,,
201020921778,1,4,4,78,12,55.318,1,8,5,2010,17,43,1,0,0,1,1,1,3,2,2,8,0,1,4,,,
201020921793,4,4,2,78,12,276.589,1,8,4,2010,7,47,18,0,0,1,1,1,0,0,2,8,0,1,4,,,
201020921794,6,4,2,78,12,110.635,2,8,3,2010,7,30,54,11,0,1,1,1,3,1,2,8,0,1,1,,,
201020921796,6,4,2,78,12,110.635,2,8,5,2010,12,51,12,6,0,2,1,1,0,0,2,8,0,2,1,,,
201020921801,5,4,1,78,12,55.318,1,8,7,2010,22,19,33,0,0,1,3,1,2,1,1,8,0,1,4,,,
201020921802,6,4,1,78,12,110.635,1,8,7,2010,18,10,59,0,0,2,1,1,0,0,2,8,0,3,4,,,
201020921807,4,4,1,78,12,276.589,2,8,1,2010,11,43,12,1,0,1,1,1,3,1,1,8,0,1,1,,,
201020921808,5,4,1,78,12,55.318,2,8,1,2010,13,5,12,6,0,2,1,1,1,1,2,8,0,2,1,,,
201020921813,3,4,1,78,12,55.318,3,8,3,2010,12,38,12,1,0,2,1,1,2,3,2,8,0,3,1,,,
201020921814,6,4,1,78,12,110.635,2,8,3,2010,17,22,12,1,0,4,1,1,1,1,2,8,0,1,1,,,
201020921815,4,4,1,78,12,276.589,2,8,3,2010,17,32,12,1,0,2,1,1,0,0,1,8,0,2,1,,,
201020921820,6,4,1,78,12,110.635,2,8,4,2010,16,35,12,6,0,2,1,1,0,0,2,8,0,2,1,,,
201020921822,4,4,1,78,12,276.589,1,8,5,2010,7,5,40,0,0,1,1,1,0,0,2,8,0,1,4,,,
201020921826,6,4,1,78,12,110.635,2,8,6,2010,10,47,12,1,0,1,1,1,0,0,2,8,0,1,1,,,
201020921830,4,4,1,78,12,276.589,2,8,7,2010,10,52,12,7,0,2,1,1,0,0,2,8,0,2,1,,,
201020921832,6,4,1,78,12,110.635,2,8,2,2010,7,45,12,1,0,2,1,1,0,0,2,8,0,2,1,,,
201020921853,2,4,3,78,12,55.318,1,8,5,2010,10,5,1,0,0,1,1,1,0,0,2,8,0,1,4,,,
201020921854,5,4,3,78,12,55.318,2,8,7,2010,13,32,12,6,0,2,1,1,2,3,2,8,0,2,1,,,
201020921857,4,4,4,78,12,276.589,1,8,5,2010,20,54,18,0,0,1,6,1,2,1,2,8,0,1,3,,,
201020921858,1,4,4,78,12,55.318,1,8,6,2010,7,18,1,0,0,1,1,10,4,3,2,8,0,1,4,,,
201020921859,6,4,4,78,12,110.635,1,8,3,2010,19,1,25,0,0,1,5,1,0,0,2,8,0,1,4,,,
201020921865,4,4,5,78,12,265.525,2,8,4,2010,13,27,12,7,0,1,1,1,0,0,2,8,0,1,1,,,
201020921874,4,4,2,78,12,276.589,1,8,5,2010,21,55,18,0,0,1,2,10,0,0,2,8,0,1,1,,,
201020921878,6,4,2,78,12,110.635,1,8,3,2010,22,34,1,0,0,1,2,1,0,0,2,8,0,1,4,,,
201020921884,5,4,1,78,12,55.318,2,8,4,2010,22,50,12,1,1,2,3,1,3,1,1,8,0,2,1,,,
201020921887,4,4,1,78,12,276.589,2,8,6,2010,16,20,12,7,0,1,1,1,0,0,2,8,0,1,1,,,
201020921888,5,4,1,78,12,55.318,3,8,6,2010,17,37,12,6,0,2,1,1,3,3,2,8,1,2,1,,,
201020921894,4,4,1,78,12,276.589,2,8,1,2010,15,9,12,6,0,4,1,1,0,0,2,8,0,1,1,,,
201020921897,5,4,1,78,12,55.318,3,8,2,2010,17,32,12,6,0,2,1,1,3,3,1,8,0,3,1,,,
201020921900,5,4,1,78,12,55.318,2,8,3,2010,8,49,12,6,0,2,1,1,1,3,2,8,0,2,1,,,
201020921901,6,4,1,78,12,110.635,2,8,3,2010,11,54,12,6,0,2,1,1,0,0,2,8,0,2,1,,,
201020921902,4,4,1,78,12,276.589,2,8,3,2010,12,49,12,1,0,2,1,1,0,0,2,8,0,2,1,,,
201020921907,6,4,1,78,12,110.635,4,8,3,2010,23,46,14,0,0,1,2,1,1,1,2,8,3,1,7,,,
201020921909,5,4,1,78,12,55.318,3,9,4,2010,17,12,12,1,0,1,1,1,1,1,2,8,0,1,1,,,
201020921911,4,4,1,78,12,276.589,2,9,5,2010,7,50,12,1,0,2,1,1,0,0,2,8,0,2,1,,,
201020921917,6,4,1,78,12,110.635,2,9,6,2010,7,28,12,1,0,1,1,1,0,0,2,8,0,1,1,,,
201020921918,4,4,1,78,12,276.589,2,9,6,2010,9,39,12,7,0,1,1,1,0,0,2,8,0,1,1,,,
201020921924,5,4,1,78,12,55.318,2,9,7,2010,15,14,12,1,0,2,1,1,1,1,2,8,0,2,1,,,
201020921925,4,4,1,78,12,276.589,2,9,7,2010,18,5,14,0,0,1,1,1,0,0,1,8,1,1,7,,,
201020921933,5,4,3,78,12,55.318,1,8,2,2010,23,23,1,0,0,1,2,1,2,2,2,8,0,1,4,,,
201020921935,6,4,3,78,12,110.635,1,8,5,2010,15,53,1,0,0,1,1,6,1,1,2,8,0,1,3,,,
201020921937,5,4,3,78,12,55.318,1,9,4,2010,22,55,41,0,0,1,2,1,2,1,2,8,0,1,4,,,
201020921938,4,4,3,78,12,276.589,1,9,4,2010,23,9,24,0,0,1,2,1,0,0,2,8,0,1,1,,,
201020921940,4,4,4,78,12,276.589,1,8,7,2010,18,57,2,0,0,1,1,1,0,0,2,8,0,1,1,,,
201020921944,5,4,4,78,12,55.318,2,8,4,2010,8,9,12,1,1,18,1,1,3,2,2,8,0,1,1,,,
201020921945,2,4,4,78,12,55.318,2,9,6,2010,3,40,12,1,0,1,2,1,2,1,2,8,0,1,1,,,
201020921946,2,4,4,78,12,55.318,1,8,1,2010,17,46,42,0,0,1,1,1,0,0,2,8,0,1,4,,,
201020921953,3,4,2,78,12,55.318,1,8,5,2010,20,15,18,0,0,1,2,7,2,1,2,8,0,1,1,,,
201020921955,5,4,2,78,12,55.318,1,9,5,2010,1,23,75,0,0,1,2,1,1,1,1,8,0,1,4,,,
201020921956,6,4,2,78,12,110.635,1,9,1,2010,2,10,1,0,0,1,3,1,0,0,1,8,0,1,1,,,
201020921958,5,4,2,78,12,55.318,1,9,5,2010,16,15,59,0,0,4,1,1,2,1,2,8,0,1,4,,,
201020921959,5,4,2,78,12,55.318,1,9,6,2010,2,8,34,0,0,2,2,1,2,1,1,8,0,3,5,,,
201020921964,3,4,1,78,12,55.318,2,8,5,2010,20,13,12,1,0,2,3,2,2,1,2,8,0,3,1,,,
201020921965,4,4,1,78,12,276.589,3,8,5,2010,18,30,12,1,0,2,3,2,0,0,2,8,0,2,1,,,
201020921966,6,4,1,78,12,110.635,1,8,1,2010,2,12,33,0,0,1,3,1,0,0,1,8,0,1,4,,,
201020921971,4,4,1,78,12,276.589,2,9,5,2010,18,38,12,7,0,2,5,1,0,0,2,8,0,2,1,,,
201020921975,3,4,1,78,12,55.318,1,9,2,2010,14,24,13,0,0,1,1,1,3,1,2,8,0,1,1,,,
201020921977,5,4,1,78,12,55.318,2,9,3,2010,12,33,12,6,0,2,1,1,2,2,2,8,0,2,1,,,
201020921978,4,4,1,78,12,276.589,2,9,3,2010,12,37,12,6,0,2,1,1,0,0,2,8,0,2,1,,,
201020921980,1,4,1,78,12,55.318,1,9,3,2010,15,33,38,0,0,1,1,1,3,1,1,8,0,1,5,,,
201020921983,5,4,1,78,12,55.318,4,9,3,2010,19,1,12,6,0,2,5,1,2,3,2,8,0,2,1,,,
201020921986,4,4,1,78,12,276.589,2,9,4,2010,18,47,12,1,0,2,5,1,0,0,2,8,0,2,1,,,
201020921993,4,4,1,78,12,276.589,3,9,5,2010,17,22,12,1,0,2,1,1,0,0,2,8,0,2,1,,,
201020921994,6,4,1,78,12,110.635,3,9,5,2010,17,59,12,1,0,1,1,1,1,2,2,8,0,1,1,,,
201020921996,3,4,1,78,12,55.318,1,9,5,2010,22,48,21,0,0,1,3,1,3,1,1,8,0,1,1,,,
201020922000,6,4,1,78,12,110.635,2,9,6,2010,15,29,12,6,0,2,1,1,1,2,2,8,0,3,1,,,
201020922001,5,4,1,78,12,55.318,2,9,6,2010,18,12,14,0,0,1,1,1,1,1,2,8,1,1,7,,,
201020922003,4,4,1,78,12,276.589,1,9,7,2010,9,10,30,0,0,1,3,1,0,0,2,8,0,1,4,,,
201020922007,3,4,1,78,12,55.318,2,9,1,2010,13,2,12,7,0,2,1,1,3,1,2,8,0,2,1,,,
201020922009,4,4,1,78,12,276.589,2,9,1,2010,17,27,12,1,0,2,1,1,0,0,2,8,0,8,1,,,
201020922014,4,4,1,78,12,276.589,3,9,3,2010,16,53,12,1,0,2,1,1,0,0,2,8,0,2,1,,,
201020922016,5,4,1,78,12,55.318,2,9,3,2010,17,57,12,6,0,2,1,1,1,2,2,8,0,2,1,,,
201020922033,6,4,3,78,12,110.635,2,9,4,2010,20,10,12,1,0,1,2,1,0,0,2,8,0,1,1,,,
201020922037,2,4,4,78,12,55.318,2,9,7,2010,14,40,12,1,0,1,1,1,0,0,2,8,0,1,1,,,
201020922042,4,4,4,78,12,276.589,1,9,7,2010,13,11,41,0,0,1,1,1,0,0,2,8,0,1,3,,,
201020922053,6,4,2,78,12,110.635,1,9,1,2010,16,14,30,0,0,1,1,1,0,0,2,8,0,1,4,,,
201020922054,4,4,2,78,12,276.589,2,9,3,2010,13,27,12,7,0,1,1,1,0,0,2,8,0,1,1,,,
201020922073,6,4,2,78,12,110.635,1,9,7,2010,4,40,58,0,0,1,2,1,2,1,2,8,0,1,5,,,
201020922094,6,4,2,78,12,110.635,1,9,1,2010,2,25,34,0,0,1,2,1,0,0,1,8,0,1,4,,,
201020922114,5,4,1,78,12,55.318,2,9,7,2010,21,59,12,6,0,2,3,1,1,2,2,8,0,2,1,,,
201020922115,5,4,1,78,12,55.318,2,9,1,2010,13,1,12,6,0,2,1,1,1,1,2,8,0,2,1,,,
201020922116,6,4,1,78,12,110.635,1,9,2,2010,17,42,30,0,0,4,1,1,2,1,2,8,0,1,4,,,
201020922118,6,4,1,78,12,110.635,2,9,2,2010,22,43,12,1,1,5,2,1,2,2,2,8,0,1,1,,,
201020922120,4,4,1,78,12,276.589,3,9,3,2010,18,31,12,1,0,2,1,1,0,0,2,8,0,3,1,,,
201020922122,6,4,1,78,12,110.635,2,9,4,2010,15,58,12,1,0,4,1,1,1,1,2,8,0,1,1,,,
201020922125,6,4,1,78,12,110.635,2,9,5,2010,17,55,12,1,0,1,1,1,0,0,2,8,0,1,1,,,
201020922130,4,4,1,78,12,276.589,2,9,6,2010,22,48,12,7,0,2,2,1,0,0,2,8,0,6,1,,,
201020922132,3,4,1,78,12,55.318,1,9,1,2010,17,46,1,0,0,4,1,1,2,1,2,8,0,1,1,,,
201020922134,6,4,1,78,12,110.635,2,9,2,2010,17,5,12,6,0,2,1,1,0,0,2,8,0,3,1,,,
201020922137,4,4,1,78,12,276.589,2,9,3,2010,20,35,12,6,0,2,3,1,0,0,2,8,0,2,1,,,
201020922154,6,4,3,78,12,110.635,1,9,5,2010,5,45,18,0,0,1,4,1,0,0,2,8,0,1,1,,,
201020922158,2,4,4,78,12,55.318,2,8,5,2010,0,28,12,6,0,2,2,1,0,0,2,8,0,2,1,,,
201020922161,2,4,4,78,12,55.318,1,9,6,2010,3,14,1,0,0,1,2,1,0,0,2,8,0,1,3,,,
201020922162,2,4,4,78,12,55.318,2,9,4,2010,19,0,12,1,0,1,1,1,3,2,2,8,0,1,1,,,
201020922163,6,4,4,78,12,110.635,1,9,1,2010,21,4,24,0,0,1,2,1,0,0,2,8,0,1,1,,,
201020922165,6,4,5,78,12,132.762,1,9,5,2010,16,33,35,0,0,1,1,1,0,0,1,8,0,1,4,,,
201020922173,3,4,2,78,12,55.318,2,9,7,2010,16,40,12,6,0,2,1,1,2,1,2,8,0,2,1,,,
201020922174,3,4,2,78,12,55.318,2,9,2,2010,5,20,12,6,0,2,4,1,2,1,2,8,0,3,1,,,
201020922179,6,4,2,78,12,110.635,2,9,6,2010,7,50,12,1,0,1,1,1,1,1,2,8,0,1,1,,,
201020922193,4,4,2,78,12,276.589,2,9,3,2010,13,10,12,1,0,1,1,10,0,0,2,8,0,1,1,,,
201020922199,6,4,1,78,12,110.635,1,9,7,2010,19,50,38,0,0,1,6,1,0,0,2,8,0,1,5,,,
201020922201,4,4,1,78,12,276.589,1,9,1,2010,14,35,38,0,0,1,1,1,0,0,2,8,0,1,5,,,
201020922202,5,4,1,78,12,55.318,3,9,2,2010,8,40,12,1,0,1,1,1,1,2,2,8,0,1,1,,,
201020922205,3,4,1,78,12,55.318,2,9,2,2010,21,45,12,6,0,2,3,1,2,1,2,8,0,2,1,,,
201020922206,5,4,1,78,12,55.318,3,9,3,2010,7,54,12,1,0,2,1,1,2,2,2,8,0,2,1,,,
201020922207,3,4,1,78,12,55.318,1,9,3,2010,8,14,22,0,0,4,1,10,2,1,2,8,0,1,1,,,
201020922211,4,4,1,78,12,276.589,2,9,4,2010,15,10,12,6,0,2,1,1,0,0,2,8,0,2,1,,,
201020922212,5,4,1,78,12,55.318,2,9,4,2010,17,37,12,6,0,2,1,1,1,2,2,8,0,2,1,,,
201020922213,5,4,1,78,12,55.318,5,9,5,2010,13,16,39,0,0,1,1,1,1,1,2,8,4,1,5,,,
201020922214,5,4,1,78,12,55.318,3,9,5,2010,14,41,12,6,0,2,1,1,2,3,2,8,0,2,1,,,
201020922217,6,4,1,78,12,110.635,2,9,5,2010,17,34,12,6,0,2,1,1,1,1,2,8,0,2,1,,,
201020922218,3,4,1,78,12,55.318,1,9,6,2010,7,16,22,0,0,2,1,1,2,1,2,8,0,2,1,,,
201020922222,6,4,1,78,12,110.635,1,9,6,2010,20,24,33,0,0,2,3,1,1,1,1,8,0,3,4,,,
201020922223,1,4,1,78,12,55.318,2,9,6,2010,22,49,12,2,0,2,3,1,3,8,2,8,0,3,1,,,
201020922224,3,4,1,78,12,55.318,1,9,7,2010,20,6,1,0,0,1,2,1,2,1,1,8,0,1,1,,,
201020922225,4,4,1,78,12,276.589,2,9,7,2010,20,31,12,6,0,2,3,1,1,2,2,8,0,2,1,,,
201020922233,1,4,4,78,12,55.318,1,8,2,2010,6,15,74,0,0,1,4,1,3,5,2,8,0,1,4,,,
201020922234,2,4,4,78,12,55.318,1,8,3,2010,14,20,38,0,1,5,1,1,0,0,2,8,0,1,5,,,
201020922236,2,4,4,78,12,55.318,2,9,2,2010,14,30,12,1,0,1,1,1,2,2,2,8,0,1,1,,,
201020922237,4,4,4,78,12,276.589,2,9,2,2010,20,43,12,7,1,5,2,1,0,0,2,8,0,1,1,,,
201020922238,2,4,4,78,12,55.318,2,9,6,2010,13,43,12,1,0,1,1,1,2,2,1,8,0,1,1,,,
201020922254,5,4,2,78,12,55.318,2,9,7,2010,2,24,12,2,0,1,2,1,1,1,1,8,0,1,1,,,
201020922256,1,4,2,78,12,55.318,2,9,3,2010,13,40,12,6,0,2,1,1,3,4,2,8,0,2,1,,,
201020922259,4,4,2,78,12,276.589,2,9,5,2010,13,40,12,1,0,2,1,1,0,0,2,8,0,2,1,,,
201020922263,3,4,1,78,12,55.318,1,9,7,2010,6,58,22,0,0,2,1,1,2,1,2,8,0,2,1,,,
201020922265,4,4,1,78,12,276.589,1,9,6,2010,5,8,39,0,0,1,3,1,0,0,2,8,0,1,5,,,
201020922266,6,4,1,78,12,110.635,1,9,1,2010,23,43,33,0,0,2,3,1,0,0,1,8,0,3,4,,,
201020922269,5,4,1,78,12,55.318,3,9,5,2010,12,11,12,7,0,2,1,1,1,5,2,8,0,8,1,,,
201020922272,4,4,1,78,12,276.589,2,10,6,2010,12,4,12,1,0,2,1,1,0,0,2,8,0,2,1,,,
201020922294,6,4,4,78,12,110.635,1,9,3,2010,16,39,1,0,0,1,1,1,0,0,2,8,0,1,4,,,
201020922295,5,4,4,78,12,55.318,1,9,1,2010,17,15,1,0,0,1,1,1,2,2,2,8,0,1,4,,,
201020922316,5,4,2,78,12,55.318,1,10,2,2010,21,14,30,0,0,1,2,1,2,1,2,8,0,1,4,,,
201020922335,1,4,1,78,12,55.318,1,9,7,2010,13,15,42,0,0,1,1,1,3,1,2,8,0,1,6,,,
201020922336,5,4,1,78,12,55.318,2,9,1,2010,14,53,12,6,0,2,1,1,1,2,2,8,0,2,1,,,
201020922338,4,4,1,78,12,276.589,2,9,3,2010,12,28,12,6,0,2,1,1,0,0,2,8,0,2,1,,,
201020922339,3,4,1,78,12,55.318,1,9,3,2010,7,47,22,0,0,2,1,1,2,1,2,8,0,2,1,,,
201020922345,3,4,1,78,12,55.318,2,9,5,2010,12,8,12,6,0,2,1,10,2,3,2,8,0,3,1,,,
201020922347,4,4,1,78,12,276.589,2,9,5,2010,14,47,12,1,0,1,1,10,1,2,2,8,0,1,1,,,
201020922352,3,4,1,78,12,55.318,1,10,7,2010,10,10,22,0,0,2,1,10,2,1,2,8,0,2,1,,,
201020922353,5,4,1,78,12,55.318,2,10,7,2010,13,40,12,6,0,2,1,1,1,1,2,8,0,3,1,,,
201020922354,4,4,1,78,12,276.589,3,10,7,2010,15,29,12,1,0,2,1,1,1,1,2,8,0,3,1,,,
201020922355,5,4,1,78,12,55.318,2,10,1,2010,16,33,12,6,0,2,1,1,2,2,2,8,0,2,1,,,
201020922357,6,4,1,78,12,110.635,2,10,2,2010,12,26,12,6,0,2,1,1,0,0,2,8,0,2,1,,,
201020922361,5,4,1,78,12,55.318,1,10,3,2010,10,3,39,0,0,4,1,1,2,1,2,8,0,1,5,,,
201020922362,4,4,1,78,12,276.589,2,10,3,2010,15,43,12,1,0,1,1,1,1,1,2,8,0,1,1,,,
201020922367,4,4,1,78,12,276.589,2,10,5,2010,11,17,12,1,0,2,1,1,1,1,2,8,0,2,1,,,
201020922371,6,4,1,78,12,110.635,2,10,7,2010,12,44,12,6,0,2,1,1,0,0,2,8,0,2,1,,,
201020922375,6,4,1,78,12,110.635,2,10,3,2010,12,8,12,6,0,2,1,1,1,1,2,8,0,3,1,,,
201020922376,4,4,1,78,12,276.589,2,10,3,2010,13,30,12,1,0,1,1,1,1,1,2,8,0,1,1,,,
201020922393,2,4,3,78,12,55.318,2,10,6,2010,16,0,12,6,0,1,1,1,3,1,1,8,0,1,1,,,
201020922396,6,4,4,78,12,110.635,1,9,5,2010,21,29,24,0,0,1,2,1,0,0,2,8,0,1,1,,,
201020922397,2,4,4,78,12,55.318,2,10,6,2010,4,29,12,1,0,1,2,1,0,0,2,8,0,1,1,,,
201020922398,5,4,4,78,12,55.318,1,10,5,2010,12,48,41,0,0,1,1,1,2,2,2,8,0,1,3,,,