CASENUM,STRATUM,REGION,PJ,PSU,PSUSTRAT,WEIGHT,VE_TOTAL,MONTH,WKDY_IM,YEAR,HOUR_IM,MINUTE_IM,EVENT1_IM,MANCOL_IM,RELJCT1_IM,RELJCT2_IM,LGTCON_IM,WEATHR_IM,MAXSEV_IM,NO_INJ_IM,ALCHL_IM,LAND_USE,PVH_INVL,TYP_INT,REL_ROAD,CF1,CF2,CF3
201022090150,1,4,7,81,11,5.187,2,1,4,2010,16,33,12,6,0,2,5,1,3,2,2,2,0,3,1,,,
201022090159,4,4,7,81,11,295.667,1,1,7,2010,11,25,30,0,0,1,1,1,0,0,2,2,0,1,4,,,
201022090172,1,4,1,81,11,4.808,2,1,5,2010,11,42,12,6,0,2,1,2,3,3,2,3,0,8,1,,,
201022090189,5,4,1,81,11,57.691,1,1,4,2010,20,0,31,0,0,1,3,1,2,1,1,3,0,1,4,,,
201022090200,4,4,1,81,11,293.264,2,1,5,2010,8,0,14,0,0,1,2,2,0,0,2,3,1,1,7,,,
201022090219,3,4,1,81,11,19.23,2,1,7,2010,11,48,12,7,0,1,1,1,2,1,2,3,0,1,1,,,
201022090228,6,4,1,81,11,129.805,2,1,6,2010,11,38,12,6,0,2,1,2,1,1,2,3,0,2,1,,,
201022090270,2,4,3,81,11,2.404,2,1,3,2010,12,44,12,7,0,1,1,1,0,0,2,2,0,1,1,,,
201022090322,4,4,4,81,11,295.667,2,1,1,2010,20,2,12,2,0,2,3,2,0,0,2,3,0,2,1,,,
201022090324,2,4,4,81,11,2.404,2,1,6,2010,13,46,12,6,0,2,1,1,0,0,2,3,0,2,1,,,
201022090332,3,4,5,81,11,16.827,1,1,4,2010,19,11,21,0,0,2,3,2,2,2,1,2,0,2,1,,,
201022090340,4,4,5,81,11,295.667,1,1,2,2010,22,0,74,0,0,1,3,10,0,0,2,2,0,1,4,,,
201022090406,2,4,1,81,11,4.808,2,1,4,2010,21,8,12,6,0,2,3,2,3,2,2,3,0,2,1,,,
201022090466,3,4,11,81,11,21.314,1,1,6,2010,15,19,15,0,0,1,1,1,2,1,2,1,0,1,1,,,
201022090495,6,4,7,81,11,129.678,2,1,4,2010,14,34,12,6,0,2,1,1,0,0,2,2,0,2,1,,,
201022090509,6,4,3,81,11,129.805,3,2,4,2010,18,31,12,1,0,2,1,2,1,1,1,2,0,2,1,,,
201022090538,1,4,1,81,11,4.808,1,1,3,2010,15,24,35,0,0,1,1,1,4,1,2,3,0,1,5,,,
201022090581,6,4,1,81,11,129.805,2,2,4,2010,6,50,12,6,0,2,3,1,0,0,2,3,0,3,1,,,
201022090600,4,4,1,81,11,293.264,2,2,4,2010,0,15,14,0,0,2,3,1,0,0,2,3,1,3,6,,,
201022090606,6,4,2,81,11,129.805,2,1,6,2010,16,30,12,1,0,1,1,10,0,0,2,3,0,1,1,,,
201022090697,3,4,7,81,11,15.561,1,2,2,2010,14,20,21,0,0,4,1,1,2,1,2,2,0,1,1,,,
201022090720,6,4,5,81,11,129.805,3,2,3,2010,11,48,12,6,0,2,1,10,0,0,2,2,0,3,1,,,
201022090732,2,4,5,81,11,2.404,2,2,6,2010,5,55,12,6,1,2,3,10,0,0,2,2,0,2,1,,,
201022090795,6,4,10,81,11,132.209,2,2,6,2010,14,35,12,1,0,1,1,2,0,0,2,1,0,1,1,,,
201022090803,2,4,2,81,11,4.808,1,2,4,2010,11,26,1,0,0,2,1,1,0,0,2,3,0,8,4,,,
201022090811,2,4,1,81,11,4.808,2,2,2,2010,13,10,12,6,0,2,1,1,0,0,2,3,0,2,1,,,
201022090837,1,4,3,81,11,2.404,2,2,7,2010,13,20,12,6,0,2,1,2,3,3,2,2,0,3,1,,,
201022090858,2,4,3,81,11,2.404,2,2,3,2010,15,8,12,6,0,2,1,1,1,3,2,2,0,3,1,,,
201022090903,6,4,7,81,11,129.678,2,2,4,2010,14,34,12,1,0,2,1,2,0,0,2,2,0,3,1,,,
201022090997,4,4,3,81,11,295.667,2,2,7,2010,13,24,12,1,0,2,1,1,1,1,2,2,0,8,1,,,
201022091015,2,4,7,81,11,5.187,2,2,4,2010,14,49,12,1,0,2,1,2,2,1,2,2,0,2,1,,,
201022091077,3,4,1,81,11,19.23,1,2,7,2010,13,55,1,0,0,1,1,1,2,1,2,3,0,1,1,,,
201022091088,5,4,1,81,11,57.691,2,2,7,2010,21,45,12,2,0,2,3,2,2,2,2,3,0,2,1,,,
201022091090,1,4,1,81,11,4.808,4,2,2,2010,19,46,12,1,0,2,3,10,3,4,2,3,0,4,1,,,
201022091096,6,4,1,81,11,129.805,3,2,6,2010,2,20,14,0,0,1,3,1,1,1,2,3,2,1,7,,,
201022091146,3,4,2,81,11,19.23,2,2,5,2010,18,23,12,1,0,2,3,1,2,1,2,3,0,2,1,,,
201022091157,5,4,2,81,11,57.691,2,2,6,2010,19,4,12,6,0,2,3,1,1,2,2,3,0,3,1,,,
201022091159,1,4,2,81,11,4.808,1,2,1,2010,23,7,77,0,0,1,3,10,3,1,1,3,0,1,4,,,
201022091169,6,4,2,81,11,129.805,2,2,7,2010,9,43,12,1,0,1,1,1,1,1,2,3,0,1,1,,,
201022091180,4,4,10,81,11,300.475,2,2,6,2010,7,29,12,1,0,1,1,2,0,0,2,1,0,1,1,,,
201022091182,2,4,2,81,11,4.808,3,2,6,2010,5,52,12,1,0,1,3,2,2,2,2,3,0,1,1,,,
201022091202,1,4,3,81,11,2.404,2,2,7,2010,18,3,12,6,0,4,5,2,3,2,2,2,0,1,1,,,
201022091242,6,4,3,81,11,129.805,1,3,4,2010,0,50,31,0,0,1,3,1,0,0,1,2,0,1,5,,,
201022091272,4,4,7,81,11,295.667,2,2,3,2010,17,34,12,6,0,4,3,2,0,0,2,2,0,1,1,,,
201022091300,1,4,2,81,11,4.808,3,2,1,2010,1,47,14,0,0,1,3,1,3,2,1,3,2,1,7,,,
201022091302,2,4,2,81,11,4.808,2,2,6,2010,7,51,12,1,0,1,1,2,0,0,2,3,0,1,1,,,
201022091312,2,4,2,81,11,4.808,2,2,6,2010,19,54,12,7,0,1,2,10,0,0,2,3,0,1,1,,,
201022091315,2,4,2,81,11,4.808,2,2,4,2010,15,5,12,1,0,1,1,1,0,0,2,3,0,1,1,,,
201022091351,4,4,1,81,11,293.264,2,2,3,2010,9,32,12,6,0,2,1,1,0,0,2,3,0,2,1,,,
201022091456,6,4,11,81,11,127.882,2,2,3,2010,15,7,12,6,0,2,1,2,1,2,2,1,0,2,1,,,
201022091521,5,4,5,81,11,57.691,2,2,1,2010,12,1,12,6,0,2,1,1,2,2,2,2,0,2,1,,,
201022091546,1,4,1,81,11,4.808,1,2,5,2010,0,17,32,0,0,1,2,1,3,1,1,3,0,1,4,,,
201022091563,6,4,1,81,11,129.805,1,2,1,2010,1,45,43,0,0,1,2,1,0,0,1,3,0,1,4,,,
201022091603,5,4,1,81,11,57.691,2,3,6,2010,13,28,12,6,0,2,1,1,1,1,2,3,0,2,1,,,
201022091619,3,4,7,81,11,15.561,2,3,2,2010,20,58,12,6,0,2,3,10,2,1,2,2,0,2,1,,,
201022091626,2,4,7,81,11,5.187,2,3,5,2010,10,36,12,6,0,4,1,1,1,1,2,2,0,1,1,,,
201022091658,3,4,4,81,11,16.827,1,3,7,2010,16,19,22,0,0,2,1,1,2,1,2,3,0,2,1,,,
201022091715,2,4,2,81,11,4.808,2,3,3,2010,10,30,12,6,1,2,1,10,0,0,2,3,0,2,1,,,
201022091720,4,4,2,81,11,293.264,2,3,2,2010,14,46,12,7,0,1,1,10,0,0,2,3,0,1,1,,,
201022091734,3,4,1,81,11,19.23,1,3,3,2010,14,53,22,0,0,2,1,1,2,1,2,3,0,2,1,,,
201022091753,6,4,1,81,11,129.805,2,3,7,2010,21,50,12,6,0,2,3,1,1,1,2,3,0,3,1,,,
201022091767,2,4,2,81,11,4.808,1,3,6,2010,12,14,8,0,1,2,1,1,0,0,2,3,0,3,1,,,
201022091768,2,4,10,81,11,12.019,2,2,7,2010,14,40,12,7,1,18,1,10,3,1,2,1,0,1,1,,,
201022091823,5,4,3,81,11,57.691,2,3,2,2010,20,40,12,2,1,2,3,10,2,2,2,2,0,2,1,,,
201022091828,3,4,3,81,11,16.827,2,3,4,2010,12,49,12,7,0,1,1,1,3,1,2,2,0,1,1,,,
201022091861,6,4,2,81,11,129.805,3,3,5,2010,18,32,12,7,0,1,3,2,0,0,2,3,0,1,1,,,
201022091875,1,4,1,81,11,4.808,1,3,6,2010,15,5,30,0,0,1,1,2,3,1,2,3,0,1,4,,,
201022091885,4,4,1,81,11,293.264,2,3,5,2010,21,40,12,6,0,4,2,2,0,0,2,3,0,1,1,,,
201022091886,2,4,1,81,11,4.808,2,3,2,2010,13,23,12,6,1,2,1,1,0,0,2,3,0,3,1,,,
201022091954,1,4,1,81,11,4.808,2,3,3,2010,19,40,12,6,0,2,3,10,3,2,2,3,0,2,1,,,
201022092003,6,4,7,81,11,129.678,1,3,5,2010,9,3,17,0,0,1,1,2,0,0,2,2,0,1,4,,,
201022092011,4,4,7,81,11,295.667,2,3,4,2010,11,14,12,6,0,2,1,1,0,0,2,2,0,2,1,,,
201022092025,3,4,7,81,11,15.561,1,3,4,2010,15,35,1,0,0,1,1,1,3,1,2,2,0,1,1,,,
201022092029,2,4,7,81,11,5.187,3,3,5,2010,17,8,12,7,0,2,1,2,2,1,2,2,0,3,1,,,
201022092110,2,4,5,81,11,2.404,2,4,5,2010,17,0,12,1,0,1,1,1,1,2,2,2,0,1,1,,,
201022092129,4,4,11,81,11,298.391,3,4,6,2010,15,52,12,1,0,2,1,2,0,0,2,1,0,8,1,,,
201022092142,6,4,10,81,11,132.209,1,4,6,2010,14,20,34,0,0,1,1,2,0,0,2,1,0,1,4,,,
201022092149,2,4,2,81,11,4.808,2,4,6,2010,14,0,12,1,0,1,1,2,0,0,2,3,0,1,1,,,
201022092152,1,4,2,81,11,4.808,2,3,3,2010,4,28,14,0,0,1,3,1,4,1,2,3,1,1,2,,,
201022092161,1,4,1,81,11,4.808,1,4,1,2010,18,40,42,0,0,1,1,10,3,1,2,3,0,1,6,,,
201022092168,2,4,1,81,11,4.808,2,4,4,2010,11,41,12,6,0,2,1,1,1,1,2,3,0,3,1,,,
201022092171,6,4,1,81,11,129.805,1,1,7,2010,1,54,34,0,0,1,2,1,2,1,1,3,0,1,4,,,
201022092197,3,4,1,81,11,19.23,2,3,7,2010,13,25,12,6,0,2,1,1,2,2,2,3,0,3,1,,,
201022092218,4,4,1,81,11,293.264,2,3,3,2010,22,23,53,0,0,1,2,10,0,0,2,3,1,1,4,,,
201022092233,5,4,7,81,11,57.058,1,3,7,2010,12,54,38,0,0,1,1,1,1,1,2,2,0,1,4,,,
201022092280,2,4,2,81,11,4.808,2,4,2,2010,15,37,12,7,1,2,1,1,0,0,2,3,0,2,1,,,
201022092281,2,4,2,81,11,4.808,2,3,3,2010,14,24,12,7,0,1,1,1,0,0,2,3,0,1,1,,,
201022092320,6,4,1,81,11,129.805,1,4,3,2010,21,2,46,0,0,1,3,10,0,0,2,3,0,1,4,,,
201022092332,1,4,3,81,11,2.404,4,4,2,2010,15,21,12,6,0,2,1,1,3,2,2,2,0,2,1,,,
201022092333,2,4,3,81,11,2.404,2,4,5,2010,11,35,12,6,0,4,1,1,0,0,2,2,0,1,1,,,
201022092337,4,4,3,81,11,295.667,2,4,6,2010,18,0,12,6,0,2,1,1,1,1,2,2,0,3,1,,,
201022092378,6,4,5,81,11,129.805,2,4,2,2010,17,32,12,1,0,1,1,10,1,2,2,2,0,1,1,,,
201022092394,4,4,5,81,11,295.667,2,4,6,2010,16,18,12,1,0,1,1,1,0,0,2,2,0,1,1,,,
201022092415,2,4,7,81,11,5.187,2,3,6,2010,11,30,12,6,0,2,1,1,1,1,2,2,0,3,1,,,
201022092433,6,4,7,81,11,129.678,2,4,7,2010,19,53,12,1,0,2,5,2,1,4,2,2,0,2,1,,,
201022092434,3,4,7,81,11,15.561,2,4,7,2010,23,36,12,6,0,2,3,10,2,3,2,2,0,2,1,,,
201022092463,1,4,3,81,11,2.404,1,4,5,2010,0,24,19,0,0,1,2,10,4,1,2,2,0,1,5,,,
201022092469,6,4,4,81,11,129.805,1,1,6,2010,22,35,42,0,0,2,3,1,0,0,2,3,0,3,4,,,
201022092484,2,4,4,81,11,2.404,2,1,3,2010,9,43,12,6,0,4,1,2,1,1,2,3,0,1,1,,,
201022092537,5,4,11,81,11,53.284,2,4,5,2010,13,59,12,6,0,2,1,1,1,2,2,1,0,2,1,,,
201022092544,6,4,11,81,11,127.882,1,4,2,2010,22,40,42,0,0,1,3,1,0,0,2,1,0,1,5,,,
201022092569,6,4,2,81,11,129.805,2,4,3,2010,17,2,12,1,0,1,1,1,0,0,2,3,0,1,1,,,
201022092577,1,4,1,81,11,4.808,1,4,7,2010,22,12,30,0,1,5,3,1,3,2,2,3,0,1,6,,,
201022092662,4,4,2,81,11,293.264,2,4,7,2010,17,8,12,1,1,18,1,2,0,0,2,3,0,1,1,,,
201022092669,2,4,2,81,11,4.808,2,4,2,2010,14,1,12,1,1,18,1,10,1,1,2,3,0,1,1,,,
201022092694,6,4,3,81,11,129.805,1,4,4,2010,8,45,43,0,0,1,1,10,0,0,2,2,0,1,4,,,
201022092696,2,4,3,81,11,2.404,2,4,3,2010,13,32,12,6,0,4,1,10,1,1,2,2,0,1,1,,,
201022092730,3,4,7,81,11,15.561,2,4,6,2010,11,1,12,6,0,1,1,10,2,1,2,2,0,1,1,,,
201022092735,4,4,7,81,11,295.667,2,4,4,2010,7,59,12,1,0,1,1,2,0,0,2,2,0,1,1,,,
201022092758,3,4,5,81,11,16.827,2,4,6,2010,20,34,1,0,0,1,3,2,3,1,2,2,0,1,1,,,
201022092781,3,4,4,81,11,16.827,1,2,4,2010,18,23,21,0,0,2,1,1,2,1,2,3,0,2,1,,,
201022092831,4,4,4,81,11,295.667,2,2,2,2010,18,15,12,1,0,1,3,1,0,0,2,3,0,1,1,,,
201022092949,3,4,1,81,11,19.23,2,4,6,2010,15,40,12,1,0,1,1,1,2,1,2,3,0,1,1,,,
201022092964,4,4,1,81,11,293.264,2,4,2,2010,10,40,12,6,0,1,1,1,0,0,2,3,0,1,1,,,
201022092975,6,4,1,81,11,129.805,2,4,7,2010,14,50,12,1,0,4,1,10,1,1,2,3,0,1,1,,,
201022092984,2,4,1,81,11,4.808,2,4,2,2010,18,40,12,1,0,1,5,1,0,0,2,3,0,1,1,,,
201022093084,3,4,10,81,11,12.019,1,5,4,2010,18,50,42,0,0,2,1,10,3,1,1,1,0,2,4,,,
201022093091,1,4,1,81,11,4.808,1,4,5,2010,2,25,53,0,0,1,3,10,3,1,2,3,0,1,4,,,
201022093096,1,4,1,81,11,4.808,1,5,7,2010,17,30,30,0,0,1,1,10,3,1,2,3,0,1,4,,,
201022093100,5,4,1,81,11,57.691,4,5,4,2010,17,18,12,1,0,2,1,10,0,0,2,3,0,2,1,,,
201022093122,3,4,1,81,11,19.23,1,4,3,2010,13,0,21,0,0,4,1,2,2,1,2,3,0,1,5,,,
201022093136,5,4,2,81,11,57.691,1,5,3,2010,16,25,42,0,1,19,1,10,2,1,2,3,0,1,4,,,
201022093137,6,4,2,81,11,129.805,1,4,4,2010,20,20,74,0,1,19,5,2,0,0,2,3,0,1,4,,,
201022093175,4,4,10,81,11,300.475,2,5,4,2010,13,6,12,1,0,2,1,1,0,0,2,1,0,2,1,,,
201022093200,6,4,7,81,11,129.678,2,5,5,2010,17,5,12,6,0,2,1,1,1,1,2,2,0,3,1,,,
201022093206,2,4,3,81,11,2.404,2,5,5,2010,18,14,12,6,0,4,1,1,0,0,2,2,0,1,1,,,
201022093216,2,4,3,81,11,2.404,2,5,1,2010,20,14,12,1,0,2,5,1,0,0,2,2,0,3,1,,,
201022093234,4,4,3,81,11,295.667,3,5,3,2010,17,3,12,1,0,1,1,10,1,1,2,2,0,1,1,,,
201022093292,2,4,2,81,11,4.808,2,1,1,2010,20,37,12,1,0,1,3,2,2,2,2,3,0,1,1,,,
201022093333,6,4,2,81,11,129.805,2,1,2,2010,17,36,12,1,0,1,3,10,0,0,2,3,0,1,1,,,
201022093351,4,4,2,81,11,293.264,2,1,3,2010,20,22,12,1,1,18,2,2,0,0,2,3,0,1,1,,,
201022093437,6,4,1,81,11,129.805,2,5,4,2010,19,40,12,6,0,4,1,10,0,0,2,3,0,1,1,,,
201022093442,1,4,11,81,11,10.657,1,5,6,2010,18,17,53,0,0,1,3,1,3,1,1,1,0,1,4,,,
201022093456,4,4,1,81,11,293.264,2,5,6,2010,16,17,12,7,0,1,1,1,0,0,2,3,0,1,1,,,
201022093537,6,4,5,81,11,129.805,2,5,6,2010,22,5,12,6,0,4,3,10,0,0,2,2,0,1,1,,,
201022093554,1,4,7,81,11,5.187,1,5,4,2010,14,54,58,0,0,1,1,10,3,1,2,2,0,1,4,,,
201022093563,3,4,7,81,11,15.561,1,5,5,2010,20,34,22,0,0,4,5,10,2,1,2,2,0,1,1,,,
201022093577,4,4,7,81,11,295.667,2,5,4,2010,17,32,12,6,0,4,1,10,0,0,2,2,0,1,1,,,
201022093616,2,4,2,81,11,4.808,3,5,3,2010,15,18,12,1,0,1,1,2,1,1,2,3,0,1,1,,,
201022093688,2,4,7,81,11,5.187,2,5,3,2010,8,7,12,6,0,4,1,1,1,1,2,2,0,1,1,,,
201022093734,6,4,2,81,11,129.805,2,5,6,2010,15,9,12,1,0,1,1,10,0,0,2,3,0,1,2,,,
201022093763,4,4,2,81,11,293.264,2,2,4,2010,15,23,12,1,0,1,1,10,0,0,2,3,0,1,1,,,
201022093818,5,4,7,81,11,57.058,4,5,2,2010,7,30,12,1,0,1,1,1,1,2,2,2,0,1,1,,,
201022093827,2,4,5,81,11,2.404,3,5,6,2010,16,45,12,7,0,1,1,1,0,0,2,2,0,1,1,,,
201022093879,3,4,7,81,11,15.561,2,6,6,2010,18,4,12,1,0,2,1,10,2,1,2,2,0,10,1,,,
201022093883,3,4,10,81,11,12.019,1,6,7,2010,13,39,22,0,0,1,1,1,4,2,2,1,0,1,1,,,
201022093884,2,4,5,81,11,2.404,2,6,5,2010,3,6,12,6,0,2,3,1,0,0,1,2,0,2,1,,,
201022093908,3,4,3,81,11,16.827,1,6,5,2010,11,49,42,0,0,2,1,1,2,1,2,2,0,3,6,,,
201022093920,6,4,3,81,11,129.805,2,6,2,2010,10,53,12,6,0,4,1,10,1,2,2,2,0,1,1,,,
201022093972,2,4,2,81,11,4.808,3,5,7,2010,19,17,12,1,0,1,1,1,0,0,2,3,0,1,1,,,
201022093976,1,4,1,81,11,4.808,1,6,5,2010,22,31,30,0,0,1,2,2,3,1,1,3,0,1,4,,,
201022093995,5,4,1,81,11,57.691,2,6,4,2010,19,20,12,6,0,2,1,1,1,1,2,3,0,2,1,,,
201022094002,3,4,1,81,11,19.23,3,5,3,2010,9,50,12,1,0,1,1,10,2,2,2,3,0,1,1,,,
201022094003,4,4,1,81,11,293.264,2,6,7,2010,9,45,14,0,0,1,1,1,0,0,2,3,1,1,2,,,
201022094008,1,4,1,81,11,4.808,2,6,5,2010,19,0,12,2,0,1,1,1,3,2,2,3,0,1,1,,,
201022094056,5,4,2,81,11,57.691,4,2,4,2010,16,28,12,1,0,1,1,2,1,1,2,3,0,1,1,,,
201022094062,6,4,1,81,11,129.805,1,5,5,2010,12,30,42,0,0,1,1,10,0,0,2,3,0,1,4,,,
201022094073,1,4,5,81,11,2.404,2,6,6,2010,10,32,12,2,0,4,1,10,3,2,2,2,0,1,11,,,
201022094101,6,4,2,81,11,129.805,1,6,5,2010,19,22,35,0,1,5,1,2,0,0,2,3,0,1,4,,,
201022094106,2,4,2,81,11,4.808,3,6,3,2010,23,42,12,6,0,1,2,2,1,2,2,3,0,1,1,,,
201022094109,3,4,2,81,11,19.23,1,6,7,2010,13,10,1,0,0,1,1,1,2,1,2,3,0,1,1,,,
201022094122,2,4,2,81,11,4.808,1,6,7,2010,5,0,1,0,1,5,4,1,1,1,2,3,0,1,4,,,
201022094147,2,4,11,81,11,10.657,3,6,2,2010,11,59,12,6,0,2,1,1,1,2,2,1,0,2,1,,,
201022094170,3,4,4,81,11,16.827,1,6,6,2010,9,5,1,0,0,1,1,1,2,1,2,3,0,1,1,,,
201022094190,1,4,5,81,11,2.404,1,3,3,2010,17,53,74,0,0,1,3,2,3,3,1,2,0,1,4,,,
201022094227,1,4,1,81,11,4.808,1,6,5,2010,1,16,33,0,0,1,3,10,4,1,1,3,0,1,4,,,
201022094256,3,4,7,81,11,15.561,1,6,4,2010,15,4,21,0,0,2,1,1,2,1,2,2,0,3,1,,,
201022094287,6,4,7,81,11,129.678,2,6,1,2010,21,30,42,0,0,1,3,1,0,0,1,2,1,1,5,,,
201022094296,2,4,7,81,11,5.187,2,6,3,2010,21,42,12,1,0,4,3,2,2,1,1,2,0,1,1,,,
201022094318,3,4,1,81,11,19.23,1,6,7,2010,18,30,1,0,0,1,1,1,3,1,2,3,0,1,1,,,
201022094320,2,4,3,81,11,2.404,2,6,6,2010,15,17,12,7,0,2,1,1,0,0,2,2,0,8,1,,,
201022094335,4,4,4,81,11,295.667,2,6,1,2010,17,15,12,1,0,2,1,10,1,1,2,3,0,2,1,,,
201022094376,6,4,11,81,11,127.882,4,6,3,2010,13,43,12,1,0,2,1,10,0,0,2,1,0,8,1,,,
201022094379,4,4,11,81,11,298.391,2,6,5,2010,9,4,12,1,0,2,1,10,1,1,2,1,0,8,1,,,
201022094385,6,4,2,81,11,129.805,1,2,3,2010,6,58,25,0,1,19,4,2,0,0,2,3,0,1,8,,,
201022094389,1,4,7,81,11,5.187,1,6,2,2010,11,20,38,0,0,2,1,10,3,1,2,2,0,2,5,,,
201022094393,4,4,7,81,11,295.667,3,6,2,2010,16,50,12,1,0,2,1,10,0,0,2,2,0,7,1,,,
201022094410,1,4,5,81,11,2.404,2,6,6,2010,16,55,12,6,0,2,1,10,3,3,2,2,0,2,1,,,
201022094424,3,4,5,81,11,16.827,1,6,5,2010,14,2,21,0,0,1,1,10,3,1,2,2,0,1,1,,,
201022094443,4,4,3,81,11,295.667,2,6,7,2010,16,10,12,1,0,4,1,10,1,1,2,2,0,1,1,,,
201022094512,1,4,1,81,11,4.808,3,6,7,2010,12,45,12,6,0,2,1,10,3,2,2,3,0,2,1,,,
201022094515,3,4,1,81,11,19.23,1,6,5,2010,14,55,22,0,0,1,1,10,3,1,2,3,0,1,1,,,
201022094517,6,4,10,81,11,132.209,2,6,1,2010,10,44,12,1,0,4,1,10,0,0,2,1,0,1,1,,,
201022094580,6,4,1,81,11,129.805,1,7,7,2010,2,30,74,0,0,1,3,1,0,0,2,3,0,1,4,,,
201022094612,2,4,3,81,11,2.404,2,7,5,2010,17,58,12,6,0,4,1,10,0,0,2,2,0,1,1,,,
201022094640,5,4,3,81,11,57.691,3,7,3,2010,15,26,12,1,0,1,1,1,2,5,2,2,0,1,1,,,
201022094660,4,4,2,81,11,293.264,2,2,4,2010,12,45,12,1,1,18,1,1,0,0,2,3,0,1,1,,,
201022094683,2,4,5,81,11,2.404,1,7,3,2010,8,10,1,0,0,1,1,1,3,1,2,2,0,1,2,,,
201022094697,3,4,7,81,11,15.561,1,6,7,2010,12,30,22,0,0,4,1,1,2,1,2,2,0,1,1,,,
201022094724,2,4,2,81,11,4.808,2,3,2,2010,16,56,12,1,0,1,1,1,1,2,2,3,0,1,1,,,
201022094754,4,4,1,81,11,293.264,2,7,2,2010,12,0,12,6,0,2,1,1,0,0,2,3,0,2,1,,,
201022094764,1,4,1,81,11,4.808,1,7,5,2010,12,0,30,0,0,1,1,2,3,1,2,3,0,1,4,,,
201022094765,5,4,1,81,11,57.691,1,6,4,2010,17,41,59,0,0,1,1,1,2,2,2,3,0,1,4,,,
201022094790,3,4,11,81,11,21.314,2,6,4,2010,20,44,14,0,0,1,1,1,8,0,2,1,1,1,6,,,
201022094793,2,4,4,81,11,2.404,5,7,5,2010,8,40,12,7,1,2,1,2,3,3,2,3,0,2,1,,,
201022094813,1,4,5,81,11,2.404,2,7,6,2010,16,20,12,6,0,1,1,1,3,1,2,2,0,1,1,,,
201022094815,2,4,3,81,11,2.404,2,7,5,2010,19,45,12,6,0,2,1,1,3,2,2,2,0,8,1,,,
201022094843,5,4,10,81,11,60.095,4,7,5,2010,11,30,12,1,0,1,1,1,2,4,2,1,0,1,1,,,
201022094849,1,4,2,81,11,4.808,3,6,5,2010,16,35,12,1,0,1,1,1,3,4,2,3,0,1,1,,,
201022094852,2,4,2,81,11,4.808,2,7,6,2010,20,36,12,7,0,1,1,1,0,0,2,3,0,1,1,,,
201022094858,6,4,2,81,11,129.805,2,7,3,2010,10,20,12,1,0,2,1,1,1,1,2,3,0,2,1,,,
201022094891,2,4,4,81,11,2.404,2,7,7,2010,19,49,12,6,1,2,1,1,2,2,2,3,0,2,1,,,
201022094895,3,4,1,81,11,19.23,1,7,5,2010,20,30,22,0,0,2,5,1,2,1,2,3,0,2,1,,,
201022094932,2,4,2,81,11,4.808,3,5,3,2010,13,39,12,7,0,1,1,2,1,2,2,3,0,1,1,,,
201022094937,2,4,2,81,11,4.808,2,4,5,2010,10,48,12,1,0,1,1,1,2,1,2,3,0,1,1,,,
201022094947,3,4,2,81,11,19.23,2,3,1,2010,17,3,12,1,1,5,1,10,2,1,2,3,0,1,1,,,
201022094957,2,4,1,81,11,4.808,2,7,2,2010,13,5,12,6,0,2,1,1,2,4,2,3,0,2,1,,,
201022094960,5,4,4,81,11,57.691,2,7,7,2010,14,4,12,6,0,2,1,1,2,1,2,3,0,2,1,,,
201022094972,6,4,7,81,11,129.678,2,7,4,2010,0,35,14,0,0,1,2,10,0,0,2,2,1,1,6,,,
201022094990,3,4,7,81,11,15.561,2,7,3,2010,8,7,12,6,0,2,1,1,3,2,2,2,0,2,1,,,
201022094995,2,4,7,81,11,5.187,2,7,4,2010,14,53,12,6,0,4,1,1,1,2,2,2,0,1,1,,,
201022094996,2,4,2,81,11,4.808,2,7,6,2010,14,52,12,1,1,18,1,1,0,0,2,3,0,1,1,,,
201022095016,6,4,5,81,11,129.805,3,7,3,2010,17,21,12,1,0,1,1,1,0,0,2,2,0,1,1,,,
201022095024,4,4,5,81,11,295.667,2,7,6,2010,13,19,12,6,0,2,1,10,1,1,2,2,0,3,1,,,
201022095037,2,4,3,81,11,2.404,2,7,4,2010,17,30,12,6,0,1,1,1,4,1,2,2,0,1,8,,,
201022095056,6,4,3,81,11,129.805,1,7,1,2010,4,36,53,0,0,1,2,1,0,0,2,2,0,1,4,,,
201022095068,3,4,3,81,11,16.827,5,7,2,2010,17,18,12,1,0,1,1,1,2,4,2,2,0,1,1,,,
201022095069,2,4,3,81,11,2.404,4,7,4,2010,14,25,12,1,0,1,1,1,1,4,2,2,0,1,1,,,
201022095151,6,4,2,81,11,129.805,3,3,4,2010,7,33,12,6,1,18,1,10,1,2,2,3,0,1,1,,,
201022095154,3,4,10,81,11,12.019,1,7,3,2010,16,56,22,0,0,4,1,10,2,1,1,1,0,1,1,,,
201022095160,4,4,2,81,11,293.264,2,7,3,2010,17,1,12,1,0,1,1,10,1,1,2,3,0,1,1,,,
201022095167,5,4,2,81,11,57.691,2,7,7,2010,15,45,12,1,0,1,1,10,2,2,2,3,0,1,1,,,
201022095172,3,4,2,81,11,19.23,2,7,3,2010,12,26,12,1,0,2,1,10,2,2,2,3,0,3,1,,,