CASENUM,STRATUM,REGION,PJ,PSU,PSUSTRAT,WEIGHT,VE_TOTAL,MONTH,WKDY_IM,YEAR,HOUR_IM,MINUTE_IM,EVENT1_IM,MANCOL_IM,RELJCT1_IM,RELJCT2_IM,LGTCON_IM,WEATHR_IM,MAXSEV_IM,NO_INJ_IM,ALCHL_IM,LAND_USE,PVH_INVL,TYP_INT,REL_ROAD,CF1,CF2,CF3
201024801686,6,4,3,75,11,129.203,2,5,5,2010,15,6,12,1,0,2,1,1,0,0,2,3,0,8,1,,,
201024801697,3,4,3,75,11,16.15,1,5,5,2010,6,34,25,0,1,19,1,1,2,1,2,3,0,1,6,,,
201024801728,2,4,4,75,11,8.075,2,6,6,2010,3,25,12,2,0,1,3,1,4,2,1,2,0,1,1,,,
201024801732,1,4,4,75,11,8.075,1,6,2,2010,4,50,38,0,0,1,3,1,3,1,1,2,0,1,5,,,
201024801736,4,4,4,75,11,298.782,2,6,3,2010,7,55,12,6,0,2,1,1,0,0,2,2,0,8,1,,,
201024801750,5,4,3,75,11,56.526,3,6,5,2010,20,47,14,0,0,1,5,1,2,1,2,3,2,1,7,,,
201024801758,6,4,3,75,11,129.203,2,6,6,2010,13,24,12,6,0,2,1,1,0,0,2,3,0,8,1,,,
201024801763,4,4,3,75,11,298.782,2,6,7,2010,8,42,12,6,0,2,1,1,0,0,2,3,0,8,1,,,
201024801779,3,4,3,75,11,16.15,1,6,5,2010,23,1,1,0,0,1,3,1,2,1,2,3,0,1,1,,,
201024801780,1,4,3,75,11,8.075,3,6,1,2010,10,41,12,8,0,1,1,2,3,3,1,3,0,1,1,,,
201024801789,4,4,4,75,11,298.782,2,7,1,2010,21,45,12,1,0,2,3,2,0,0,1,2,0,2,1,,,
201024801791,5,4,4,75,11,56.526,1,7,1,2010,16,45,74,0,0,1,1,2,1,1,2,2,0,1,4,,,
201024801799,3,4,4,75,11,16.15,2,7,5,2010,17,34,12,1,0,1,1,1,2,1,2,2,0,1,1,,,
201024801839,5,4,3,75,11,56.526,2,7,6,2010,11,49,12,6,0,2,1,1,1,1,2,3,0,8,1,,,
201024801859,3,4,3,75,11,16.15,1,7,3,2010,22,59,1,0,0,1,3,1,2,1,1,3,0,1,1,,,
201024801860,4,4,3,75,11,298.782,2,6,7,2010,12,6,12,6,0,4,1,1,0,0,2,3,0,1,1,,,
201024801866,6,4,3,75,11,129.203,1,8,6,2010,12,47,30,0,0,1,1,1,0,0,2,3,0,1,,,,
201024801872,3,4,3,75,11,16.15,2,7,5,2010,12,49,12,7,0,2,1,1,2,1,2,3,0,8,1,,,
201024801876,2,4,3,75,11,8.075,3,8,2,2010,15,27,12,1,0,2,1,1,0,0,2,3,0,8,1,,,
201024801885,1,4,3,75,11,8.075,2,8,1,2010,1,23,12,2,0,2,3,1,3,2,1,3,0,3,1,,,
201024801898,3,4,4,75,11,16.15,1,8,6,2010,23,22,22,0,0,2,3,1,2,1,2,2,0,2,1,,,
201024801901,2,4,4,75,11,8.075,3,8,6,2010,16,56,12,1,1,5,1,1,0,0,2,2,0,1,1,,,
201024801915,4,4,3,75,11,298.782,2,8,3,2010,16,46,12,6,0,2,1,1,0,0,2,3,0,8,1,,,
201024801924,6,4,3,75,11,129.203,2,8,5,2010,16,47,12,6,0,1,1,2,1,1,2,3,0,1,1,,,
201024801937,3,4,3,75,11,16.15,3,8,7,2010,18,23,12,7,0,2,1,1,2,1,2,3,0,8,1,,,
201024801952,4,4,2,75,11,298.782,2,9,6,2010,13,20,12,6,0,2,1,1,0,0,2,3,0,8,1,,,
201024801965,2,4,2,75,11,8.075,2,9,5,2010,10,30,12,1,0,1,1,1,2,1,2,3,0,1,1,,,
201024802002,4,4,2,75,11,298.782,1,9,2,2010,8,14,53,0,0,1,3,1,0,0,2,3,0,1,4,,,
201024802007,6,4,2,75,11,129.203,2,9,2,2010,7,5,12,1,0,1,1,1,0,0,2,3,0,1,1,,,
201024802034,5,4,2,75,11,56.526,4,9,3,2010,17,32,12,1,0,1,1,1,2,3,2,3,0,1,1,,,
201024802037,3,4,2,75,11,16.15,1,9,2,2010,17,38,22,0,0,4,1,1,1,1,2,3,0,1,1,,,
201024802048,6,4,3,75,11,129.203,2,9,7,2010,11,58,12,6,0,4,1,1,0,0,2,3,0,1,1,,,
201024802050,4,4,3,75,11,298.782,2,9,2,2010,14,33,12,1,0,2,1,1,0,0,2,3,0,8,1,,,
201024802091,3,4,4,75,11,16.15,2,9,4,2010,18,54,12,1,0,1,5,1,2,1,2,2,0,1,1,,,
201024802092,2,4,4,75,11,8.075,3,9,4,2010,16,55,12,1,0,1,1,1,0,0,2,2,0,1,1,,,
201024802107,5,4,4,75,11,56.526,2,10,4,2010,14,19,12,6,0,1,1,1,2,1,2,2,0,1,1,,,
201024802134,3,4,4,75,11,16.15,1,10,7,2010,17,33,22,0,0,2,1,1,2,1,2,2,0,2,1,,,
201024802140,4,4,4,75,11,298.782,2,10,4,2010,18,15,54,11,0,1,3,1,0,0,2,2,0,1,1,,,
201024802146,6,4,4,75,11,129.203,2,10,3,2010,17,20,12,1,0,1,1,1,1,1,2,2,0,1,1,,,
201024802148,5,4,4,75,11,56.526,1,10,4,2010,4,11,42,0,0,1,3,1,1,1,1,2,0,1,6,,,
201024802162,4,4,3,75,11,298.782,2,10,3,2010,14,49,12,7,0,1,1,1,0,0,2,3,0,1,1,,,
201024802194,1,4,4,75,11,8.075,1,11,4,2010,19,30,25,0,0,1,3,1,3,2,2,2,0,1,4,,,
201024802206,1,4,2,75,11,8.075,3,11,4,2010,7,0,12,2,0,1,4,1,4,2,2,3,0,1,1,,,
201024802207,1,4,2,75,11,8.075,1,11,4,2010,1,59,31,0,0,1,6,1,4,1,2,3,0,1,4,,,
201024802214,4,4,2,75,11,298.782,4,11,4,2010,17,43,12,1,0,2,3,1,0,0,2,3,0,8,1,,,
201024802235,3,4,2,75,11,16.15,2,11,5,2010,15,4,12,1,0,1,1,1,2,1,2,3,0,1,1,,,
201024802247,6,4,2,75,11,129.203,2,11,2,2010,18,2,12,6,0,2,3,1,0,0,2,3,0,8,1,,,
201024802254,3,4,2,75,11,16.15,2,11,5,2010,15,4,12,1,0,1,1,1,2,1,2,3,0,1,1,,,
201024802268,4,4,2,75,11,298.782,2,11,7,2010,16,15,12,1,0,2,1,1,0,0,2,3,0,8,1,,,
201024802283,5,4,2,75,11,56.526,2,11,6,2010,15,55,12,1,0,2,1,1,1,1,2,3,0,8,1,,,
201024802338,3,4,3,75,11,16.15,1,11,6,2010,14,34,22,0,0,2,1,1,2,1,2,3,0,3,1,,,
201024802349,4,4,4,75,11,298.782,2,11,6,2010,9,21,12,1,0,2,1,1,0,0,2,2,0,8,1,,,
201024802356,6,4,4,75,11,129.203,2,11,6,2010,18,13,12,1,0,1,3,1,0,0,2,2,0,1,1,,,
201024802358,1,4,4,75,11,8.075,3,11,5,2010,18,24,12,6,0,1,3,1,3,5,1,2,0,1,1,,,
201024802369,4,4,3,75,11,298.782,2,11,7,2010,11,29,12,7,0,2,1,1,0,0,2,3,0,8,1,,,
201024802399,3,4,4,75,11,16.15,1,12,5,2010,15,15,33,0,0,2,1,1,2,1,1,2,0,8,4,,,
201024802400,1,4,4,75,11,8.075,1,12,4,2010,20,45,74,0,1,5,3,1,3,1,1,2,0,1,4,,,
201024802401,5,4,4,75,11,56.526,1,12,5,2010,17,15,74,0,0,1,1,1,1,1,2,2,0,1,3,,,
201024802415,6,4,4,75,11,129.203,2,12,7,2010,13,40,12,6,0,4,1,1,0,0,2,2,0,1,1,,,
201024802424,4,4,4,75,11,298.782,2,12,2,2010,16,15,12,1,0,2,1,10,0,0,2,2,0,8,1,,,
201024802439,3,4,3,75,11,16.15,2,12,5,2010,18,4,12,1,0,2,3,2,2,1,2,3,0,8,1,,,
201024802448,4,4,3,75,11,298.782,2,12,3,2010,15,15,14,0,0,1,1,1,0,0,2,3,1,1,7,,,
201024901530,3,4,4,75,11,16.15,2,1,6,2010,11,45,12,1,0,2,1,1,3,1,2,2,0,8,1,,,
201024901532,2,4,4,75,11,8.075,2,1,6,2010,14,3,12,6,0,2,1,1,0,0,2,2,0,2,1,,,
201024901541,1,4,4,75,11,8.075,2,1,2,2010,17,8,12,6,1,2,3,1,3,2,1,2,0,2,1,,,
201024901557,4,4,2,75,11,298.782,2,1,4,2010,16,52,12,7,0,1,5,1,0,0,2,3,0,1,1,,,
201024901592,6,4,2,75,11,129.203,2,1,6,2010,7,30,12,6,0,2,1,1,0,0,2,3,0,8,1,,,
201024901607,5,4,3,75,11,56.526,2,1,3,2010,14,58,12,6,0,2,1,1,2,3,2,3,0,2,1,,,
201024901618,3,4,3,75,11,16.15,1,1,7,2010,20,3,21,0,0,2,3,1,3,2,2,3,0,2,1,,,
201024901657,6,4,3,75,11,129.203,3,2,6,2010,10,59,12,1,0,1,1,1,0,0,2,3,0,1,1,,,
201024901659,1,4,3,75,11,8.075,2,2,1,2010,17,4,12,2,0,1,5,4,3,2,2,3,0,1,1,,,
201024901660,5,4,3,75,11,56.526,2,2,5,2010,17,36,12,8,0,1,5,1,3,1,2,3,0,1,1,,,
201024901695,2,4,4,75,11,8.075,2,2,5,2010,21,45,12,7,1,18,6,1,2,2,2,2,0,1,1,,,
201024901700,2,4,4,75,11,8.075,2,2,2,2010,19,31,12,7,0,4,3,1,0,0,2,2,0,1,1,,,
201024901707,4,4,4,75,11,298.782,2,2,3,2010,12,10,12,1,0,1,1,1,0,0,2,2,0,1,1,,,
201024901708,1,4,4,75,11,8.075,3,2,3,2010,14,17,12,6,0,2,1,1,3,2,2,2,0,2,1,,,
201024901715,5,4,2,75,11,56.526,2,3,3,2010,18,58,12,6,0,2,5,1,1,2,2,3,0,8,1,,,
201024901771,5,4,3,75,11,56.526,5,3,7,2010,9,0,12,1,0,2,1,1,1,2,1,3,0,8,1,,,
201024901789,5,4,2,75,11,56.526,2,4,3,2010,20,20,12,2,0,2,1,5,2,4,2,3,0,8,1,,,
201024901792,4,4,2,75,11,298.782,2,4,3,2010,15,35,12,1,1,2,1,1,0,0,2,3,0,8,1,,,
201024901838,6,4,3,75,11,129.203,2,4,6,2010,7,55,12,1,0,1,1,1,0,0,2,3,0,1,1,,,
201024901847,1,4,3,75,11,8.075,1,3,1,2010,20,40,75,0,1,18,3,1,3,2,2,3,0,1,8,,,
201024901870,4,4,2,75,11,298.782,2,4,2,2010,13,48,12,1,1,2,1,1,0,0,2,3,0,8,1,,,
201024901871,3,4,2,75,11,16.15,1,4,1,2010,15,48,1,0,0,1,1,1,3,1,2,3,0,1,1,,,
201024901888,6,4,2,75,11,129.203,4,4,7,2010,16,41,12,6,0,2,1,1,0,0,2,3,0,8,1,,,
201024901923,5,4,3,75,11,56.526,2,4,6,2010,13,54,12,6,0,2,1,4,2,2,2,3,0,8,1,,,
201024901927,2,4,3,75,11,8.075,2,4,4,2010,7,15,12,7,0,1,1,1,0,0,2,3,0,1,1,,,
201024901953,5,4,3,75,11,56.526,2,5,2,2010,14,15,12,2,0,2,1,1,2,1,2,3,0,2,1,,,
201024901955,4,4,3,75,11,298.782,2,5,1,2010,13,51,14,0,0,4,1,1,0,0,2,3,1,1,6,,,
201024901978,5,4,4,75,11,56.526,2,5,5,2010,22,0,12,2,0,2,2,1,2,1,1,2,0,8,1,,,
201024901980,6,4,4,75,11,129.203,2,5,6,2010,7,53,12,6,0,2,1,1,0,0,2,2,0,8,1,,,
201024901993,4,4,4,75,11,298.782,2,6,4,2010,11,31,12,1,0,2,1,1,0,0,2,2,0,8,1,,,
201024902028,5,4,2,75,11,56.526,2,6,2,2010,7,16,12,7,0,1,1,1,0,0,2,3,0,1,1,,,
201024902030,4,4,2,75,11,298.782,2,6,1,2010,17,6,12,6,0,2,1,1,0,0,2,3,0,8,1,,,
201024902032,3,4,2,75,11,16.15,1,6,1,2010,7,10,22,0,0,2,1,1,2,1,2,3,0,2,1,,,
201024902039,6,4,2,75,11,129.203,2,6,7,2010,17,15,12,1,0,1,1,1,1,1,2,3,0,1,1,,,
201024902083,1,4,3,75,11,8.075,3,6,6,2010,17,23,12,2,0,2,1,1,3,1,2,3,0,2,1,,,
201024902099,3,4,4,75,11,16.15,2,6,6,2010,16,5,12,6,0,4,1,1,2,1,2,2,0,1,1,,,
201024902133,6,4,2,75,11,129.203,2,7,3,2010,17,43,12,2,0,2,1,1,0,0,2,3,0,8,1,,,
201024902141,3,4,2,75,11,16.15,1,7,2,2010,18,30,21,0,0,2,1,1,2,1,2,3,0,8,4,,,
201024902156,4,4,2,75,11,298.782,1,7,1,2010,10,46,53,0,0,1,1,1,0,0,2,3,0,1,4,,,
201024902173,6,4,4,75,11,129.203,3,7,5,2010,7,21,12,1,0,1,1,1,0,0,2,2,0,1,1,,,
201024902177,2,4,4,75,11,8.075,2,7,6,2010,14,37,12,6,1,2,1,1,0,0,2,2,0,8,1,,,
201024902196,5,4,4,75,11,56.526,2,7,6,2010,15,13,12,8,0,1,1,1,1,1,2,2,0,1,1,,,
201024902204,4,4,4,75,11,298.782,2,7,4,2010,11,56,12,6,1,2,1,1,0,0,2,2,0,8,1,,,
201024902248,4,4,2,75,11,298.782,2,8,1,2010,10,35,12,7,0,1,1,1,0,0,2,3,0,1,1,,,
201024902250,3,4,2,75,11,16.15,2,8,1,2010,16,12,12,6,0,2,1,1,2,1,2,3,0,8,1,,,
201024902256,5,4,2,75,11,56.526,2,7,7,2010,8,53,12,1,0,1,1,1,1,1,2,3,0,1,1,,,
201024902269,6,4,2,75,11,129.203,2,7,5,2010,17,13,12,6,0,2,1,1,0,0,2,3,0,8,1,,,
201024902283,6,4,4,75,11,129.203,3,8,3,2010,15,27,12,7,0,1,1,1,1,2,2,2,0,1,1,,,
201024902287,5,4,4,75,11,56.526,2,8,6,2010,2,16,14,0,0,1,3,1,2,1,1,2,1,1,6,,,
201024902296,4,4,4,75,11,298.782,2,8,2,2010,17,40,12,7,0,1,1,1,0,0,2,2,0,1,1,,,
201024902309,5,4,2,75,11,56.526,2,8,4,2010,10,45,12,1,0,1,1,1,2,1,2,3,0,1,1,,,
201024902326,4,4,2,75,11,298.782,1,8,1,2010,13,0,33,0,0,1,1,1,1,1,2,3,0,1,4,,,
201024902333,3,4,2,75,11,16.15,2,8,7,2010,12,14,12,6,0,2,1,1,2,1,2,3,0,8,1,,,
201024902338,2,4,2,75,11,8.075,2,8,6,2010,12,4,12,1,0,2,1,1,0,0,2,3,0,8,1,,,
201024902354,3,4,4,75,11,16.15,1,8,4,2010,11,1,33,0,0,2,1,1,2,1,1,2,0,8,4,,,
201024902358,2,4,4,75,11,8.075,2,8,7,2010,18,1,12,7,0,1,1,1,0,0,2,2,0,1,1,,,
201024902370,5,4,4,75,11,56.526,2,8,2,2010,17,34,12,6,0,4,1,1,1,2,2,2,0,1,1,,,
201024902386,6,4,4,75,11,129.203,2,8,3,2010,7,35,12,6,0,2,1,1,1,2,2,2,0,8,1,,,
201024902413,2,4,3,75,11,8.075,2,8,6,2010,8,55,12,7,1,5,1,1,0,0,2,3,0,1,1,,,
201024902420,5,4,2,75,11,56.526,2,9,3,2010,9,56,12,2,0,2,1,1,2,1,2,3,0,8,1,,,
201024902440,3,4,2,75,11,16.15,1,9,7,2010,15,28,1,0,0,2,1,1,2,1,2,3,0,8,1,,,
201024902449,6,4,2,75,11,129.203,2,9,7,2010,13,8,12,1,0,1,1,1,0,0,2,3,0,1,1,,,
201024902464,4,4,2,75,11,298.782,3,9,5,2010,15,17,12,1,0,2,1,1,1,1,2,3,0,8,1,,,
201024902501,3,4,1,75,11,16.15,1,9,2,2010,16,20,35,0,0,1,1,1,2,1,2,1,0,1,4,,,
201024902514,3,4,1,75,11,16.15,1,9,5,2010,8,20,22,0,0,2,1,1,2,1,2,1,0,8,1,,,
201024902521,1,4,1,75,11,8.075,1,9,4,2010,17,50,42,0,0,1,1,1,3,1,1,1,0,1,6,,,
201024902529,6,4,1,75,11,129.203,2,8,3,2010,7,40,12,1,0,1,1,1,0,0,2,1,0,1,1,,,
201024902530,2,4,1,75,11,8.075,2,8,3,2010,7,45,12,7,0,2,1,1,0,0,2,1,0,6,1,,,
201024902542,5,4,4,75,11,56.526,3,9,5,2010,17,30,12,1,0,1,1,1,1,1,2,2,0,1,1,,,
201024902555,2,4,4,75,11,8.075,2,9,2,2010,16,28,12,6,0,2,1,1,0,0,2,2,0,8,1,,,
201024902557,4,4,4,75,11,298.782,2,9,2,2010,11,24,12,1,0,2,1,1,0,0,2,2,0,8,1,,,
201024902599,5,4,3,75,11,56.526,2,10,5,2010,14,9,14,0,0,1,1,1,1,1,2,3,1,1,7,,,
201024902606,3,4,3,75,11,16.15,1,10,3,2010,15,10,22,0,0,2,1,1,2,1,2,3,0,2,1,,,
201024902624,6,4,2,75,11,129.203,2,10,2,2010,20,29,12,6,0,2,3,8,0,0,2,3,0,8,1,,,
201024902638,3,4,2,75,11,16.15,1,10,7,2010,13,20,22,0,0,2,1,1,2,1,2,3,0,8,1,,,
201024902654,4,4,2,75,11,298.782,2,10,6,2010,13,11,12,1,0,2,1,1,0,0,2,3,0,8,1,,,
201024902668,6,4,2,75,11,129.203,2,10,5,2010,15,44,12,6,0,2,1,1,0,0,2,3,0,8,1,,,
201024902698,1,4,2,75,11,8.075,2,10,2,2010,14,7,12,1,0,1,1,1,4,4,2,3,0,1,1,,,
201025000172,4,4,5,75,11,295.397,2,7,4,2010,7,39,12,1,0,1,1,1,0,0,2,3,0,1,1,,,
201025000173,3,4,5,75,11,14.067,1,7,3,2010,15,14,22,0,0,1,1,1,2,1,2,3,0,1,1,,,
201025000177,5,4,5,75,11,56.266,2,7,1,2010,16,37,12,1,0,4,1,1,2,1,2,3,0,1,1,,,
201025000178,6,4,5,75,11,126.599,2,7,6,2010,22,39,12,1,0,2,3,1,2,1,2,3,0,8,1,,,
201025000189,3,4,5,75,11,14.067,3,6,5,2010,17,5,12,6,0,2,1,1,2,2,2,3,0,4,1,,,
201025000199,5,4,1,75,11,56.526,1,7,3,2010,13,20,1,0,0,1,1,1,2,1,2,1,0,1,6,,,
201025000204,3,4,1,75,11,16.15,1,7,3,2010,15,0,1,0,0,1,1,1,2,1,2,1,0,1,6,,,
201025000213,4,4,1,75,11,298.782,2,7,5,2010,9,30,14,0,0,4,1,1,0,0,2,1,1,1,7,,,
201025000223,6,4,1,75,11,129.203,2,7,7,2010,16,45,12,8,0,1,1,1,0,0,2,1,0,1,1,,,
201025000230,3,4,1,75,11,16.15,1,7,1,2010,20,24,24,0,0,1,1,1,2,2,2,1,0,1,1,,,
201025000232,2,4,1,75,11,8.075,2,6,3,2010,13,3,12,1,1,18,1,1,1,1,2,1,0,1,1,,,
201025000242,2,4,1,75,11,8.075,2,6,5,2010,12,15,12,7,1,5,1,1,0,0,2,1,0,1,1,,,
201025000275,4,4,2,75,11,298.782,2,7,6,2010,16,54,12,1,0,2,1,1,0,0,2,3,0,8,1,,,
201025000286,6,4,2,75,11,129.203,2,7,4,2010,17,36,12,1,0,2,1,1,0,0,2,3,0,8,1,,,
201025000295,4,4,1,75,11,298.782,2,11,6,2010,14,0,14,0,0,1,1,1,0,0,2,1,1,1,2,,,
201025000296,5,4,1,75,11,56.526,2,11,6,2010,16,48,12,6,0,2,5,1,1,1,1,1,0,8,1,,,
201025000307,6,4,1,75,11,129.203,1,11,4,2010,14,27,39,0,0,2,1,1,0,0,2,1,0,8,5,,,
201025000339,6,4,2,75,11,129.203,2,11,3,2010,16,50,12,1,0,1,3,1,0,0,2,3,0,1,1,,,
201025000341,5,4,2,75,11,56.526,2,11,3,2010,16,30,12,6,0,2,1,1,1,2,2,3,0,8,1,,,
201025000357,1,4,2,75,11,8.075,2,11,7,2010,10,5,12,6,0,2,1,1,4,2,2,3,0,8,1,,,
201025000358,4,4,2,75,11,298.782,2,11,2,2010,14,27,12,7,0,1,1,1,0,0,2,3,0,1,1,,,
201025109054,4,4,7,79,10,299.538,2,1,3,2010,21,35,12,1,0,2,3,1,0,0,2,3,0,8,1,,,
201025109218,6,4,2,79,10,129.8,2,1,7,2010,19,50,12,1,0,1,3,1,0,0,2,3,0,1,1,,,
201025109241,1,4,4,79,10,3.896,1,1,6,2010,6,18,31,0,0,1,4,1,3,4,2,3,0,1,4,,,
201025109341,2,4,2,79,10,1.664,2,1,4,2010,9,45,12,1,0,1,1,1,1,1,2,3,0,1,1,,,
201025109385,6,4,4,79,10,128.582,2,1,3,2010,16,50,12,1,0,1,5,1,0,0,2,3,0,1,1,,,
201025109423,5,4,7,79,10,55.47,3,1,7,2010,14,30,12,6,0,2,1,1,1,3,2,3,0,8,1,,,
201025109432,3,4,7,79,10,22.188,1,1,7,2010,12,45,21,0,0,1,1,1,2,1,2,3,0,1,1,,,
201025109434,3,4,7,79,10,22.188,2,1,6,2010,13,0,14,0,0,1,1,1,2,1,2,3,1,1,7,,,
201025109435,1,4,7,79,10,11.094,1,1,6,2010,6,15,33,0,0,1,3,1,3,3,2,3,0,1,4,,,
201025109439,5,4,7,79,10,55.47,2,1,1,2010,13,50,12,1,0,2,1,2,1,1,2,3,0,8,1,,,
201025109445,6,4,7,79,10,133.128,2,1,6,2010,14,25,12,2,0,1,1,1,1,2,2,3,0,1,1,,,
201025109450,2,4,7,79,10,11.094,2,1,4,2010,13,50,12,6,0,2,1,1,0,0,2,3,0,2,1,,,
201025109453,1,4,7,79,10,11.094,2,1,2,2010,12,25,12,6,0,2,1,1,3,3,2,3,0,2,1,,,
201025109459,5,4,7,79,10,55.47,2,1,7,2010,14,40,12,6,0,2,1,1,1,2,2,3,0,8,1,,,
201025109468,4,4,7,79,10,299.538,1,1,6,2010,16,20,21,0,0,2,5,1,1,1,2,3,0,8,1,,,
201025109508,2,4,2,79,10,1.664,2,1,6,2010,5,35,18,0,1,18,3,1,2,1,2,3,0,1,1,,,
201025109512,2,4,2,79,10,1.664,2,1,7,2010,15,1,12,1,0,1,1,1,1,1,2,3,0,1,1,,,
201025109547,4,4,2,79,10,294.546,2,1,6,2010,19,5,12,1,0,1,3,1,0,0,2,3,0,1,1,,,
201025109565,1,4,2,79,10,1.664,1,1,2,2010,15,50,72,0,1,5,1,1,3,3,2,3,0,1,3,,,
201025109648,5,4,4,79,10,58.446,4,1,4,2010,9,10,12,1,0,1,1,1,1,2,2,3,0,1,1,,,
201025109657,3,4,4,79,10,19.482,3,1,6,2010,15,15,12,7,0,1,1,10,2,1,2,3,0,1,1,,,
201025109696,6,4,7,79,10,133.128,4,1,3,2010,15,30,12,1,0,1,1,2,0,0,2,3,0,1,1,,,
201025109706,3,4,7,79,10,22.188,1,1,6,2010,12,20,33,0,0,2,1,1,2,1,2,3,0,8,4,,,
201025109719,3,4,7,79,10,22.188,1,1,5,2010,19,30,21,0,0,1,2,1,3,1,2,3,0,1,1,,,
201025109720,1,4,7,79,10,11.094,1,1,5,2010,12,0,74,0,0,1,1,1,3,1,2,3,0,1,4,,,
201025109724,4,4,7,79,10,299.538,1,1,3,2010,23,45,33,0,0,2,3,1,0,0,2,3,0,8,4,,,
201025109730,5,4,7,79,10,55.47,3,1,6,2010,13,45,12,6,0,2,1,1,1,2,2,3,0,2,1,,,
201025109733,1,4,7,79,10,11.094,3,1,5,2010,8,45,14,0,0,1,1,1,3,1,2,3,2,1,7,,,
201025109742,6,4,7,79,10,133.128,3,1,3,2010,16,25,12,1,0,2,5,2,1,2,1,3,0,8,1,,,
201025109755,3,4,7,79,10,22.188,1,1,3,2010,17,40,21,0,0,1,5,1,3,3,2,3,0,1,1,,,
201025109791,1,4,2,79,10,1.664,2,1,7,2010,11,35,74,0,0,1,1,1,3,3,2,3,0,1,4,,,
201025109798,2,4,2,79,10,1.664,2,1,7,2010,0,50,12,7,0,1,3,1,1,1,2,3,0,1,1,,,
201025109812,2,4,2,79,10,1.664,2,1,3,2010,9,40,12,2,0,1,1,1,0,0,2,3,0,1,1,,,
201025109826,3,4,2,79,10,18.305,1,1,4,2010,22,20,1,0,0,5,3,1,2,1,2,3,0,1,1,,,
201025109932,4,4,4,79,10,296.128,2,1,6,2010,12,50,12,1,0,1,1,1,0,0,2,3,0,1,1,,,
201025109949,1,4,6,79,10,4.835,1,1,7,2010,8,35,31,0,0,1,1,1,3,2,2,3,0,1,4,,,
201025109963,3,4,6,79,10,19.339,1,1,6,2010,0,15,21,0,0,1,3,1,3,1,1,3,0,1,1,,,
201025109975,2,4,7,79,10,11.094,2,1,5,2010,9,20,12,2,0,2,1,1,2,1,2,3,0,8,1,,,
201025109978,3,4,7,79,10,22.188,1,1,5,2010,18,40,21,0,0,2,3,2,2,1,2,3,0,2,1,,,
201025109983,4,4,7,79,10,299.538,2,1,6,2010,21,30,12,6,0,2,5,1,0,0,1,3,0,3,1,,,
201025109986,3,4,7,79,10,22.188,1,1,5,2010,17,25,15,0,0,2,3,2,2,1,2,3,0,2,1,,,
201025109987,5,4,7,79,10,55.47,2,1,4,2010,12,30,12,6,0,1,1,2,2,1,2,3,0,1,1,,,
201025109998,6,4,7,79,10,133.128,1,1,6,2010,1,25,33,0,0,2,3,1,0,0,1,3,0,2,4,,,
201025110010,5,4,7,79,10,55.47,2,2,3,2010,12,35,12,6,0,4,1,1,1,2,2,3,0,1,1,,,
201025110025,5,4,7,79,10,55.47,2,1,3,2010,14,15,12,6,0,2,1,2,1,2,2,3,0,3,1,,,
201025110032,2,4,7,79,10,11.094,3,1,6,2010,9,0,12,6,0,2,1,10,0,0,2,3,0,10,1,,,
201025110069,6,4,2,79,10,129.8,1,1,2,2010,16,35,25,0,0,1,1,10,0,0,2,3,0,1,4,,,
201025110139,4,4,2,79,10,294.546,1,1,5,2010,5,30,1,0,0,1,3,1,1,1,2,3,0,1,1,,,
201025110168,1,4,2,79,10,1.664,1,1,1,2010,1,45,25,0,1,18,3,1,3,2,1,3,0,1,4,,,
201025110213,2,4,4,79,10,3.896,2,1,3,2010,10,25,12,7,0,1,1,2,0,0,2,3,0,1,1,,,
201025110217,1,4,4,79,10,3.896,3,1,6,2010,18,10,12,1,0,1,2,10,3,1,1,3,0,1,1,,,
201025110238,2,4,2,79,10,1.664,2,1,5,2010,23,50,12,1,0,1,3,10,1,1,2,3,0,1,1,,,
201025110239,2,4,2,79,10,1.664,2,1,5,2010,4,45,12,1,0,1,3,2,2,1,2,3,0,1,1,,,
201025110278,5,4,2,79,10,58.243,1,1,3,2010,19,48,25,0,0,5,3,10,2,1,2,3,0,1,4,,,
201025110295,2,4,2,79,10,1.664,2,1,4,2010,14,20,12,7,0,1,1,1,1,1,2,3,0,1,1,,,
201025110313,2,4,2,79,10,1.664,3,1,5,2010,12,50,12,1,0,1,1,1,1,1,2,3,0,1,1,,,
201025110324,2,4,2,79,10,1.664,2,1,6,2010,11,45,12,1,0,1,1,1,2,4,2,3,0,1,1,,,
201025110358,3,4,4,79,10,19.482,4,2,2,2010,7,50,12,7,0,1,1,1,2,1,2,3,0,1,1,,,
201025110361,2,4,4,79,10,3.896,3,2,4,2010,13,55,12,1,0,1,1,1,0,0,2,3,0,1,1,,,
201025110385,1,4,6,79,10,4.835,2,1,6,2010,3,21,12,1,0,1,2,1,3,1,1,3,0,1,1,,,
201025110386,2,4,6,79,10,4.835,3,2,2,2010,7,45,12,1,0,1,1,1,0,0,2,3,0,1,1,,,
201025110393,2,4,6,79,10,4.835,2,2,3,2010,23,5,12,1,0,1,2,10,0,0,2,3,0,1,1,,,
201025110394,2,4,6,79,10,4.835,2,2,3,2010,12,5,25,0,0,1,1,1,0,0,2,3,0,1,4,,,