CASENUM,STRATUM,REGION,PJ,PSU,PSUSTRAT,WEIGHT,VE_TOTAL,MONTH,WKDY_IM,YEAR,HOUR_IM,MINUTE_IM,EVENT1_IM,MANCOL_IM,RELJCT1_IM,RELJCT2_IM,LGTCON_IM,WEATHR_IM,MAXSEV_IM,NO_INJ_IM,ALCHL_IM,LAND_USE,PVH_INVL,TYP_INT,REL_ROAD,CF1,CF2,CF3
201025110406,4,4,7,79,10,299.538,3,2,6,2010,19,45,14,0,0,1,3,1,0,0,1,3,2,1,7,,,
201025110476,6,4,2,79,10,129.8,1,2,7,2010,2,15,25,0,0,1,2,1,0,0,1,3,0,1,3,,,
201025110502,1,4,2,79,10,1.664,2,1,2,2010,21,5,25,0,1,5,3,1,3,4,1,3,0,1,8,,,
201025110512,1,4,4,79,10,3.896,1,2,1,2010,5,40,74,0,0,1,3,10,3,2,1,3,0,1,4,,,
201025110515,6,4,4,79,10,128.582,3,2,3,2010,15,20,12,1,0,1,1,2,0,0,2,3,0,1,1,,,
201025110549,3,4,7,79,10,22.188,1,2,7,2010,23,0,21,0,0,1,3,1,3,1,1,3,0,1,1,,,
201025110552,5,4,7,79,10,55.47,1,2,5,2010,0,30,43,0,0,1,3,1,2,1,2,3,0,1,5,,,
201025110567,6,4,7,79,10,133.128,2,2,1,2010,17,50,12,2,0,2,1,1,0,0,1,3,0,2,1,,,
201025110574,3,4,7,79,10,22.188,1,2,4,2010,7,0,21,0,0,2,4,1,2,1,2,3,0,2,1,,,
201025110576,4,4,7,79,10,299.538,2,2,6,2010,21,25,12,8,0,1,3,2,0,0,2,3,0,1,1,,,
201025110595,5,4,7,79,10,55.47,2,2,3,2010,17,10,12,2,0,2,1,1,2,3,2,3,0,8,1,,,
201025110600,6,4,7,79,10,133.128,2,2,7,2010,16,55,12,6,0,2,5,1,2,3,2,3,0,2,1,,,
201025110604,3,4,7,79,10,22.188,2,2,6,2010,16,15,12,6,0,4,1,10,2,1,2,3,0,1,1,,,
201025110606,2,4,7,79,10,11.094,2,2,5,2010,12,15,12,6,0,2,1,1,2,1,2,3,0,8,1,,,
201025110618,5,4,7,79,10,55.47,2,2,7,2010,0,5,12,1,0,2,3,1,1,2,1,3,0,2,1,,,
201025110620,1,4,7,79,10,11.094,2,2,7,2010,15,35,12,6,0,2,1,1,3,4,2,3,0,2,1,,,
201025110621,1,4,7,79,10,11.094,2,2,6,2010,21,25,33,0,0,1,3,1,4,1,2,3,1,1,4,,,
201025110622,3,4,7,79,10,22.188,1,2,6,2010,23,25,21,0,0,1,3,1,3,2,1,3,0,1,1,,,
201025110655,2,4,2,79,10,1.664,2,2,7,2010,5,5,25,0,1,19,2,2,1,1,1,3,0,1,3,,,
201025110666,4,4,2,79,10,294.546,1,2,6,2010,9,45,74,0,0,1,1,2,0,0,2,3,0,1,3,,,
201025110707,2,4,2,79,10,1.664,3,2,3,2010,7,0,12,1,0,1,1,10,1,1,2,3,0,1,1,,,
201025110717,2,4,2,79,10,1.664,2,2,3,2010,15,25,12,6,0,1,1,2,0,0,2,3,0,1,1,,,
201025110719,2,4,2,79,10,1.664,2,2,4,2010,2,25,12,7,0,1,3,10,2,1,2,3,0,1,1,,,
201025110770,2,4,4,79,10,3.896,2,2,3,2010,16,40,12,7,1,18,1,1,0,0,2,3,0,1,1,,,
201025110773,2,4,4,79,10,3.896,3,2,5,2010,7,50,12,7,0,1,1,1,1,1,2,3,0,1,1,,,
201025110783,4,4,4,79,10,296.128,2,2,3,2010,11,35,12,7,1,5,1,1,0,0,2,3,0,1,1,,,
201025110785,2,4,6,79,10,4.835,3,2,1,2010,12,5,12,7,0,1,1,1,1,1,2,3,0,1,1,,,
201025110803,2,4,2,79,10,1.664,2,2,5,2010,6,34,12,7,0,1,1,1,0,0,2,3,0,1,1,,,
201025110876,2,4,2,79,10,1.664,1,2,3,2010,13,5,43,0,1,19,1,1,0,0,2,3,0,1,6,,,
201025110899,5,4,4,79,10,58.446,3,2,3,2010,15,45,12,1,0,1,1,1,1,1,2,3,0,1,1,,,
201025110903,2,4,4,79,10,3.896,2,2,5,2010,22,20,45,0,0,1,3,1,1,1,2,3,1,1,1,,,
201025110916,5,4,7,79,10,55.47,2,3,7,2010,22,25,12,6,0,2,3,10,1,1,2,3,0,2,1,,,
201025110927,3,4,7,79,10,22.188,2,3,5,2010,11,20,1,0,0,2,1,1,2,1,2,3,0,2,1,,,
201025110929,1,4,7,79,10,11.094,3,3,4,2010,22,45,12,2,0,1,3,2,3,5,1,3,0,1,1,,,
201025110938,6,4,7,79,10,133.128,2,2,1,2010,12,40,12,6,0,2,1,1,1,2,2,3,0,2,1,,,
201025110941,5,4,7,79,10,55.47,2,2,5,2010,17,0,12,6,0,2,5,1,1,3,2,3,0,2,1,,,
201025110945,4,4,7,79,10,299.538,1,3,3,2010,19,20,33,0,0,1,3,10,0,0,2,3,0,1,4,,,
201025110955,1,4,7,79,10,11.094,2,2,1,2010,21,5,12,6,0,2,2,1,3,2,1,3,0,2,1,,,
201025110965,2,4,2,79,10,1.664,3,2,6,2010,11,57,12,1,0,1,1,1,2,1,2,3,0,1,1,,,
201025110974,2,4,2,79,10,1.664,3,2,7,2010,13,55,12,1,0,1,1,1,1,4,2,3,0,1,1,,,
201025110995,2,4,2,79,10,1.664,2,2,3,2010,12,15,12,1,1,5,1,1,0,0,2,3,0,1,1,,,
201025111050,2,4,2,79,10,1.664,2,2,7,2010,15,45,12,7,1,5,1,10,0,0,2,3,0,1,1,,,
201025111053,4,4,2,79,10,294.546,2,2,1,2010,16,25,12,1,0,1,1,1,1,2,2,3,0,1,1,,,
201025111108,3,4,4,79,10,19.482,2,3,5,2010,19,35,12,7,0,1,2,1,2,1,2,3,0,1,1,,,
201025111120,2,4,6,79,10,4.835,2,2,6,2010,20,40,33,0,1,5,2,2,0,0,2,3,0,1,8,,,
201025111122,4,4,6,79,10,294.913,2,2,5,2010,12,20,12,1,1,18,1,1,0,0,2,3,0,1,1,,,
201025111126,5,4,6,79,10,58.016,2,2,6,2010,13,35,25,0,0,1,1,1,1,1,2,3,0,1,3,,,
201025111151,5,4,7,79,10,55.47,2,3,7,2010,16,0,12,6,0,4,1,1,1,2,2,3,0,1,1,,,
201025111164,3,4,7,79,10,22.188,1,3,1,2010,16,45,22,0,0,4,1,1,2,1,2,3,0,1,1,,,
201025111171,6,4,7,79,10,133.128,2,3,7,2010,11,45,12,6,0,4,1,2,2,1,2,3,0,1,1,,,
201025111172,5,4,7,79,10,55.47,2,2,7,2010,4,15,12,2,0,2,3,2,1,2,2,3,0,2,1,,,
201025111180,1,4,7,79,10,11.094,3,3,7,2010,22,50,12,6,0,2,3,1,3,5,1,3,0,2,1,,,
201025111196,5,4,7,79,10,55.47,2,3,3,2010,5,15,12,6,1,2,4,1,1,2,2,3,0,2,1,,,
201025111199,2,4,7,79,10,11.094,2,2,6,2010,7,30,12,1,0,2,1,1,1,1,2,3,0,3,1,,,
201025111201,6,4,7,79,10,133.128,2,2,7,2010,10,40,14,0,0,2,1,2,2,1,2,3,1,8,7,,,
201025111205,4,4,7,79,10,299.538,3,3,5,2010,19,10,14,0,0,1,3,1,0,0,2,3,2,1,7,,,
201025111229,6,4,2,79,10,129.8,1,3,3,2010,1,10,33,0,0,1,3,1,2,2,2,3,0,1,4,,,
201025111328,5,4,2,79,10,58.243,2,3,5,2010,3,10,12,1,0,1,3,1,1,1,2,3,0,1,1,,,
201025111339,2,4,2,79,10,1.664,2,3,3,2010,12,55,12,1,0,1,1,1,1,1,2,3,0,1,1,,,
201025111354,2,4,2,79,10,1.664,2,3,3,2010,19,5,12,7,1,18,3,1,0,0,2,3,0,1,1,,,
201025111358,2,4,2,79,10,1.664,3,3,4,2010,9,17,12,1,0,1,1,1,0,0,2,3,0,1,1,,,
201025111365,3,4,2,79,10,18.305,2,3,4,2010,18,25,12,7,1,18,3,1,3,1,2,3,0,1,1,,,
201025111420,3,4,7,79,10,22.188,2,3,7,2010,16,35,12,6,0,2,1,1,2,1,2,3,0,8,1,,,
201025111422,5,4,7,79,10,55.47,2,3,6,2010,18,5,12,6,0,2,1,1,2,3,2,3,0,2,1,,,
201025111426,3,4,7,79,10,22.188,2,3,5,2010,13,35,12,6,0,4,1,1,2,1,2,3,0,1,1,,,
201025111431,3,4,7,79,10,22.188,1,3,4,2010,17,40,21,0,0,1,1,1,3,1,2,3,0,1,1,,,
201025111442,1,4,7,79,10,11.094,1,3,1,2010,1,30,33,0,0,1,3,1,3,1,2,3,0,1,4,,,
201025111449,6,4,7,79,10,133.128,4,3,4,2010,13,5,12,2,0,2,1,1,1,1,2,3,0,2,1,,,
201025111455,5,4,7,79,10,55.47,2,3,7,2010,21,10,12,6,0,2,3,1,2,2,2,3,0,2,1,,,
201025111458,4,4,7,79,10,299.538,3,3,2,2010,7,45,12,1,0,1,1,1,1,1,2,3,0,1,1,,,
201025111461,3,4,7,79,10,22.188,1,3,7,2010,17,55,21,0,0,1,1,1,2,1,2,3,0,1,1,,,
201025111530,4,4,4,79,10,296.128,2,3,4,2010,8,30,12,7,0,1,1,1,0,0,2,3,0,1,1,,,
201025111541,6,4,6,79,10,130.535,1,3,7,2010,20,0,25,0,0,1,2,2,1,1,2,3,0,1,3,,,
201025111544,2,4,6,79,10,4.835,3,3,4,2010,6,0,12,1,1,5,1,1,2,2,2,3,0,1,1,,,
201025111569,6,4,7,79,10,133.128,2,3,7,2010,19,15,12,1,0,2,3,1,0,0,2,3,0,2,1,,,
201025111572,3,4,7,79,10,22.188,2,3,5,2010,19,45,12,6,0,2,1,1,3,1,2,3,0,2,1,,,
201025111579,2,4,7,79,10,11.094,2,3,3,2010,17,0,12,1,0,2,1,1,1,1,2,3,0,8,1,,,
201025111583,1,4,7,79,10,11.094,2,3,7,2010,14,55,12,6,0,2,1,1,3,2,2,3,0,8,1,,,
201025111594,3,4,7,79,10,22.188,1,3,7,2010,16,25,21,0,0,1,1,1,3,1,2,3,0,1,1,,,
201025111595,4,4,7,79,10,299.538,2,3,6,2010,11,25,12,1,0,2,1,1,1,1,2,3,0,8,1,,,
201025111601,6,4,7,79,10,133.128,1,3,3,2010,12,40,33,0,0,1,1,1,0,0,2,3,0,1,4,,,
201025111607,5,4,7,79,10,55.47,2,3,6,2010,16,35,12,6,0,4,1,1,1,1,2,3,0,1,1,,,
201025111613,3,4,7,79,10,22.188,2,3,4,2010,18,10,12,6,0,1,1,1,2,1,2,3,0,1,1,,,
201025111673,4,4,2,79,10,294.546,2,3,7,2010,10,15,12,7,1,5,1,10,0,0,2,3,0,1,1,,,
201025111859,6,4,4,79,10,128.582,1,3,5,2010,20,50,25,0,0,1,3,1,0,0,2,3,0,1,3,,,
201025111900,6,4,7,79,10,133.128,2,4,5,2010,20,5,12,6,0,2,3,1,1,2,2,3,0,8,1,,,
201025111901,3,4,7,79,10,22.188,1,4,5,2010,9,0,21,0,0,2,1,1,4,1,2,3,0,8,1,,,
201025111902,1,4,7,79,10,11.094,3,3,4,2010,23,20,12,6,0,2,3,1,3,4,2,3,0,2,1,,,
201025111912,4,4,7,79,10,299.538,2,3,3,2010,16,45,12,6,0,2,1,1,1,1,2,3,0,8,1,,,
201025111917,3,4,7,79,10,22.188,1,4,6,2010,15,10,22,0,0,2,1,1,2,1,2,3,0,8,1,,,
201025111919,1,4,7,79,10,11.094,2,4,6,2010,2,35,12,1,0,2,3,1,3,2,2,3,0,2,1,,,
201025111921,5,4,7,79,10,55.47,2,4,5,2010,11,10,12,6,0,2,1,1,2,3,2,3,0,2,1,,,
201025111931,6,4,7,79,10,133.128,2,4,5,2010,4,55,12,6,0,2,3,1,1,1,2,3,0,2,1,,,
201025111958,6,4,2,79,10,129.8,3,3,7,2010,8,22,12,1,1,5,1,1,1,1,2,3,0,1,1,,,
201025111980,4,4,2,79,10,294.546,3,3,1,2010,21,35,12,1,0,1,2,1,0,0,2,3,0,1,1,,,
201025112001,2,4,2,79,10,1.664,4,3,4,2010,23,35,12,1,1,18,3,1,1,1,2,3,0,1,1,,,
201025112038,2,4,2,79,10,1.664,2,3,6,2010,14,5,12,1,0,1,1,1,1,2,2,3,0,1,1,,,
201025112207,2,4,6,79,10,4.835,2,4,2,2010,9,40,12,7,0,1,1,2,0,0,2,3,0,1,1,,,
201025112240,4,4,7,79,10,299.538,3,4,4,2010,7,0,12,1,0,2,1,1,1,1,2,3,0,8,1,,,
201025112255,5,4,7,79,10,55.47,4,4,3,2010,10,30,12,6,0,2,1,1,1,2,2,3,0,8,1,,,
201025112262,3,4,7,79,10,22.188,1,4,6,2010,0,10,33,0,0,1,3,1,2,1,2,3,0,1,3,,,
201025112263,6,4,7,79,10,133.128,2,4,5,2010,11,30,12,6,0,2,1,1,1,1,2,3,0,8,1,,,
201025112286,5,4,7,79,10,55.47,2,4,5,2010,9,15,12,1,0,4,1,1,1,3,2,3,0,1,1,,,
201025112293,4,4,7,79,10,299.538,2,4,4,2010,13,0,14,0,0,2,1,1,0,0,2,3,1,8,7,,,
201025112295,1,4,7,79,10,11.094,2,4,3,2010,12,45,12,6,0,2,1,1,3,5,2,3,0,2,1,,,
201025112302,3,4,7,79,10,22.188,1,4,4,2010,15,0,21,0,0,1,1,2,3,1,2,3,0,1,1,,,
201025112313,6,4,7,79,10,133.128,2,4,7,2010,0,20,12,9,0,4,3,1,2,3,2,3,0,1,1,,,
201025112346,5,4,2,79,10,58.243,3,4,2,2010,20,37,12,1,0,1,1,1,1,2,2,3,0,1,1,,,
201025112375,3,4,2,79,10,18.305,2,4,5,2010,8,40,12,7,0,1,1,1,2,1,2,3,0,1,1,,,
201025112382,4,4,2,79,10,294.546,2,4,5,2010,16,55,12,7,1,18,1,1,0,0,2,3,0,1,1,,,
201025112456,4,4,4,79,10,296.128,3,4,3,2010,16,45,12,1,1,18,1,1,2,1,2,3,0,1,1,,,
201025112459,2,4,4,79,10,3.896,2,4,4,2010,4,20,12,1,0,1,2,1,0,0,2,3,0,1,1,,,
201025112479,3,4,4,79,10,19.482,2,4,1,2010,21,26,12,1,0,1,2,2,2,2,2,3,0,1,1,,,
201025112503,6,4,4,79,10,128.582,1,4,1,2010,2,20,38,0,1,5,3,1,0,0,2,3,0,1,5,,,
201025112509,5,4,4,79,10,58.446,1,4,3,2010,19,40,25,0,0,1,3,1,1,1,2,3,0,1,4,,,
201025112543,5,4,7,79,10,55.47,1,4,2,2010,0,15,30,0,0,1,3,1,1,1,2,3,0,1,4,,,
201025112548,1,4,7,79,10,11.094,2,4,5,2010,0,25,12,6,0,2,3,1,3,2,1,3,0,8,1,,,
201025112556,3,4,7,79,10,22.188,1,4,5,2010,8,0,21,0,0,2,1,10,2,1,2,3,0,2,1,,,
201025112562,4,4,7,79,10,299.538,2,4,2,2010,13,35,12,9,0,4,1,1,0,0,2,3,0,1,1,,,
201025112572,6,4,7,79,10,133.128,2,4,3,2010,16,5,12,6,1,2,1,10,2,3,2,3,0,3,1,,,
201025112581,5,4,7,79,10,55.47,2,4,2,2010,11,0,12,6,0,2,1,1,2,1,2,3,0,8,1,,,
201025112593,2,4,7,79,10,11.094,2,4,2,2010,14,35,12,7,0,2,1,1,0,0,2,3,0,2,1,,,
201025112598,5,4,7,79,10,55.47,2,4,1,2010,21,50,12,2,0,2,3,1,2,3,2,3,0,2,1,,,
201025112600,6,4,7,79,10,133.128,2,4,1,2010,9,10,12,7,0,1,1,1,0,0,2,3,0,1,1,,,
201025112609,6,4,2,79,10,129.8,3,4,5,2010,1,50,12,1,0,1,3,1,0,0,2,3,0,1,1,,,
201025112618,2,4,2,79,10,1.664,2,4,6,2010,16,20,12,7,0,1,1,1,1,1,2,3,0,1,1,,,
201025112627,2,4,2,79,10,1.664,3,4,6,2010,10,43,12,1,0,1,1,1,1,1,2,3,0,1,1,,,
201025112642,2,4,2,79,10,1.664,3,4,1,2010,22,15,12,1,0,1,3,2,0,0,2,3,0,1,1,,,
201025112725,3,4,7,79,10,22.188,1,4,6,2010,14,10,1,0,0,2,1,1,2,1,2,3,0,8,1,,,
201025112738,4,4,7,79,10,299.538,1,5,3,2010,12,45,46,0,0,2,1,1,0,0,2,3,0,2,4,,,
201025112742,6,4,7,79,10,133.128,1,5,1,2010,22,20,19,0,0,1,3,1,0,0,2,3,0,1,4,,,
201025112748,2,4,7,79,10,11.094,2,4,3,2010,6,35,12,6,0,2,1,1,0,0,2,3,0,2,1,,,
201025112749,5,4,7,79,10,55.47,2,4,3,2010,9,50,12,6,0,2,1,10,1,1,2,3,0,2,1,,,
201025112775,3,4,7,79,10,22.188,1,4,5,2010,14,35,22,0,0,4,1,1,2,1,2,3,0,1,1,,,
201025112780,2,4,2,79,10,1.664,2,4,4,2010,3,10,12,1,0,1,3,1,0,0,2,3,0,1,1,,,
201025112863,2,4,2,79,10,1.664,5,4,3,2010,13,40,12,2,1,18,1,2,1,1,2,3,0,1,1,,,
201025112895,2,4,2,79,10,1.664,2,4,5,2010,8,50,12,1,0,1,1,1,1,1,2,3,0,1,1,,,
201025112910,4,4,2,79,10,294.546,2,4,7,2010,16,0,12,1,1,18,1,1,0,0,2,3,0,1,1,,,
201025112933,2,4,2,79,10,1.664,2,4,3,2010,15,5,12,7,0,1,1,1,1,1,2,3,0,1,1,,,
201025112934,3,4,2,79,10,18.305,1,4,3,2010,18,30,33,0,1,18,1,10,4,1,2,3,0,1,4,,,
201025112958,2,4,2,79,10,1.664,2,4,2,2010,10,15,12,7,0,1,1,1,0,0,2,3,0,1,1,,,
201025113005,2,4,6,79,10,4.835,3,4,6,2010,15,0,75,0,0,1,1,1,0,0,2,3,0,1,4,,,
201025113011,2,4,6,79,10,4.835,2,4,3,2010,14,33,12,7,1,18,1,2,1,2,2,3,0,1,1,,,
201025113013,2,4,6,79,10,4.835,2,4,6,2010,0,40,12,6,0,1,3,1,3,1,1,3,0,1,1,,,
201025113018,4,4,6,79,10,294.913,2,4,2,2010,10,40,12,1,1,2,1,1,0,0,2,3,0,8,1,,,
201025113020,2,4,6,79,10,4.835,3,4,5,2010,13,50,12,7,0,1,1,1,0,0,2,3,0,1,1,,,
201025113027,5,4,6,79,10,58.016,3,5,1,2010,8,55,12,7,0,1,1,1,1,1,2,3,0,1,1,,,
201025113029,2,4,6,79,10,4.835,2,5,2,2010,5,55,25,0,0,1,4,1,2,1,2,3,0,1,4,,,
201025113039,5,4,7,79,10,55.47,2,5,1,2010,9,55,12,2,0,2,1,1,2,3,2,3,0,8,1,,,
201025113047,3,4,7,79,10,22.188,1,5,6,2010,7,35,21,0,0,2,1,1,2,1,2,3,0,3,1,,,
201025113051,4,4,7,79,10,299.538,2,5,4,2010,16,20,12,1,0,1,1,1,0,0,2,3,0,1,1,,,
201025113058,6,4,7,79,10,133.128,2,5,2,2010,7,20,12,1,0,2,1,1,0,0,2,3,0,8,1,,,
201025113067,2,4,7,79,10,11.094,3,5,5,2010,14,0,12,1,0,1,1,1,1,1,2,3,1,1,1,,,
201025113078,5,4,7,79,10,55.47,5,5,7,2010,19,45,12,1,0,1,3,1,2,1,2,3,0,1,1,,,
201025113087,3,4,7,79,10,22.188,3,5,1,2010,8,25,12,1,0,1,1,1,2,1,2,3,0,1,1,,,
201025113100,1,4,2,79,10,1.664,2,4,4,2010,2,15,25,0,0,1,3,2,3,2,2,3,0,1,3,,,
201025113178,2,4,2,79,10,1.664,2,5,2,2010,20,33,12,7,0,1,3,1,0,0,2,3,0,1,1,,,
201025113209,6,4,2,79,10,129.8,1,5,5,2010,2,15,33,0,0,1,3,1,0,0,2,3,0,1,4,,,
201025113223,1,4,2,79,10,1.664,2,5,1,2010,4,20,12,1,0,1,2,1,3,2,1,3,0,1,1,,,
201025113241,2,4,4,79,10,3.896,4,4,5,2010,20,0,12,1,0,1,3,1,2,1,2,3,0,1,1,,,
201025113249,4,4,4,79,10,296.128,2,5,7,2010,12,20,12,1,0,1,1,1,0,0,2,3,0,1,1,,,
201025113279,5,4,7,79,10,55.47,2,5,7,2010,10,40,12,6,0,2,1,1,1,2,2,3,0,8,1,,,
201025113284,3,4,7,79,10,22.188,2,5,6,2010,8,45,1,0,0,1,1,1,2,1,2,3,1,1,1,,,
201025113287,3,4,7,79,10,22.188,2,5,4,2010,16,35,14,0,0,1,1,1,2,1,2,3,1,1,7,,,
201025113288,6,4,7,79,10,133.128,3,5,4,2010,20,15,12,6,0,1,3,1,0,0,2,3,1,1,1,,,
201025113289,4,4,7,79,10,299.538,2,5,4,2010,13,40,14,0,0,1,1,1,0,0,2,3,1,1,7,,,
201025113292,1,4,7,79,10,11.094,1,5,1,2010,13,10,33,0,0,1,1,1,3,1,2,3,0,1,4,,,
201025113309,5,4,7,79,10,55.47,1,5,5,2010,7,20,33,0,0,1,1,1,2,1,2,3,0,1,4,,,
201025113316,6,4,7,79,10,133.128,2,5,2,2010,9,5,12,2,0,2,1,2,2,1,1,3,0,8,1,,,
201025113376,4,4,2,79,10,294.546,2,5,6,2010,16,45,12,1,0,1,1,1,0,0,2,3,0,1,1,,,
201025113472,3,4,4,79,10,19.482,1,5,7,2010,22,50,25,0,1,18,2,1,2,1,1,3,0,1,3,,,
201025113490,6,4,6,79,10,130.535,3,5,2,2010,18,5,12,1,0,1,1,1,1,1,2,3,0,1,1,,,
201025113502,2,4,2,79,10,1.664,2,5,3,2010,17,10,12,7,0,1,1,1,0,0,2,3,0,1,1,,,
201025113551,2,4,2,79,10,1.664,2,5,5,2010,10,45,12,6,0,1,1,1,2,1,2,3,0,1,1,,,
201025113667,4,4,2,79,10,294.546,2,5,3,2010,9,45,12,1,1,5,1,1,0,0,2,3,0,1,1,,,
201025113700,1,4,4,79,10,3.896,1,5,5,2010,3,40,25,0,0,1,2,1,3,2,1,3,0,1,3,,,
201025113709,5,4,7,79,10,55.47,2,6,4,2010,14,20,12,6,0,4,1,1,2,2,2,3,0,1,1,,,
201025113710,3,4,7,79,10,22.188,1,6,3,2010,20,20,21,0,0,2,3,1,2,1,2,3,0,2,1,,,
201025113721,1,4,7,79,10,11.094,2,5,1,2010,14,0,12,6,0,1,1,1,3,2,2,3,0,1,1,,,
201025113732,3,4,7,79,10,22.188,1,5,6,2010,18,10,22,0,0,4,1,1,2,1,2,3,0,1,1,,,
201025113738,5,4,7,79,10,55.47,3,6,4,2010,23,40,14,0,0,2,3,1,2,1,1,3,2,8,7,,,
201025113746,2,4,7,79,10,11.094,2,5,1,2010,7,0,12,1,0,2,1,1,1,3,2,3,0,8,1,,,
201025113751,6,4,7,79,10,133.128,2,5,5,2010,20,50,12,2,0,2,3,1,1,1,2,3,0,2,1,,,
201025113754,4,4,7,79,10,299.538,2,6,3,2010,7,30,12,1,0,1,1,1,0,0,2,3,0,1,1,,,
201025113768,3,4,7,79,10,22.188,1,5,4,2010,7,30,22,0,0,4,1,1,2,1,2,3,0,1,1,,,
201025113795,6,4,2,79,10,129.8,1,5,3,2010,6,45,33,0,0,1,1,2,0,0,2,3,0,1,4,,,
201025113851,2,4,2,79,10,1.664,3,5,4,2010,0,1,12,1,0,1,3,10,1,2,2,3,0,1,1,,,
201025113883,6,4,4,79,10,128.582,2,5,3,2010,18,5,12,1,0,1,1,1,1,1,2,3,0,1,1,,,
201025113884,2,4,4,79,10,3.896,2,5,5,2010,7,35,12,1,0,1,1,1,0,0,2,3,0,1,1,,,
201025113885,2,4,4,79,10,3.896,1,5,7,2010,2,14,1,0,1,5,3,1,0,0,2,3,0,1,4,,,
201025113897,4,4,4,79,10,296.128,3,5,1,2010,14,15,12,1,0,1,1,1,1,1,2,3,0,1,1,,,
201025113914,1,4,6,79,10,4.835,2,2,6,2010,2,50,12,1,1,18,3,10,4,1,2,3,0,1,1,,,
201025113918,2,4,6,79,10,4.835,2,5,5,2010,16,10,12,7,0,1,1,1,1,1,2,3,0,1,1,,,
201025113924,3,4,6,79,10,19.339,2,5,7,2010,10,25,12,6,0,1,1,1,2,1,2,3,0,1,1,,,
201025113936,5,4,7,79,10,55.47,2,6,1,2010,10,35,12,6,0,2,1,1,2,3,2,3,0,8,1,,,
201025113937,3,4,7,79,10,22.188,2,6,7,2010,22,15,12,6,0,2,3,1,2,1,2,3,0,8,1,,,
201025113946,2,4,7,79,10,11.094,2,6,2,2010,9,30,12,1,0,2,1,1,0,0,2,3,0,8,1,,,
201025113953,3,4,7,79,10,22.188,1,6,6,2010,13,55,21,0,0,1,1,1,3,1,2,3,0,1,1,,,
201025113959,6,4,7,79,10,133.128,2,6,4,2010,2,0,12,2,0,2,3,1,2,1,2,3,0,2,1,,,
201025113963,5,4,7,79,10,55.47,2,6,1,2010,2,40,12,1,0,1,3,1,1,1,1,3,0,1,1,,,
201025113981,3,4,7,79,10,22.188,1,6,1,2010,14,40,22,0,0,2,1,1,2,1,2,3,0,8,1,,,
201025113985,5,4,7,79,10,55.47,1,6,6,2010,4,10,33,0,0,1,3,1,2,1,1,3,0,1,4,,,
201025113993,4,4,7,79,10,299.538,2,5,6,2010,18,0,12,6,0,4,1,1,1,1,2,3,0,1,1,,,
201025113998,1,4,2,79,10,1.664,3,5,1,2010,2,50,12,1,0,1,3,1,3,1,1,3,0,1,1,,,
201025114005,3,4,2,79,10,18.305,2,5,1,2010,17,40,12,1,1,5,1,1,2,1,1,3,0,1,1,,,
201025114032,5,4,2,79,10,58.243,2,5,4,2010,8,35,12,1,0,1,1,1,1,1,2,3,0,1,1,,,
201025114080,6,4,7,79,10,133.128,1,6,1,2010,23,30,46,0,0,2,3,1,0,0,2,3,0,8,4,,,
201025114105,3,4,7,79,10,22.188,1,6,7,2010,18,55,22,0,0,4,1,1,2,1,2,3,0,1,1,,,
201025114111,5,4,7,79,10,55.47,2,6,6,2010,2,35,14,0,0,1,2,1,2,1,1,3,1,1,7,,,
201025114123,1,4,7,79,10,11.094,4,6,6,2010,8,20,12,2,0,2,1,1,3,2,2,3,0,2,1,,,
201025114127,5,4,7,79,10,55.47,3,6,2,2010,17,10,12,1,0,1,1,1,1,2,2,3,0,1,1,,,
201025114132,6,4,7,79,10,133.128,2,6,2,2010,21,50,12,6,0,2,2,1,0,0,2,3,0,8,1,,,
201025114136,4,4,7,79,10,299.538,2,6,6,2010,18,30,14,0,0,1,1,1,0,0,2,3,1,1,7,,,
201025114141,2,4,7,79,10,11.094,2,6,5,2010,12,20,12,6,1,2,1,1,1,1,2,3,0,3,1,,,
201025114175,2,4,2,79,10,1.664,1,6,3,2010,6,10,20,0,0,1,1,1,1,1,2,3,0,1,4,,,
201025114202,2,4,2,79,10,1.664,3,6,6,2010,13,0,12,1,0,1,1,1,0,0,2,3,0,1,1,,,
201025114233,4,4,2,79,10,294.546,2,6,1,2010,14,10,12,7,0,1,1,1,0,0,2,3,0,1,1,,,
201025114287,3,4,4,79,10,19.482,3,6,2,2010,14,20,12,1,0,1,1,1,2,1,2,3,0,1,1,,,
201025114320,3,4,7,79,10,22.188,1,6,2,2010,5,0,22,0,0,2,4,1,2,1,2,3,0,8,1,,,
201025114321,5,4,7,79,10,55.47,2,6,4,2010,17,35,74,0,0,1,1,1,2,1,2,3,1,1,4,,,
201025114322,6,4,7,79,10,133.128,3,6,3,2010,9,50,12,6,0,2,1,1,2,3,2,3,0,2,1,,,
201025114325,1,4,7,79,10,11.094,4,6,2,2010,7,30,12,1,0,2,1,1,4,4,2,3,0,2,1,,,
201025114342,2,4,7,79,10,11.094,2,6,2,2010,14,15,12,6,0,1,1,1,1,1,2,3,0,1,11,,,
201025114343,1,4,7,79,10,11.094,2,6,1,2010,13,40,12,6,0,2,1,1,3,4,2,3,0,3,1,,,