CASENUM,STRATUM,REGION,PJ,PSU,PSUSTRAT,WEIGHT,VE_TOTAL,MONTH,WKDY_IM,YEAR,HOUR_IM,MINUTE_IM,EVENT1_IM,MANCOL_IM,RELJCT1_IM,RELJCT2_IM,LGTCON_IM,WEATHR_IM,MAXSEV_IM,NO_INJ_IM,ALCHL_IM,LAND_USE,PVH_INVL,TYP_INT,REL_ROAD,CF1,CF2,CF3
201025118055,4,4,2,79,10,294.546,1,10,2,2010,8,45,1,0,0,1,1,2,0,0,2,3,0,1,1,,,
201025118108,3,4,7,79,10,22.188,1,10,6,2010,16,40,22,0,0,4,1,1,2,1,2,3,0,1,1,,,
201025118112,4,4,7,79,10,299.538,2,10,2,2010,8,20,12,7,0,1,1,2,0,0,2,3,0,1,1,,,
201025118116,2,4,7,79,10,11.094,3,10,7,2010,12,0,12,6,0,2,1,1,2,1,2,3,0,3,1,,,
201025118119,5,4,7,79,10,55.47,2,10,4,2010,17,25,12,1,0,1,1,1,1,1,2,3,0,1,1,,,
201025118129,5,4,7,79,10,55.47,2,10,7,2010,18,50,12,6,0,2,2,1,1,1,2,3,0,2,1,,,
201025118132,6,4,7,79,10,133.128,2,10,4,2010,10,20,12,6,0,1,1,10,0,0,2,3,0,1,1,,,
201025118145,2,4,7,79,10,11.094,2,10,5,2010,8,20,12,6,0,4,1,1,1,1,2,3,0,1,1,,,
201025118179,2,4,2,79,10,1.664,2,10,2,2010,11,55,33,0,1,5,1,2,2,1,2,3,0,1,4,,,
201025118186,2,4,2,79,10,1.664,4,10,3,2010,7,0,12,1,0,1,1,1,1,2,2,3,0,1,1,,,
201025118262,6,4,2,79,10,129.8,2,10,7,2010,10,50,12,1,0,1,1,1,2,1,2,3,0,1,1,,,
201025118280,2,4,2,79,10,1.664,2,10,2,2010,8,25,12,7,0,1,1,1,0,0,2,3,0,1,1,,,
201025118281,3,4,2,79,10,18.305,1,10,2,2010,6,25,25,0,0,1,4,1,2,1,2,3,0,1,3,,,
201025118312,2,4,2,79,10,1.664,5,10,2,2010,12,50,12,7,0,1,1,10,0,0,2,3,0,1,1,,,
201025118344,6,4,4,79,10,128.582,3,10,1,2010,0,5,12,1,0,1,3,1,0,0,2,3,0,1,1,,,
201025118356,4,4,4,79,10,296.128,2,10,4,2010,15,30,12,1,0,1,1,1,0,0,2,3,0,1,1,,,
201025118370,2,4,6,79,10,4.835,1,10,4,2010,5,50,35,0,0,1,1,1,0,0,2,3,0,1,4,,,
201025118375,6,4,6,79,10,130.535,3,10,7,2010,1,5,12,1,0,1,3,1,1,1,2,3,0,1,1,,,
201025118381,2,4,6,79,10,4.835,1,10,2,2010,5,28,35,0,0,1,2,2,0,0,2,3,0,1,4,,,
201025118385,2,4,6,79,10,4.835,1,10,2,2010,5,0,25,0,0,1,2,10,0,0,2,3,0,1,3,,,
201025118388,2,4,6,79,10,4.835,1,10,3,2010,11,10,1,0,0,1,1,10,0,0,2,3,0,1,3,,,
201025118394,3,4,7,79,10,22.188,1,10,2,2010,19,30,21,0,0,1,3,1,2,1,2,3,0,1,1,,,
201025118401,6,4,7,79,10,133.128,2,10,5,2010,8,45,12,7,0,1,1,10,0,0,2,3,0,1,1,,,
201025118409,4,4,7,79,10,299.538,1,10,3,2010,6,40,33,0,0,1,3,10,0,0,2,3,0,1,4,,,
201025118416,3,4,7,79,10,22.188,1,10,7,2010,7,25,22,0,0,2,1,10,2,1,2,3,0,8,1,,,
201025118424,5,4,7,79,10,55.47,2,10,2,2010,18,0,12,2,0,2,1,1,1,3,2,3,0,2,1,,,
201025118435,3,4,7,79,10,22.188,1,10,7,2010,15,35,21,0,0,1,1,10,2,1,2,3,0,8,1,,,
201025118437,6,4,7,79,10,133.128,1,10,6,2010,14,30,33,0,0,2,1,1,1,1,2,3,0,2,4,,,
201025118445,5,4,7,79,10,55.47,2,10,2,2010,6,10,14,0,0,1,1,2,1,1,2,3,1,1,7,,,
201025118506,5,4,2,79,10,58.243,1,10,3,2010,2,25,25,0,0,1,3,2,2,1,1,3,0,1,3,,,
201025118526,4,4,2,79,10,294.546,2,10,3,2010,13,10,14,0,0,1,1,2,0,0,2,3,1,1,2,,,
201025118563,2,4,4,79,10,3.896,2,10,6,2010,14,25,12,1,0,1,1,10,1,1,2,3,0,1,1,,,
201025118611,1,4,7,79,10,11.094,3,10,7,2010,2,25,12,6,0,2,2,1,3,3,1,3,0,8,1,,,
201025118617,2,4,7,79,10,11.094,2,10,5,2010,15,35,12,6,0,2,1,1,0,0,2,3,0,8,1,,,
201025118618,2,4,7,79,10,11.094,2,10,4,2010,15,0,12,8,0,1,1,1,2,2,2,3,0,1,1,,,
201025118620,3,4,7,79,10,22.188,3,10,4,2010,14,50,12,6,0,4,1,1,3,1,2,3,0,1,1,,,
201025118623,5,4,7,79,10,55.47,3,10,1,2010,21,10,12,6,0,2,2,1,2,1,2,3,0,2,1,,,
201025118624,1,4,7,79,10,11.094,2,10,7,2010,16,35,14,0,0,1,1,1,4,1,2,3,1,1,7,,,
201025118628,4,4,7,79,10,299.538,2,10,5,2010,17,35,12,8,0,1,3,1,1,1,2,3,0,1,1,,,
201025118675,2,4,2,79,10,1.664,2,10,5,2010,6,3,12,1,0,1,4,1,0,0,2,3,0,1,1,,,
201025118796,2,4,6,79,10,4.835,2,10,1,2010,22,42,12,6,0,1,2,10,0,0,2,3,0,1,1,,,
201025118798,2,4,6,79,10,4.835,1,10,2,2010,5,35,25,0,0,1,3,2,0,0,2,3,0,1,3,,,
201025118802,2,4,6,79,10,4.835,2,10,2,2010,5,35,30,0,1,18,3,2,2,1,2,3,0,1,8,,,
201025118814,4,4,6,79,10,294.913,2,11,3,2010,17,0,12,7,0,1,1,1,0,0,2,3,0,1,1,,,
201025118822,3,4,7,79,10,22.188,1,11,7,2010,12,55,1,0,0,2,1,1,2,1,2,3,0,8,1,,,
201025118838,3,4,7,79,10,22.188,2,10,6,2010,11,25,12,7,0,1,1,1,2,1,2,3,0,1,1,,,
201025118845,5,4,7,79,10,55.47,3,11,4,2010,8,0,12,6,0,1,1,1,0,0,2,3,1,1,1,,,
201025118848,6,4,7,79,10,133.128,5,11,2,2010,13,15,12,6,0,2,1,1,2,3,2,3,3,8,1,,,
201025118866,3,4,7,79,10,22.188,1,11,2,2010,6,50,22,0,0,2,3,1,3,1,2,3,0,2,1,,,
201025118870,1,4,7,79,10,11.094,2,11,4,2010,13,50,12,6,0,1,1,1,3,4,2,3,0,1,1,,,
201025118872,5,4,7,79,10,55.47,3,11,4,2010,7,25,12,6,0,2,1,1,2,1,2,3,0,2,1,,,
201025118881,1,4,7,79,10,11.094,2,10,6,2010,11,5,12,6,0,2,1,1,3,4,2,3,0,2,1,,,
201025118907,6,4,2,79,10,129.8,3,10,4,2010,6,0,12,1,0,1,2,2,0,0,2,3,0,1,1,,,
201025118966,2,4,2,79,10,1.664,3,10,4,2010,23,1,12,7,1,18,3,1,1,2,2,3,0,1,1,,,
201025119004,4,4,4,79,10,296.128,3,11,7,2010,13,29,12,1,1,18,1,10,0,0,2,3,0,1,1,,,
201025119018,4,4,7,79,10,299.538,2,11,2,2010,20,40,12,1,0,2,2,1,1,1,2,3,0,8,1,,,
201025119021,6,4,7,79,10,133.128,2,11,6,2010,17,35,12,6,0,2,3,1,1,2,2,3,0,8,1,,,
201025119037,5,4,7,79,10,55.47,2,11,2,2010,15,30,12,6,0,4,1,1,1,1,2,3,0,1,1,,,
201025119045,3,4,7,79,10,22.188,1,11,1,2010,23,45,21,0,0,1,3,2,2,1,2,3,0,1,1,,,
201025119061,3,4,7,79,10,22.188,2,11,3,2010,22,30,12,2,0,2,3,1,2,3,2,3,0,8,1,,,
201025119064,5,4,7,79,10,55.47,3,11,2,2010,20,40,12,1,0,2,3,1,2,3,2,3,0,8,1,,,
201025119067,6,4,7,79,10,133.128,3,11,5,2010,6,10,14,0,0,1,2,1,2,1,2,3,2,1,7,,,
201025119072,1,4,7,79,10,11.094,2,11,7,2010,10,25,12,6,0,2,1,1,3,3,2,3,0,2,1,,,
201025119075,3,4,7,79,10,22.188,2,11,4,2010,18,0,12,7,0,2,3,1,2,1,2,3,0,8,1,,,
201025119076,4,4,7,79,10,299.538,2,11,4,2010,21,0,14,0,0,2,3,1,0,0,2,3,1,8,7,,,
201025119093,5,4,7,79,10,55.47,3,11,6,2010,9,0,12,6,0,2,1,1,2,2,2,3,0,8,1,,,
201025119094,3,4,7,79,10,22.188,1,11,4,2010,7,15,1,0,0,4,4,1,3,1,2,3,0,1,1,,,
201025119118,4,4,2,79,10,294.546,2,10,7,2010,18,20,12,7,0,1,2,1,0,0,2,3,0,1,1,,,
201025119178,2,4,2,79,10,1.664,3,11,3,2010,11,25,12,7,0,1,1,1,1,3,2,3,0,1,1,,,
201025119259,2,4,2,79,10,1.664,2,11,6,2010,15,20,12,7,0,1,1,1,2,1,2,3,0,1,1,,,
201025119260,3,4,2,79,10,18.305,1,11,1,2010,3,0,20,0,1,19,3,1,2,1,1,3,0,1,8,,,
201025119271,2,4,2,79,10,1.664,2,11,6,2010,10,55,12,1,0,1,1,1,1,1,2,3,0,1,1,,,
201025119289,2,4,2,79,10,1.664,2,11,2,2010,6,20,12,6,0,5,4,2,0,0,2,3,0,1,1,,,
201025119295,2,4,2,79,10,1.664,1,11,2,2010,22,35,1,0,0,1,3,1,0,0,2,3,0,1,1,,,
201025119312,2,4,2,79,10,1.664,2,11,4,2010,3,15,12,7,0,1,3,1,1,1,1,3,0,1,1,,,
201025119314,2,4,2,79,10,1.664,3,11,4,2010,15,15,12,7,0,1,1,1,1,1,2,3,0,1,1,,,
201025119324,2,4,4,79,10,3.896,2,11,2,2010,5,50,12,7,0,1,2,1,0,0,2,3,0,1,1,,,
201025119333,6,4,4,79,10,128.582,6,11,7,2010,16,55,12,1,0,1,3,1,1,2,2,3,0,1,1,,,
201025119372,6,4,6,79,10,130.535,3,11,5,2010,13,13,12,1,0,1,1,1,1,1,2,3,0,1,1,,,
201025119439,2,4,2,79,10,1.664,5,11,5,2010,10,40,12,1,0,1,1,1,1,1,2,3,0,1,1,,,
201025119440,6,4,2,79,10,129.8,3,11,6,2010,7,5,12,1,0,1,1,1,0,0,2,3,0,1,1,,,
201025119447,2,4,2,79,10,1.664,4,11,6,2010,13,35,12,1,0,1,1,1,1,1,2,3,0,1,1,,,
201025119450,1,4,2,79,10,1.664,1,11,7,2010,2,50,33,0,1,19,3,1,3,6,1,3,0,1,3,,,
201025119466,4,4,2,79,10,294.546,2,11,7,2010,14,45,12,1,0,1,1,1,0,0,2,3,0,1,1,,,
201025119476,2,4,2,79,10,1.664,1,11,1,2010,8,15,1,0,1,5,1,1,2,1,2,3,0,1,1,,,
201025119485,2,4,2,79,10,1.664,2,11,2,2010,5,50,12,7,0,1,1,1,1,1,2,3,0,1,1,,,
201025119522,5,4,2,79,10,58.243,2,11,1,2010,4,0,12,1,0,1,3,1,2,3,2,3,0,1,1,,,
201025119560,6,4,7,79,10,133.128,2,11,6,2010,8,0,12,6,0,2,1,1,1,1,2,3,0,8,1,,,
201025119563,5,4,7,79,10,55.47,2,11,4,2010,16,45,12,6,0,2,1,1,2,3,2,3,0,8,1,,,
201025119578,5,4,7,79,10,55.47,2,11,4,2010,21,25,12,2,0,2,3,1,2,3,2,3,0,2,1,,,
201025119589,4,4,7,79,10,299.538,3,11,5,2010,8,25,14,0,0,2,1,1,0,0,2,3,2,8,7,,,
201025119600,5,4,7,79,10,55.47,3,11,4,2010,10,48,12,6,0,2,1,1,1,2,2,3,0,8,1,,,
201025119601,3,4,7,79,10,22.188,1,11,3,2010,17,30,15,0,0,1,5,1,2,1,2,3,0,1,1,,,
201025119607,1,4,7,79,10,11.094,2,11,2,2010,21,5,12,2,0,2,3,1,3,2,2,3,0,8,1,,,
201025119612,6,4,7,79,10,133.128,3,11,7,2010,14,20,14,0,0,1,1,2,1,1,2,3,2,1,7,,,
201025119705,2,4,2,79,10,1.664,2,11,7,2010,2,0,12,1,1,5,3,1,2,2,2,3,0,1,1,,,
201025119747,2,4,2,79,10,1.664,2,11,5,2010,10,48,14,0,1,5,1,1,2,2,2,3,1,1,8,,,
201025119758,2,4,4,79,10,3.896,2,11,1,2010,4,20,25,0,0,1,2,2,0,0,2,3,0,1,3,,,
201025119777,5,4,4,79,10,58.446,4,12,4,2010,8,40,12,1,0,1,1,1,1,1,2,3,0,1,1,,,
201025119794,5,4,6,79,10,58.016,2,11,7,2010,10,5,12,1,0,1,1,2,1,1,2,3,0,1,1,,,
201025119796,2,4,6,79,10,4.835,2,11,2,2010,3,0,74,0,0,1,2,1,2,2,2,3,0,1,3,,,
201025119803,2,4,6,79,10,4.835,4,11,3,2010,21,5,12,7,0,1,2,10,1,1,2,3,0,1,1,,,
201025119852,2,4,7,79,10,11.094,2,12,4,2010,7,0,12,1,0,1,1,1,3,1,2,3,0,1,1,,,
201025119868,6,4,7,79,10,133.128,1,12,2,2010,10,30,30,0,0,2,1,1,2,2,2,3,0,8,4,,,
201025119873,3,4,7,79,10,22.188,1,12,6,2010,19,5,21,0,0,2,2,1,3,1,2,3,0,8,1,,,
201025119878,5,4,7,79,10,55.47,3,12,1,2010,21,10,12,6,1,2,3,1,1,3,2,3,1,3,1,,,
201025119888,4,4,7,79,10,299.538,3,12,7,2010,18,20,12,1,0,2,3,2,1,4,1,3,0,2,1,,,
201025119900,6,4,7,79,10,133.128,3,12,7,2010,13,40,12,6,0,2,1,1,2,1,2,3,1,3,1,,,
201025119911,5,4,7,79,10,55.47,2,12,3,2010,18,0,12,2,1,18,2,1,1,1,2,3,0,1,1,,,
201025119932,5,4,7,79,10,55.47,6,12,3,2010,13,50,12,6,0,2,1,1,2,6,2,3,0,2,1,,,
201025119934,6,4,7,79,10,133.128,2,12,7,2010,14,40,12,6,0,4,1,2,0,0,2,3,0,1,1,,,
201025119939,3,4,7,79,10,22.188,2,12,5,2010,6,45,14,0,0,1,4,10,2,2,2,3,1,1,7,,,
201025119945,2,4,2,79,10,1.664,4,11,1,2010,20,4,12,1,0,1,2,1,1,1,2,3,0,1,1,,,
201025119991,2,4,2,79,10,1.664,2,11,7,2010,9,30,12,7,1,5,1,1,0,0,2,3,0,1,1,,,
201025120035,6,4,2,79,10,129.8,1,12,6,2010,23,45,25,0,0,1,2,1,0,0,2,3,0,1,3,,,
201025120093,1,4,2,79,10,1.664,1,12,2,2010,2,25,20,0,1,5,3,2,3,1,2,3,0,1,8,,,
201025120124,2,4,4,79,10,3.896,3,12,4,2010,6,35,12,1,0,1,4,2,0,0,2,3,0,1,1,,,
201025120167,4,4,7,79,10,299.538,2,12,1,2010,16,15,12,6,0,4,1,2,1,1,2,3,0,1,1,,,
201025120198,2,4,2,79,10,1.664,2,12,6,2010,10,55,12,7,0,1,1,1,1,2,2,3,0,1,1,,,
201025120199,2,4,2,79,10,1.664,2,12,6,2010,12,40,12,7,0,1,1,1,1,1,2,3,0,1,1,,,
201025120217,4,4,2,79,10,294.546,2,12,7,2010,0,15,12,7,0,1,3,1,0,0,2,3,0,1,1,,,
201025120238,2,4,2,79,10,1.664,2,12,3,2010,4,51,12,7,0,1,3,1,1,1,2,3,0,1,1,,,
201025120266,2,4,2,79,10,1.664,2,12,4,2010,14,30,12,1,1,18,1,1,1,2,2,3,0,1,1,,,
201025120329,6,4,4,79,10,128.582,1,12,6,2010,14,50,74,0,1,5,1,2,0,0,2,3,0,1,4,,,
201025120347,2,4,6,79,10,4.835,2,12,5,2010,19,52,12,7,0,1,2,1,1,2,2,3,0,1,1,,,
201025120348,2,4,6,79,10,4.835,2,12,6,2010,10,20,74,0,0,1,1,2,1,1,2,3,0,1,4,,,
201025120359,6,4,6,79,10,130.535,3,12,2,2010,14,15,12,1,0,1,1,1,0,0,2,3,0,1,1,,,
201025120363,2,4,6,79,10,4.835,2,12,4,2010,7,3,25,0,0,1,1,2,0,0,2,3,0,1,3,,,
201025120367,6,4,7,79,10,133.128,2,12,1,2010,20,10,12,6,0,2,3,1,1,1,2,3,0,8,1,,,
201025120368,3,4,7,79,10,22.188,1,12,6,2010,7,55,21,0,0,2,1,1,2,1,2,3,0,8,1,,,
201025120380,1,4,7,79,10,11.094,1,12,6,2010,1,10,33,0,0,1,3,1,3,1,2,3,0,1,4,,,
201025120383,1,4,7,79,10,11.094,1,12,3,2010,8,40,33,0,0,1,1,1,3,2,2,3,0,1,4,,,
201025120387,3,4,7,79,10,22.188,1,12,4,2010,16,0,21,0,0,2,1,2,3,1,1,3,0,8,1,,,
201025120393,4,4,7,79,10,299.538,2,12,2,2010,14,35,12,1,0,2,1,1,1,3,2,3,0,3,1,,,
201025120394,5,4,7,79,10,55.47,2,12,1,2010,15,30,12,2,0,2,1,1,2,2,2,3,0,2,1,,,
201025120410,6,4,7,79,10,133.128,1,12,6,2010,2,0,30,0,0,1,3,1,0,0,1,3,0,1,4,,,
201025120412,5,4,7,79,10,55.47,2,12,3,2010,10,50,12,6,0,4,1,1,2,2,2,3,0,1,1,,,
201025120416,3,4,7,79,10,22.188,2,12,4,2010,19,15,12,6,0,2,3,1,2,1,2,3,0,8,1,,,
201025120442,2,4,2,79,10,1.664,2,12,3,2010,7,30,12,1,1,18,1,1,1,1,2,3,0,1,1,,,
201025120448,2,4,2,79,10,1.664,2,12,3,2010,12,5,12,7,0,1,1,1,1,1,2,3,0,1,1,,,
201025120458,2,4,2,79,10,1.664,2,12,3,2010,18,35,12,1,0,1,3,1,0,0,2,3,0,1,1,,,
201025120463,2,4,2,79,10,1.664,3,12,3,2010,6,5,12,7,0,1,3,1,1,1,2,3,0,1,1,,,
201025120498,5,4,2,79,10,58.243,1,12,6,2010,1,45,25,0,0,1,3,5,2,1,1,3,0,1,3,,,
201025120501,2,4,2,79,10,1.664,1,12,6,2010,4,30,74,0,1,5,3,1,2,1,2,3,0,1,4,,,
201025120524,2,4,2,79,10,1.664,4,12,2,2010,6,45,8,0,1,18,1,1,3,1,2,3,0,1,1,,,
201025120564,2,4,2,79,10,1.664,2,12,6,2010,12,0,25,0,0,1,1,2,0,0,2,3,0,1,3,,,
201025120574,2,4,2,79,10,1.664,3,12,1,2010,9,35,12,7,0,1,1,2,1,2,2,3,0,1,1,,,
201025120623,4,4,2,79,10,294.546,1,12,2,2010,10,21,25,0,1,5,1,2,0,0,2,3,0,1,4,,,
201025120885,6,4,2,79,10,129.8,2,12,1,2010,2,5,12,7,1,18,3,1,2,1,2,3,0,1,1,,,
201025121158,2,4,2,79,10,1.664,2,12,6,2010,6,35,12,7,0,1,1,1,1,1,2,3,0,1,1,,,
201026600355,4,1,2,1,2,304.982,1,1,6,2010,18,36,24,0,0,1,3,4,0,0,2,2,0,1,1,,,
201026600360,6,1,2,1,2,135.548,2,1,1,2010,8,48,12,2,0,1,1,4,0,0,2,2,0,1,1,,,
201026600365,5,1,2,1,2,67.774,1,1,2,2010,14,30,42,0,0,1,1,1,1,1,2,2,0,1,5,,,
201026600366,6,1,2,1,2,135.548,2,1,2,2010,15,29,12,6,0,2,1,1,0,0,2,2,0,2,1,,,
201026600368,6,1,13,1,2,135.548,1,1,4,2010,5,45,30,0,0,1,6,10,0,0,2,8,0,1,4,,,
201026600373,6,1,1,1,2,135.548,1,1,7,2010,9,46,74,0,0,6,1,4,0,0,2,2,0,1,4,,,
201026600380,1,1,1,1,2,33.887,2,1,3,2010,19,10,12,2,0,2,3,1,3,1,2,2,0,8,1,,,
201026600382,5,1,4,1,2,67.774,1,1,7,2010,10,48,30,0,0,1,1,10,1,1,2,1,0,1,4,,,
201026600388,4,1,4,1,2,304.982,2,1,4,2010,17,40,12,2,0,4,3,10,0,0,2,1,0,1,1,,,
201026600398,4,1,2,1,2,304.982,1,1,2,2010,20,45,24,0,0,1,2,1,0,0,2,2,0,1,1,,,
201026600399,6,1,2,1,2,135.548,1,1,2,2010,1,19,24,0,0,1,2,1,0,0,2,2,0,1,1,,,
201026600406,6,1,2,1,2,135.548,2,1,5,2010,7,35,12,1,0,1,1,1,0,0,2,2,0,1,1,,,
201026600411,3,1,4,1,2,33.887,1,1,3,2010,20,9,22,0,0,2,3,10,2,1,2,1,0,8,1,,,
201026600414,5,1,4,1,2,67.774,2,1,5,2010,8,21,12,2,0,1,1,10,1,2,2,1,0,1,1,,,
201026600415,6,1,4,1,2,135.548,2,1,5,2010,15,47,12,2,0,2,1,10,0,0,2,1,0,3,1,,,
201026600418,5,1,4,1,2,67.774,2,1,5,2010,18,35,12,2,0,2,3,1,1,1,2,1,0,2,1,,,
201026600424,6,1,4,1,2,135.548,3,1,2,2010,8,53,12,1,0,1,1,10,0,0,2,1,0,1,1,,,
201026600427,6,1,10,1,2,135.548,1,1,1,2010,8,54,59,0,0,1,1,4,0,0,2,8,0,1,5,,,
201026600429,6,1,12,1,2,135.548,1,1,7,2010,12,55,24,0,0,1,1,1,0,0,2,8,0,1,1,,,
201026600442,6,1,2,1,2,135.548,2,1,6,2010,7,53,12,1,0,2,1,10,1,1,2,2,0,8,1,,,
201026600448,6,1,2,1,2,135.548,1,1,2,2010,0,17,30,0,0,1,3,4,0,0,2,2,0,1,4,,,
201026600450,5,1,4,1,2,67.774,2,1,5,2010,15,57,12,1,0,1,1,1,1,1,2,1,0,1,1,,,
201026600453,4,1,4,1,2,304.982,2,1,6,2010,22,16,12,6,0,1,3,1,0,0,2,1,0,1,1,,,
201026600455,6,1,4,1,2,135.548,1,1,1,2010,20,3,42,0,0,4,1,4,0,0,2,1,0,1,5,,,
201026600458,5,1,4,1,2,67.774,1,1,2,2010,11,50,42,0,0,1,1,10,1,2,2,1,0,1,4,,,
201026600467,6,1,1,1,2,135.548,2,1,4,2010,6,45,14,0,0,1,4,1,0,0,2,2,1,1,,,,
201026600472,4,1,1,1,2,304.982,2,1,5,2010,18,37,12,1,0,2,3,10,0,0,2,2,0,8,1,,,
201026600479,6,1,1,1,2,135.548,2,1,6,2010,16,42,12,6,0,2,1,4,2,1,2,2,0,8,1,,,
201026600482,4,1,1,1,2,304.982,2,1,7,2010,8,23,12,6,0,2,1,1,0,0,2,2,0,8,1,,,
201026600491,4,1,1,1,2,304.982,2,1,5,2010,15,39,12,1,0,2,1,1,1,1,2,2,0,8,1,,,
201026600496,1,1,1,1,2,33.887,1,1,2,2010,6,36,30,0,0,1,4,4,3,1,2,2,0,1,4,,,
201026600502,4,1,2,1,2,304.982,2,1,6,2010,12,41,12,6,0,4,1,1,0,0,2,2,0,1,1,,,
201026600504,1,1,2,1,2,33.887,2,1,7,2010,12,7,12,6,0,4,1,1,3,4,2,2,0,1,1,,,
201026600513,4,1,2,1,2,304.982,1,1,5,2010,8,0,74,0,0,1,1,4,0,0,2,2,0,1,,,,
201026600518,6,1,8,1,2,135.548,2,1,5,2010,15,5,12,1,0,2,1,1,0,0,2,1,0,8,1,,,
201026600523,6,1,8,1,2,135.548,2,1,4,2010,18,5,12,6,0,2,3,4,0,0,2,1,0,8,1,,,
201026600525,4,1,8,1,2,304.982,2,1,6,2010,9,56,12,6,0,4,1,10,0,0,2,1,0,1,1,,,
201026600533,5,1,8,1,2,67.774,2,1,2,2010,3,47,12,1,0,2,3,2,1,1,1,1,0,10,1,,,
201026600536,4,1,8,1,2,304.982,2,1,4,2010,18,37,12,6,0,4,3,10,0,0,2,1,0,1,1,,,
201026600541,4,1,1,1,2,304.982,2,1,6,2010,15,37,12,1,0,2,1,10,0,0,2,2,0,8,1,,,
201026600543,6,1,1,1,2,135.548,1,1,7,2010,17,37,34,0,1,5,1,10,0,0,2,2,0,1,8,,,
201026600549,4,1,4,1,2,304.982,2,1,6,2010,18,18,12,6,0,4,3,1,0,0,2,1,0,1,1,,,
201026600558,4,1,10,1,2,304.982,1,1,5,2010,23,10,18,0,0,1,2,1,0,0,2,8,0,1,1,,,
201026600563,2,1,12,1,2,33.887,2,1,6,2010,11,55,14,0,0,1,1,1,2,1,2,8,1,1,2,,,
201026600569,5,1,2,1,2,67.774,2,2,5,2010,15,52,12,2,0,4,1,1,1,2,2,2,0,1,1,,,
201026600571,4,1,2,1,2,304.982,1,2,5,2010,22,25,24,0,0,1,2,1,0,0,2,2,0,1,1,,,
201026600572,6,1,2,1,2,135.548,2,2,6,2010,16,25,12,1,0,1,1,10,0,0,2,2,0,1,1,,,
201026600582,4,1,1,1,2,304.982,1,2,4,2010,12,21,77,0,0,6,1,10,0,0,2,2,0,1,1,,,
201026600591,5,1,1,1,2,67.774,2,2,2,2010,15,23,14,0,0,1,1,1,1,1,2,2,1,1,7,,,
201026600595,6,1,8,1,2,135.548,2,1,4,2010,18,5,12,6,0,2,3,4,0,0,2,1,0,8,1,,,
201026600605,5,1,2,1,2,67.774,1,2,4,2010,10,26,30,0,0,1,1,4,1,1,2,2,0,1,,,,
201026600609,6,1,2,1,2,135.548,2,2,1,2010,16,45,12,6,0,2,1,10,0,0,2,2,0,10,1,,,
201026600614,4,1,2,1,2,304.982,2,2,3,2010,13,25,12,1,0,2,1,4,0,0,2,2,0,8,1,,,
201026600616,6,1,2,1,2,135.548,1,2,3,2010,14,40,30,0,0,1,1,4,0,0,2,2,0,1,,,,
201026600623,6,1,2,1,2,135.548,2,2,3,2010,17,27,12,6,0,2,5,4,0,0,2,2,0,3,1,,,
201026600626,4,1,4,1,2,304.982,2,2,2,2010,8,41,12,1,0,2,1,10,1,1,2,1,0,10,1,,,
201026600629,5,1,4,1,2,67.774,2,2,4,2010,12,9,12,6,0,2,1,10,1,2,2,1,0,3,1,,,
201026600637,6,1,4,1,2,135.548,1,2,7,2010,3,8,59,0,0,2,3,10,0,0,2,1,0,3,4,,,
201026600638,4,1,4,1,2,304.982,2,2,3,2010,8,59,12,1,0,1,1,10,0,0,2,1,0,1,1,,,
201026600640,3,1,4,1,2,33.887,1,2,1,2010,18,11,22,0,0,2,3,10,2,2,2,1,0,2,1,,,
201026600647,5,1,4,1,2,67.774,2,2,6,2010,7,52,12,6,0,2,1,1,1,2,2,1,0,3,1,,,
201026600650,6,1,4,1,2,135.548,2,2,7,2010,17,59,12,6,0,2,3,10,0,0,2,1,0,2,1,,,
201026600652,5,1,4,1,2,67.774,2,2,4,2010,12,24,12,6,0,1,1,4,1,2,2,1,0,1,1,,,
201026600658,4,1,4,1,2,304.982,2,2,4,2010,8,23,12,1,0,2,1,10,0,0,2,1,0,4,1,,,
201026600661,6,1,1,1,2,135.548,1,2,4,2010,14,42,30,0,0,1,1,4,0,0,2,2,0,1,4,,,
201026600663,4,1,1,1,2,304.982,2,2,5,2010,6,34,12,1,0,6,1,10,0,0,2,2,0,1,1,,,
201026600669,6,1,1,1,2,135.548,2,2,6,2010,16,27,12,6,0,2,1,1,0,0,2,2,0,8,1,,,
201026600679,6,1,1,1,2,135.548,1,2,3,2010,10,24,59,0,0,2,1,4,0,0,2,2,0,3,4,,,
201026600680,4,1,1,1,2,304.982,2,2,3,2010,10,34,12,6,0,1,1,4,1,2,2,2,0,1,1,,,
201026600691,6,1,1,1,2,135.548,2,2,4,2010,13,24,12,1,0,2,1,10,0,0,2,2,0,8,1,,,
201026600697,5,1,2,1,2,67.774,1,2,1,2010,14,8,30,0,0,1,1,1,1,1,2,2,0,1,4,,,
201026600704,6,1,2,1,2,135.548,2,2,1,2010,12,50,12,6,0,2,1,1,0,0,2,2,0,10,1,,,
201026600709,6,1,8,1,2,135.548,2,2,7,2010,23,5,12,6,0,4,3,4,0,0,2,1,0,1,1,,,
201026600713,4,1,1,1,2,304.982,2,2,3,2010,14,14,12,1,0,2,1,2,0,0,2,2,0,1,1,,,