CASENUM,STRATUM,REGION,PJ,PSU,PSUSTRAT,WEIGHT,VE_TOTAL,MONTH,WKDY_IM,YEAR,HOUR_IM,MINUTE_IM,EVENT1_IM,MANCOL_IM,RELJCT1_IM,RELJCT2_IM,LGTCON_IM,WEATHR_IM,MAXSEV_IM,NO_INJ_IM,ALCHL_IM,LAND_USE,PVH_INVL,TYP_INT,REL_ROAD,CF1,CF2,CF3
201026600724,4,1,1,1,2,304.982,2,2,3,2010,19,17,12,6,0,5,3,1,0,0,2,2,0,8,1,,,
201026600735,2,1,12,1,2,33.887,2,2,3,2010,15,45,12,6,0,1,1,4,0,0,2,8,0,1,1,,,
201026600736,4,1,12,1,2,304.982,1,2,3,2010,16,0,74,0,0,1,1,4,0,0,2,8,0,1,4,,,
201026600739,2,1,10,1,2,33.887,1,2,3,2010,20,39,25,0,0,1,2,4,0,0,2,8,0,1,4,,,
201026600740,6,1,10,1,2,135.548,1,2,3,2010,22,52,74,0,0,1,2,4,0,0,2,8,0,1,4,,,
201026600747,2,1,10,1,2,33.887,2,1,5,2010,17,12,12,6,1,5,5,10,1,1,2,8,0,1,1,,,
201026600751,6,1,4,1,2,135.548,1,2,2,2010,9,16,30,0,0,1,1,10,0,0,2,1,0,1,4,,,
201026600759,4,1,4,1,2,304.982,2,2,3,2010,15,24,12,1,0,2,1,4,0,0,2,1,0,2,1,,,
201026600772,4,1,4,1,2,304.982,2,3,2,2010,21,7,14,0,0,4,2,10,0,0,2,1,1,1,7,,,
201026600773,2,1,4,1,2,33.887,1,3,3,2010,8,18,34,0,0,1,1,1,1,1,2,1,0,1,4,,,
201026600775,6,1,4,1,2,135.548,1,3,4,2010,16,31,30,0,0,2,1,10,1,1,2,1,0,3,4,,,
201026600796,6,1,1,1,2,135.548,2,2,1,2010,10,3,12,6,0,4,1,3,1,1,2,2,0,1,1,,,
201026600798,5,1,1,1,2,67.774,2,3,2,2010,11,9,12,1,0,2,1,10,1,1,2,2,0,8,1,,,
201026600805,5,1,1,1,2,67.774,2,3,6,2010,8,55,12,2,0,2,1,1,1,1,2,2,0,8,1,,,
201026600806,4,1,1,1,2,304.982,2,3,4,2010,12,0,12,1,0,2,1,1,0,0,2,2,0,8,1,,,
201026600809,4,1,2,1,2,304.982,2,3,4,2010,9,38,12,1,0,2,1,10,0,0,2,2,0,8,1,,,
201026600813,6,1,2,1,2,135.548,2,3,4,2010,14,49,12,1,0,2,1,1,1,1,2,2,0,8,1,,,
201026600817,5,1,2,1,2,67.774,1,3,3,2010,8,17,24,0,0,1,1,1,1,1,2,2,0,1,1,,,
201026600824,4,1,8,1,2,304.982,2,3,2,2010,17,37,12,1,0,2,1,1,1,1,2,1,0,8,1,,,
201026600832,6,1,12,1,2,135.548,1,2,7,2010,20,34,34,0,0,1,2,4,0,0,2,8,0,1,4,,,
201026600837,2,1,10,1,2,33.887,1,3,2,2010,13,59,75,0,0,1,1,1,0,0,2,8,0,1,3,,,
201026600840,6,1,4,1,2,135.548,2,3,4,2010,7,39,12,2,0,2,1,1,1,1,2,1,0,3,1,,,
201026600848,6,1,13,1,2,135.548,1,1,6,2010,21,40,24,0,0,1,3,1,0,0,2,8,0,1,1,,,
201026600852,4,1,13,1,2,304.982,2,2,3,2010,12,30,14,0,0,4,1,1,0,0,2,8,1,1,7,,,
201026600859,6,1,13,1,2,135.548,2,3,2,2010,15,10,12,6,0,4,1,1,0,0,2,8,0,1,1,,,
201026600867,5,1,2,1,2,67.774,1,3,1,2010,14,50,30,0,0,1,1,10,1,1,2,2,0,1,,,,
201026600881,5,1,1,1,2,67.774,2,3,5,2010,17,54,12,2,0,2,1,1,1,3,2,2,0,8,1,,,
201026600883,6,1,1,1,2,135.548,1,3,6,2010,6,13,38,0,0,1,4,1,0,0,2,2,0,1,5,,,
201026600887,4,1,4,1,2,304.982,2,3,2,2010,8,49,12,1,0,1,1,10,0,0,2,1,0,1,1,,,
201026600895,5,1,4,1,2,67.774,2,3,7,2010,13,27,12,6,0,2,1,10,1,2,2,1,0,2,1,,,
201026600899,1,1,2,1,2,33.887,2,3,4,2010,18,34,12,6,0,2,5,1,4,2,2,2,0,2,1,,,
201026600902,6,1,2,1,2,135.548,1,3,4,2010,14,15,43,0,0,1,1,10,2,1,2,2,0,1,4,,,
201026600903,6,1,4,1,2,135.548,1,3,1,2010,1,30,30,0,0,1,3,1,0,0,1,1,0,1,4,,,
201026600907,4,1,1,1,2,304.982,2,3,4,2010,7,25,12,6,0,1,1,1,0,0,2,2,0,1,1,,,
201026600908,6,1,1,1,2,135.548,2,3,5,2010,11,45,12,2,0,2,1,1,1,2,2,2,0,8,1,,,
201026600909,3,1,1,1,2,33.887,1,3,7,2010,12,32,59,0,0,2,1,1,3,1,2,2,0,2,4,,,
201026600911,3,1,2,1,2,33.887,1,3,6,2010,10,21,21,0,0,2,1,1,3,2,2,2,0,8,1,,,
201026600915,6,1,2,1,2,135.548,2,4,3,2010,0,0,12,6,0,4,3,1,0,0,2,2,0,1,1,,,
201026600916,4,1,2,1,2,304.982,2,4,4,2010,16,23,12,2,0,1,1,1,0,0,2,2,0,1,1,,,
201026600919,6,1,8,1,2,135.548,1,4,6,2010,22,32,74,0,0,2,3,1,0,0,1,1,0,2,4,,,
201026600920,5,1,8,1,2,67.774,2,4,6,2010,14,24,12,2,0,2,1,1,1,1,2,1,0,8,1,,,
201026600931,5,1,1,1,2,67.774,3,4,2,2010,11,22,12,6,0,2,1,1,1,2,2,2,0,2,1,,,
201026600935,3,1,1,1,2,33.887,2,4,4,2010,20,9,12,1,0,4,1,1,1,1,2,2,0,1,1,,,
201026600937,4,1,1,1,2,304.982,1,4,1,2010,5,26,24,0,0,1,3,10,0,0,2,2,0,1,1,,,
201026600946,2,1,12,1,2,33.887,3,3,1,2010,22,20,12,6,0,1,2,2,0,0,2,8,0,1,1,,,
201026600947,6,1,12,1,2,135.548,1,3,3,2010,12,20,34,0,0,1,1,2,0,0,2,8,0,1,3,,,
201026600949,5,1,4,1,2,67.774,2,3,6,2010,11,0,12,6,0,2,1,10,1,1,2,1,0,2,1,,,
201026600950,4,1,4,1,2,304.982,2,3,6,2010,16,47,12,2,0,7,1,1,0,0,2,1,0,3,1,,,
201026600956,5,1,4,1,2,67.774,1,4,5,2010,15,44,59,0,0,1,1,10,1,1,2,1,0,1,4,,,
201026600962,6,1,4,1,2,135.548,2,4,2,2010,11,36,12,1,0,1,1,1,0,0,2,1,0,1,1,,,
201026600965,4,1,4,1,2,304.982,2,4,2,2010,18,52,12,6,0,2,5,1,0,0,2,1,0,3,1,,,
201026600969,4,1,13,1,2,304.982,1,3,6,2010,23,0,24,0,0,1,2,10,0,0,2,8,0,1,1,,,
201026600979,5,1,1,1,2,67.774,2,4,6,2010,18,23,12,2,0,4,1,1,1,3,2,2,0,1,1,,,
201026600993,6,1,2,1,2,135.548,2,4,4,2010,16,1,12,1,0,2,1,2,1,1,2,2,0,8,1,,,
201026600997,6,1,1,1,2,135.548,2,4,5,2010,8,42,12,6,0,4,1,1,0,0,2,2,0,1,1,,,
201026601000,4,1,1,1,2,304.982,2,4,4,2010,8,1,12,1,0,1,1,1,0,0,2,2,0,1,1,,,
201026601004,6,1,1,1,2,135.548,3,4,6,2010,12,4,12,1,0,2,1,1,0,0,2,2,0,3,1,,,
201026601007,1,1,1,1,2,33.887,3,4,7,2010,16,24,12,6,0,2,1,1,3,1,2,2,0,2,1,,,
201026601013,2,1,10,1,2,33.887,1,3,2,2010,13,59,74,0,0,1,1,1,0,0,2,8,0,1,3,,,
201026601017,6,1,10,1,2,135.548,1,4,7,2010,13,10,74,0,0,1,1,10,0,0,2,8,0,1,3,,,
201026601026,3,1,4,1,2,33.887,1,4,2,2010,6,28,7,0,0,1,1,10,2,1,2,1,0,1,1,,,
201026601027,2,1,4,1,2,33.887,1,4,2,2010,11,9,34,0,0,1,1,1,1,1,2,1,0,1,4,,,
201026601032,4,1,4,1,2,304.982,2,4,6,2010,13,39,12,6,0,2,1,1,1,1,2,1,0,3,1,,,
201026601041,4,1,8,1,2,304.982,2,4,2,2010,16,33,14,0,0,2,1,10,0,0,2,1,1,8,,,,
201026601043,6,1,8,1,2,135.548,2,4,7,2010,12,21,12,1,0,1,1,1,1,1,2,1,0,1,1,,,
201026601051,4,1,1,1,2,304.982,1,4,3,2010,8,15,71,0,0,1,1,2,0,0,2,2,0,1,1,,,
201026601053,6,1,1,1,2,135.548,2,4,5,2010,20,30,12,1,0,2,3,1,0,0,2,2,0,8,1,,,
201026601055,1,1,1,1,2,33.887,1,4,6,2010,7,28,30,0,0,1,1,1,3,1,2,2,0,1,4,,,
201026601064,5,1,4,1,2,67.774,2,4,3,2010,15,44,12,1,0,2,1,2,1,1,2,1,0,3,1,,,
201026601069,4,1,4,1,2,304.982,2,5,2,2010,16,50,12,1,0,1,1,1,0,0,2,1,0,1,1,,,
201026601084,5,1,4,1,2,67.774,2,5,2,2010,16,28,12,1,0,2,1,10,1,2,2,1,0,8,1,,,
201026601092,4,1,4,1,2,304.982,1,5,7,2010,2,51,25,0,0,2,3,1,1,1,1,1,0,2,10,,,
201026601101,4,1,1,1,2,304.982,2,5,2,2010,7,15,12,1,0,1,1,1,0,0,2,2,0,1,1,,,
201026601104,2,1,1,1,2,33.887,2,5,4,2010,16,21,12,6,0,4,1,1,0,0,2,2,0,1,1,,,
201026601117,5,1,2,1,2,67.774,1,5,6,2010,15,39,53,0,0,1,1,10,1,1,2,2,0,1,4,,,
201026601121,5,1,2,1,2,67.774,2,5,1,2010,17,36,12,2,0,4,1,1,3,2,2,2,0,1,1,,,
201026601122,6,1,2,1,2,135.548,1,5,2,2010,6,44,74,0,0,1,1,1,0,0,2,2,0,1,3,,,
201026601131,5,1,8,1,2,67.774,2,5,4,2010,10,56,12,1,0,2,1,2,1,1,2,1,0,8,1,,,
201026601132,4,1,8,1,2,304.982,2,5,6,2010,9,50,12,6,0,1,1,1,0,0,2,1,0,1,,,,
201026601137,6,1,1,1,2,135.548,3,5,6,2010,15,53,12,1,0,1,1,1,0,0,2,2,0,1,1,,,
201026601140,4,1,1,1,2,304.982,2,5,2,2010,7,49,12,1,0,2,1,1,0,0,2,2,0,8,1,,,
201026601145,6,1,4,1,2,135.548,2,5,7,2010,8,49,12,1,0,1,1,10,1,1,2,1,0,1,1,,,
201026601147,4,1,4,1,2,304.982,2,5,7,2010,17,27,12,1,0,2,1,1,0,0,2,1,0,3,1,,,
201026601155,6,1,13,1,2,135.548,1,4,3,2010,13,30,74,0,1,5,1,1,0,0,2,8,0,1,4,,,
201026601159,1,1,2,1,2,33.887,2,5,3,2010,15,35,12,2,0,2,1,1,3,2,2,2,0,2,1,,,
201026601170,4,1,1,1,2,304.982,3,5,5,2010,17,16,12,1,0,1,1,1,0,0,2,2,0,1,1,,,
201026601171,5,1,1,1,2,67.774,2,5,5,2010,16,6,12,6,0,2,1,1,1,1,2,2,0,8,1,,,
201026601177,2,1,10,1,2,33.887,1,5,6,2010,19,16,2,0,0,1,1,1,0,0,2,8,0,1,1,,,
201026601178,6,1,10,1,2,135.548,1,5,2,2010,17,2,32,0,0,1,1,1,0,0,2,8,0,1,3,,,
201026601184,6,1,2,1,2,135.548,2,5,5,2010,17,32,12,1,0,1,1,1,0,0,2,2,0,1,7,,,
201026601185,4,1,2,1,2,304.982,2,5,6,2010,8,31,14,0,0,4,1,1,0,0,2,2,1,1,7,,,
201026601199,4,1,4,1,2,304.982,2,5,2,2010,18,14,12,7,0,2,1,10,0,0,2,1,0,3,1,,,
201026601201,5,1,4,1,2,67.774,2,5,4,2010,18,5,12,2,0,1,1,1,2,1,2,1,0,1,1,,,
201026601205,6,1,4,1,2,135.548,2,5,5,2010,17,15,12,1,0,1,1,10,0,0,2,1,0,1,1,,,
201026601212,6,1,12,1,2,135.548,1,5,6,2010,23,30,24,0,0,1,2,1,0,0,2,8,0,1,1,,,
201026601225,4,1,4,1,2,304.982,3,6,4,2010,16,29,12,1,0,1,1,1,1,1,2,1,0,1,1,,,
201026601235,4,1,4,1,2,304.982,2,6,4,2010,13,42,12,1,0,2,1,2,0,0,2,1,0,3,1,,,
201026601241,6,1,1,1,2,135.548,1,6,6,2010,17,14,34,0,0,1,1,1,0,0,2,2,0,1,4,,,
201026601242,1,1,1,1,2,33.887,1,6,6,2010,8,28,43,0,0,1,1,1,3,1,2,2,0,1,4,,,
201026601246,5,1,8,1,2,67.774,1,6,6,2010,22,38,30,0,0,2,3,1,1,1,2,1,0,3,4,,,
201026601250,6,1,8,1,2,135.548,2,6,4,2010,7,42,12,6,0,2,1,10,0,0,2,1,0,8,1,,,
201026601252,5,1,2,1,2,67.774,2,6,4,2010,15,0,12,1,0,1,1,2,1,1,2,2,0,1,1,,,
201026601256,6,1,2,1,2,135.548,2,6,4,2010,12,55,12,6,0,2,1,2,0,0,2,2,0,8,1,,,
201026601259,5,1,4,1,2,67.774,2,6,5,2010,11,56,12,6,0,2,1,10,1,1,2,1,0,4,1,,,
201026601265,2,1,1,1,2,33.887,2,6,3,2010,12,35,12,1,0,1,1,1,3,1,2,2,0,1,1,,,
201026601269,4,1,1,1,2,304.982,2,6,3,2010,20,20,12,6,0,4,5,1,0,0,2,2,0,1,1,,,
201026601271,3,1,1,1,2,33.887,2,6,6,2010,16,32,12,2,0,2,1,1,2,2,2,2,0,2,1,,,
201026601277,1,1,1,1,2,33.887,2,6,1,2010,15,20,12,6,0,2,1,10,3,3,2,2,0,8,1,,,
201026601278,6,1,1,1,2,135.548,1,6,4,2010,22,11,25,0,1,5,2,2,0,0,2,2,0,1,4,,,
201026601281,4,1,1,1,2,304.982,2,6,1,2010,15,42,12,6,0,4,1,1,0,0,2,2,0,1,1,,,
201026601287,5,1,2,1,2,67.774,2,6,6,2010,14,46,12,6,0,4,1,1,1,1,2,2,0,1,1,,,
201026601292,4,1,2,1,2,304.982,2,6,2,2010,15,20,12,1,0,1,1,1,0,0,2,2,0,1,1,,,
201026601299,6,1,1,1,2,135.548,3,6,7,2010,18,14,12,1,0,1,1,1,0,0,2,2,0,1,1,,,
201026601303,4,1,4,1,2,304.982,2,6,6,2010,11,3,12,1,0,2,1,1,1,1,2,1,0,3,1,,,
201026601305,3,1,4,1,2,33.887,1,6,2,2010,2,19,35,0,0,1,3,1,3,1,2,1,0,1,5,,,
201026601309,4,1,8,1,2,304.982,1,6,6,2010,15,40,21,0,0,1,1,1,1,1,2,1,0,1,1,,,
201026601324,4,1,10,1,2,304.982,2,6,5,2010,7,17,12,1,1,5,1,10,0,0,2,8,0,1,1,,,
201026601327,6,1,4,1,2,135.548,1,6,3,2010,22,34,59,0,0,2,3,2,0,0,2,1,0,2,3,,,
201026601329,5,1,4,1,2,67.774,2,6,5,2010,10,31,12,6,0,4,1,1,1,1,2,1,0,1,1,,,
201026601338,6,1,4,1,2,135.548,2,6,3,2010,9,8,12,1,0,4,1,1,0,0,2,1,0,1,1,,,
201026601341,5,1,2,1,2,67.774,2,6,6,2010,14,15,12,6,0,2,1,1,1,2,2,2,0,8,1,,,
201026601343,6,1,2,1,2,135.548,1,6,7,2010,13,49,40,0,0,1,1,10,0,0,2,2,0,1,5,,,
201026601345,3,1,2,1,2,33.887,1,6,1,2010,2,23,33,0,0,1,3,1,3,1,1,2,0,1,4,,,
201026601350,5,1,2,1,2,67.774,2,6,4,2010,23,21,12,6,0,2,3,1,2,3,2,2,0,2,1,,,
201026601362,5,1,2,1,2,67.774,2,7,5,2010,16,56,12,6,0,2,1,10,2,2,2,2,0,2,1,,,
201026601363,6,1,2,1,2,135.548,1,7,1,2010,14,12,24,0,0,1,1,1,0,0,2,2,0,1,1,,,
201026601373,4,1,1,1,2,304.982,2,6,6,2010,10,16,12,6,0,4,1,1,0,0,2,2,0,1,1,,,
201026601380,6,1,1,1,2,135.548,1,7,5,2010,1,0,30,0,0,1,3,1,1,1,1,2,0,1,4,,,
201026601387,4,1,4,1,2,304.982,2,7,4,2010,8,0,12,1,0,2,1,1,0,0,2,1,0,4,1,,,
201026601392,1,1,4,1,2,33.887,1,7,4,2010,11,8,41,0,0,1,1,1,3,1,2,1,0,1,5,,,
201026601394,6,1,10,1,2,135.548,1,6,5,2010,13,38,74,0,0,1,1,10,2,1,2,8,0,1,4,,,
201026601396,2,1,12,1,2,33.887,2,6,2,2010,9,3,12,7,0,5,1,10,0,0,2,8,0,1,1,,,
201026601398,6,1,12,1,2,135.548,2,7,7,2010,23,6,12,6,0,1,2,1,0,0,2,8,0,1,2,,,
201026601405,4,1,4,1,2,304.982,2,7,6,2010,19,12,12,1,0,2,1,10,0,0,2,1,0,8,1,,,
201026601410,6,1,4,1,2,135.548,2,7,3,2010,8,19,12,1,0,1,1,10,0,0,2,1,0,1,1,,,
201026601416,6,1,4,1,2,135.548,4,7,3,2010,18,17,12,7,0,1,1,2,0,0,2,1,0,1,1,,,
201026601423,6,1,2,1,2,135.548,2,7,2,2010,16,10,12,1,0,2,1,1,0,0,2,2,0,3,1,,,
201026601424,4,1,2,1,2,304.982,2,7,2,2010,17,0,12,6,0,2,1,1,0,0,2,2,0,8,1,,,
201026601433,6,1,8,1,2,135.548,1,7,6,2010,20,24,40,0,0,1,1,10,1,1,2,1,0,1,4,,,
201026601435,1,1,8,1,2,33.887,3,7,2,2010,16,5,12,1,0,1,1,1,3,3,2,1,0,1,1,,,
201026601440,4,1,1,1,2,304.982,2,7,5,2010,9,18,14,0,0,1,1,1,0,0,2,2,1,1,4,,,
201026601451,3,1,8,1,2,33.887,1,7,4,2010,15,35,22,0,0,4,1,1,2,1,2,1,0,1,1,,,
201026601453,4,1,8,1,2,304.982,2,7,2,2010,17,30,12,6,0,2,1,1,0,0,2,1,0,8,1,,,
201026601455,6,1,8,1,2,135.548,2,7,3,2010,14,30,14,0,0,1,1,1,1,1,2,1,1,1,7,,,
201026601457,6,1,1,1,2,135.548,2,7,1,2010,1,8,12,6,0,2,3,2,1,1,2,2,0,8,1,,,
201026601464,4,1,4,1,2,304.982,2,7,7,2010,15,0,12,1,0,2,1,1,0,0,2,1,0,8,1,,,
201026601468,5,1,4,1,2,67.774,2,7,2,2010,18,59,12,6,0,2,1,10,1,2,2,1,0,4,1,,,
201026601474,6,1,4,1,2,135.548,4,7,5,2010,17,1,12,1,0,1,1,10,1,1,2,1,0,1,1,,,
201026601481,6,1,2,1,2,135.548,1,7,5,2010,7,27,74,0,0,1,1,1,0,0,2,2,0,1,,,,
201026601485,5,1,1,1,2,67.774,2,7,4,2010,10,28,12,1,0,1,1,10,3,1,2,2,0,1,1,,,
201026601488,3,1,1,1,2,33.887,2,7,6,2010,18,3,12,1,0,4,1,10,3,2,2,2,0,1,1,,,
201026601489,4,1,1,1,2,304.982,2,7,6,2010,19,28,12,6,0,4,1,1,0,0,2,2,0,1,1,,,
201026601493,6,1,1,1,2,135.548,2,7,1,2010,7,34,12,1,0,2,1,10,0,0,2,2,0,8,1,,,
201026601494,1,1,1,1,2,33.887,2,7,6,2010,15,28,12,6,0,2,1,2,3,1,2,2,0,3,1,,,
201026601495,3,1,1,1,2,33.887,1,7,7,2010,12,44,22,0,0,1,1,1,3,1,2,2,0,1,1,,,
201026601501,3,1,1,1,2,33.887,1,7,1,2010,14,9,22,0,0,2,1,1,2,1,2,2,0,3,1,,,
201026601506,4,1,4,1,2,304.982,1,7,6,2010,15,47,59,0,0,2,1,2,0,0,2,1,0,4,4,,,
201026601515,6,1,13,1,2,135.548,2,7,6,2010,6,55,12,1,0,1,3,1,0,0,2,8,0,1,1,,,
201026601520,4,1,2,1,2,304.982,1,7,6,2010,16,48,22,0,0,2,1,1,1,1,2,2,0,3,1,,,
201026601531,4,1,1,1,2,304.982,2,7,7,2010,9,53,14,0,0,1,1,1,0,0,2,2,1,1,,,,
201026601538,4,1,4,1,2,304.982,2,7,6,2010,17,43,12,1,0,1,1,1,0,0,2,1,0,1,1,,,
201026601542,1,1,4,1,2,33.887,2,8,3,2010,17,15,12,2,0,1,1,2,3,1,2,1,0,1,1,,,
201026601543,5,1,4,1,2,67.774,3,8,4,2010,15,14,12,1,0,2,1,1,1,1,2,1,0,8,1,,,
201026601546,4,1,7,1,2,304.982,1,1,7,2010,20,0,74,0,0,1,2,4,0,0,2,1,0,1,4,,,
201026601548,1,1,7,1,2,33.887,1,1,4,2010,23,26,74,0,0,1,2,10,3,2,1,1,0,1,4,,,
201026601549,5,1,7,1,2,67.774,1,1,7,2010,20,50,1,0,0,1,2,4,2,2,2,1,0,1,4,,,
201026601551,2,1,7,1,2,33.887,1,1,6,2010,13,42,59,0,0,1,1,4,3,1,2,1,0,1,4,,,
201026601554,6,1,7,1,2,135.548,1,1,2,2010,21,1,48,0,0,1,2,10,0,0,2,1,0,1,3,,,
201026601558,5,1,7,1,2,67.774,1,1,7,2010,18,40,48,0,0,1,2,4,1,2,2,1,0,1,4,,,
201026601563,6,1,7,1,2,135.548,1,1,7,2010,14,0,75,0,0,5,1,1,0,0,2,1,0,1,4,,,
201026601568,6,1,7,1,2,135.548,2,1,1,2010,17,25,34,0,0,2,2,4,0,0,2,1,0,3,,,,
201026601572,4,1,7,1,2,304.982,1,1,3,2010,0,15,24,0,0,1,2,1,0,0,2,1,0,1,1,,,
201026601576,6,1,7,1,2,135.548,1,1,1,2010,15,45,74,0,1,5,1,4,0,0,2,1,0,1,4,,,
201026601580,2,1,7,1,2,33.887,2,1,2,2010,21,0,54,0,0,1,2,10,0,0,2,1,0,1,1,,,
201026601581,5,1,7,1,2,67.774,2,1,5,2010,17,25,12,1,0,1,1,1,1,2,2,1,0,1,1,,,
201026601584,6,1,7,1,2,135.548,1,1,1,2010,23,50,74,0,0,1,2,4,0,0,2,1,0,1,4,,,
201026601588,6,1,7,1,2,135.548,1,1,3,2010,21,34,34,0,0,2,3,4,0,0,2,1,0,3,4,,,
201026601597,4,1,7,1,2,304.982,1,1,5,2010,14,2,74,0,0,1,1,1,0,0,2,1,0,1,4,,,
201026601600,1,1,7,1,2,33.887,1,1,1,2010,18,30,35,0,0,1,2,3,3,1,2,1,0,1,3,,,
201026601601,6,1,7,1,2,135.548,2,1,6,2010,6,49,12,2,1,5,3,1,0,0,2,1,0,2,1,,,
201026601603,5,1,7,1,2,67.774,2,1,6,2010,18,15,12,6,0,1,3,1,1,2,2,1,0,1,1,,,
201026601612,6,1,7,1,2,135.548,2,2,2,2010,7,35,48,0,0,1,1,1,1,1,2,1,1,1,4,,,
201026601618,6,1,7,1,2,135.548,1,2,6,2010,7,35,74,0,1,5,1,1,0,0,2,1,0,1,4,,,
201026601621,4,1,7,1,2,304.982,1,2,5,2010,7,49,31,0,0,1,1,1,0,0,2,1,0,1,3,,,
201026601624,6,1,7,1,2,135.548,1,2,7,2010,22,50,34,0,0,2,2,1,0,0,2,1,0,3,4,,,
201026601628,5,1,7,1,2,67.774,1,2,7,2010,6,30,30,0,0,1,1,10,2,1,1,1,0,1,4,,,
201026601630,6,1,7,1,2,135.548,2,2,3,2010,14,45,12,1,0,1,1,4,1,1,2,1,0,1,1,,,
201026601634,1,1,7,1,2,33.887,1,2,3,2010,17,30,42,0,0,1,5,4,3,1,2,1,0,1,5,,,
201026601640,6,1,7,1,2,135.548,1,2,5,2010,9,33,48,0,0,1,1,4,0,0,2,1,0,1,3,,,
201026601644,4,1,7,1,2,304.982,1,2,7,2010,19,10,24,0,0,1,2,1,0,0,2,1,0,1,1,,,
201026601657,6,1,7,1,2,135.548,2,3,2,2010,15,15,12,1,0,2,1,10,0,0,2,1,0,3,1,,,
201026601662,6,1,7,1,2,135.548,2,3,7,2010,16,55,12,1,0,1,1,1,0,0,2,1,0,1,1,,,
201026601663,5,1,7,1,2,67.774,1,3,7,2010,15,20,74,0,0,1,1,1,1,1,2,1,0,1,4,,,
201026601664,4,1,7,1,2,304.982,1,3,6,2010,7,30,48,0,0,1,1,1,0,0,2,1,0,1,4,,,
201026601670,6,1,7,1,2,135.548,1,3,7,2010,13,45,38,0,0,1,1,3,0,0,2,1,0,1,5,,,
201026601676,5,1,7,1,2,67.774,1,3,7,2010,15,41,48,0,0,1,1,3,1,2,2,1,0,1,3,,,
201026601679,6,1,7,1,2,135.548,1,3,5,2010,17,45,32,0,0,1,1,1,0,0,2,1,0,1,4,,,
201026601685,6,1,7,1,2,135.548,1,3,3,2010,15,40,48,0,0,1,1,1,1,1,2,1,0,1,3,,,
201026601689,4,1,7,1,2,304.982,1,3,3,2010,5,30,24,0,0,1,2,2,0,0,2,1,0,1,1,,,
201026601695,5,1,7,1,2,67.774,1,3,7,2010,14,19,48,0,0,1,1,3,2,1,2,1,0,1,3,,,
201026601701,6,1,7,1,2,135.548,2,5,2,2010,11,5,12,6,0,4,1,1,0,0,2,1,0,1,1,,,
201026601707,3,1,7,1,2,33.887,1,6,7,2010,7,40,24,0,0,1,1,10,3,2,2,1,0,1,1,,,
201026601709,6,1,7,1,2,135.548,2,5,5,2010,13,1,12,6,0,2,1,1,0,0,2,1,0,2,1,,,
201026601716,6,1,7,1,2,135.548,2,5,4,2010,7,24,12,1,0,2,1,1,0,0,2,1,0,2,1,,,
201026601717,5,1,7,1,2,67.774,2,5,4,2010,12,9,12,2,0,2,1,10,2,2,2,1,0,2,1,,,
201026601718,4,1,7,1,2,304.982,1,6,7,2010,2,50,74,0,0,1,2,1,0,0,2,1,0,1,3,,,
201026601722,3,1,7,1,2,33.887,2,6,6,2010,5,39,12,1,0,4,1,1,2,1,2,1,0,1,1,,,
201026601727,5,1,7,1,2,67.774,2,4,6,2010,1,25,12,6,1,5,2,2,1,1,2,1,0,2,1,,,
201026601728,6,1,7,1,2,135.548,1,4,1,2010,3,50,59,0,0,1,2,2,0,0,1,1,0,1,4,,,
201026601738,6,1,7,1,2,135.548,1,5,3,2010,15,15,74,0,0,1,1,1,0,0,2,1,0,1,4,,,
201026601742,6,1,7,1,2,135.548,1,5,3,2010,3,30,74,0,0,1,2,1,0,0,2,1,0,1,4,,,
201026601743,3,1,7,1,2,33.887,1,6,3,2010,23,20,43,0,0,1,3,1,3,1,1,1,0,1,4,,,
201026601746,4,1,7,1,2,304.982,2,6,3,2010,16,18,12,7,0,1,1,1,0,0,2,1,0,1,1,,,
201026601748,5,1,2,1,2,67.774,2,8,6,2010,18,59,12,1,0,1,1,1,1,2,2,2,0,1,1,,,
201026601751,6,1,8,1,2,135.548,1,8,7,2010,6,43,30,0,0,1,1,1,0,0,1,1,0,1,,,,
201026601756,3,1,1,1,2,33.887,1,8,3,2010,12,14,22,0,0,2,1,1,2,2,2,2,0,4,1,,,
201026601759,4,1,1,1,2,304.982,2,8,1,2010,0,15,14,0,0,1,3,10,0,0,2,2,1,1,7,,,
201026601799,2,1,3,23,2,2.138,2,1,3,2010,13,2,14,0,0,1,1,1,1,1,2,8,1,1,5,,,
201026601807,1,1,3,23,2,2.138,1,1,4,2010,10,36,42,0,0,5,1,1,3,2,2,8,0,1,4,,,
201026601849,5,1,3,23,2,57.729,2,1,7,2010,20,44,12,1,0,1,3,1,1,3,1,8,0,1,1,,,
201026601876,4,1,3,23,2,295.058,2,2,5,2010,16,18,12,1,0,1,1,1,0,0,2,8,0,1,1,,,
201026601898,6,1,3,23,2,130.424,1,2,4,2010,8,32,42,0,0,1,1,4,0,0,2,8,0,1,3,,,
201026601969,1,1,3,23,2,2.138,1,2,5,2010,20,45,30,0,0,1,1,3,3,3,2,8,0,1,5,,,
201026601978,6,1,4,1,2,135.548,1,8,1,2010,9,54,53,0,0,1,1,10,0,0,1,1,0,1,4,,,
201026601982,4,1,4,1,2,304.982,2,8,7,2010,14,50,12,1,0,2,1,1,0,0,2,1,0,8,1,,,
201026601988,4,1,12,1,2,304.982,2,8,4,2010,4,24,12,7,0,1,2,10,0,0,2,8,0,1,1,,,
201026602049,6,1,3,23,2,130.424,2,3,3,2010,10,40,12,6,0,2,1,1,0,0,2,8,0,2,1,,,