CASENUM,STRATUM,REGION,PJ,PSU,PSUSTRAT,WEIGHT,VE_TOTAL,MONTH,WKDY_IM,YEAR,HOUR_IM,MINUTE_IM,EVENT1_IM,MANCOL_IM,RELJCT1_IM,RELJCT2_IM,LGTCON_IM,WEATHR_IM,MAXSEV_IM,NO_INJ_IM,ALCHL_IM,LAND_USE,PVH_INVL,TYP_INT,REL_ROAD,CF1,CF2,CF3
201026602059,1,1,3,23,2,2.138,1,3,5,2010,11,0,42,0,0,1,1,10,3,1,2,8,0,1,5,,,
201026602066,5,1,3,23,2,57.729,2,3,6,2010,8,51,12,1,0,1,1,1,1,1,2,8,0,1,1,,,
201026602103,2,1,3,23,2,2.138,2,4,3,2010,7,20,71,0,0,1,1,1,0,0,2,8,0,1,1,,,
201026602107,3,1,3,23,2,17.105,1,3,3,2010,1,0,21,0,0,1,3,1,2,1,2,8,0,1,1,,,
201026602183,1,1,3,23,2,2.138,1,4,2,2010,15,26,42,0,0,5,1,2,3,1,2,8,0,1,4,,,
201026602196,4,1,3,23,2,295.058,2,4,5,2010,15,35,12,7,0,1,1,10,0,0,2,8,0,1,1,,,
201026602204,5,1,3,23,2,57.729,3,1,6,2010,13,45,12,1,0,1,1,1,1,2,2,8,1,1,1,,,
201026602235,1,1,3,23,2,2.138,1,5,1,2010,1,41,74,0,0,1,3,1,3,1,2,8,0,1,3,,,
201026602249,6,1,3,23,2,130.424,1,5,5,2010,15,28,42,0,0,2,1,1,0,0,2,8,0,3,4,,,
201026602300,5,1,2,1,2,67.774,3,8,3,2010,11,2,12,6,0,1,1,1,1,2,2,2,1,1,7,,,
201026602301,6,1,2,1,2,135.548,2,8,4,2010,11,56,12,2,0,4,1,10,1,1,2,2,0,1,1,,,
201026602313,6,1,1,1,2,135.548,1,8,6,2010,4,24,74,0,0,1,3,10,0,0,2,2,0,1,4,,,
201026602322,5,1,1,1,2,67.774,2,8,6,2010,7,52,12,6,0,2,1,1,1,2,2,2,0,8,1,,,
201026602324,4,1,1,1,2,304.982,2,8,1,2010,20,16,12,1,0,2,3,10,0,0,2,2,0,6,1,,,
201026602325,6,1,1,1,2,135.548,1,8,1,2010,19,40,1,0,1,5,5,2,0,0,2,2,0,1,8,,,
201026602362,2,1,3,23,2,2.138,1,6,6,2010,14,24,71,0,0,1,1,10,0,0,2,8,0,1,1,,,
201026602366,1,1,3,23,2,2.138,2,6,4,2010,18,19,12,1,0,1,1,1,3,1,2,8,0,1,1,,,
201026602374,1,1,3,23,2,2.138,2,6,1,2010,3,30,12,6,0,1,1,1,2,3,2,8,0,1,1,,,
201026602377,5,1,3,23,2,57.729,2,6,5,2010,11,15,12,1,0,1,1,1,2,1,2,8,0,1,1,,,
201026602463,2,1,3,23,2,2.138,1,4,6,2010,14,28,71,0,1,5,1,2,0,0,2,8,0,1,1,,,
201026602489,2,1,3,23,2,2.138,1,4,5,2010,11,31,42,0,0,1,1,1,1,1,2,8,0,1,5,,,
201026602492,2,1,3,23,2,2.138,2,5,4,2010,14,20,12,1,0,1,1,1,0,0,2,8,0,1,1,,,
201026602499,4,1,3,23,2,295.058,2,6,2,2010,17,22,12,1,0,2,1,1,0,0,2,8,0,8,1,,,
201026602502,1,1,3,23,2,2.138,1,6,2,2010,12,40,73,0,0,1,1,1,3,3,2,8,0,1,4,,,
201026602510,6,1,3,23,2,130.424,2,6,4,2010,22,19,74,0,0,1,3,2,0,0,2,8,0,1,3,,,
201026602526,2,1,3,23,2,2.138,1,6,4,2010,10,50,71,0,0,1,1,10,0,0,2,8,0,1,1,,,
201026602536,2,1,3,23,2,2.138,1,6,2,2010,12,15,71,0,0,1,1,1,1,1,2,8,0,1,1,,,
201026602545,2,1,3,23,2,2.138,1,6,6,2010,10,8,71,0,0,1,1,1,0,0,2,8,0,1,1,,,
201026602564,6,1,2,1,2,135.548,2,8,1,2010,18,10,12,2,0,2,1,2,0,0,2,2,0,8,1,,,
201026602572,4,1,8,1,2,304.982,2,8,7,2010,9,30,12,1,0,2,1,1,0,0,2,1,0,2,1,,,
201026602580,3,1,1,1,2,33.887,2,8,7,2010,19,39,12,6,0,2,3,10,3,1,2,2,0,2,1,,,
201026602582,3,1,1,1,2,33.887,2,8,6,2010,13,11,12,1,0,2,1,10,3,1,2,2,0,8,1,,,
201026602597,4,1,2,1,2,304.982,2,8,3,2010,7,36,12,6,0,4,1,1,0,0,2,2,0,1,1,,,
201026602598,1,1,2,1,2,33.887,1,9,4,2010,7,15,42,0,0,1,1,1,3,1,2,2,0,1,5,,,
201026602601,6,1,1,1,2,135.548,2,8,6,2010,13,19,12,1,0,2,1,10,3,1,2,2,0,8,1,,,
201026602604,4,1,1,1,2,304.982,2,8,3,2010,16,17,12,1,0,1,1,1,0,0,2,2,0,1,1,,,
201026602611,6,1,4,1,2,135.548,1,8,3,2010,16,41,59,0,0,2,1,1,0,0,2,1,0,3,4,,,
201026602613,4,1,4,1,2,304.982,2,8,5,2010,18,9,12,1,0,2,1,1,1,1,2,1,0,3,1,,,
201026602630,6,1,2,1,2,135.548,2,9,4,2010,6,2,12,2,0,2,1,1,0,0,2,2,0,8,1,,,
201026602633,3,1,2,1,2,33.887,1,9,2,2010,18,0,38,0,0,2,1,1,2,1,2,2,0,8,6,,,
201026602635,1,1,1,1,2,33.887,1,8,7,2010,21,14,35,0,0,1,2,10,3,1,1,2,0,1,5,,,
201026602640,6,1,1,1,2,135.548,2,9,4,2010,15,10,12,6,0,2,1,10,0,0,2,2,0,8,1,,,
201026602645,4,1,1,1,2,304.982,1,9,3,2010,9,50,59,0,0,2,1,1,0,0,2,2,0,2,4,,,
201026602647,4,1,4,1,2,304.982,2,9,4,2010,12,37,12,7,0,1,1,1,0,0,2,1,0,1,1,,,
201026602664,5,1,8,1,2,67.774,2,9,1,2010,21,14,12,1,0,1,3,1,2,2,1,1,0,1,1,,,
201026602673,5,1,1,1,2,67.774,1,9,7,2010,20,36,42,0,0,1,3,10,2,1,1,2,0,1,5,,,
201026602679,3,1,4,1,2,33.887,2,9,6,2010,12,19,12,6,0,4,1,1,2,1,2,1,0,1,1,,,
201026602682,6,1,4,1,2,135.548,3,9,1,2010,19,28,12,1,0,2,3,10,0,0,1,1,0,8,1,,,
201026602683,4,1,4,1,2,304.982,2,9,2,2010,18,11,12,1,0,1,1,1,0,0,2,1,0,1,1,,,
201026602686,5,1,4,1,2,67.774,1,9,2,2010,8,45,34,0,0,1,1,10,1,1,2,1,0,1,4,,,
201026602689,6,1,2,1,2,135.548,1,9,7,2010,8,59,30,0,0,1,1,1,0,0,2,2,0,1,4,,,
201026602692,4,1,1,1,2,304.982,1,9,7,2010,17,45,1,0,0,1,1,1,0,0,2,2,0,1,1,,,
201026602696,6,1,1,1,2,135.548,2,9,6,2010,17,36,12,2,0,4,1,1,0,0,2,2,0,1,1,,,
201026602703,2,1,4,1,2,33.887,2,9,6,2010,10,42,12,6,0,2,1,2,0,0,2,1,0,3,1,,,
201026602705,1,1,4,1,2,33.887,2,9,1,2010,18,3,12,6,0,2,1,10,3,2,2,1,0,2,1,,,
201026602708,3,1,8,1,2,33.887,1,9,7,2010,17,9,22,0,0,2,1,1,2,2,2,1,0,3,1,,,
201026602710,3,1,8,1,2,33.887,1,9,2,2010,17,16,22,0,0,4,1,1,3,1,2,1,0,1,1,,,
201026602713,4,1,2,1,2,304.982,2,9,7,2010,14,35,12,1,0,1,1,1,0,0,2,2,0,1,1,,,
201026602714,5,1,2,1,2,67.774,2,9,2,2010,9,50,12,1,0,2,1,2,1,1,2,2,0,8,1,,,
201026602716,1,1,2,1,2,33.887,1,9,3,2010,11,8,42,0,0,1,1,10,3,1,2,2,0,1,5,,,
201026602718,5,1,2,1,2,67.774,2,9,4,2010,17,53,12,6,0,2,1,1,1,1,2,2,0,2,1,,,
201026602722,4,1,1,1,2,304.982,2,9,3,2010,8,50,12,1,0,2,1,1,0,0,2,2,0,8,1,,,
201026602724,2,1,1,1,2,33.887,2,9,3,2010,20,34,12,6,0,4,2,10,1,1,2,2,0,1,1,,,
201026602734,6,1,12,1,2,135.548,1,8,1,2010,20,45,74,0,1,5,2,10,2,1,1,8,0,1,4,,,
201026602746,3,1,8,1,2,33.887,1,9,6,2010,19,41,22,0,0,2,3,1,2,1,2,1,0,8,1,,,
201026602747,4,1,8,1,2,304.982,2,9,2,2010,14,15,12,6,0,4,1,10,0,0,2,1,0,1,1,,,
201026602750,6,1,8,1,2,135.548,2,10,6,2010,6,35,14,0,0,2,1,1,0,0,2,1,1,3,5,,,
201026602753,5,1,8,1,2,67.774,2,10,4,2010,16,20,12,6,0,4,1,2,2,1,2,1,0,1,1,,,
201026602754,2,1,1,1,2,33.887,2,9,2,2010,9,0,12,6,0,2,1,1,4,1,2,2,0,8,1,,,
201026602756,5,1,1,1,2,67.774,2,9,6,2010,17,12,12,6,0,4,1,1,1,1,2,2,0,1,1,,,
201026602763,6,1,1,1,2,135.548,2,9,4,2010,16,32,12,1,0,1,1,1,1,1,2,2,0,1,1,,,
201026602768,4,1,1,1,2,304.982,1,10,3,2010,8,45,21,0,1,5,1,2,1,1,2,2,0,1,1,,,
201026602774,4,1,4,1,2,304.982,2,9,2,2010,17,57,12,7,0,2,1,2,0,0,2,1,0,8,1,,,
201026602775,6,1,4,1,2,135.548,2,9,3,2010,9,37,12,1,0,1,1,2,0,0,2,1,0,1,1,,,
201026602789,2,1,1,1,2,33.887,1,10,3,2010,19,29,43,0,0,4,3,1,0,0,2,2,0,1,1,,,
201026602791,6,1,1,1,2,135.548,3,10,6,2010,19,22,12,1,0,2,3,2,0,0,2,2,0,3,1,,,
201026602798,6,1,1,1,2,135.548,2,10,5,2010,16,55,12,6,1,5,1,1,1,2,2,2,0,1,1,,,
201026602801,4,1,1,1,2,304.982,2,10,6,2010,18,57,12,1,0,1,3,1,0,0,2,2,0,1,1,,,
201026602803,1,1,1,1,2,33.887,3,10,7,2010,10,52,12,2,0,1,1,1,3,2,2,2,0,1,1,,,
201026602807,4,1,4,1,2,304.982,1,10,5,2010,19,13,24,0,0,1,3,1,0,0,2,1,0,1,1,,,
201026602810,3,1,4,1,2,33.887,1,10,2,2010,9,29,22,0,0,1,1,10,3,1,2,1,0,1,1,,,
201026602812,2,1,4,1,2,33.887,2,10,2,2010,12,17,12,6,0,2,1,10,1,2,2,1,0,3,1,,,
201026602823,6,1,4,1,2,135.548,2,10,6,2010,20,12,12,1,0,1,3,10,1,2,2,1,0,1,1,,,
201026602824,4,1,4,1,2,304.982,2,10,7,2010,12,53,12,6,0,2,1,10,0,0,2,1,0,8,1,,,
201026602828,5,1,2,1,2,67.774,1,9,4,2010,1,10,30,0,0,1,3,10,0,0,1,2,0,1,4,,,
201026602830,1,1,2,1,2,33.887,1,10,1,2010,20,33,24,0,0,1,3,10,3,1,2,2,0,1,1,,,
201026602831,4,1,2,1,2,304.982,2,10,3,2010,14,32,12,8,0,1,1,2,0,0,2,2,0,1,1,,,
201026602840,6,1,2,1,2,135.548,2,10,6,2010,8,14,12,6,0,4,1,2,0,0,2,2,0,1,1,,,
201026602847,6,1,2,1,2,135.548,3,10,4,2010,15,16,12,1,0,1,1,10,1,1,2,2,0,1,1,,,
201026602849,4,1,2,1,2,304.982,1,10,4,2010,18,5,24,0,0,1,1,1,0,0,2,2,0,1,1,,,
201026602862,5,1,4,1,2,67.774,2,10,2,2010,16,37,12,1,0,2,1,1,1,1,2,1,0,4,1,,,
201026602865,4,1,4,1,2,304.982,2,10,4,2010,12,20,12,6,0,4,1,10,0,0,2,1,0,1,1,,,
201026602874,2,1,12,1,2,33.887,2,10,2,2010,18,30,12,6,0,1,5,2,0,0,2,8,0,1,1,,,
201026602883,2,1,10,1,2,33.887,2,10,2,2010,21,54,12,6,1,5,2,2,0,0,2,8,0,1,1,,,
201026602887,6,1,2,1,2,135.548,2,10,3,2010,17,40,12,6,0,4,1,1,0,0,2,2,0,1,1,,,
201026602888,5,1,2,1,2,67.774,2,10,4,2010,15,40,12,1,0,1,1,1,1,2,2,2,0,1,1,,,
201026602893,5,1,2,1,2,67.774,2,11,3,2010,18,13,12,1,0,1,3,1,1,2,2,2,0,1,1,,,
201026602895,5,1,4,1,2,67.774,3,10,2,2010,8,31,12,1,0,2,1,10,1,2,2,1,0,3,1,,,
201026602896,6,1,4,1,2,135.548,1,10,2,2010,10,42,30,0,0,1,1,10,0,0,2,1,0,1,4,,,
201026602903,1,1,4,1,2,33.887,2,10,4,2010,20,24,12,6,0,2,3,10,3,2,2,1,0,2,1,,,
201026602906,4,1,4,1,2,304.982,1,10,5,2010,17,56,24,0,0,1,3,1,0,0,2,1,0,1,1,,,
201026602911,6,1,4,1,2,135.548,2,10,6,2010,12,10,12,6,0,1,1,10,0,0,2,1,0,1,1,,,
201026602924,1,1,1,1,2,33.887,1,10,4,2010,14,40,30,0,0,1,1,1,3,1,2,2,0,1,4,,,
201026602926,6,1,1,1,2,135.548,2,10,5,2010,18,7,12,6,0,4,5,1,2,1,2,2,0,1,1,,,
201026602929,2,1,1,1,2,33.887,2,10,2,2010,12,51,12,6,1,5,1,10,1,1,2,2,0,1,1,,,
201026602933,4,1,1,1,2,304.982,2,10,4,2010,12,32,12,6,0,1,1,10,0,0,2,2,0,1,1,,,
201026602936,5,1,1,1,2,67.774,2,11,2,2010,8,35,12,2,0,2,1,10,1,1,2,2,0,8,1,,,
201026602939,2,1,1,1,2,33.887,2,10,6,2010,8,18,12,2,1,5,1,10,3,1,2,2,0,2,1,,,
201026602950,6,1,8,1,2,135.548,2,10,2,2010,10,2,12,6,0,2,1,10,0,0,2,1,0,2,1,,,
201026602951,4,1,8,1,2,304.982,2,10,2,2010,17,41,12,1,0,2,1,1,0,0,2,1,0,8,1,,,
201026602957,5,1,2,1,2,67.774,1,11,7,2010,3,31,35,0,0,1,2,1,1,2,1,2,0,1,4,,,
201026602960,6,1,2,1,2,135.548,1,11,2,2010,14,12,42,0,0,1,1,4,0,0,2,2,0,1,5,,,
201026602964,4,1,2,1,2,304.982,2,11,4,2010,16,49,12,1,0,2,2,1,0,0,2,2,0,3,1,,,
201026602973,6,1,1,1,2,135.548,1,10,5,2010,15,9,74,0,0,5,1,1,1,1,2,2,0,1,4,,,
201026602978,1,1,1,1,2,33.887,2,11,5,2010,18,13,12,2,0,1,3,2,3,1,2,2,0,1,1,,,
201026602980,4,1,1,1,2,304.982,1,11,5,2010,22,5,24,0,0,1,3,2,0,0,2,2,0,1,1,,,
201026602982,5,1,1,1,2,67.774,2,11,6,2010,7,8,12,1,0,2,3,2,1,1,2,2,0,8,1,,,
201026602990,6,1,1,1,2,135.548,2,11,4,2010,17,44,12,7,0,2,5,10,0,0,2,2,0,8,1,,,
201026602993,4,1,1,1,2,304.982,1,11,4,2010,0,1,24,0,0,1,2,1,0,0,2,2,0,1,1,,,
201026602998,4,1,13,1,2,304.982,2,9,7,2010,13,41,12,1,1,5,1,1,0,0,2,8,0,1,6,,,
201026603002,6,1,13,1,2,135.548,2,10,4,2010,10,0,12,1,0,1,1,2,0,0,2,8,0,1,1,,,
201026603003,4,1,4,1,2,304.982,1,11,3,2010,6,53,24,0,0,1,4,10,0,0,2,1,0,1,1,,,
201026603007,5,1,4,1,2,67.774,2,11,6,2010,13,6,12,1,0,1,1,2,1,2,2,1,0,1,1,,,
201026603011,6,1,4,1,2,135.548,1,11,2,2010,12,56,30,0,0,1,1,3,1,1,2,1,0,1,4,,,
201026603017,4,1,4,1,2,304.982,1,11,5,2010,23,21,17,0,0,1,2,10,0,0,2,1,0,1,4,,,
201026603031,6,1,2,1,2,135.548,1,11,1,2010,20,36,42,0,0,2,2,10,0,0,2,2,0,3,5,,,
201026603034,5,1,2,1,2,67.774,4,11,2,2010,17,58,12,1,0,1,3,1,1,2,2,2,0,1,1,,,
201026603037,4,1,2,1,2,304.982,2,11,5,2010,13,5,12,1,0,1,1,1,0,0,2,2,0,1,1,,,
201026603038,3,1,1,1,2,33.887,2,11,1,2010,11,34,12,6,0,4,1,1,3,1,2,2,0,1,1,,,
201026603041,3,1,1,1,2,33.887,2,11,5,2010,13,5,12,1,0,1,1,1,3,1,2,2,0,1,1,,,
201026603049,6,1,1,1,2,135.548,2,11,3,2010,23,25,12,1,0,1,2,10,0,0,2,2,0,1,1,,,
201026603051,3,1,12,1,2,33.887,1,10,1,2010,7,40,25,0,0,1,1,1,2,1,2,8,0,1,3,,,
201026603053,6,1,12,1,2,135.548,1,10,1,2010,4,53,74,0,0,1,2,10,0,0,1,8,0,1,4,,,
201026603056,6,1,10,1,2,135.548,1,11,3,2010,13,5,24,0,0,1,1,1,0,0,2,8,0,1,1,,,
201026603067,6,1,2,1,2,135.548,1,11,6,2010,19,5,24,0,0,1,3,1,0,0,2,2,0,1,1,,,
201026603076,4,1,2,1,2,304.982,2,11,3,2010,8,19,12,1,0,1,1,10,0,0,2,2,0,1,1,,,
201026603082,3,1,2,1,2,33.887,2,11,4,2010,21,34,12,6,0,4,2,1,2,2,2,2,0,1,1,,,
201026603085,6,1,2,1,2,135.548,2,11,7,2010,17,6,12,1,0,2,3,10,0,0,2,2,0,8,1,,,
201026603086,5,1,2,1,2,67.774,1,11,7,2010,22,55,42,0,0,1,2,4,1,1,2,2,0,1,4,,,
201026603089,4,1,8,1,2,304.982,1,11,6,2010,11,58,18,0,0,1,1,10,0,0,2,1,0,1,7,,,
201026603091,4,1,1,1,2,304.982,3,11,4,2010,8,54,12,1,0,4,1,2,0,0,2,2,0,1,1,,,
201026603102,6,1,1,1,2,135.548,2,11,3,2010,6,3,12,2,0,2,3,10,0,0,1,2,0,8,1,,,
201026603103,4,1,1,1,2,304.982,2,11,3,2010,8,13,12,1,0,2,1,10,0,0,2,2,0,6,1,,,
201026603111,2,1,1,1,2,33.887,3,11,4,2010,18,16,12,1,0,1,3,1,0,0,2,2,0,1,1,,,
201026603116,4,1,1,1,2,304.982,2,11,7,2010,16,4,12,1,0,2,1,10,1,3,2,2,0,8,1,,,
201026603118,1,1,1,1,2,33.887,2,11,2,2010,18,6,12,1,0,2,3,10,3,1,2,2,0,8,1,,,
201026603121,6,1,1,1,2,135.548,1,11,3,2010,19,19,42,0,0,1,3,2,0,0,2,2,0,1,4,,,
201026603129,4,1,2,1,2,304.982,2,12,4,2010,12,40,12,7,0,1,1,10,0,0,2,2,0,1,1,,,
201026603136,5,1,1,1,2,67.774,2,12,4,2010,13,44,12,2,0,2,1,2,2,2,2,2,0,8,1,,,
201026603140,4,1,1,1,2,304.982,2,12,5,2010,10,3,12,6,0,2,1,1,0,0,2,2,0,2,1,,,
201026603144,6,1,4,1,2,135.548,2,11,2,2010,17,53,12,1,0,1,1,10,0,0,2,1,0,1,1,,,
201026603148,4,1,4,1,2,304.982,2,11,4,2010,19,1,12,1,0,2,3,2,0,0,2,1,0,3,1,,,
201026603149,5,1,4,1,2,67.774,2,11,5,2010,15,42,12,6,0,4,1,1,2,2,2,1,0,1,1,,,
201026603159,4,1,4,1,2,304.982,2,11,2,2010,11,50,14,0,0,1,1,10,1,1,2,1,1,1,7,,,
201026603170,6,1,4,1,2,135.548,2,12,4,2010,7,36,12,1,0,4,1,10,0,0,2,1,0,1,1,,,
201026603171,4,1,4,1,2,304.982,2,12,6,2010,12,26,12,1,0,1,1,10,0,0,2,1,0,1,1,,,
201026603180,1,1,2,1,2,33.887,1,12,5,2010,1,2,42,0,0,1,2,1,4,1,2,2,0,1,4,,,
201026603181,6,1,2,1,2,135.548,2,12,5,2010,6,3,12,6,0,2,3,10,0,0,2,2,0,3,1,,,
201026603185,5,1,2,1,2,67.774,1,12,6,2010,11,38,34,0,0,1,1,10,1,1,2,2,0,1,4,,,
201026603190,4,1,2,1,2,304.982,2,12,3,2010,12,0,12,7,0,4,1,10,0,0,2,2,0,1,1,,,
201026603191,6,1,2,1,2,135.548,1,12,3,2010,18,29,24,0,0,1,2,10,0,0,2,2,0,1,1,,,
201026603194,6,1,1,1,2,135.548,1,12,5,2010,11,14,42,0,0,1,1,1,0,0,2,2,0,1,4,,,
201026603205,4,1,1,1,2,304.982,2,12,4,2010,18,43,12,6,0,4,3,1,0,0,2,2,0,1,1,,,
201026603206,5,1,1,1,2,67.774,2,12,4,2010,18,20,12,1,0,1,2,4,1,2,2,2,0,1,1,,,
201026603207,6,1,1,1,2,135.548,2,12,2,2010,22,36,12,6,0,1,3,4,3,1,2,2,0,1,1,,,
201026603212,3,1,4,1,2,33.887,1,12,7,2010,21,39,74,0,0,1,3,10,3,1,2,1,0,1,4,,,
201026603243,4,1,2,1,2,304.982,2,12,3,2010,15,53,12,1,0,1,1,10,0,0,2,2,0,1,1,,,
201026603255,6,1,1,1,2,135.548,2,12,7,2010,17,0,12,1,0,1,2,1,1,2,2,2,0,1,1,,,
201026603259,4,1,1,1,2,304.982,2,12,2,2010,11,35,12,6,0,4,1,1,0,0,2,2,0,1,1,,,
201026603267,1,1,1,1,2,33.887,2,12,6,2010,5,51,12,6,0,2,3,10,3,2,2,2,0,8,1,,,
201026603268,6,1,1,1,2,135.548,2,12,2,2010,11,16,12,1,0,2,1,10,0,0,2,2,0,8,1,,,
201026603273,4,1,4,1,2,304.982,2,12,5,2010,12,51,12,6,0,4,1,10,0,0,2,1,0,1,1,,,
201026603277,1,1,4,1,2,33.887,1,12,6,2010,16,23,30,0,0,1,1,10,3,1,1,1,0,1,4,,,
201026603280,6,1,4,1,2,135.548,2,12,6,2010,19,52,12,1,0,2,3,10,0,0,2,1,0,2,1,,,
201026603285,4,1,4,1,2,304.982,2,12,1,2010,20,38,14,0,0,1,3,10,0,0,2,1,1,1,7,,,
201026603287,5,1,4,1,2,67.774,2,12,2,2010,18,7,12,2,0,2,3,10,2,2,2,1,0,2,1,,,
201026603295,3,1,13,1,2,33.887,1,12,6,2010,7,55,74,0,0,1,1,1,2,1,2,8,0,1,4,,,
201026603297,5,1,2,1,2,67.774,3,12,5,2010,17,25,12,1,0,1,3,10,1,1,2,2,0,1,1,,,
201026603300,6,1,2,1,2,135.548,1,12,2,2010,22,48,53,0,0,1,3,4,0,0,2,2,0,1,4,,,
201026603316,4,1,8,1,2,304.982,2,12,6,2010,11,48,12,1,0,2,1,10,0,0,2,1,0,8,1,,,
201026603319,3,1,8,1,2,33.887,2,12,2,2010,16,10,14,0,0,1,1,1,3,1,2,1,1,1,7,,,
201026603320,6,1,8,1,2,135.548,1,12,2,2010,13,54,30,0,0,2,1,1,0,0,1,1,0,2,4,,,
201026603330,4,1,1,1,2,304.982,2,12,5,2010,15,23,12,1,0,1,1,10,0,0,2,2,0,1,1,,,
201026603331,6,1,1,1,2,135.548,2,12,5,2010,19,20,14,0,0,1,3,10,0,0,2,2,1,1,6,,,
201026603352,4,1,4,1,2,304.982,2,12,5,2010,17,43,12,1,0,2,3,10,0,0,2,1,0,3,1,,,
201026603353,6,1,4,1,2,135.548,2,12,6,2010,14,58,12,2,0,2,1,10,0,0,2,1,0,2,1,,,
201026603366,4,1,4,1,2,304.982,2,12,5,2010,13,20,12,1,0,2,1,1,0,0,2,1,0,3,1,,,
201026603368,6,1,4,1,2,135.548,1,12,5,2010,17,48,35,0,0,1,2,1,0,0,2,1,0,1,4,,,
201026603430,4,1,10,1,2,304.982,1,12,3,2010,17,38,2,0,0,1,2,10,0,0,2,8,0,1,2,,,
201026603432,6,1,12,1,2,135.548,1,12,5,2010,11,49,35,0,0,1,1,10,0,0,2,8,0,1,5,,,
201026603433,2,1,12,1,2,33.887,1,12,6,2010,8,10,20,0,1,5,1,1,0,0,2,8,0,1,1,,,
201026603634,6,1,7,1,2,135.548,1,7,7,2010,8,4,34,0,0,1,1,2,0,0,2,1,0,1,3,,,
201026603640,5,1,7,1,2,67.774,2,8,3,2010,8,53,12,2,0,2,1,10,2,1,2,1,0,7,1,,,
201026603641,3,1,7,1,2,33.887,1,8,1,2010,16,55,1,0,0,2,1,10,2,2,2,1,0,2,1,,,
201026603643,5,1,7,1,2,67.774,2,8,3,2010,16,55,12,6,0,2,1,10,3,3,2,1,0,7,1,,,
201026603644,6,1,7,1,2,135.548,1,8,4,2010,20,7,42,0,0,1,6,1,0,0,1,1,0,1,5,,,
201026603648,6,1,7,1,2,135.548,3,8,2,2010,17,34,12,1,0,1,1,10,0,0,2,1,0,1,1,,,
201026603650,2,1,7,1,2,33.887,1,8,2,2010,8,10,1,0,0,1,1,1,1,1,2,1,0,1,4,,,
201026603655,5,1,7,1,2,67.774,2,9,4,2010,10,25,12,6,0,4,1,1,2,1,2,1,0,1,1,,,
201026603657,2,1,7,1,2,33.887,1,8,5,2010,8,26,1,0,0,1,1,1,2,1,2,1,0,1,1,,,
201026603659,2,1,7,1,2,33.887,2,9,3,2010,7,57,12,1,0,1,1,5,0,0,2,1,0,1,1,,,
201026603662,2,1,7,1,2,33.887,2,9,3,2010,8,5,5,0,0,1,1,5,0,0,2,1,0,1,1,,,
201026603663,6,1,7,1,2,135.548,1,9,4,2010,12,56,74,0,0,1,1,2,0,0,2,1,0,1,4,,,
201026603666,4,1,7,1,2,304.982,2,9,1,2010,14,45,12,1,1,5,1,10,0,0,2,1,0,1,1,,,
201026603668,6,1,7,1,2,135.548,1,9,5,2010,15,5,32,0,0,1,1,1,0,0,2,1,0,1,4,,,
201026603675,6,1,7,1,2,135.548,1,9,3,2010,15,15,74,0,1,5,1,2,0,0,2,1,0,1,4,,,
201026603678,5,1,7,1,2,67.774,2,7,3,2010,8,10,12,1,0,1,1,1,1,2,2,1,0,1,1,,,
201026603683,4,1,7,1,2,304.982,2,7,5,2010,11,56,12,6,0,4,1,1,0,0,2,1,0,1,1,,,
201026603686,3,1,7,1,2,33.887,1,7,3,2010,5,49,24,0,0,1,4,10,2,1,2,1,0,1,1,,,
201026603689,5,1,7,1,2,67.774,1,7,6,2010,11,16,74,0,0,1,1,2,2,2,2,1,0,1,4,,,
201026603692,1,1,7,1,2,33.887,2,9,3,2010,19,38,12,2,0,2,2,1,3,1,2,1,0,3,1,,,
201026603694,6,1,7,1,2,135.548,1,9,5,2010,16,4,34,0,0,1,1,1,0,0,2,1,0,1,5,,,
201026603697,1,1,7,1,2,33.887,2,8,4,2010,20,50,12,2,0,2,3,1,3,4,2,1,0,2,1,,,
201026603702,6,1,7,1,2,135.548,1,10,4,2010,21,36,59,0,0,1,3,2,0,0,2,1,0,1,4,,,
201026603707,4,1,7,1,2,304.982,1,9,5,2010,6,39,24,0,0,1,1,1,0,0,2,1,0,1,1,,,
201026603709,3,1,7,1,2,33.887,1,10,2,2010,5,14,24,0,0,1,2,1,3,1,2,1,0,1,1,,,
201026603710,6,1,7,1,2,135.548,1,10,5,2010,1,9,75,0,0,1,2,10,0,0,1,1,0,1,4,,,
201026603713,5,1,7,1,2,67.774,1,9,5,2010,14,58,75,0,0,1,1,2,1,1,2,1,0,1,4,,,
201026603719,6,1,7,1,2,135.548,1,10,6,2010,11,55,35,0,0,1,1,2,0,0,2,1,0,1,3,,,
201026603721,5,1,7,1,2,67.774,1,10,3,2010,16,41,34,0,0,1,1,1,1,1,2,1,0,1,4,,,
201026603729,6,1,7,1,2,135.548,1,11,3,2010,7,5,24,0,0,1,1,1,0,0,2,1,0,1,1,,,
201026603735,6,1,7,1,2,135.548,1,11,2,2010,13,4,74,0,0,1,1,3,3,1,2,1,0,1,4,,,
201026603737,4,1,7,1,2,304.982,1,11,2,2010,14,26,74,0,0,1,1,4,2,1,2,1,0,1,4,,,
201026603740,6,1,7,1,2,135.548,2,11,6,2010,14,59,12,6,0,1,1,10,0,0,2,1,0,1,1,,,
201026603754,6,1,7,1,2,135.548,1,11,2,2010,14,50,34,0,0,1,1,4,0,0,2,1,0,1,4,,,
201026603756,4,1,7,1,2,304.982,1,11,5,2010,18,30,24,0,0,1,2,1,0,0,2,1,0,1,1,,,