CASENUM,STRATUM,REGION,PJ,PSU,PSUSTRAT,WEIGHT,VE_TOTAL,MONTH,WKDY_IM,YEAR,HOUR_IM,MINUTE_IM,EVENT1_IM,MANCOL_IM,RELJCT1_IM,RELJCT2_IM,LGTCON_IM,WEATHR_IM,MAXSEV_IM,NO_INJ_IM,ALCHL_IM,LAND_USE,PVH_INVL,TYP_INT,REL_ROAD,CF1,CF2,CF3
201026603765,5,1,7,1,2,67.774,1,11,7,2010,18,7,38,0,0,1,2,1,1,1,2,1,0,1,5,,,
201026603768,6,1,7,1,2,135.548,2,12,7,2010,11,45,12,2,0,4,1,1,0,0,2,1,0,1,1,,,
201026603769,1,1,7,1,2,33.887,1,12,2,2010,15,2,32,0,0,1,1,4,2,1,2,1,0,1,4,,,
201026603771,5,1,7,1,2,67.774,1,12,7,2010,15,17,30,0,0,1,1,1,2,1,2,1,0,1,5,,,
201026603775,6,1,7,1,2,135.548,1,12,4,2010,15,0,34,0,0,1,1,2,0,0,2,1,0,1,3,,,
201026603780,4,1,7,1,2,304.982,1,12,7,2010,7,5,24,0,0,1,4,10,0,0,2,1,0,1,1,,,
201026603782,2,1,7,1,2,33.887,1,12,6,2010,3,45,74,0,1,5,2,1,0,0,2,1,0,2,4,,,
201026603783,6,1,7,1,2,135.548,1,12,6,2010,7,40,25,0,1,5,1,1,0,0,2,1,0,1,4,,,
201026603789,5,1,7,1,2,67.774,1,12,5,2010,7,48,42,0,0,1,1,4,1,1,2,1,0,1,4,,,
201026603792,6,1,7,1,2,135.548,1,12,3,2010,9,0,34,0,0,2,1,1,0,0,2,1,0,3,4,,,
201026603801,6,1,7,1,2,135.548,2,12,5,2010,13,3,75,0,0,1,1,1,0,0,2,1,0,1,3,,,
201026603803,4,1,7,1,2,304.982,2,12,4,2010,9,17,12,6,0,4,1,3,0,0,2,1,0,1,1,,,
201026603806,6,1,7,1,2,135.548,1,12,2,2010,10,9,75,0,0,1,1,4,0,0,2,1,0,1,4,,,
201026603807,5,1,7,1,2,67.774,3,12,5,2010,18,0,12,2,0,2,3,1,1,2,2,1,0,7,1,,,
201026603819,1,1,3,23,2,2.138,1,7,2,2010,19,44,43,0,0,1,1,1,3,3,2,8,0,1,4,,,
201026603831,5,1,3,23,2,57.729,2,7,2,2010,15,48,12,1,0,1,1,1,1,2,2,8,0,1,1,,,
201026603838,2,1,3,23,2,2.138,2,7,5,2010,1,15,12,1,0,1,2,1,0,0,2,8,0,1,1,,,
201026603845,2,1,3,23,2,2.138,2,7,2,2010,9,20,12,1,0,1,3,1,0,0,2,8,0,1,1,,,
201026604010,2,1,3,23,2,2.138,1,8,2,2010,23,15,71,0,1,5,3,10,0,0,2,8,0,1,1,,,
201026604016,6,1,3,23,2,130.424,2,8,5,2010,16,28,12,1,0,1,1,1,0,0,2,8,0,1,1,,,
201026604074,3,1,3,23,2,17.105,3,8,1,2010,13,31,12,1,0,1,1,1,3,2,2,8,0,1,1,,,
201026604092,4,1,3,23,2,295.058,2,9,5,2010,22,51,12,1,0,5,3,1,1,1,2,8,0,8,1,,,
201026604101,1,1,3,23,2,2.138,2,9,1,2010,20,57,12,1,0,1,3,1,2,2,2,8,0,1,1,,,
201026604129,5,1,3,23,2,57.729,3,9,3,2010,22,55,12,2,0,1,3,1,1,4,2,8,0,1,1,,,
201026604168,1,1,3,23,2,2.138,3,10,6,2010,11,34,25,0,0,1,1,2,3,3,2,8,0,1,3,,,
201026604169,6,1,3,23,2,130.424,1,10,3,2010,10,54,25,0,0,1,1,2,0,0,2,8,0,1,3,,,
201026604230,2,1,3,23,2,2.138,2,8,2,2010,9,15,12,6,0,1,1,1,2,1,2,8,0,1,1,,,
201026604254,2,1,3,23,2,2.138,1,9,5,2010,15,4,71,0,0,1,1,10,0,0,2,8,0,1,1,,,
201026604317,5,1,3,23,2,57.729,3,10,6,2010,23,13,12,6,0,1,3,1,2,3,2,8,0,1,1,,,
201026604343,6,1,3,23,2,130.424,2,10,5,2010,17,31,12,1,0,1,1,2,0,0,2,8,0,1,1,,,
201026604346,2,1,3,23,2,2.138,1,10,2,2010,20,2,71,0,0,1,3,2,0,0,2,8,0,1,1,,,
201026604351,2,1,3,23,2,2.138,2,10,4,2010,10,0,12,1,0,2,1,1,0,0,2,8,0,8,1,,,
201026604381,2,1,3,23,2,2.138,2,10,5,2010,11,59,12,6,0,1,1,10,1,1,2,8,0,1,1,,,
201026604383,4,1,3,23,2,295.058,2,10,6,2010,16,23,12,1,0,1,1,1,1,1,2,8,0,1,1,,,
201026604389,2,1,3,23,2,2.138,1,10,5,2010,12,47,71,0,0,1,1,1,0,0,2,8,0,1,1,,,
201026604423,1,1,3,23,2,2.138,1,9,2,2010,7,13,42,0,0,1,4,2,4,1,2,8,0,1,4,,,
201026604625,1,1,3,23,2,2.138,4,11,5,2010,16,42,54,0,0,1,3,1,2,1,2,8,0,1,1,,,
201026604632,2,1,3,23,2,2.138,2,11,2,2010,9,25,12,1,0,1,1,10,1,1,2,8,0,1,1,,,
201026604642,6,1,3,23,2,130.424,2,11,1,2010,10,25,12,1,0,1,1,1,1,1,2,8,0,1,1,,,
201026604660,5,1,3,23,2,57.729,2,11,2,2010,6,50,12,6,0,7,4,10,1,2,2,8,0,1,1,,,
201026604692,2,1,3,23,2,2.138,3,11,2,2010,11,58,14,0,0,1,1,1,0,0,2,8,2,1,4,,,
201026604695,1,1,3,23,2,2.138,1,11,3,2010,10,10,42,0,0,1,1,1,3,1,2,8,0,1,5,,,
201026604725,2,1,3,23,2,2.138,1,12,6,2010,19,40,71,0,0,1,3,1,0,0,2,8,0,1,1,,,
201026604739,2,1,3,23,2,2.138,2,12,6,2010,19,40,71,0,0,1,3,1,0,0,2,8,0,1,1,,,
201026604749,1,1,3,23,2,2.138,2,11,2,2010,0,5,12,2,0,1,3,1,4,2,1,8,0,1,1,,,
201026604758,2,1,3,23,2,2.138,3,12,5,2010,8,56,12,1,0,1,1,1,1,2,2,8,0,1,1,,,
201026604771,1,1,3,23,2,2.138,1,12,1,2010,19,54,42,0,0,1,5,2,3,1,2,8,0,1,5,,,
201026604793,4,1,3,23,2,295.058,1,12,3,2010,0,56,25,0,0,1,3,4,0,0,2,8,0,1,3,,,
201026604833,6,1,3,23,2,130.424,1,12,2,2010,23,15,42,0,0,1,3,4,0,0,2,8,0,1,5,,,
201026604837,2,1,3,23,2,2.138,3,12,3,2010,16,3,71,0,0,1,1,1,0,0,2,8,0,1,1,,,
201026604850,5,1,3,23,2,57.729,1,12,4,2010,7,55,74,0,0,1,1,4,1,1,2,8,0,1,4,,,
201026604863,1,1,3,23,2,2.138,1,12,1,2010,14,52,42,0,0,5,1,4,3,1,2,8,0,1,8,,,
201026700359,5,1,1,7,2,56.38,6,1,4,2010,22,53,14,0,0,2,3,1,1,1,1,2,5,8,6,,,
201026700365,5,1,16,7,2,76.734,2,1,1,2010,23,56,14,0,0,1,3,2,2,1,1,1,1,1,6,,,
201026700366,6,1,16,7,2,153.468,2,1,4,2010,13,46,12,6,0,2,1,1,0,0,2,1,0,2,1,,,
201026700368,6,1,16,7,2,153.468,3,1,6,2010,20,56,14,0,0,2,3,1,0,0,2,1,2,2,7,,,
201026700370,5,1,16,7,2,76.734,2,1,3,2010,12,22,12,6,0,2,1,1,1,1,2,1,0,2,1,,,
201026700373,5,1,2,7,2,56.38,1,1,6,2010,4,50,1,0,0,1,2,2,2,1,2,8,0,1,1,,,
201026700382,6,1,2,7,2,131.554,1,1,6,2010,11,0,74,0,0,1,1,1,0,0,2,8,0,1,3,,,
201026700392,6,1,5,7,2,135.231,2,1,5,2010,3,57,14,0,0,1,3,1,0,0,2,2,1,1,7,,,
201026700394,5,1,5,7,2,57.956,1,1,1,2010,13,47,46,0,0,1,1,1,1,2,2,2,0,1,4,,,
201026700409,5,1,8,7,2,69.148,3,1,5,2010,8,3,12,6,0,2,1,1,1,1,2,1,0,3,1,,,
201026700410,6,1,8,7,2,138.295,1,1,5,2010,19,45,74,0,0,1,2,1,0,0,2,1,0,1,4,,,
201026700416,5,1,30,7,2,121.152,1,1,2,2010,11,15,25,0,0,1,1,2,5,1,2,1,0,1,3,,,
201026700417,6,1,30,7,2,121.152,1,1,6,2010,15,56,73,0,0,1,1,1,0,0,2,1,0,1,4,,,
201026700418,6,1,30,7,2,121.152,2,2,3,2010,17,20,12,6,0,4,1,1,0,0,2,1,0,1,1,,,
201026700419,5,1,10,7,2,52.036,4,1,7,2010,12,25,12,1,0,1,1,1,1,2,2,1,0,1,1,,,
201026700420,6,1,10,7,2,104.072,2,1,3,2010,9,24,12,1,0,2,1,1,1,1,2,1,0,2,1,,,
201026700422,3,1,10,7,2,52.036,1,1,5,2010,18,5,21,0,0,1,3,1,2,1,2,1,0,1,2,,,
201026700423,4,1,10,7,2,312.217,2,1,4,2010,19,13,12,1,0,1,3,1,1,1,2,1,0,1,1,,,
201026700424,5,1,10,7,2,52.036,2,1,5,2010,15,30,12,1,0,1,1,1,1,1,2,1,0,1,1,,,
201026700425,6,1,10,7,2,104.072,2,1,5,2010,20,53,12,6,0,2,3,1,1,1,2,1,0,2,1,,,
201026700428,6,1,10,7,2,104.072,2,1,6,2010,3,14,12,6,0,2,3,1,0,0,1,1,0,2,1,,,
201026700432,3,1,10,7,2,52.036,2,1,5,2010,14,50,12,6,0,4,1,1,3,4,1,1,0,1,1,,,
201026700444,6,1,8,7,2,138.295,1,2,3,2010,14,49,30,0,0,1,1,1,0,0,2,1,0,1,4,,,
201026700446,5,1,8,7,2,69.148,2,2,2,2010,15,15,12,6,0,2,1,1,5,1,2,1,0,3,1,,,
201026700458,1,1,2,7,2,9.397,2,1,3,2010,14,32,12,6,0,2,1,1,3,2,2,8,0,8,1,,,
201026700460,3,1,3,7,2,18.793,1,1,6,2010,9,25,21,0,0,4,1,1,3,1,2,3,0,1,1,,,
201026700473,5,1,8,7,2,69.148,3,2,4,2010,10,39,12,1,0,1,1,1,5,2,2,1,0,1,1,,,
201026700474,6,1,8,7,2,138.295,1,2,7,2010,4,34,43,0,0,1,3,1,0,0,2,1,0,1,5,,,
201026700477,6,1,10,7,2,104.072,5,2,6,2010,16,46,12,1,0,2,1,1,1,1,2,1,0,2,1,,,
201026700478,5,1,10,7,2,52.036,3,2,1,2010,15,49,12,6,0,2,1,1,1,3,2,1,0,3,1,,,
201026700479,5,1,10,7,2,52.036,2,2,4,2010,14,20,14,0,0,1,1,1,1,1,1,1,1,1,4,,,
201026700483,5,1,10,7,2,52.036,2,1,5,2010,14,50,12,6,0,4,1,1,3,4,1,1,0,1,1,,,
201026700484,6,1,10,7,2,104.072,2,1,3,2010,19,16,12,1,0,1,3,1,0,0,2,1,0,1,1,,,
201026700485,5,1,10,7,2,52.036,3,1,2,2010,19,15,12,6,0,2,3,1,2,4,2,1,0,2,1,,,
201026700497,6,1,5,7,2,135.231,1,1,1,2010,6,59,42,0,0,2,4,1,0,0,2,2,0,2,5,,,
201026700502,5,1,5,7,2,57.956,3,1,1,2010,8,54,12,1,0,2,1,1,1,1,2,2,0,3,1,,,
201026700508,6,1,2,7,2,131.554,1,1,6,2010,0,5,74,0,0,1,2,1,0,0,2,8,0,1,4,,,
201026700511,5,1,2,7,2,56.38,2,1,6,2010,14,0,12,2,0,2,1,1,1,1,2,8,0,8,1,,,
201026700517,4,1,2,7,2,291.298,2,1,6,2010,11,37,12,1,0,2,1,1,1,1,2,8,0,8,1,,,
201026700529,6,1,2,7,2,131.554,1,2,7,2010,15,50,74,0,0,1,1,4,0,0,2,8,0,1,4,,,
201026700534,5,1,2,7,2,56.38,1,2,2,2010,19,0,74,0,0,1,2,1,1,1,2,8,0,1,3,,,
201026700544,6,1,5,7,2,135.231,2,2,2,2010,15,20,12,6,0,2,1,10,1,2,2,2,0,3,1,,,
201026700549,5,1,5,7,2,57.956,3,2,5,2010,11,13,12,1,0,2,1,1,5,3,2,2,0,2,1,,,
201026700552,6,1,16,7,2,153.468,2,2,6,2010,6,15,12,6,0,4,4,4,0,0,2,1,0,1,1,,,
201026700564,6,1,2,7,2,131.554,2,2,3,2010,8,18,12,8,0,1,1,4,1,1,2,8,0,1,1,,,
201026700572,2,1,1,7,2,9.397,2,3,3,2010,7,37,12,6,0,2,1,1,2,1,2,2,0,2,1,,,
201026700574,6,1,1,7,2,131.554,2,3,2,2010,17,19,12,6,0,2,1,1,0,0,2,2,0,2,1,,,
201026700588,2,1,2,7,2,9.397,2,2,6,2010,12,49,12,1,0,1,1,1,0,0,2,8,0,1,1,,,
201026700593,5,1,2,7,2,56.38,2,2,1,2010,12,58,12,1,1,5,1,1,1,1,2,8,0,1,1,,,
201026700599,6,1,3,7,2,131.554,1,1,4,2010,10,44,74,0,0,6,1,1,0,0,2,3,0,3,4,,,
201026700614,3,1,1,7,2,18.793,1,3,2,2010,7,59,21,0,0,2,1,1,2,1,2,2,0,2,1,,,
201026700615,5,1,1,7,2,56.38,2,3,6,2010,22,1,12,6,0,4,3,1,5,1,1,2,0,1,1,,,
201026700617,1,1,1,7,2,9.397,3,3,2,2010,11,29,12,2,0,2,1,1,4,2,2,2,1,2,1,,,
201026700621,5,1,5,7,2,57.956,2,2,3,2010,11,45,12,6,0,4,1,4,5,1,2,2,0,1,1,,,
201026700622,6,1,5,7,2,135.231,2,2,4,2010,8,33,12,6,0,4,1,1,0,0,2,2,0,1,1,,,
201026700631,5,1,2,7,2,56.38,2,2,7,2010,11,43,12,1,0,2,1,1,2,1,2,8,0,2,1,,,
201026700638,2,1,2,7,2,9.397,3,1,4,2010,14,0,12,6,0,1,1,1,4,3,2,8,0,1,1,,,
201026700642,6,1,2,7,2,131.554,2,2,2,2010,7,40,12,1,0,1,1,1,0,0,2,8,0,1,1,,,
201026700644,6,1,10,7,2,104.072,1,2,6,2010,2,5,33,0,0,2,3,4,0,0,2,1,0,3,4,,,
201026700647,5,1,10,7,2,52.036,1,3,4,2010,10,54,19,0,1,5,1,2,2,1,2,1,0,2,5,,,
201026700649,5,1,10,7,2,52.036,2,3,6,2010,23,12,12,2,0,2,3,1,1,1,1,1,0,2,1,,,
201026700654,6,1,30,7,2,121.152,2,2,1,2010,4,7,14,0,0,1,3,1,0,0,2,1,1,1,2,,,
201026700655,2,1,30,7,2,121.152,1,3,5,2010,15,19,1,0,1,5,1,1,0,0,2,1,0,1,1,,,
201026700656,5,1,30,7,2,121.152,1,3,5,2010,11,12,42,0,0,1,1,1,1,1,2,1,0,1,5,,,
201026700657,2,1,30,7,2,121.152,2,3,4,2010,13,53,53,0,0,1,1,2,5,1,2,1,1,1,4,,,
201026700658,5,1,30,7,2,121.152,1,3,7,2010,13,5,25,0,0,1,1,2,1,1,2,1,0,1,3,,,
201026700661,5,1,8,7,2,69.148,3,3,5,2010,15,20,12,6,0,2,1,1,2,2,2,1,0,3,1,,,
201026700687,6,1,2,7,2,131.554,1,3,2,2010,23,4,25,0,0,1,3,2,0,0,2,8,0,1,3,,,
201026700692,6,1,8,7,2,138.295,2,3,1,2010,19,30,12,1,0,2,3,2,0,0,2,1,0,2,1,,,
201026700693,5,1,8,7,2,69.148,1,3,4,2010,12,16,30,0,0,4,1,1,1,1,2,1,0,1,4,,,
201026700696,5,1,8,7,2,69.148,2,3,4,2010,11,47,12,6,0,2,1,1,2,2,2,1,0,2,1,,,
201026700701,6,1,10,7,2,104.072,2,3,4,2010,9,6,12,6,0,2,1,1,1,1,2,1,0,2,1,,,
201026700702,2,1,10,7,2,52.036,2,3,6,2010,11,40,12,6,0,4,1,1,0,0,2,1,0,1,1,,,
201026700703,1,1,10,7,2,52.036,3,3,6,2010,15,53,12,6,0,1,1,1,3,3,2,1,0,1,1,,,
201026700713,5,1,3,7,2,56.38,2,1,7,2010,9,17,12,6,0,4,1,1,5,1,2,3,0,1,1,,,
201026700715,3,1,2,7,2,18.793,2,3,5,2010,15,29,12,1,1,5,1,1,2,1,2,8,0,1,1,,,
201026700719,5,1,2,7,2,56.38,1,3,2,2010,20,50,46,0,0,2,2,2,3,1,2,8,0,8,4,,,
201026700726,5,1,16,7,2,76.734,2,3,2,2010,18,31,12,1,0,4,3,1,5,1,2,1,0,1,1,,,
201026700727,5,1,16,7,2,76.734,2,3,5,2010,15,49,12,2,0,1,1,1,5,4,2,1,0,1,1,,,
201026700729,3,1,8,7,2,34.574,2,4,5,2010,12,4,12,2,0,4,1,1,2,1,2,1,0,1,1,,,
201026700731,3,1,8,7,2,34.574,1,4,2,2010,19,58,1,0,0,2,3,1,3,1,2,1,0,6,1,,,
201026700742,5,1,1,7,2,56.38,2,3,6,2010,16,30,12,6,0,1,1,1,1,1,2,2,0,1,1,,,
201026700743,3,1,30,7,2,121.152,2,3,6,2010,14,15,12,1,0,2,1,1,2,3,2,1,0,4,1,,,
201026700746,3,1,5,7,2,19.319,1,3,5,2010,14,22,21,0,0,2,1,1,3,2,2,2,0,8,1,,,
201026700759,2,1,2,7,2,9.397,2,3,3,2010,12,12,12,7,0,1,1,1,0,0,2,8,0,1,1,,,
201026700765,6,1,2,7,2,131.554,2,4,6,2010,18,0,12,1,1,5,1,1,0,0,1,8,0,8,1,,,
201026700777,2,1,30,7,2,121.152,1,4,5,2010,13,7,1,0,1,5,1,1,5,1,2,1,0,1,2,,,
201026700778,6,1,30,7,2,121.152,1,4,6,2010,0,54,25,0,0,1,3,2,0,0,2,1,0,1,3,,,
201026700791,6,1,5,7,2,135.231,2,3,7,2010,14,24,14,0,0,1,1,2,0,0,2,2,1,1,6,,,
201026700793,5,1,5,7,2,57.956,2,3,7,2010,23,7,12,6,0,2,3,1,5,2,2,2,0,2,1,,,
201026700796,3,1,1,7,2,18.793,1,4,4,2010,16,41,22,0,0,2,1,1,2,1,2,2,0,2,1,,,
201026700800,5,1,2,7,2,56.38,2,4,1,2010,15,30,12,6,0,1,1,1,2,3,2,8,0,1,1,,,
201026700815,6,1,3,7,2,131.554,2,2,6,2010,14,6,12,6,0,2,1,1,5,1,2,3,0,2,1,,,
201026700817,1,1,3,7,2,9.397,2,2,6,2010,15,54,12,6,0,2,1,1,3,1,2,3,0,2,1,,,
201026700818,5,1,3,7,2,56.38,4,2,6,2010,23,7,12,1,0,2,3,1,5,2,1,3,0,2,1,,,
201026700824,3,1,3,7,2,18.793,1,2,5,2010,13,58,21,0,0,2,1,4,2,1,2,3,0,2,1,,,
201026700834,6,1,2,7,2,131.554,2,3,5,2010,19,39,12,1,0,1,3,1,0,0,1,8,0,1,1,,,
201026700836,2,1,2,7,2,9.397,2,4,6,2010,9,48,12,1,0,1,1,1,5,1,2,8,0,1,1,,,
201026700859,4,1,10,7,2,312.217,2,3,4,2010,9,31,12,6,0,4,1,1,1,1,2,1,0,1,1,,,
201026700861,6,1,10,7,2,104.072,2,3,4,2010,16,46,12,1,0,1,1,1,0,0,2,1,0,1,1,,,
201026700862,3,1,10,7,2,52.036,1,4,5,2010,12,27,22,0,0,2,1,1,2,1,2,1,0,2,1,,,
201026700863,5,1,10,7,2,52.036,1,4,5,2010,14,53,30,0,0,1,1,1,1,1,2,1,0,1,4,,,
201026700865,6,1,10,7,2,104.072,3,4,3,2010,17,23,12,1,0,1,1,2,0,0,2,1,0,1,1,,,
201026700867,5,1,10,7,2,52.036,2,4,4,2010,17,11,12,6,0,4,1,1,1,2,2,1,0,1,1,,,
201026700868,6,1,10,7,2,104.072,2,4,5,2010,9,19,12,2,0,4,1,1,0,0,2,1,0,1,1,,,
201026700882,5,1,3,7,2,56.38,2,3,6,2010,16,19,12,2,0,2,1,2,1,1,2,3,0,2,1,,,
201026700893,2,1,2,7,2,9.397,3,4,5,2010,9,58,12,6,0,1,1,1,2,1,2,8,0,1,1,,,
201026700895,5,1,2,7,2,56.38,1,4,6,2010,6,35,74,0,0,1,1,2,1,2,2,8,0,1,4,,,
201026700900,6,1,2,7,2,131.554,1,4,3,2010,18,50,42,0,0,1,1,1,0,0,1,8,0,1,4,,,
201026700903,2,1,10,7,2,52.036,2,4,6,2010,14,8,12,6,1,5,1,1,0,0,2,1,0,2,1,,,
201026700906,5,1,10,7,2,52.036,1,4,4,2010,2,28,42,0,0,1,3,1,5,1,2,1,0,1,5,,,
201026700907,5,1,10,7,2,52.036,2,4,2,2010,20,30,12,6,0,2,3,1,2,2,1,1,0,2,1,,,
201026700909,3,1,8,7,2,34.574,2,4,3,2010,15,31,12,1,0,2,1,1,2,1,2,1,0,3,1,,,
201026700922,2,1,2,7,2,9.397,2,4,2,2010,10,42,12,1,0,2,1,1,1,1,2,8,0,8,1,,,
201026700929,6,1,2,7,2,131.554,1,4,2,2010,22,0,30,0,0,1,2,2,0,0,2,8,0,1,4,,,
201026700935,4,1,3,7,2,291.298,2,3,3,2010,14,7,14,0,0,2,1,1,5,1,2,3,1,2,6,,,
201026700938,6,1,3,7,2,131.554,2,3,6,2010,10,1,12,2,0,2,1,1,5,1,2,3,0,3,1,,,
201026700951,6,1,16,7,2,153.468,2,4,2,2010,21,5,12,2,0,2,3,1,0,0,2,1,0,2,1,,,
201026700952,5,1,16,7,2,76.734,3,4,5,2010,17,10,12,6,0,1,1,1,5,2,2,1,1,1,1,,,
201026700953,4,1,16,7,2,306.936,2,4,2,2010,8,35,12,6,0,2,1,2,1,1,2,1,0,2,1,,,
201026700957,5,1,3,7,2,56.38,3,3,4,2010,12,17,12,6,0,2,1,1,1,1,2,3,1,7,1,,,
201026700962,2,1,3,7,2,9.397,2,4,7,2010,6,22,12,2,0,1,4,1,3,2,2,3,0,1,1,,,
201026700967,3,1,5,7,2,19.319,2,4,7,2010,18,54,1,0,0,2,5,1,2,1,2,2,0,4,1,,,
201026700969,6,1,5,7,2,135.231,1,4,3,2010,18,1,30,0,0,1,5,1,0,0,2,2,0,1,4,,,
201026700974,5,1,5,7,2,57.956,2,4,7,2010,11,33,12,6,0,4,1,1,2,1,2,2,0,1,1,,,
201026700979,6,1,5,7,2,135.231,2,4,4,2010,11,25,12,6,0,2,1,1,5,1,2,2,0,2,1,,,
201026700983,3,1,5,7,2,19.319,2,4,7,2010,13,54,14,0,0,4,1,1,2,1,2,2,1,1,7,,,
201026700984,3,1,5,7,2,19.319,1,4,6,2010,18,3,22,0,0,2,1,1,2,1,2,2,0,2,1,,,
201026700986,3,1,5,7,2,19.319,2,4,4,2010,16,10,12,1,0,2,1,1,2,1,2,2,0,2,1,,,
201026701012,5,1,1,7,2,56.38,2,5,7,2010,12,38,12,6,0,2,1,1,5,1,2,2,0,2,1,,,
201026701018,4,1,30,7,2,242.303,1,4,2,2010,19,18,25,0,0,1,5,2,5,1,2,1,0,1,3,,,
201026701019,5,1,10,7,2,52.036,2,4,3,2010,15,48,12,2,0,1,1,1,2,2,2,1,0,1,1,,,
201026701020,6,1,10,7,2,104.072,1,4,2,2010,17,20,33,0,0,1,1,1,0,0,2,1,0,1,4,,,
201026701022,6,1,10,7,2,104.072,2,4,6,2010,14,11,12,6,1,5,1,1,0,0,2,1,0,2,1,,,
201026701023,2,1,2,7,2,9.397,2,3,7,2010,1,20,12,6,0,1,2,1,1,1,1,8,0,1,1,,,
201026701027,2,1,2,7,2,9.397,2,4,7,2010,4,10,12,1,0,1,2,1,1,1,2,8,0,1,1,,,
201026701028,5,1,2,7,2,56.38,3,4,1,2010,17,33,12,1,0,1,1,1,1,4,2,8,0,1,1,,,
201026701031,5,1,3,7,2,56.38,2,4,6,2010,9,50,12,6,0,2,1,1,2,1,2,3,0,2,1,,,
201026701034,6,1,3,7,2,131.554,2,4,6,2010,8,9,12,6,0,6,1,1,0,0,2,3,0,2,1,,,
201026701035,2,1,3,7,2,9.397,3,4,3,2010,16,54,12,7,0,2,1,1,5,1,2,3,0,2,1,,,
201026701054,5,1,3,7,2,56.38,2,5,5,2010,18,24,12,6,0,4,1,1,5,2,2,3,0,1,1,,,
201026701058,3,1,3,7,2,18.793,2,5,7,2010,20,25,12,6,0,2,5,1,2,1,2,3,0,3,1,,,
201026701061,5,1,8,7,2,69.148,2,5,7,2010,12,47,12,1,0,1,1,1,2,2,2,1,0,1,1,,,
201026701064,6,1,8,7,2,138.295,2,5,3,2010,7,30,12,6,0,2,1,2,0,0,2,1,0,3,1,,,
201026701066,5,1,8,7,2,69.148,2,5,1,2010,4,31,12,6,1,5,3,1,2,2,1,1,0,3,1,,,
201026701068,5,1,10,7,2,52.036,1,4,4,2010,23,46,43,0,0,2,3,1,2,1,1,1,0,3,5,,,
201026701070,6,1,10,7,2,104.072,4,5,5,2010,16,13,12,1,0,1,1,1,0,0,2,1,0,1,1,,,
201026701071,5,1,10,7,2,52.036,3,5,5,2010,19,19,12,1,0,1,1,1,5,1,2,1,0,1,1,,,
201026701073,6,1,10,7,2,104.072,2,5,7,2010,16,7,12,2,0,4,1,1,0,0,2,1,0,1,1,,,
201026701074,5,1,10,7,2,52.036,2,5,4,2010,17,0,12,6,0,2,1,2,1,1,2,1,0,3,1,,,
201026701075,5,1,10,7,2,52.036,2,5,6,2010,15,37,12,1,0,2,1,1,1,2,2,1,0,3,1,,,
201026701076,5,1,10,7,2,52.036,2,5,4,2010,10,1,12,6,0,2,1,2,1,1,2,1,0,2,1,,,
201026701085,3,1,1,7,2,18.793,1,4,6,2010,19,52,21,0,0,1,1,1,2,1,2,2,0,1,1,,,
201026701086,6,1,1,7,2,131.554,2,5,3,2010,19,15,12,6,0,2,5,2,0,0,2,2,0,2,1,,,
201026701092,5,1,8,7,2,69.148,1,5,3,2010,16,43,35,0,0,1,1,2,5,1,2,1,0,1,4,,,
201026701097,5,1,2,7,2,56.38,1,4,2,2010,4,8,74,0,0,1,3,1,5,1,1,8,0,1,4,,,
201026701101,2,1,2,7,2,9.397,2,4,5,2010,10,35,12,7,0,2,1,1,0,0,2,8,0,8,1,,,
201026701112,2,1,2,7,2,9.397,2,5,5,2010,13,17,12,7,0,1,1,1,2,1,2,8,0,1,1,,,
201026701113,5,1,2,7,2,56.38,1,5,5,2010,23,2,35,0,0,1,2,1,2,1,1,8,0,1,5,,,
201026701117,1,1,2,7,2,9.397,1,5,7,2010,16,19,33,0,1,5,1,1,3,2,2,8,0,8,4,,,
201026701119,2,1,2,7,2,9.397,4,5,2,2010,17,37,12,1,0,1,1,1,0,0,2,8,0,1,1,,,
201026701122,1,1,2,7,2,9.397,1,5,4,2010,15,0,42,0,0,1,1,2,3,1,2,8,0,1,4,,,
201026701123,3,1,2,7,2,18.793,2,5,4,2010,22,35,12,6,0,1,2,1,2,1,2,8,0,1,1,,,
201026701129,6,1,2,7,2,131.554,4,5,1,2010,13,24,12,6,0,2,1,1,1,1,2,8,2,8,1,,,
201026701130,2,1,2,7,2,9.397,2,5,3,2010,4,28,12,7,0,1,2,2,0,0,2,8,0,1,1,,,
201026701135,6,1,10,7,2,104.072,3,5,1,2010,15,15,12,1,0,2,1,1,0,0,2,1,0,8,1,,,
201026701149,5,1,16,7,2,76.734,3,5,7,2010,9,53,12,6,0,2,1,1,5,1,2,1,0,2,1,,,
201026701150,5,1,16,7,2,76.734,2,5,4,2010,17,43,12,1,0,4,1,1,5,1,2,1,0,1,1,,,
201026701151,5,1,16,7,2,76.734,3,5,4,2010,7,14,12,1,0,2,1,2,5,2,2,1,0,2,1,,,
201026701155,4,1,5,7,2,289.782,3,4,3,2010,17,18,12,1,0,2,1,1,5,2,2,2,0,3,1,,,
201026701156,6,1,5,7,2,135.231,2,5,7,2010,16,49,12,1,0,2,1,1,0,0,2,2,0,3,1,,,
201026701179,1,1,2,7,2,9.397,1,5,7,2010,16,20,1,0,1,5,1,1,2,1,2,8,0,1,1,,,
201026701185,5,1,8,7,2,69.148,2,6,3,2010,15,15,12,6,0,2,1,1,2,1,2,1,0,2,1,,,
201026701190,6,1,3,7,2,131.554,1,6,7,2010,6,12,33,0,0,1,1,1,0,0,2,3,0,1,4,,,
201026701204,6,1,10,7,2,104.072,2,5,2,2010,8,8,12,6,0,2,1,1,1,1,2,1,0,3,1,,,
201026701206,2,1,10,7,2,52.036,2,6,4,2010,18,1,12,6,0,2,1,2,1,1,2,1,0,2,1,,,