CASENUM,STRATUM,REGION,PJ,PSU,PSUSTRAT,WEIGHT,VE_TOTAL,MONTH,WKDY_IM,YEAR,HOUR_IM,MINUTE_IM,EVENT1_IM,MANCOL_IM,RELJCT1_IM,RELJCT2_IM,LGTCON_IM,WEATHR_IM,MAXSEV_IM,NO_INJ_IM,ALCHL_IM,LAND_USE,PVH_INVL,TYP_INT,REL_ROAD,CF1,CF2,CF3
201026701207,6,1,10,7,2,104.072,2,6,1,2010,22,40,14,0,0,1,3,1,0,0,2,1,1,1,6,,,
201026701213,2,1,2,7,2,9.397,2,5,1,2010,13,3,12,6,0,1,1,2,1,1,2,8,0,1,1,,,
201026701216,6,1,2,7,2,131.554,1,5,3,2010,15,20,25,0,0,1,1,2,0,0,2,8,0,1,4,,,
201026701218,3,1,2,7,2,18.793,1,5,2,2010,14,32,24,0,0,1,1,1,1,1,2,8,0,1,1,,,
201026701231,5,1,2,7,2,56.38,2,5,7,2010,11,15,12,6,1,5,1,1,1,4,2,8,0,8,1,,,
201026701240,3,1,30,7,2,121.152,1,6,7,2010,14,33,74,0,0,1,1,1,3,1,2,1,0,1,4,,,
201026701241,6,1,30,7,2,121.152,1,6,5,2010,15,41,42,0,0,1,1,1,0,0,2,1,0,1,5,,,
201026701242,6,1,8,7,2,138.295,2,6,4,2010,15,20,12,1,0,2,1,1,0,0,2,1,0,2,1,,,
201026701243,2,1,8,7,2,34.574,2,6,4,2010,12,13,12,6,0,2,1,2,1,1,2,1,0,3,1,,,
201026701246,5,1,1,7,2,56.38,2,6,2,2010,14,34,12,1,0,2,1,1,1,1,2,2,0,2,1,,,
201026701256,5,1,1,7,2,56.38,2,5,2,2010,0,56,12,6,0,2,3,1,2,4,2,2,0,2,1,,,
201026701265,5,1,2,7,2,56.38,1,6,4,2010,14,50,32,0,0,1,1,2,1,1,2,8,0,1,4,,,
201026701270,2,1,2,7,2,9.397,1,5,4,2010,2,25,74,0,0,1,2,1,3,1,2,8,0,1,4,,,
201026701271,6,1,2,7,2,131.554,1,6,3,2010,16,56,34,0,0,1,1,1,0,0,2,8,0,1,4,,,
201026701276,6,1,5,7,2,135.231,3,5,4,2010,15,37,12,1,0,2,1,1,1,1,2,2,0,3,1,,,
201026701294,6,1,16,7,2,153.468,2,6,4,2010,7,46,12,6,0,2,1,1,5,2,2,1,0,3,1,,,
201026701295,5,1,16,7,2,76.734,1,6,2,2010,3,13,30,0,0,1,3,1,2,3,2,1,0,1,4,,,
201026701298,6,1,16,7,2,153.468,2,6,2,2010,11,20,12,6,0,2,1,1,0,0,2,1,0,2,1,,,
201026701299,3,1,2,7,2,18.793,1,2,5,2010,7,59,41,0,0,1,1,1,2,1,2,8,0,1,4,,,
201026701304,5,1,2,7,2,56.38,2,6,5,2010,21,50,12,7,0,1,6,1,1,6,2,8,0,1,1,,,
201026701316,2,1,2,7,2,9.397,3,6,4,2010,9,16,12,7,0,2,1,1,0,0,2,8,0,2,1,,,
201026701319,5,1,8,7,2,69.148,2,6,3,2010,6,11,12,6,1,5,1,1,2,2,2,1,0,2,1,,,
201026701320,6,1,8,7,2,138.295,2,7,6,2010,14,45,12,1,0,1,1,1,0,0,2,1,0,1,1,,,
201026701326,5,1,10,7,2,52.036,1,6,1,2010,0,35,42,0,0,1,3,1,3,1,2,1,0,1,5,,,
201026701328,6,1,10,7,2,104.072,2,6,6,2010,14,23,12,1,0,1,1,1,1,1,2,1,0,1,1,,,
201026701330,5,1,10,7,2,52.036,5,6,7,2010,19,19,12,1,0,2,1,1,1,4,2,1,0,2,1,,,
201026701348,3,1,5,7,2,19.319,2,6,6,2010,17,20,1,0,0,4,1,1,3,1,2,2,0,1,1,,,
201026701349,5,1,5,7,2,57.956,2,6,3,2010,17,57,12,6,0,4,1,1,0,0,2,2,0,1,1,,,
201026701352,5,1,5,7,2,57.956,2,6,6,2010,6,56,14,0,0,1,1,1,0,0,2,2,1,1,7,,,
201026701362,2,1,1,7,2,9.397,2,6,7,2010,10,40,45,0,0,1,1,1,1,1,2,2,1,1,1,,,
201026701367,5,1,3,7,2,56.38,2,6,2,2010,18,45,12,6,0,2,1,1,1,1,2,3,0,2,1,,,
201026701374,5,1,5,7,2,57.956,2,6,5,2010,11,33,12,6,0,2,1,1,2,2,2,2,0,2,1,,,
201026701379,6,1,5,7,2,135.231,2,6,3,2010,16,19,12,6,0,2,1,1,5,1,2,2,0,2,1,,,
201026701389,5,1,1,7,2,56.38,2,7,4,2010,13,56,14,0,0,1,1,2,1,1,2,2,1,1,7,,,
201026701390,4,1,1,7,2,291.298,2,7,6,2010,22,0,12,1,0,1,3,1,5,1,2,2,0,1,1,,,
201026701401,6,1,3,7,2,131.554,2,7,5,2010,12,47,12,2,0,4,1,1,0,0,2,3,0,1,1,,,
201026701406,4,1,3,7,2,291.298,1,7,7,2010,2,25,21,0,0,1,3,1,5,1,1,3,0,1,1,,,
201026701419,4,1,10,7,2,312.217,2,7,1,2010,14,35,12,1,0,4,1,1,5,1,2,1,0,1,1,,,
201026701420,6,1,10,7,2,104.072,1,7,4,2010,15,54,30,0,0,1,1,1,0,0,2,1,0,1,4,,,
201026701421,5,1,10,7,2,52.036,3,7,4,2010,22,28,12,1,0,2,3,1,5,1,1,1,0,2,1,,,
201026701426,6,1,10,7,2,104.072,3,7,7,2010,11,1,12,1,0,1,1,1,0,0,2,1,0,1,1,,,
201026701428,6,1,10,7,2,104.072,2,7,5,2010,0,21,12,1,0,2,3,1,0,0,1,1,0,2,1,,,
201026701429,6,1,30,7,2,121.152,1,6,7,2010,3,54,25,0,0,1,3,1,1,1,2,1,0,1,4,,,
201026701430,6,1,30,7,2,121.152,1,6,7,2010,13,15,42,0,0,1,1,1,5,1,2,1,0,1,5,,,
201026701431,6,1,30,7,2,121.152,2,6,3,2010,18,3,12,1,0,1,1,1,0,0,2,1,0,1,1,,,
201026701432,3,1,8,7,2,34.574,1,6,3,2010,0,35,33,0,0,1,3,1,4,1,2,1,0,1,4,,,
201026701433,3,1,8,7,2,34.574,1,7,5,2010,9,52,22,0,0,2,1,1,4,1,2,1,0,2,1,,,
201026701446,6,1,8,7,2,138.295,2,7,2,2010,7,20,12,6,0,4,2,1,0,0,2,1,0,1,1,,,
201026701447,3,1,8,7,2,34.574,1,7,6,2010,21,35,74,0,0,1,3,1,5,1,2,1,0,1,4,,,
201026701450,5,1,10,7,2,52.036,2,7,7,2010,2,36,12,2,0,4,3,1,1,2,1,1,0,1,1,,,
201026701451,6,1,10,7,2,104.072,2,7,7,2010,14,34,12,6,1,5,1,1,0,0,2,1,0,2,1,,,
201026701453,5,1,10,7,2,52.036,2,7,5,2010,10,16,12,6,1,5,1,1,1,2,2,1,0,2,1,,,
201026701455,6,1,10,7,2,104.072,3,7,5,2010,14,2,12,1,0,1,1,1,0,0,2,1,0,1,1,,,
201026701456,2,1,10,7,2,52.036,2,7,5,2010,21,21,12,6,1,5,3,1,5,1,1,1,0,3,1,,,
201026701464,3,1,3,7,2,18.793,1,7,4,2010,21,45,21,0,0,2,3,1,3,1,2,3,0,2,1,,,
201026701466,5,1,3,7,2,56.38,2,7,7,2010,22,48,12,6,0,2,3,1,2,1,2,3,0,2,1,,,
201026701473,6,1,3,7,2,131.554,1,8,3,2010,3,48,59,0,0,1,3,1,0,0,2,3,0,1,4,,,
201026701478,4,1,16,7,2,306.936,2,7,3,2010,18,1,12,6,0,2,1,1,5,1,2,1,0,2,1,,,
201026701479,5,1,16,7,2,76.734,2,7,7,2010,14,44,12,6,0,2,1,1,1,2,2,1,0,2,1,,,
201026701482,6,1,16,7,2,153.468,1,7,1,2010,0,25,39,0,0,1,3,1,0,0,2,1,0,1,4,,,
201026701483,3,1,16,7,2,76.734,2,7,7,2010,16,30,18,0,0,2,1,1,2,1,2,1,1,2,4,,,
201026701486,5,1,5,7,2,57.956,2,7,5,2010,19,2,12,6,0,2,1,1,1,5,2,2,0,3,1,,,
201026701490,6,1,5,7,2,135.231,2,7,4,2010,8,5,12,6,0,4,1,1,0,0,2,2,0,1,1,,,
201026701502,3,1,3,7,2,18.793,1,8,4,2010,11,33,21,0,0,1,1,1,2,1,2,3,0,1,1,,,
201026701517,6,1,5,7,2,135.231,2,7,5,2010,7,0,12,6,0,2,1,1,1,1,2,2,0,2,1,,,
201026701519,2,1,5,7,2,19.319,2,7,2,2010,7,19,12,1,0,2,1,1,5,1,2,2,0,2,1,,,
201026701521,2,1,5,7,2,19.319,2,7,6,2010,12,45,12,1,0,1,1,1,5,1,2,2,0,1,1,,,
201026701523,5,1,5,7,2,57.956,2,7,7,2010,16,0,12,1,0,1,1,1,5,3,2,2,0,1,1,,,
201026701534,4,1,5,7,2,289.782,1,7,3,2010,6,25,22,0,0,2,1,1,5,1,2,2,0,2,1,,,
201026701542,5,1,2,7,2,56.38,2,5,6,2010,8,52,12,6,1,5,1,1,1,1,2,8,0,8,1,,,
201026701552,6,1,2,7,2,131.554,3,6,5,2010,17,20,12,1,0,1,1,1,0,0,2,8,0,1,1,,,
201026701558,5,1,2,7,2,56.38,2,6,4,2010,12,41,12,6,1,5,1,1,1,2,2,8,0,8,1,,,
201026701565,3,1,2,7,2,18.793,1,7,6,2010,15,35,1,0,0,1,1,1,2,1,2,8,0,1,1,,,
201026701572,1,1,2,7,2,9.397,1,6,1,2010,2,38,38,0,0,1,2,1,3,1,1,8,0,1,5,,,
201026701580,4,1,2,7,2,291.298,2,6,7,2010,9,13,12,6,0,2,1,1,1,1,2,8,0,2,1,,,
201026701581,3,1,2,7,2,18.793,1,6,7,2010,9,0,22,0,0,2,1,1,3,1,2,8,0,8,1,,,
201026701585,1,1,2,7,2,9.397,1,6,4,2010,9,36,42,0,0,1,1,1,2,1,2,8,0,1,5,,,
201026701587,6,1,2,7,2,131.554,1,7,7,2010,17,57,74,0,1,5,1,1,0,0,2,8,0,1,4,,,
201026701593,5,1,2,7,2,56.38,2,6,3,2010,10,56,12,1,0,1,1,1,2,2,2,8,0,1,1,,,
201026701598,3,1,2,7,2,18.793,2,7,6,2010,20,0,12,1,1,5,1,1,2,1,2,8,0,8,1,,,
201026701599,2,1,2,7,2,9.397,2,6,5,2010,11,41,12,7,0,1,1,1,5,1,2,8,0,1,1,,,
201026701617,6,1,2,7,2,131.554,3,7,3,2010,15,2,12,1,0,1,1,1,0,0,2,8,0,1,1,,,
201026701633,5,1,2,7,2,56.38,1,7,5,2010,9,58,25,0,0,1,1,1,5,1,2,8,0,1,3,,,
201026701636,3,1,2,7,2,18.793,1,7,7,2010,6,39,1,0,0,2,1,1,3,1,2,8,0,8,1,,,
201026701648,6,1,2,7,2,131.554,1,7,2,2010,21,20,74,0,0,1,3,1,0,0,2,8,0,1,3,,,
201026701657,3,1,2,7,2,18.793,1,5,7,2010,1,20,1,0,0,1,2,1,3,1,1,8,0,1,1,,,
201026701658,5,1,2,7,2,56.38,2,5,1,2010,18,14,12,1,0,2,1,1,5,1,2,8,0,8,1,,,
201026701673,6,1,2,7,2,131.554,1,7,4,2010,20,38,74,0,0,1,5,1,0,0,2,8,0,1,3,,,
201026701677,3,1,2,7,2,18.793,3,8,5,2010,17,50,12,1,0,1,1,1,2,1,2,8,0,1,1,,,
201026701680,5,1,2,7,2,56.38,1,7,4,2010,0,39,25,0,0,1,2,2,5,1,2,8,0,1,3,,,
201026701682,2,1,2,7,2,9.397,2,7,3,2010,14,38,12,1,1,5,1,1,0,0,2,8,0,1,1,,,
201026701691,2,1,2,7,2,9.397,2,7,1,2010,16,8,12,7,0,1,1,2,5,1,2,8,0,1,1,,,
201026701693,5,1,2,7,2,56.38,2,7,3,2010,18,55,25,0,0,1,1,1,5,1,2,8,0,1,3,,,
201026701702,2,1,2,7,2,9.397,2,8,3,2010,10,23,12,7,0,1,1,1,1,2,2,8,0,1,1,,,
201026701722,5,1,3,7,2,56.38,1,8,4,2010,4,35,30,0,0,2,3,1,5,1,2,3,0,3,4,,,
201026701743,5,1,8,7,2,69.148,2,8,4,2010,19,42,12,6,0,2,5,2,2,3,2,1,0,2,1,,,
201026701745,6,1,8,7,2,138.295,2,8,6,2010,7,57,12,6,0,4,1,1,3,1,2,1,0,1,1,,,
201026701746,5,1,8,7,2,69.148,2,8,1,2010,8,56,12,6,0,5,1,2,2,2,2,1,0,2,1,,,
201026701749,5,1,8,7,2,69.148,1,8,4,2010,12,38,30,0,0,1,1,1,1,1,2,1,0,1,4,,,
201026701755,6,1,8,7,2,138.295,2,8,6,2010,15,59,12,6,0,2,1,1,0,0,2,1,0,2,1,,,
201026701756,6,1,30,7,2,121.152,1,8,1,2010,15,16,30,0,0,2,1,2,0,0,2,1,0,8,4,,,
201026701757,6,1,30,7,2,121.152,7,6,5,2010,7,50,12,7,0,1,1,1,0,0,2,1,0,1,1,,,
201026701760,6,1,10,7,2,104.072,1,8,2,2010,15,27,74,0,1,5,1,2,0,0,2,1,0,3,4,,,
201026701763,5,1,10,7,2,52.036,2,8,6,2010,21,12,12,6,0,2,2,1,1,2,2,1,0,2,1,,,
201026701764,6,1,10,7,2,104.072,1,8,1,2010,10,37,35,0,0,1,1,1,0,0,2,1,0,1,4,,,
201026701766,1,1,10,7,2,52.036,1,8,3,2010,20,55,30,0,0,1,2,1,2,1,2,1,0,1,4,,,
201026701772,6,1,2,7,2,131.554,3,8,4,2010,13,43,12,7,0,1,1,1,0,0,2,8,0,1,1,,,
201026701786,3,1,2,7,2,18.793,1,8,1,2010,1,13,25,0,0,1,3,1,2,1,1,8,0,1,3,,,
201026701791,5,1,2,7,2,56.38,4,8,1,2010,15,5,12,1,0,1,1,2,1,1,2,8,0,1,1,,,
201026701799,6,1,2,7,2,131.554,1,8,1,2010,0,3,1,0,0,1,3,2,0,0,2,8,0,1,4,,,
201026701811,1,1,2,7,2,9.397,2,8,2,2010,7,35,12,6,0,2,1,1,3,1,2,8,0,2,1,,,
201026701817,6,1,3,7,2,131.554,1,8,1,2010,18,21,42,0,0,1,1,2,0,0,2,3,0,1,5,,,
201026701818,3,1,3,7,2,18.793,1,8,2,2010,6,54,21,0,0,1,4,1,2,1,2,3,0,1,1,,,
201026701827,1,1,16,7,2,76.734,3,8,4,2010,15,50,12,6,0,2,1,1,3,5,2,1,0,2,1,,,
201026701837,6,1,5,7,2,135.231,1,8,5,2010,5,50,30,0,0,1,3,1,0,0,2,2,0,1,4,,,
201026701841,5,1,5,7,2,57.956,1,8,1,2010,17,9,30,0,0,1,1,2,1,1,2,2,0,1,5,,,
201026701845,2,1,2,7,2,9.397,2,8,5,2010,13,10,12,7,0,1,1,1,5,1,2,8,0,1,1,,,
201026701847,5,1,2,7,2,56.38,2,8,3,2010,6,50,12,6,0,2,1,1,1,1,2,8,0,2,1,,,
201026701851,6,1,2,7,2,131.554,2,8,7,2010,6,7,12,6,1,5,4,1,0,0,2,8,0,8,1,,,
201026701856,2,1,2,7,2,9.397,2,8,6,2010,6,55,12,2,0,1,1,1,4,4,1,8,0,1,1,,,
201026701871,6,1,10,7,2,104.072,3,8,2,2010,12,32,12,1,0,1,1,1,0,0,2,1,0,1,1,,,
201026701874,6,1,10,7,2,104.072,2,9,2,2010,10,36,12,1,0,2,1,1,0,0,2,1,0,2,1,,,
201026701883,6,1,5,7,2,135.231,2,8,2,2010,10,21,12,6,0,2,1,1,0,0,2,2,0,3,1,,,
201026701885,3,1,5,7,2,19.319,1,8,6,2010,7,24,21,0,0,1,1,1,2,1,2,2,0,1,1,,,
201026701903,3,1,30,7,2,121.152,1,8,6,2010,15,41,21,0,0,1,1,1,3,1,2,1,0,1,1,,,
201026701904,3,1,30,7,2,121.152,1,9,4,2010,18,0,21,0,0,1,1,1,3,1,2,1,0,1,1,,,
201026701905,1,1,8,7,2,34.574,2,9,1,2010,16,57,12,1,0,1,1,1,4,2,2,1,0,1,1,,,
201026701906,3,1,8,7,2,34.574,2,9,2,2010,13,35,12,6,0,4,1,1,3,1,2,1,0,1,1,,,
201026701907,4,1,8,7,2,311.165,3,9,2,2010,20,16,12,1,0,2,3,1,1,1,2,1,0,3,1,,,
201026701909,1,1,8,7,2,34.574,1,9,5,2010,7,38,1,0,0,1,1,1,3,1,2,1,0,1,1,,,
201026701910,3,1,8,7,2,34.574,1,9,6,2010,13,43,21,0,0,4,1,1,3,1,2,1,0,1,1,,,
201026701917,6,1,2,7,2,131.554,1,9,7,2010,22,23,18,0,0,1,2,1,0,0,2,8,0,1,4,,,
201026701919,5,1,2,7,2,56.38,2,9,6,2010,18,12,12,1,0,1,1,1,1,1,2,8,0,1,1,,,
201026701933,6,1,1,7,2,131.554,1,9,7,2010,20,50,1,0,0,1,5,1,0,0,2,2,0,1,1,,,
201026701946,5,1,2,7,2,56.38,1,9,4,2010,5,44,74,0,0,1,3,1,5,1,2,8,0,1,4,,,
201026701953,6,1,2,7,2,131.554,1,9,7,2010,23,19,1,0,0,1,3,1,5,1,2,8,0,1,1,,,
201026701956,4,1,10,7,2,312.217,2,8,6,2010,20,41,12,1,0,2,2,1,1,1,1,1,0,3,1,,,
201026701957,2,1,10,7,2,52.036,2,9,6,2010,14,33,12,6,0,2,1,1,1,1,2,1,0,2,1,,,
201026701958,6,1,10,7,2,104.072,2,9,7,2010,17,37,12,1,0,1,1,1,0,0,2,1,0,1,1,,,
201026701959,2,1,10,7,2,52.036,2,9,3,2010,15,36,12,1,0,2,1,1,0,0,2,1,0,3,1,,,
201026701962,6,1,8,7,2,138.295,3,10,6,2010,15,4,12,1,0,2,1,1,1,3,2,1,0,3,1,,,
201026701963,5,1,8,7,2,69.148,2,9,6,2010,21,3,12,6,0,2,3,1,1,2,2,1,0,2,1,,,
201026701984,5,1,1,7,2,56.38,4,10,6,2010,11,9,12,1,0,1,1,2,5,2,2,2,0,1,1,,,
201026701995,4,1,16,7,2,306.936,2,9,6,2010,11,58,12,1,0,1,1,1,1,1,2,1,0,1,1,,,
201026701996,6,1,16,7,2,153.468,2,9,5,2010,11,10,12,6,0,2,1,1,0,0,2,1,0,2,1,,,
201026701998,6,1,16,7,2,153.468,2,9,1,2010,13,11,12,6,0,2,1,1,1,3,2,1,0,2,1,,,
201026702003,3,1,2,7,2,18.793,1,9,4,2010,18,16,1,0,1,5,1,1,2,1,2,8,0,1,1,,,
201026702004,5,1,2,7,2,56.38,2,9,6,2010,7,55,12,1,0,2,1,1,5,1,2,8,0,8,1,,,
201026702019,6,1,30,7,2,121.152,2,9,4,2010,10,28,25,0,0,1,1,1,0,0,2,1,0,1,3,,,
201026702020,6,1,8,7,2,138.295,2,9,4,2010,13,24,12,6,0,4,1,1,0,0,2,1,0,1,1,,,
201026702026,5,1,5,7,2,57.956,2,9,5,2010,6,43,12,1,0,1,1,1,5,1,2,2,0,1,1,,,
201026702036,3,1,1,7,2,18.793,1,8,4,2010,15,48,21,0,0,1,1,1,2,1,1,2,0,1,1,,,
201026702038,1,1,1,7,2,9.397,2,8,6,2010,14,52,12,6,0,2,1,1,5,1,1,2,0,2,1,,,
201026702046,3,1,2,7,2,18.793,1,9,5,2010,21,0,21,0,0,1,2,1,2,1,2,8,0,1,2,,,
201026702057,6,1,2,7,2,131.554,2,9,2,2010,14,5,12,6,0,1,1,2,2,2,2,8,0,1,1,,,
201026702061,1,1,2,7,2,9.397,1,9,2,2010,21,49,20,0,0,1,3,1,3,1,1,8,0,1,8,,,
201026702069,2,1,2,7,2,9.397,2,10,6,2010,7,6,12,6,0,1,1,2,1,1,2,8,0,1,1,,,
201026702072,5,1,2,7,2,56.38,2,8,5,2010,12,0,12,1,0,1,1,1,1,2,2,8,0,1,1,,,
201026702073,2,1,2,7,2,9.397,2,10,6,2010,7,0,12,1,0,1,1,2,0,0,2,8,0,1,1,,,
201026702075,5,1,3,7,2,56.38,1,8,2,2010,0,40,74,0,0,1,3,1,2,1,2,3,0,1,4,,,
201026702085,6,1,3,7,2,131.554,1,8,4,2010,4,50,30,0,0,1,3,1,0,0,2,3,0,1,4,,,
201026702103,5,1,10,7,2,52.036,4,10,2,2010,8,26,12,1,0,2,1,2,1,2,2,1,0,3,1,,,
201026702108,5,1,10,7,2,52.036,1,10,5,2010,1,4,74,0,1,5,3,1,5,1,1,1,0,3,4,,,
201026702109,6,1,10,7,2,104.072,1,10,5,2010,17,8,73,0,0,1,1,1,0,0,2,1,0,1,4,,,
201026702110,5,1,10,7,2,52.036,3,10,6,2010,12,58,12,1,0,1,1,1,1,2,2,1,0,1,1,,,
201026702111,5,1,5,7,2,57.956,1,9,6,2010,0,40,30,0,0,1,3,1,1,1,1,2,0,1,4,,,
201026702114,3,1,5,7,2,19.319,3,9,5,2010,20,15,12,1,0,2,3,1,2,2,2,2,0,2,1,,,
201026702116,1,1,5,7,2,19.319,1,9,4,2010,14,29,33,0,0,1,1,1,2,2,2,2,0,1,3,,,
201026702123,4,1,2,7,2,291.298,3,9,5,2010,8,40,12,1,0,1,1,1,1,1,2,8,0,1,1,,,
201026702127,6,1,2,7,2,131.554,3,10,4,2010,15,20,12,7,0,1,1,1,1,1,2,8,0,1,1,,,
201026702130,5,1,2,7,2,56.38,1,10,2,2010,1,14,74,0,0,1,2,1,5,1,2,8,0,1,3,,,
201026702135,5,1,8,7,2,69.148,2,10,5,2010,8,32,12,6,0,2,1,1,5,1,2,1,0,2,1,,,
201026702138,2,1,8,7,2,34.574,3,10,4,2010,11,34,12,1,0,2,1,1,0,0,2,1,0,2,1,,,
201026702139,5,1,8,7,2,69.148,1,10,2,2010,13,25,30,0,0,1,1,1,2,1,2,1,0,1,5,,,
201026702146,5,1,5,7,2,57.956,2,9,3,2010,11,45,12,6,0,2,1,1,5,2,2,2,0,2,1,,,
201026702150,3,1,2,7,2,18.793,1,10,7,2010,15,40,1,0,0,1,1,1,2,1,2,8,0,1,8,,,
201026702165,6,1,2,7,2,131.554,2,10,6,2010,13,53,12,6,0,2,1,1,0,0,2,8,0,2,1,,,
201026702168,5,1,2,7,2,56.38,1,10,3,2010,9,15,35,0,1,5,1,1,1,1,2,8,0,1,4,,,
201026702183,6,1,8,7,2,138.295,2,10,2,2010,19,3,12,6,0,2,3,1,0,0,2,1,0,2,1,,,
201026702185,5,1,8,7,2,69.148,2,10,4,2010,12,46,12,6,0,2,1,2,2,2,2,1,0,2,1,,,
201026702187,5,1,8,7,2,69.148,4,10,6,2010,11,42,12,1,0,2,1,1,2,1,2,1,0,10,1,,,
201026702188,1,1,8,7,2,34.574,2,10,7,2010,7,49,12,1,0,1,1,1,4,4,2,1,0,1,1,,,
201026702189,6,1,5,7,2,135.231,2,9,4,2010,11,11,12,1,0,1,1,1,0,0,2,2,0,1,1,,,
201026702202,5,1,30,7,2,121.152,1,8,6,2010,16,54,74,0,1,5,1,1,2,1,1,1,0,8,4,,,
201026702203,6,1,30,7,2,121.152,3,10,4,2010,9,15,12,1,0,1,1,1,0,0,2,1,0,1,1,,,
201026702204,5,1,16,7,2,76.734,1,10,7,2010,4,44,33,0,0,1,3,1,5,1,1,1,0,1,4,,,
201026702205,5,1,16,7,2,76.734,2,10,3,2010,21,16,12,6,0,2,3,1,1,1,2,1,0,2,1,,,
201026702206,5,1,16,7,2,76.734,2,10,4,2010,12,38,12,6,0,2,1,1,5,1,2,1,0,2,1,,,
201026702211,6,1,10,7,2,104.072,2,10,2,2010,12,20,33,0,0,1,1,1,0,0,2,1,1,1,4,,,
201026702213,6,1,10,7,2,104.072,2,11,2,2010,7,55,12,6,0,2,1,1,0,0,2,1,0,2,1,,,
201026702215,6,1,10,7,2,104.072,1,11,3,2010,12,32,41,0,0,2,1,1,0,0,2,1,0,3,4,,,
201026702217,6,1,10,7,2,104.072,2,11,5,2010,18,25,12,6,0,4,5,2,0,0,2,1,0,1,1,,,
201026702221,1,1,5,7,2,19.319,2,9,4,2010,0,3,12,1,0,1,3,1,4,3,1,2,0,1,1,,,
201026702228,3,1,5,7,2,19.319,1,10,1,2010,15,49,43,0,0,1,1,1,3,1,2,2,0,1,1,,,
201026702229,5,1,5,7,2,57.956,2,10,3,2010,8,2,12,8,0,1,1,1,1,3,2,2,0,1,1,,,
201026702230,4,1,5,7,2,289.782,2,10,6,2010,7,55,12,1,0,2,1,2,0,0,2,2,0,3,1,,,
201026702239,2,1,3,7,2,9.397,2,10,1,2010,12,16,12,6,0,2,1,1,0,0,2,3,0,3,1,,,
201026702247,2,1,1,7,2,9.397,2,11,3,2010,12,15,12,1,0,2,1,1,5,1,2,2,0,2,1,,,
201026702248,6,1,1,7,2,131.554,2,10,1,2010,0,17,12,1,0,2,3,1,0,0,2,2,0,3,1,,,
201026702249,2,1,1,7,2,9.397,2,11,1,2010,17,28,12,6,0,2,2,1,0,0,2,2,0,2,1,,,
201026702255,5,1,1,7,2,56.38,2,11,7,2010,17,31,12,6,0,2,3,1,1,1,2,2,0,2,1,,,
201026702259,6,1,2,7,2,131.554,2,10,2,2010,23,55,12,1,1,5,2,1,0,0,2,8,0,8,1,,,
201026702260,5,1,2,7,2,56.38,1,10,3,2010,13,58,30,0,0,1,1,2,5,1,2,8,0,1,5,,,
201026702268,2,1,2,7,2,9.397,2,9,6,2010,16,50,12,1,0,1,1,1,0,0,2,8,0,1,1,,,
201026702270,2,1,5,7,2,19.319,2,10,4,2010,12,20,12,7,0,4,1,1,0,0,2,2,0,1,1,,,
201026702271,3,1,5,7,2,19.319,1,10,4,2010,20,40,22,0,0,2,2,1,3,1,2,2,0,2,1,,,
201026702276,6,1,5,7,2,135.231,3,10,3,2010,6,59,12,1,0,2,3,1,1,1,2,2,0,3,1,,,
201026702277,3,1,5,7,2,19.319,1,10,4,2010,7,1,21,0,0,2,3,2,3,1,2,2,0,3,1,,,
201026702278,1,1,5,7,2,19.319,4,10,4,2010,15,27,12,1,0,1,1,2,3,3,2,2,0,1,1,,,
201026702287,6,1,3,7,2,131.554,2,11,2,2010,12,23,12,6,0,4,1,1,0,0,2,3,0,1,11,,,
201026702288,5,1,3,7,2,56.38,1,11,2,2010,16,55,18,0,0,1,5,1,2,2,2,3,0,1,2,,,
201026702290,5,1,5,7,2,57.956,2,10,6,2010,16,53,12,6,0,2,1,1,5,1,2,2,0,2,1,,,
201026702293,6,1,10,7,2,104.072,3,11,2,2010,16,45,12,1,0,1,1,1,0,0,2,1,0,1,1,,,
201026702297,6,1,10,7,2,104.072,1,11,5,2010,18,33,24,0,0,1,3,1,0,0,2,1,0,1,1,,,
201026702317,1,1,10,7,2,52.036,2,11,4,2010,12,57,12,6,0,2,1,1,3,2,2,1,0,3,1,,,
201026702318,6,1,10,7,2,104.072,2,11,4,2010,12,30,12,6,0,5,1,1,0,0,2,1,0,3,1,,,
201026702319,5,1,10,7,2,52.036,1,11,6,2010,14,3,33,0,0,2,1,1,1,1,2,1,0,3,4,,,
201026702320,5,1,10,7,2,52.036,2,11,5,2010,18,1,12,6,0,5,3,1,2,2,2,1,0,2,1,,,
201026702323,6,1,10,7,2,104.072,2,11,6,2010,6,17,12,6,0,4,2,1,0,0,2,1,0,1,1,,,
201026702329,6,1,16,7,2,153.468,2,11,7,2010,19,35,12,6,0,2,3,1,5,2,2,1,0,2,1,,,
201026702330,5,1,16,7,2,76.734,3,11,2,2010,6,18,14,0,0,1,1,1,5,1,2,1,2,1,7,,,
201026702333,5,1,16,7,2,76.734,2,11,2,2010,7,9,12,6,0,2,1,1,1,3,2,1,0,2,1,,,
201026702338,6,1,8,7,2,138.295,1,11,6,2010,8,53,42,0,0,1,1,1,0,0,2,1,0,1,4,,,
201026702343,6,1,8,7,2,138.295,3,11,4,2010,14,11,12,1,0,1,1,1,0,0,2,1,0,1,1,,,
201026702344,3,1,5,7,2,19.319,1,10,3,2010,19,31,21,0,0,1,3,1,4,1,2,2,0,1,1,,,
201026702350,2,1,5,7,2,19.319,2,11,2,2010,12,33,12,8,0,1,1,1,1,1,2,2,0,1,1,,,
201026702352,5,1,5,7,2,57.956,2,11,5,2010,20,45,12,6,0,2,3,2,5,1,2,2,0,2,1,,,
201026702354,1,1,5,7,2,19.319,1,11,1,2010,2,51,35,0,0,2,3,1,3,2,2,2,0,3,4,,,