CASENUM,STRATUM,REGION,PJ,PSU,PSUSTRAT,WEIGHT,VE_TOTAL,MONTH,WKDY_IM,YEAR,HOUR_IM,MINUTE_IM,EVENT1_IM,MANCOL_IM,RELJCT1_IM,RELJCT2_IM,LGTCON_IM,WEATHR_IM,MAXSEV_IM,NO_INJ_IM,ALCHL_IM,LAND_USE,PVH_INVL,TYP_INT,REL_ROAD,CF1,CF2,CF3
201026902727,3,1,16,21,2,14.341,2,7,6,2010,16,1,12,2,0,2,1,1,3,1,2,1,0,3,1,,,
201026902731,3,1,16,21,2,14.341,2,7,6,2010,16,54,14,0,0,1,1,1,3,1,2,1,1,1,7,,,
201026902752,6,1,6,21,2,131.521,2,5,5,2010,17,25,12,2,0,2,1,10,0,0,2,8,0,2,1,,,
201026902767,2,1,6,21,2,4.384,2,5,3,2010,8,45,12,6,0,2,1,1,0,0,2,8,0,7,1,,,
201026902790,1,1,6,21,2,4.384,1,5,7,2010,10,54,25,0,0,1,1,1,3,2,2,8,0,1,3,,,
201026902797,3,1,6,21,2,17.536,2,5,1,2010,12,32,12,6,0,4,1,1,3,1,2,8,0,1,1,,,
201026902812,4,1,6,21,2,293.73,2,5,4,2010,6,36,12,7,0,1,1,1,0,0,1,8,0,1,1,,,
201026902819,5,1,6,21,2,56.992,4,5,7,2010,12,55,12,1,0,1,1,2,2,5,2,8,0,1,1,,,
201026902838,3,1,6,21,2,17.536,2,5,4,2010,10,33,12,1,0,2,1,1,2,2,2,8,0,8,1,,,
201026902873,6,1,5,21,2,129.959,2,7,6,2010,2,36,14,0,0,1,3,1,0,0,1,3,1,1,7,,,
201026902878,4,1,5,21,2,294.729,1,8,2,2010,8,45,42,0,0,1,1,1,0,0,2,3,0,1,1,,,
201026902904,5,1,31,21,2,52.73,2,7,3,2010,15,11,12,6,0,2,1,1,1,1,2,1,0,2,1,,,
201026902907,2,1,1,21,2,2.321,2,5,3,2010,10,35,12,6,0,2,1,1,2,1,2,8,0,2,1,,,
201026902947,2,1,1,21,2,2.321,1,5,2,2010,4,11,18,0,0,1,2,1,0,0,2,8,0,1,1,,,
201026902957,2,1,1,21,2,2.321,2,5,1,2010,18,35,12,6,0,1,1,1,3,3,2,8,0,1,1,,,
201026902958,2,1,1,21,2,2.321,2,5,5,2010,14,30,12,1,0,1,1,1,0,0,2,8,0,1,1,,,
201026903100,6,1,1,21,2,129.959,2,6,4,2010,15,30,12,1,1,5,1,1,0,0,2,8,0,1,1,,,
201026903103,3,1,1,21,2,18.566,1,6,5,2010,7,35,25,0,0,1,1,1,2,1,2,8,0,1,3,,,
201026903109,2,1,1,21,2,2.321,2,6,2,2010,7,5,12,7,0,2,1,1,0,0,2,8,0,2,1,,,
201026903114,2,1,1,21,2,2.321,2,6,3,2010,19,40,12,1,0,1,1,1,0,0,2,8,0,1,1,,,
201026903185,4,1,31,21,2,290.015,2,8,2,2010,17,32,12,1,0,2,1,1,0,0,2,1,0,4,1,,,
201026903188,3,1,16,21,2,14.341,1,8,6,2010,15,25,22,0,0,2,1,1,2,1,2,1,0,3,1,,,
201026903195,4,1,16,21,2,301.162,2,8,7,2010,9,22,12,1,0,1,1,1,0,0,1,1,0,1,1,,,
201026903224,6,1,6,21,2,131.521,3,6,6,2010,18,50,12,7,0,1,1,1,0,0,1,8,0,1,1,,,
201026903232,2,1,6,21,2,4.384,2,6,2,2010,15,31,1,0,0,1,1,1,2,2,2,8,0,1,1,,,
201026903262,5,1,6,21,2,56.992,5,6,2,2010,14,35,12,1,0,1,1,1,2,6,2,8,0,1,1,,,
201026903267,3,1,6,21,2,17.536,1,6,6,2010,13,10,25,0,0,1,1,1,2,1,2,8,0,1,3,,,
201026903330,3,1,5,21,2,18.566,1,9,2,2010,18,24,21,0,0,1,1,1,3,1,2,3,0,1,1,,,
201026903355,2,1,1,21,2,2.321,2,7,5,2010,19,55,12,7,0,1,5,1,1,2,2,8,0,1,1,,,
201026903356,2,1,1,21,2,2.321,4,7,6,2010,17,35,12,1,0,1,1,10,2,1,2,8,0,1,1,,,
201026903371,1,1,1,21,2,2.321,1,7,5,2010,13,55,1,0,0,1,1,1,3,1,2,8,0,1,1,,,
201026903379,2,1,1,21,2,2.321,2,7,5,2010,18,38,12,1,0,2,1,1,0,0,2,8,0,3,1,,,
201026903382,5,1,1,21,2,58.017,2,7,4,2010,6,41,12,1,0,1,1,1,1,1,2,8,0,1,1,,,
201026903464,6,1,6,21,2,131.521,2,7,2,2010,10,16,12,1,0,1,1,1,2,1,2,8,0,1,1,,,
201026903469,3,1,6,21,2,17.536,3,7,5,2010,15,35,12,1,0,1,1,1,2,3,2,8,0,1,1,,,
201026903501,5,1,6,21,2,56.992,2,7,2,2010,15,0,12,7,0,1,1,1,1,1,2,8,0,1,1,,,
201026903502,3,1,6,21,2,17.536,2,7,3,2010,15,35,12,1,0,2,1,1,2,1,1,8,0,6,1,,,
201026903509,2,1,6,21,2,4.384,2,7,6,2010,18,50,12,1,0,1,1,1,0,0,2,8,0,1,1,,,
201026903516,2,1,6,21,2,4.384,2,7,5,2010,10,55,12,7,0,2,1,1,0,0,2,8,0,3,1,,,
201026903551,5,1,6,21,2,56.992,2,7,7,2010,13,18,12,7,0,1,1,1,1,4,2,8,0,1,1,,,
201026903552,6,1,6,21,2,131.521,2,7,3,2010,10,0,12,1,1,5,1,1,0,0,2,8,0,1,1,,,
201026903602,6,1,1,21,2,129.959,1,8,7,2010,0,22,75,0,1,5,2,1,0,0,2,8,0,1,4,,,
201026903636,4,1,5,21,2,294.729,2,9,6,2010,14,0,14,0,0,1,1,10,1,1,2,3,1,1,6,,,
201026903641,1,1,1,21,2,2.321,1,8,4,2010,14,21,34,0,0,1,1,1,3,1,2,8,0,1,5,,,
201026903655,6,1,16,21,2,129.07,2,9,3,2010,17,49,12,2,0,4,1,1,0,0,2,1,0,1,1,,,
201026903668,2,1,31,21,2,26.365,2,9,7,2010,14,27,12,6,0,2,1,1,2,1,2,1,0,2,1,,,
201026903700,2,1,9,21,2,7.95,2,8,4,2010,11,48,12,1,0,2,1,2,1,1,2,1,0,2,1,,,
201026903731,2,1,9,21,2,7.95,2,10,6,2010,9,51,12,6,0,2,1,2,1,1,1,1,0,2,1,,,
201026903743,2,1,4,21,2,2.321,2,8,3,2010,13,23,12,6,0,2,1,1,2,2,1,3,0,2,1,,,
201026903762,6,1,4,21,2,129.959,2,8,7,2010,17,41,12,6,0,2,1,1,0,0,2,3,0,3,1,,,
201026903813,2,1,4,21,2,2.321,2,9,6,2010,6,57,12,1,0,2,1,2,0,0,2,3,0,2,1,,,
201026903846,1,1,4,21,2,2.321,1,9,3,2010,12,4,33,0,0,2,1,10,3,1,2,3,0,3,4,,,
201026903852,3,1,4,21,2,18.566,1,9,2,2010,18,45,21,0,0,2,1,10,3,1,1,3,0,2,1,,,
201026903865,3,1,9,21,2,15.9,2,10,6,2010,18,23,14,0,0,1,5,1,2,1,2,1,1,1,5,,,
201026903867,6,1,40,21,2,125.705,1,7,3,2010,2,9,43,0,0,2,3,1,0,0,1,1,0,3,4,,,
201026903872,5,1,40,21,2,41.902,2,9,5,2010,18,39,12,6,0,2,5,1,2,1,2,1,0,2,1,,,
201026903920,2,1,2,21,2,2.321,2,9,4,2010,7,17,12,6,0,2,1,1,1,1,2,8,0,3,1,,,
201026903961,2,1,2,21,2,2.321,2,9,6,2010,9,21,12,7,0,2,1,1,0,0,2,8,0,3,1,,,
201026904048,3,1,5,21,2,18.566,1,10,6,2010,12,57,21,0,0,2,1,2,2,1,2,3,0,3,1,,,
201026904126,6,1,3,21,2,129.959,2,9,3,2010,12,48,12,1,1,5,1,10,0,0,2,2,0,3,1,,,
201026904132,1,1,3,21,2,2.321,2,9,5,2010,12,18,12,7,0,1,1,1,3,2,1,2,0,1,1,,,
201026904148,3,1,3,21,2,18.566,1,9,3,2010,8,6,21,0,0,1,1,1,2,1,1,2,0,1,1,,,
201026904249,5,1,5,21,2,58.017,2,10,4,2010,17,33,12,6,0,2,1,1,1,2,2,3,0,3,1,,,
201026904276,3,1,5,21,2,18.566,1,10,5,2010,11,47,22,0,0,2,1,2,2,1,2,3,0,3,1,,,
201026904283,2,1,9,21,2,7.95,1,10,1,2010,15,25,33,0,0,1,3,1,2,1,1,1,0,1,4,,,
201026904293,4,1,9,21,2,294.154,1,10,3,2010,7,19,30,0,0,2,1,10,0,0,2,1,0,3,4,,,
201026904350,2,1,1,21,2,2.321,2,9,5,2010,9,10,12,6,0,1,1,1,2,1,2,8,0,1,1,,,
201026904367,3,1,1,21,2,18.566,2,9,5,2010,17,27,12,1,0,1,1,1,2,1,2,8,0,1,1,,,
201026904391,5,1,1,21,2,58.017,1,9,2,2010,15,47,34,0,0,1,1,1,1,1,2,8,0,1,3,,,
201026904419,2,1,6,21,2,4.384,2,8,3,2010,12,0,12,0,0,1,1,1,0,0,2,8,0,1,1,,,
201026904427,4,1,6,21,2,293.73,2,8,6,2010,22,30,12,1,0,1,3,1,0,0,2,8,0,1,1,,,
201026904447,6,1,6,21,2,131.521,2,8,1,2010,15,50,12,1,0,1,1,1,0,0,2,8,0,1,1,,,
201026904461,2,1,6,21,2,4.384,2,8,4,2010,11,25,12,7,0,1,1,2,0,0,2,8,0,1,1,,,
201026904467,5,1,6,21,2,56.992,1,8,1,2010,2,50,74,0,0,1,2,1,1,1,2,8,0,1,3,,,
201026904471,3,1,6,21,2,17.536,1,8,6,2010,13,55,1,0,0,1,1,1,2,1,2,8,0,1,1,,,
201026904540,4,1,5,21,2,294.729,1,10,2,2010,8,10,31,0,0,2,1,10,0,0,2,3,0,3,3,,,
201026904582,6,1,5,21,2,129.959,2,10,1,2010,12,35,12,1,0,2,1,1,0,0,2,3,0,3,1,,,
201026904649,1,1,4,21,2,2.321,2,10,3,2010,11,47,12,6,0,2,1,10,2,1,2,3,0,2,1,,,
201026904671,4,1,4,21,2,294.729,2,10,1,2010,15,37,12,6,0,1,1,1,0,0,2,3,0,1,1,,,
201026904675,1,1,4,21,2,2.321,2,10,4,2010,12,38,12,6,0,2,1,2,4,1,1,3,0,3,1,,,
201026904676,2,1,4,21,2,2.321,2,10,2,2010,9,41,12,7,0,2,1,1,2,1,2,3,0,2,1,,,
201026904790,2,1,40,21,2,41.902,2,10,5,2010,22,34,12,2,0,1,2,1,0,0,2,1,0,1,1,,,
201026904800,5,1,9,21,2,55.651,1,10,7,2010,0,21,30,0,0,1,3,1,2,2,2,1,0,1,4,,,
201026904815,4,1,3,21,2,294.729,2,11,3,2010,15,2,12,1,0,4,1,1,1,1,2,2,0,1,1,,,
201026904821,5,1,3,21,2,58.017,2,11,6,2010,13,20,12,1,0,2,1,1,3,2,2,2,0,2,1,,,
201026904879,6,1,31,21,2,131.825,2,10,2,2010,6,56,12,6,0,6,1,2,0,0,2,1,0,1,1,,,
201026904883,5,1,16,21,2,57.364,1,10,7,2010,3,56,53,0,0,1,2,10,1,1,1,1,0,1,4,,,
201026904884,3,1,16,21,2,14.341,1,10,1,2010,13,11,1,0,0,1,1,1,2,1,2,1,0,1,1,,,
201026904888,3,1,16,21,2,14.341,1,10,2,2010,18,5,30,0,0,1,1,1,2,1,2,1,0,1,4,,,
201026904905,4,1,2,21,2,294.729,2,10,3,2010,17,33,12,7,1,5,5,2,0,0,2,8,0,2,1,,,
201026904921,5,1,2,21,2,58.017,2,10,6,2010,15,40,12,6,0,2,1,10,1,1,2,8,0,2,1,,,
201026904923,1,1,2,21,2,2.321,1,10,7,2010,8,15,21,0,0,4,4,1,3,1,2,8,0,1,1,,,
201026904929,3,1,2,21,2,18.566,2,10,4,2010,7,22,12,1,0,1,1,1,2,1,2,8,0,1,1,,,
201026904953,6,1,2,21,2,129.959,2,10,5,2010,6,55,12,6,0,2,1,1,0,0,2,8,0,4,1,,,
201026904985,2,1,1,21,2,2.321,4,10,4,2010,7,33,12,1,0,1,1,1,1,1,2,8,0,1,1,,,
201026905019,2,1,1,21,2,2.321,2,10,5,2010,3,44,12,6,1,5,2,10,0,0,2,8,0,1,1,,,
201026905062,6,1,4,21,2,129.959,1,11,2,2010,14,36,19,0,0,4,1,10,0,0,2,3,0,1,5,,,
201026905178,6,1,6,21,2,131.521,2,9,3,2010,0,30,12,1,0,1,3,1,0,0,2,8,0,1,1,,,
201026905199,2,1,6,21,2,4.384,2,9,6,2010,8,41,12,7,1,5,1,10,0,0,2,8,0,1,1,,,
201026905217,5,1,6,21,2,56.992,2,9,3,2010,17,0,12,6,0,2,1,1,2,1,1,8,0,2,1,,,
201026905233,1,1,6,21,2,4.384,1,9,6,2010,11,28,25,0,0,1,1,2,3,1,2,8,0,1,3,,,
201026905235,2,1,6,21,2,4.384,3,9,2,2010,14,35,12,1,0,2,1,2,0,0,2,8,0,2,1,,,
201026905236,3,1,6,21,2,17.536,1,9,2,2010,6,41,21,0,0,2,1,1,3,1,2,8,0,2,1,,,
201026905239,2,1,6,21,2,4.384,3,9,7,2010,15,45,12,1,0,1,1,1,0,0,2,8,0,1,1,,,
201026905243,2,1,6,21,2,4.384,2,9,5,2010,14,0,12,7,0,1,1,1,1,1,2,8,0,1,1,,,
201026905255,6,1,6,21,2,131.521,3,9,4,2010,8,40,12,1,0,1,1,1,0,0,2,8,0,1,1,,,
201026905291,2,1,6,21,2,4.384,2,9,4,2010,14,35,72,0,0,1,1,10,0,0,2,8,0,1,4,,,
201026905296,4,1,6,21,2,293.73,2,10,5,2010,5,46,12,7,0,2,2,2,0,0,2,8,0,6,1,,,
201026905303,3,1,6,21,2,17.536,2,10,6,2010,16,34,12,1,0,1,1,10,2,2,2,8,0,1,1,,,
201026905304,5,1,6,21,2,56.992,4,10,1,2010,10,58,12,1,0,1,1,1,1,4,2,8,0,1,1,,,
201026905307,2,1,6,21,2,4.384,2,10,2,2010,19,30,12,1,0,2,3,1,0,0,2,8,0,5,1,,,
201026905326,6,1,6,21,2,131.521,2,10,6,2010,7,39,12,1,0,1,1,1,0,0,2,8,0,1,1,,,
201026905466,6,1,9,21,2,127.202,1,11,2,2010,18,0,30,0,0,2,3,1,0,0,2,1,0,2,4,,,
201026905511,3,1,6,21,2,17.536,1,10,3,2010,18,40,21,0,0,1,3,1,2,1,2,8,0,1,1,,,
201026905532,6,1,6,21,2,131.521,2,10,2,2010,10,55,12,7,0,1,1,1,1,1,1,8,0,1,1,,,
201026905542,2,1,6,21,2,4.384,2,10,4,2010,21,53,18,0,0,1,3,1,2,1,1,8,1,1,4,,,
201026905545,5,1,6,21,2,56.992,2,10,2,2010,23,44,12,1,0,1,3,1,2,2,2,8,0,1,1,,,
201026905615,4,1,5,21,2,294.729,2,11,2,2010,16,12,12,1,0,2,1,1,1,1,2,3,0,3,1,,,
201026905731,2,1,2,21,2,2.321,2,11,2,2010,7,28,12,6,0,2,1,10,1,1,2,8,0,3,1,,,
201026905860,1,1,6,21,2,4.384,2,11,1,2010,4,0,12,1,0,1,3,1,3,1,1,8,0,1,1,,,
201026905875,3,1,6,21,2,17.536,2,11,6,2010,10,0,12,2,0,1,1,1,3,1,2,8,0,1,1,,,
201026905882,5,1,6,21,2,56.992,2,11,3,2010,9,15,12,1,0,2,1,1,1,1,1,8,0,3,1,,,
201026905884,6,1,6,21,2,131.521,3,11,3,2010,17,10,12,1,0,1,3,1,0,0,1,8,0,1,1,,,
201026905925,2,1,6,21,2,4.384,3,11,3,2010,7,54,12,7,0,1,1,2,0,0,1,8,0,1,1,,,
201026905928,5,1,6,21,2,56.992,2,11,7,2010,9,0,12,7,0,1,1,1,1,2,2,8,0,1,1,,,
201026905934,2,1,6,21,2,4.384,2,11,5,2010,9,14,12,1,0,1,1,1,1,1,2,8,0,1,1,,,
201026905957,6,1,1,21,2,129.959,1,11,6,2010,23,0,24,0,0,1,2,2,0,0,2,8,0,1,1,,,
201026905967,2,1,1,21,2,2.321,1,11,7,2010,5,49,42,0,0,1,2,1,0,0,1,8,0,1,5,,,
201026906013,5,1,1,21,2,58.017,6,11,6,2010,8,3,12,1,0,1,1,1,1,2,2,8,0,1,1,,,
201026906030,4,1,1,21,2,294.729,2,11,6,2010,4,11,14,0,0,1,2,2,0,0,1,8,1,1,4,,,
201026906098,2,1,1,21,2,2.321,2,12,3,2010,4,7,12,1,0,1,2,1,2,1,2,8,0,1,1,,,
201026906105,2,1,1,21,2,2.321,2,12,3,2010,22,5,12,1,0,1,3,1,0,0,2,8,0,1,1,,,
201026906106,2,1,1,21,2,2.321,2,12,4,2010,21,10,74,0,0,1,2,2,0,0,2,8,0,1,3,,,
201026906139,2,1,1,21,2,2.321,2,12,4,2010,20,35,12,0,0,1,2,10,0,0,2,8,0,1,1,,,
201026906149,2,1,1,21,2,2.321,2,12,1,2010,23,5,12,1,0,1,2,1,0,0,2,8,0,1,1,,,
201026906226,6,1,16,21,2,129.07,1,12,5,2010,1,56,35,0,0,1,3,1,0,0,2,1,0,1,4,,,
201026906230,5,1,16,21,2,57.364,2,12,1,2010,8,52,12,2,0,1,1,3,1,1,2,1,0,1,1,,,
201026906237,4,1,16,21,2,301.162,1,12,7,2010,0,2,24,0,0,1,2,1,0,0,2,1,0,1,1,,,
201026906246,5,1,16,21,2,57.364,2,12,6,2010,13,55,12,6,0,2,1,1,1,2,2,1,0,2,1,,,
201026906259,2,1,6,21,2,4.384,2,12,6,2010,15,28,12,6,0,4,1,1,0,0,2,8,0,1,1,,,
201026906267,6,1,6,21,2,131.521,3,12,1,2010,23,3,12,1,0,2,3,1,1,1,2,8,0,2,1,,,
201026906306,3,1,6,21,2,17.536,2,12,2,2010,19,14,12,1,0,2,3,4,2,2,2,8,0,2,1,,,
201026906311,4,1,6,21,2,293.73,2,12,2,2010,8,1,12,1,0,1,1,1,0,0,2,8,0,1,1,,,
201026906314,2,1,6,21,2,4.384,2,12,2,2010,12,55,12,6,0,1,1,1,1,1,2,8,0,1,1,,,
201026906326,5,1,6,21,2,56.992,2,12,6,2010,16,47,12,1,0,1,3,1,1,2,2,8,0,1,1,,,
201026906352,2,1,6,21,2,4.384,3,12,3,2010,23,26,12,6,1,5,3,10,1,1,2,8,0,1,1,,,
201026906402,6,1,3,21,2,129.959,2,12,6,2010,22,3,12,8,0,1,3,1,0,0,2,2,0,1,1,,,
201026906422,1,1,3,21,2,2.321,2,12,5,2010,18,5,12,1,0,1,3,1,3,1,2,2,0,1,1,,,
201026906440,3,1,40,21,2,41.902,1,11,5,2010,7,34,1,0,0,1,1,1,2,1,2,1,0,1,4,,,
201026906442,6,1,40,21,2,125.705,1,12,6,2010,4,50,59,0,0,1,3,1,0,0,2,1,0,1,4,,,
201026906443,4,1,40,21,2,293.311,1,12,1,2010,7,58,30,0,0,1,1,2,0,0,2,1,0,1,4,,,
201026906471,4,1,9,21,2,294.154,2,12,1,2010,17,2,12,1,0,2,3,1,0,0,2,1,0,2,1,,,
201026906473,6,1,9,21,2,127.202,1,12,1,2010,7,28,53,0,0,1,1,1,0,0,2,1,0,1,4,,,
201026906511,5,1,4,21,2,58.017,4,12,5,2010,17,40,12,1,0,2,3,1,1,1,2,3,0,3,1,,,
201026906549,4,1,4,21,2,294.729,2,12,5,2010,10,3,12,7,0,2,1,1,0,0,2,3,0,3,1,,,
201026906561,3,1,4,21,2,18.566,1,12,6,2010,1,41,30,0,0,1,3,1,3,1,2,3,0,1,4,,,
201026906657,6,1,2,21,2,129.959,3,12,5,2010,10,50,12,1,0,2,1,1,1,1,2,8,0,3,1,,,
201026906690,5,1,2,21,2,58.017,1,12,7,2010,1,30,74,0,0,1,2,2,2,1,2,8,0,1,4,,,
201026906695,4,1,2,21,2,294.729,2,12,6,2010,9,33,12,1,1,5,1,1,0,0,2,8,0,1,1,,,
201026906723,3,1,2,21,2,18.566,2,12,4,2010,11,16,12,7,0,1,1,1,2,1,2,8,0,1,1,,,
201026906776,1,1,2,21,2,2.321,1,12,6,2010,20,7,30,0,0,1,3,1,3,1,2,8,0,1,4,,,
201026906846,6,1,31,21,2,131.825,1,12,7,2010,1,33,34,0,0,1,2,10,0,0,2,1,0,1,4,,,
201027000356,6,1,4,22,2,107.63,1,1,7,2010,9,27,42,0,0,2,1,4,0,0,2,1,0,2,4,,,
201027000360,4,1,4,22,2,269.076,1,1,2,2010,14,31,42,0,0,1,1,1,0,0,2,1,0,1,5,,,
201027000363,4,1,6,22,2,303.023,1,1,7,2010,6,49,30,0,0,1,1,4,0,0,2,8,0,1,4,,,
201027000367,6,1,6,22,2,121.209,1,1,3,2010,19,11,24,0,0,1,1,1,0,0,2,8,0,1,1,,,
201027000369,5,1,6,22,2,60.605,1,1,5,2010,20,55,42,0,0,2,3,1,0,0,2,8,0,3,5,,,
201027000371,4,1,11,22,2,313.553,1,1,1,2010,19,20,24,0,0,1,3,1,0,0,2,1,0,1,1,,,
201027000374,6,1,8,22,2,88.51,2,1,2,2010,16,18,12,1,0,2,1,1,0,0,2,1,0,3,1,,,
201027000376,4,1,8,22,2,265.53,2,1,7,2010,17,56,14,0,0,4,2,1,0,0,2,1,1,1,4,,,
201027000377,5,1,8,22,2,88.51,1,1,2,2010,8,7,30,0,0,1,1,1,2,1,2,1,0,1,4,,,
201027000382,1,1,1,22,2,29.317,2,1,7,2010,16,3,12,1,0,2,1,10,3,1,2,2,0,3,1,,,
201027000383,6,1,1,22,2,117.269,2,1,7,2010,18,59,12,1,0,2,3,1,0,0,2,2,0,3,1,,,
201027000389,5,1,1,22,2,58.634,2,1,6,2010,11,4,12,1,0,2,1,10,1,1,2,2,0,3,1,,,
201027000399,6,1,6,22,2,121.209,1,1,6,2010,20,3,38,0,0,1,2,4,0,0,2,8,0,1,5,,,
201027000403,3,1,6,22,2,60.605,1,1,1,2010,18,14,21,0,0,2,2,1,2,1,1,8,0,3,1,,,
201027000404,5,1,6,22,2,60.605,2,1,2,2010,19,36,12,6,0,2,3,1,2,2,2,8,0,2,1,,,
201027000406,2,1,4,22,2,53.815,2,1,4,2010,13,20,14,0,0,1,1,1,1,1,2,1,1,1,4,,,
201027000407,6,1,4,22,2,107.63,1,1,6,2010,20,50,42,0,0,1,2,4,1,1,2,1,0,1,4,,,
201027000409,5,1,4,22,2,53.815,1,1,3,2010,0,38,53,0,0,1,2,8,2,1,2,1,0,1,4,,,
201027000420,2,1,2,22,2,29.317,2,1,4,2010,16,44,12,7,0,1,5,1,2,1,2,8,0,1,1,,,
201027000423,5,1,2,22,2,58.634,1,1,6,2010,7,15,25,0,1,5,1,4,2,1,2,8,0,1,4,,,
201027000424,6,1,2,22,2,117.269,2,1,7,2010,12,25,12,6,0,4,1,1,0,0,2,8,0,1,1,,,
201027000426,4,1,2,22,2,293.172,2,1,3,2010,14,0,8,0,0,1,1,1,0,0,2,8,0,1,1,,,
201027000428,6,1,8,22,2,88.51,3,1,3,2010,15,6,12,6,0,2,1,10,0,0,2,1,1,2,1,,,
201027000429,6,1,8,22,2,88.51,3,1,5,2010,14,40,12,1,0,1,1,1,0,0,2,1,0,1,1,,,
201027000430,6,1,8,22,2,88.51,3,1,5,2010,20,0,12,1,0,1,3,1,1,1,2,1,0,1,1,,,
201027000432,4,1,8,22,2,265.53,2,1,6,2010,13,56,12,6,0,4,1,1,0,0,2,1,0,1,1,,,
201027000434,6,1,4,22,2,107.63,1,1,1,2010,22,0,53,0,0,1,2,4,0,0,2,1,0,1,4,,,
201027000435,5,1,4,22,2,53.815,1,1,1,2010,20,47,42,0,0,1,2,4,1,1,2,1,0,1,4,,,
201027000439,6,1,6,22,2,121.209,1,1,3,2010,17,12,40,0,0,2,3,2,0,0,2,8,0,3,4,,,
201027000440,4,1,6,22,2,303.023,2,1,3,2010,16,54,12,1,0,2,5,1,0,0,1,8,0,2,1,,,
201027000446,6,1,1,22,2,117.269,2,1,5,2010,22,37,12,6,0,2,3,1,0,0,2,2,0,3,1,,,
201027000448,4,1,1,22,2,293.172,2,1,6,2010,17,11,12,1,0,1,3,1,1,1,2,2,0,1,1,,,
201027000451,1,1,1,22,2,29.317,1,1,1,2010,1,34,42,0,0,1,3,8,3,2,2,2,0,1,4,,,
201027000453,6,1,1,22,2,117.269,2,1,1,2010,17,39,12,1,0,1,3,2,0,0,2,2,0,1,1,,,
201027000458,4,1,4,22,2,269.076,1,1,4,2010,7,28,35,0,0,1,4,1,0,0,2,1,0,1,5,,,
201027000460,5,1,4,22,2,53.815,1,1,2,2010,13,32,34,0,0,1,1,2,2,1,2,1,0,1,4,,,
201027000462,5,1,4,22,2,53.815,1,1,5,2010,9,29,42,0,0,1,1,4,1,1,2,1,0,1,4,,,
201027000463,6,1,4,22,2,107.63,2,1,5,2010,9,50,12,6,0,1,1,4,0,0,2,1,0,1,1,,,
201027000465,6,1,6,22,2,121.209,1,1,4,2010,15,52,74,0,0,1,1,1,0,0,2,8,0,1,4,,,
201027000469,5,1,6,22,2,60.605,2,1,1,2010,20,25,14,0,0,1,2,4,2,2,2,8,1,1,5,,,
201027000471,6,1,6,22,2,121.209,1,1,1,2010,21,57,42,0,0,1,2,4,0,0,2,8,0,1,4,,,
201027000475,6,1,11,22,2,156.776,1,1,1,2010,19,0,17,0,0,1,2,4,0,0,2,1,0,1,4,,,
201027000483,6,1,2,22,2,117.269,2,1,4,2010,12,55,12,6,0,1,1,1,0,0,2,8,0,1,1,,,
201027000491,6,1,2,22,2,117.269,1,1,4,2010,17,28,74,0,0,1,2,1,0,0,2,8,0,1,3,,,
201027000493,5,1,8,22,2,88.51,2,1,7,2010,8,41,12,6,0,4,1,1,1,1,2,1,0,1,1,,,
201027000496,5,1,8,22,2,88.51,1,1,5,2010,17,31,74,0,0,1,1,4,2,2,2,1,0,1,4,,,
201027000498,4,1,8,22,2,265.53,2,1,7,2010,14,42,12,6,0,4,1,1,0,0,2,1,0,1,1,,,
201027000500,5,1,4,22,2,53.815,2,1,5,2010,9,36,12,6,0,2,1,4,1,1,2,1,0,3,1,,,
201027000502,5,1,4,22,2,53.815,2,1,5,2010,11,0,21,0,0,1,1,4,1,1,2,1,1,1,1,,,
201027000503,6,1,4,22,2,107.63,2,1,5,2010,15,22,12,1,0,1,1,4,0,0,1,1,0,1,1,,,
201027000506,6,1,11,22,2,156.776,1,1,1,2010,19,15,58,0,0,1,2,4,1,1,2,1,0,1,4,,,
201027000509,5,1,1,22,2,58.634,2,1,3,2010,16,8,12,6,0,2,5,2,2,1,2,2,0,2,1,,,
201027000518,4,1,1,22,2,293.172,2,1,1,2010,18,2,14,0,0,1,3,3,0,0,2,2,1,1,6,,,
201027000520,6,1,1,22,2,117.269,3,1,3,2010,8,27,12,1,0,1,1,10,1,1,2,2,0,1,1,,,
201027000522,6,1,8,22,2,88.51,2,1,5,2010,7,22,14,0,0,1,1,1,0,0,2,1,1,1,6,,,
201027000524,6,1,8,22,2,88.51,1,1,7,2010,12,21,53,0,0,4,1,1,0,0,2,1,0,1,4,,,
201027000525,6,1,8,22,2,88.51,2,1,7,2010,10,35,12,1,0,4,1,1,0,0,2,1,0,1,1,,,
201027000526,5,1,8,22,2,88.51,3,1,7,2010,14,49,12,1,0,1,1,8,2,1,2,1,0,1,1,,,
201027000527,6,1,8,22,2,88.51,2,1,7,2010,11,26,12,1,0,1,1,1,0,0,2,1,0,1,1,,,
201027000531,5,1,4,22,2,53.815,1,1,6,2010,8,54,39,0,0,1,1,1,2,2,2,1,0,1,4,,,
201027000532,6,1,4,22,2,107.63,1,1,6,2010,1,26,30,0,0,1,2,4,0,0,2,1,0,1,4,,,
201027000534,6,1,11,22,2,156.776,2,1,1,2010,16,35,14,0,0,1,1,3,0,0,2,1,1,1,4,,,
201027000538,5,1,2,22,2,58.634,1,1,5,2010,9,20,35,0,0,1,1,4,2,2,1,8,0,1,4,,,
201027000540,2,1,2,22,2,29.317,2,1,5,2010,9,45,74,0,0,1,1,4,2,1,2,8,0,1,3,,,