CASENUM,STRATUM,REGION,PJ,PSU,PSUSTRAT,WEIGHT,VE_TOTAL,MONTH,WKDY_IM,YEAR,HOUR_IM,MINUTE_IM,EVENT1_IM,MANCOL_IM,RELJCT1_IM,RELJCT2_IM,LGTCON_IM,WEATHR_IM,MAXSEV_IM,NO_INJ_IM,ALCHL_IM,LAND_USE,PVH_INVL,TYP_INT,REL_ROAD,CF1,CF2,CF3
201027002159,5,1,8,22,2,88.51,1,12,7,2010,22,0,38,0,0,2,3,4,1,1,2,1,0,2,5,,,
201027002162,5,1,4,22,2,53.815,1,12,6,2010,8,0,35,0,0,6,1,1,1,1,2,1,0,1,4,,,
201027002163,6,1,4,22,2,107.63,1,12,7,2010,0,14,42,0,0,1,3,4,1,1,2,1,0,1,4,,,
201027002168,6,1,1,22,2,117.269,1,11,4,2010,13,45,42,0,0,1,1,10,0,0,2,2,0,1,4,,,
201027002174,4,1,1,22,2,293.172,2,11,6,2010,17,58,12,6,0,4,2,1,0,0,2,2,0,1,1,,,
201027002178,6,1,1,22,2,117.269,1,11,2,2010,9,30,33,0,0,2,1,2,0,0,2,2,0,2,4,,,
201027002184,6,1,1,22,2,117.269,2,11,4,2010,15,16,12,6,0,4,1,1,0,0,2,2,0,1,1,,,
201027002188,1,1,1,22,2,29.317,2,11,1,2010,11,9,33,0,0,1,1,1,3,3,2,2,0,1,4,,,
201027002189,3,1,1,22,2,29.317,1,11,3,2010,8,59,22,0,0,2,1,10,2,1,2,2,0,3,1,,,
201027002192,6,1,1,22,2,117.269,2,11,3,2010,17,27,12,6,0,4,3,2,0,0,2,2,0,1,1,,,
201027002195,5,1,1,22,2,58.634,2,11,3,2010,20,33,12,1,0,2,5,2,1,1,2,2,0,3,1,,,
201027002198,2,1,4,22,2,53.815,2,12,1,2010,5,51,14,0,0,1,2,5,0,0,2,1,1,1,4,,,
201027002200,6,1,4,22,2,107.63,1,12,1,2010,6,43,35,0,0,1,1,3,0,0,2,1,0,1,4,,,
201027002207,5,1,8,22,2,88.51,1,12,3,2010,1,9,30,0,0,2,3,4,2,1,2,1,0,3,4,,,
201027002212,6,1,2,22,2,117.269,1,11,7,2010,3,45,74,0,0,1,2,1,0,0,2,8,0,1,4,,,
201027002220,6,1,11,22,2,156.776,1,11,2,2010,11,44,74,0,0,1,1,10,0,0,2,1,0,1,4,,,
201027002225,3,1,8,22,2,88.51,2,12,7,2010,10,25,12,1,0,1,1,1,2,1,2,1,0,1,1,,,
201027002227,6,1,8,22,2,88.51,2,12,7,2010,18,52,12,6,0,2,3,1,2,1,2,1,0,2,1,,,
201027002232,6,1,6,22,2,121.209,1,12,5,2010,23,42,42,0,0,1,2,1,0,0,2,8,0,1,4,,,
201027002236,6,1,4,22,2,107.63,1,12,1,2010,8,8,35,0,0,2,1,3,0,0,2,1,0,3,4,,,
201027002239,6,1,4,22,2,107.63,1,12,3,2010,7,13,42,0,0,1,1,2,0,0,2,1,0,1,5,,,
201027002241,6,1,4,22,2,107.63,2,12,6,2010,8,55,12,2,0,2,1,1,0,0,2,1,0,3,1,,,
201027002245,3,1,1,22,2,29.317,1,12,4,2010,17,34,22,0,0,2,3,2,2,1,2,2,0,2,1,,,
201027002250,6,1,1,22,2,117.269,1,12,1,2010,3,28,30,0,0,2,3,1,0,0,1,2,0,3,5,,,
201027002254,4,1,1,22,2,293.172,2,12,3,2010,19,28,12,1,0,2,3,1,1,1,2,2,0,3,1,,,
201027002278,6,1,8,22,2,88.51,3,12,6,2010,12,12,12,6,0,4,1,1,0,0,2,1,0,1,1,,,
201027002279,4,1,8,22,2,265.53,2,12,4,2010,21,30,14,0,0,4,3,1,0,0,2,1,1,1,7,,,
201027002280,6,1,8,22,2,88.51,2,12,1,2010,20,42,12,6,0,2,2,4,0,0,2,1,0,3,1,,,
201027002281,6,1,8,22,2,88.51,1,12,1,2010,18,45,30,0,0,1,2,4,0,0,2,1,0,1,4,,,
201027002283,6,1,11,22,2,156.776,1,11,2,2010,17,55,30,0,0,1,2,1,1,1,2,1,0,1,4,,,
201027002287,6,1,2,22,2,117.269,1,12,4,2010,8,37,74,0,0,1,1,4,0,0,2,8,0,1,4,,,
201027002291,6,1,2,22,2,117.269,2,12,4,2010,7,23,12,1,0,1,1,1,0,0,2,8,0,1,1,,,
201027002296,6,1,2,22,2,117.269,1,12,6,2010,23,0,72,0,0,1,2,1,0,0,1,8,0,1,3,,,
201027002312,4,1,4,22,2,269.076,1,12,1,2010,22,39,53,0,0,1,2,11,0,0,2,1,0,1,5,,,
201027002315,4,1,6,22,2,303.023,2,12,2,2010,9,53,12,6,0,2,1,10,0,0,2,8,0,3,1,,,
201027002318,5,1,6,22,2,60.605,2,12,1,2010,11,37,12,1,0,1,1,4,1,4,2,8,0,1,1,,,
201027002319,6,1,6,22,2,121.209,1,12,1,2010,23,26,30,0,0,1,3,4,0,0,2,8,0,1,4,,,
201027002321,6,1,11,22,2,156.776,1,12,2,2010,15,30,30,0,0,1,1,1,0,0,2,1,0,1,4,,,
201027002331,6,1,1,22,2,117.269,2,12,6,2010,17,41,12,6,0,2,3,10,0,0,2,2,0,3,1,,,
201027002343,5,1,1,22,2,58.634,1,12,2,2010,7,2,30,0,0,1,4,2,1,1,2,2,0,1,4,,,
201027002345,4,1,1,22,2,293.172,2,12,6,2010,7,58,12,6,0,2,1,1,0,0,2,2,0,3,1,,,
201027002352,6,1,1,22,2,117.269,1,12,7,2010,22,43,33,0,0,1,3,1,0,0,2,2,0,1,3,,,
201027002361,2,1,8,22,2,88.51,2,12,6,2010,11,1,12,6,0,1,1,1,0,0,2,1,0,1,1,,,
201027002364,6,1,4,22,2,107.63,1,12,2,2010,18,45,42,0,0,1,2,11,0,0,2,1,0,1,4,,,
201027002366,6,1,4,22,2,107.63,1,12,3,2010,17,34,42,0,0,1,2,10,0,0,2,1,0,1,4,,,
201027002381,5,1,2,22,2,58.634,1,12,1,2010,11,21,30,0,0,1,1,4,1,2,2,8,0,1,4,,,
201027002384,6,1,2,22,2,117.269,2,12,4,2010,10,27,12,6,0,2,1,1,2,2,1,8,0,3,1,,,
201027002389,6,1,2,22,2,117.269,1,12,2,2010,8,0,74,0,0,1,1,1,0,0,2,8,0,1,4,,,
201027002395,6,1,1,22,2,117.269,2,12,6,2010,13,10,12,2,0,4,1,1,0,0,2,2,0,1,1,,,
201027002397,4,1,1,22,2,293.172,2,12,2,2010,14,4,12,1,0,2,1,10,0,0,1,2,0,2,1,,,
201027002407,6,1,1,22,2,117.269,2,12,6,2010,12,4,12,7,0,1,1,1,0,0,2,2,0,1,1,,,
201027002409,5,1,4,22,2,53.815,2,12,2,2010,14,49,12,6,0,2,1,11,2,1,2,1,0,3,1,,,
201027002414,4,1,11,22,2,313.553,1,12,4,2010,8,15,24,0,0,1,1,10,0,0,2,1,0,1,1,,,
201027100405,4,1,1,23,2,299.334,2,1,7,2010,14,10,12,1,0,2,1,10,0,0,2,8,0,8,1,,,
201027100408,1,1,1,23,2,21.381,1,1,7,2010,8,30,30,0,0,1,1,4,3,1,2,8,0,1,4,,,
201027100410,6,1,1,23,2,128.286,1,1,7,2010,10,20,30,0,0,1,1,4,0,0,2,8,0,1,4,,,
201027100423,2,1,4,23,2,2.138,2,1,1,2010,11,27,12,6,0,1,1,4,0,0,2,1,0,1,1,,,
201027100467,5,1,1,23,2,64.143,2,1,6,2010,2,20,12,6,0,1,3,3,1,2,2,8,0,1,1,,,
201027100469,4,1,1,23,2,299.334,2,1,4,2010,19,15,14,0,0,1,3,10,1,1,2,8,1,1,,,,
201027100479,6,1,1,23,2,128.286,2,1,1,2010,8,45,12,6,0,2,1,1,0,0,2,8,0,8,1,,,
201027100491,4,1,1,23,2,299.334,2,1,6,2010,15,20,12,1,0,1,1,10,0,0,2,8,0,1,1,,,
201027100494,5,1,1,23,2,64.143,2,1,7,2010,8,50,12,2,0,2,1,1,1,1,2,8,0,8,1,,,
201027100498,6,1,1,23,2,128.286,2,1,7,2010,13,20,12,8,0,1,1,1,0,0,2,8,0,1,1,,,
201027100614,5,1,1,23,2,64.143,3,1,1,2010,12,35,12,1,0,1,1,10,1,2,2,8,0,1,1,,,
201027100617,4,1,1,23,2,299.334,2,1,2,2010,17,33,14,0,0,1,3,1,0,0,2,8,1,1,7,,,
201027100634,4,1,1,23,2,299.334,2,1,7,2010,18,0,12,1,0,2,1,1,0,0,2,8,0,10,1,,,
201027100636,5,1,1,23,2,64.143,2,1,6,2010,23,25,14,0,0,1,3,1,1,1,2,8,1,1,6,,,
201027100639,6,1,1,23,2,128.286,2,1,7,2010,20,54,12,6,0,2,3,1,0,0,2,8,0,8,1,,,
201027100655,4,1,1,23,2,299.334,2,1,4,2010,21,50,12,6,0,2,3,1,0,0,2,8,0,2,1,,,
201027100659,5,1,1,23,2,64.143,2,1,7,2010,0,43,38,0,0,1,3,1,1,1,2,8,1,1,5,,,
201027100670,5,1,1,23,2,64.143,2,1,6,2010,18,50,12,6,0,2,1,10,1,2,2,8,0,8,1,,,
201027100675,6,1,1,23,2,128.286,2,1,7,2010,14,10,12,6,0,2,1,1,0,0,2,8,0,8,1,,,
201027100679,4,1,1,23,2,299.334,2,1,4,2010,19,42,12,6,0,4,3,1,0,0,2,8,0,1,1,,,
201027100680,5,1,1,23,2,64.143,1,1,5,2010,10,40,30,0,0,1,1,1,2,1,2,8,0,1,4,,,
201027100682,3,1,1,23,2,21.381,1,1,5,2010,18,21,21,0,0,4,3,1,4,1,2,8,0,1,1,,,
201027100694,1,1,4,23,2,2.138,2,1,2,2010,11,51,12,6,0,4,1,2,3,1,2,1,0,1,1,,,
201027100697,2,1,4,23,2,2.138,2,1,4,2010,15,39,12,2,0,4,1,10,1,1,2,1,0,1,1,,,
201027100703,1,1,4,23,2,2.138,1,1,7,2010,1,12,42,0,0,1,3,1,3,1,1,1,0,1,5,,,
201027100722,2,1,1,23,2,21.381,2,1,4,2010,6,10,12,6,0,4,2,1,1,2,2,8,0,1,1,,,
201027100726,4,1,1,23,2,299.334,2,1,4,2010,17,30,12,6,0,2,5,1,0,0,2,8,0,8,1,,,
201027100731,5,1,1,23,2,64.143,2,1,6,2010,9,20,12,1,0,2,1,1,2,1,2,8,0,8,1,,,
201027100743,5,1,1,23,2,64.143,2,2,2,2010,14,0,12,6,0,2,1,10,1,1,2,8,0,8,1,,,
201027100746,4,1,1,23,2,299.334,2,2,4,2010,8,7,12,6,0,2,1,1,1,1,2,8,0,8,1,,,
201027100782,1,1,2,23,2,2.138,2,1,7,2010,19,52,30,0,0,1,3,1,3,3,2,8,1,1,5,,,
201027100794,5,1,2,23,2,57.729,1,2,5,2010,12,26,43,0,0,1,1,1,1,1,2,8,0,1,4,,,
201027100847,6,1,2,23,2,130.424,1,2,3,2010,7,11,33,0,0,1,1,4,0,0,2,8,0,1,4,,,
201027100864,6,1,1,23,2,128.286,2,1,4,2010,16,40,12,6,0,2,1,1,0,0,2,8,0,8,1,,,
201027100867,5,1,1,23,2,64.143,2,2,4,2010,13,25,12,6,0,2,1,4,1,1,2,8,0,8,1,,,
201027100873,4,1,1,23,2,299.334,2,2,3,2010,17,34,12,6,0,2,1,1,0,0,2,8,0,8,1,,,
201027100882,6,1,1,23,2,128.286,2,1,6,2010,16,15,12,1,0,1,1,1,0,0,2,8,0,1,1,,,
201027100897,4,1,1,23,2,299.334,2,2,4,2010,10,35,12,1,0,2,1,10,0,0,2,8,0,8,1,,,
201027100898,6,1,1,23,2,128.286,3,2,4,2010,11,55,12,1,0,2,1,4,0,0,2,8,0,5,1,,,
201027100903,5,1,1,23,2,64.143,2,2,5,2010,17,40,12,2,0,4,3,1,1,3,2,8,0,1,1,,,
201027100919,6,1,1,23,2,128.286,2,2,2,2010,16,50,12,6,0,4,5,1,0,0,2,8,0,1,1,,,
201027100923,5,1,1,23,2,64.143,1,2,3,2010,4,20,30,0,0,2,3,1,2,1,2,8,0,2,4,,,
201027100924,4,1,1,23,2,299.334,2,2,3,2010,8,40,12,1,0,1,1,1,0,0,2,8,0,1,1,,,
201027100927,2,1,1,23,2,21.381,2,2,3,2010,9,0,12,6,0,1,1,1,0,0,2,8,0,1,1,,,
201027100945,4,1,1,23,2,299.334,2,2,5,2010,11,39,12,6,0,2,1,1,0,0,2,8,0,8,1,,,
201027100948,6,1,1,23,2,128.286,2,2,5,2010,14,0,12,2,0,2,1,10,1,1,2,8,0,8,1,,,
201027100955,5,1,1,23,2,64.143,1,2,6,2010,17,20,1,0,0,1,1,1,1,1,2,8,0,1,1,,,
201027100965,4,1,1,23,2,299.334,2,1,7,2010,23,0,12,6,0,1,3,1,0,0,2,8,0,1,1,,,
201027100983,4,1,6,23,2,297.755,2,1,7,2010,11,30,12,6,0,1,1,1,0,0,2,1,0,1,1,,,
201027100993,6,1,6,23,2,131.012,1,1,1,2010,0,59,74,0,0,1,3,1,0,0,2,1,0,1,4,,,
201027101019,1,1,2,23,2,2.138,1,2,3,2010,19,5,42,0,0,1,3,1,4,1,2,8,0,1,5,,,
201027101032,1,1,2,23,2,2.138,2,2,3,2010,7,42,12,6,0,2,1,10,1,8,2,8,0,2,1,,,
201027101046,6,1,1,23,2,128.286,3,2,6,2010,16,8,12,6,0,2,5,1,1,1,2,8,0,8,1,,,
201027101053,5,1,1,23,2,64.143,2,2,1,2010,10,13,12,6,0,2,1,1,1,3,2,8,0,8,1,,,
201027101055,4,1,1,23,2,299.334,2,2,5,2010,11,30,12,2,0,4,1,4,0,0,2,8,0,1,1,,,
201027101070,6,1,1,23,2,128.286,2,2,2,2010,1,30,14,0,0,1,3,10,0,0,2,8,1,1,7,,,
201027101074,4,1,1,23,2,299.334,2,2,3,2010,20,30,14,0,0,1,3,10,0,0,2,8,1,1,,,,
201027101132,1,1,4,23,2,2.138,1,2,7,2010,0,9,30,0,0,1,3,10,3,2,2,1,0,1,4,,,
201027101143,4,1,1,23,2,299.334,2,2,2,2010,19,45,12,6,0,4,3,4,0,0,2,8,0,1,1,,,
201027101144,6,1,1,23,2,128.286,1,2,3,2010,8,55,30,0,0,1,3,10,1,2,2,8,0,1,,,,
201027101158,5,1,1,23,2,64.143,2,2,2,2010,10,4,12,6,0,2,1,1,1,2,2,8,0,8,1,,,
201027101162,4,1,1,23,2,299.334,2,2,3,2010,9,10,12,7,0,1,1,10,0,0,2,8,0,1,1,,,
201027101177,5,1,1,23,2,64.143,2,2,4,2010,17,25,12,6,0,2,3,2,1,1,2,8,0,8,1,,,
201027101180,6,1,1,23,2,128.286,1,2,5,2010,7,24,74,0,0,1,1,2,0,0,2,8,0,1,4,,,
201027101185,4,1,1,23,2,299.334,2,2,5,2010,10,10,30,0,0,1,1,2,0,0,2,8,1,1,4,,,
201027101195,5,1,1,23,2,64.143,3,2,6,2010,19,53,12,1,0,1,3,4,2,2,2,8,0,1,1,,,
201027101199,1,1,1,23,2,21.381,3,2,1,2010,2,45,42,0,0,1,2,1,4,3,1,8,0,1,,,,
201027101207,4,1,1,23,2,299.334,2,3,2,2010,12,20,14,0,0,1,1,1,0,0,2,8,1,1,7,,,
201027101240,3,1,4,23,2,17.105,1,3,7,2010,15,2,1,0,0,1,1,1,2,1,2,1,0,1,4,,,
201027101243,5,1,4,23,2,57.729,3,3,5,2010,20,32,14,0,0,1,2,2,2,1,2,1,2,1,7,,,
201027101253,5,1,1,23,2,64.143,2,3,4,2010,10,29,12,6,0,2,1,1,1,3,2,8,0,8,1,,,
201027101258,6,1,1,23,2,128.286,1,2,6,2010,22,25,7,0,0,1,3,1,0,0,2,8,0,1,1,,,
201027101263,4,1,1,23,2,299.334,2,3,4,2010,2,33,14,0,0,1,3,4,0,0,2,8,1,1,7,,,
201027101268,3,1,1,23,2,21.381,1,3,4,2010,19,45,21,0,0,2,3,10,2,1,2,8,0,8,1,,,
201027101273,1,1,1,23,2,21.381,3,3,6,2010,11,39,12,6,0,2,1,10,3,1,2,8,1,2,1,,,
201027101282,4,1,1,23,2,299.334,1,3,6,2010,21,35,22,0,0,1,3,1,1,1,2,8,0,1,1,,,
201027101291,5,1,1,23,2,64.143,2,3,1,2010,17,40,12,6,0,2,5,1,1,2,2,8,0,8,1,,,
201027101300,1,1,1,23,2,21.381,1,3,2,2010,18,40,41,0,0,2,3,1,3,1,2,8,0,10,,,,
201027101303,6,1,1,23,2,128.286,2,2,6,2010,6,0,12,6,0,2,4,4,0,0,2,8,0,2,1,,,
201027101337,4,1,1,23,2,299.334,2,3,4,2010,9,3,12,1,0,2,1,1,0,0,2,8,0,8,1,,,
201027101344,2,1,1,23,2,21.381,2,3,5,2010,15,17,12,1,0,1,1,10,0,0,2,8,0,1,1,,,
201027101353,5,1,1,23,2,64.143,2,3,2,2010,8,54,12,2,0,2,1,1,3,4,2,8,0,8,1,,,
201027101355,4,1,1,23,2,299.334,2,3,3,2010,17,50,12,7,0,1,5,1,0,0,2,8,0,1,1,,,
201027101362,5,1,1,23,2,64.143,1,3,5,2010,0,40,30,0,0,1,3,1,1,1,2,8,0,1,4,,,
201027101367,1,1,1,23,2,21.381,2,3,5,2010,22,5,12,2,0,1,3,1,3,2,2,8,0,1,1,,,
201027101375,4,1,1,23,2,299.334,2,3,7,2010,21,30,12,6,0,1,3,2,0,0,2,8,0,1,1,,,
201027101393,5,1,6,23,2,59.551,1,2,6,2010,8,7,42,0,0,1,1,1,2,2,2,1,0,1,4,,,
201027101436,6,1,4,23,2,130.424,1,3,5,2010,4,13,30,0,0,1,3,1,0,0,2,1,0,1,4,,,
201027101438,4,1,4,23,2,295.058,2,3,5,2010,14,45,12,6,0,4,1,1,0,0,2,1,0,1,1,,,
201027101450,1,1,4,23,2,2.138,2,3,2,2010,5,46,12,6,0,2,1,5,3,2,2,1,0,3,1,,,
201027101462,6,1,9,23,2,128.495,2,2,7,2010,17,39,12,6,0,2,5,10,0,0,2,8,0,2,1,,,
201027101464,4,1,2,23,2,295.058,2,3,2,2010,14,26,12,1,0,2,1,2,0,0,2,8,0,2,1,,,
201027101483,1,1,4,23,2,2.138,2,3,7,2010,13,14,12,6,0,1,1,2,4,3,2,1,0,1,1,,,
201027101493,2,1,4,23,2,2.138,2,3,5,2010,8,31,30,0,0,1,1,10,2,1,2,1,0,1,4,,,
201027101500,6,1,1,23,2,128.286,1,3,7,2010,4,55,42,0,0,1,3,2,0,0,2,8,0,1,4,,,
201027101509,5,1,1,23,2,64.143,4,3,5,2010,19,18,12,1,0,2,2,10,2,2,2,8,0,1,1,,,
201027101510,4,1,1,23,2,299.334,2,3,4,2010,9,2,12,1,0,5,1,1,1,1,2,8,0,8,1,,,
201027101518,1,1,1,23,2,21.381,2,3,1,2010,6,36,12,6,0,2,4,10,3,3,2,8,0,8,1,,,
201027101523,1,1,1,23,2,21.381,2,3,3,2010,20,9,12,2,0,2,2,1,3,3,1,8,0,2,1,,,
201027101530,4,1,1,23,2,299.334,2,3,5,2010,9,36,12,1,0,2,1,1,0,0,2,8,0,8,1,,,
201027101533,3,1,1,23,2,21.381,1,3,5,2010,17,55,22,0,0,1,1,1,2,1,2,8,0,1,1,,,
201027101536,6,1,1,23,2,128.286,3,3,6,2010,7,55,12,1,0,1,1,1,0,0,2,8,0,1,1,,,
201027101540,5,1,1,23,2,64.143,2,3,6,2010,15,40,12,2,0,2,1,1,1,3,2,8,0,8,1,,,
201027101553,4,1,1,23,2,299.334,2,3,7,2010,17,18,14,0,0,4,1,1,0,0,2,8,1,1,7,,,
201027101555,3,1,1,23,2,21.381,1,3,7,2010,20,38,21,0,0,2,3,1,2,1,2,8,0,8,1,,,
201027101568,4,1,1,23,2,299.334,2,3,3,2010,21,50,12,6,0,2,3,10,0,0,2,8,0,8,1,,,
201027101571,5,1,1,23,2,64.143,1,3,4,2010,9,50,59,0,0,1,1,1,2,1,2,8,0,1,5,,,
201027101585,4,1,1,23,2,299.334,1,3,6,2010,14,9,53,0,0,1,1,10,0,0,2,8,0,1,4,,,
201027101598,5,1,1,23,2,64.143,3,3,1,2010,1,0,14,0,0,1,3,1,2,1,2,8,2,1,7,,,
201027101599,6,1,1,23,2,128.286,1,3,1,2010,15,35,17,0,0,1,1,10,0,0,2,8,0,1,4,,,
201027101603,4,1,1,23,2,299.334,2,3,1,2010,20,3,12,1,0,2,3,1,0,0,2,8,0,8,1,,,
201027101610,1,1,1,23,2,21.381,3,3,3,2010,1,55,41,0,0,1,3,2,3,1,2,8,2,1,4,,,
201027101655,3,1,1,23,2,21.381,1,4,5,2010,17,25,30,0,0,1,1,1,2,1,2,8,0,1,4,,,
201027101663,6,1,1,23,2,128.286,2,3,3,2010,20,39,12,6,0,2,3,2,0,0,1,8,0,2,1,,,
201027101664,4,1,1,23,2,299.334,2,3,6,2010,17,20,12,1,0,2,1,1,0,0,2,8,0,2,1,,,
201027101667,1,1,1,23,2,21.381,2,3,1,2010,23,32,12,6,0,4,3,2,2,4,2,8,0,1,1,,,
201027101668,3,1,1,23,2,21.381,1,3,1,2010,23,40,21,0,0,2,3,10,2,1,2,8,0,8,1,,,
201027101684,4,1,1,23,2,299.334,2,4,7,2010,16,15,12,6,0,1,1,1,0,0,2,8,0,1,1,,,
201027101691,6,1,1,23,2,128.286,2,3,3,2010,14,10,12,6,0,2,1,2,1,2,2,8,0,3,1,,,
201027101718,2,1,6,23,2,5.955,2,3,3,2010,17,25,12,2,0,2,1,2,1,1,2,1,0,3,1,,,
201027101728,5,1,1,23,2,64.143,2,4,2,2010,15,58,12,6,0,2,1,1,1,2,2,8,0,8,1,,,
201027101730,3,1,1,23,2,21.381,4,4,1,2010,13,27,14,0,0,1,1,1,3,1,2,8,3,1,7,,,
201027101735,5,1,1,23,2,64.143,1,4,3,2010,19,10,19,0,0,2,1,1,1,1,2,8,0,3,5,,,
201027101737,4,1,1,23,2,299.334,2,4,4,2010,10,42,12,1,0,2,1,1,0,0,2,8,0,8,1,,,
201027101742,1,1,1,23,2,21.381,2,4,4,2010,21,10,12,6,0,2,3,1,3,2,2,8,0,8,1,,,
201027101751,2,1,1,23,2,21.381,2,4,6,2010,13,28,12,6,0,4,1,10,0,0,2,8,0,1,1,,,
201027101760,4,1,1,23,2,299.334,2,4,7,2010,19,30,12,1,0,1,3,1,0,0,2,8,0,1,1,,,
201027101764,6,1,1,23,2,128.286,1,4,1,2010,20,0,42,0,0,1,2,10,0,0,1,8,0,1,5,,,
201027101766,5,1,1,23,2,64.143,2,4,4,2010,1,39,53,0,0,1,3,1,1,1,2,8,1,1,4,,,
201027101770,3,1,1,23,2,21.381,1,4,2,2010,16,19,15,0,0,2,1,1,3,1,2,8,0,2,1,,,
201027101814,2,1,2,23,2,2.138,2,4,3,2010,12,11,12,6,0,2,1,1,3,2,2,8,0,8,1,,,
201027101815,2,1,2,23,2,2.138,2,4,3,2010,13,34,12,1,0,2,1,1,1,1,2,8,0,8,1,,,
201027101820,2,1,4,23,2,2.138,2,4,4,2010,11,6,12,1,0,1,1,1,1,1,2,1,0,1,1,,,
201027101822,2,1,4,23,2,2.138,2,4,4,2010,13,39,12,6,0,4,1,1,0,0,2,1,0,1,1,,,
201027101827,1,1,4,23,2,2.138,1,4,7,2010,0,13,43,0,0,1,3,1,3,1,2,1,0,1,,,,
201027101834,2,1,4,23,2,2.138,2,4,1,2010,22,26,12,6,0,2,3,1,3,3,2,1,0,2,1,,,
201027101844,1,1,4,23,2,2.138,1,4,1,2010,5,24,42,0,0,1,3,10,4,1,2,1,0,1,4,,,
201027101853,4,1,1,23,2,299.334,2,4,4,2010,18,48,12,6,0,2,1,1,0,0,2,8,0,8,1,,,
201027101864,3,1,1,23,2,21.381,1,4,2,2010,18,14,15,0,0,2,1,1,2,1,2,8,0,2,1,,,
201027101868,5,1,1,23,2,64.143,2,4,3,2010,16,48,12,6,0,2,1,10,1,2,2,8,0,8,1,,,
201027101874,4,1,1,23,2,299.334,2,4,4,2010,19,5,12,1,0,2,3,1,0,0,2,8,0,8,1,,,
201027101876,2,1,1,23,2,21.381,2,4,5,2010,8,55,12,6,0,2,1,1,0,0,2,8,0,8,1,,,
201027101883,5,1,1,23,2,64.143,2,4,5,2010,17,5,12,6,0,2,1,1,1,1,2,8,0,2,1,,,
201027101892,1,1,1,23,2,21.381,1,4,7,2010,5,10,42,0,0,1,2,1,4,2,2,8,0,1,6,,,
201027101894,4,1,1,23,2,299.334,2,4,6,2010,18,15,12,6,0,4,1,2,1,1,2,8,0,1,1,,,
201027101895,6,1,1,23,2,128.286,2,4,7,2010,9,45,12,1,0,5,1,10,1,1,2,8,0,8,1,,,
201027101907,5,1,1,23,2,64.143,2,4,2,2010,19,1,12,2,0,2,1,1,1,3,2,8,0,8,1,,,
201027101917,4,1,9,23,2,299.822,2,3,6,2010,11,13,14,0,0,1,1,2,0,0,2,8,1,1,7,,,
201027101918,5,1,9,23,2,53.54,2,3,7,2010,15,6,12,2,0,2,1,1,1,2,2,8,0,4,1,,,
201027101922,2,1,2,23,2,2.138,2,4,6,2010,9,48,12,1,0,1,1,1,1,1,2,8,0,1,1,,,
201027101923,1,1,2,23,2,2.138,1,4,6,2010,22,55,38,0,0,1,3,1,3,3,2,8,0,1,5,,,
201027101930,5,1,2,23,2,57.729,1,4,5,2010,4,37,59,0,0,1,2,1,1,1,2,8,0,1,5,,,
201027101947,3,1,2,23,2,17.105,1,4,3,2010,13,3,22,0,0,1,1,1,2,1,2,8,0,1,1,,,
201027101960,1,1,4,23,2,2.138,1,4,1,2010,4,34,42,0,0,1,3,2,3,1,2,1,0,1,4,,,
201027101971,2,1,1,23,2,21.381,3,4,2,2010,14,24,12,6,0,4,1,1,1,1,2,8,0,1,1,,,
201027101973,5,1,1,23,2,64.143,2,4,3,2010,7,17,12,6,0,2,1,1,1,2,2,8,0,8,1,,,
201027101978,4,1,1,23,2,299.334,1,4,4,2010,16,20,22,0,0,2,1,1,1,1,2,8,0,3,1,,,
201027101989,2,1,1,23,2,21.381,2,4,6,2010,10,15,12,6,0,4,1,1,0,0,2,8,0,1,1,,,
201027101991,6,1,1,23,2,128.286,2,4,6,2010,16,45,12,6,0,1,1,1,0,0,2,8,0,1,1,,,
201027101999,4,1,1,23,2,299.334,2,4,7,2010,14,0,12,6,0,4,1,1,0,0,2,8,0,1,1,,,
201027102004,5,1,1,23,2,64.143,1,4,1,2010,4,40,30,0,0,1,3,2,2,1,2,8,0,1,4,,,
201027102020,4,1,1,23,2,299.334,2,4,6,2010,16,30,12,1,0,2,1,1,0,0,2,8,0,8,1,,,
201027102022,5,1,1,23,2,64.143,3,4,2,2010,21,52,12,6,0,2,3,2,1,3,2,8,0,2,1,,,
201027102037,6,1,1,23,2,128.286,2,4,7,2010,9,35,12,1,0,2,1,1,0,0,2,8,0,8,1,,,
201027102038,4,1,1,23,2,299.334,2,4,2,2010,15,25,12,1,0,2,1,2,0,0,2,8,0,8,1,,,
201027102054,4,1,1,23,2,299.334,2,5,2,2010,17,20,12,6,0,2,1,1,0,0,2,8,0,8,1,,,
201027102077,2,1,2,23,2,2.138,2,4,5,2010,9,11,12,1,0,1,1,1,1,1,2,8,0,1,1,,,
201027102094,6,1,2,23,2,130.424,2,5,2,2010,8,18,12,6,0,2,1,2,0,0,2,8,0,8,1,,,
201027102109,2,1,2,23,2,2.138,2,5,5,2010,3,40,12,6,0,1,2,5,0,0,2,8,0,1,1,,,
201027102130,1,1,4,23,2,2.138,2,4,5,2010,12,39,12,6,0,4,1,1,3,2,2,1,0,1,1,,,
201027102161,5,1,1,23,2,64.143,2,5,3,2010,13,33,12,1,0,2,1,10,1,2,2,8,0,8,1,,,
201027102170,4,1,1,23,2,299.334,2,5,7,2010,10,0,14,0,0,4,1,1,1,1,2,8,1,1,7,,,