CASENUM,STRATUM,REGION,PJ,PSU,PSUSTRAT,WEIGHT,VE_TOTAL,MONTH,WKDY_IM,YEAR,HOUR_IM,MINUTE_IM,EVENT1_IM,MANCOL_IM,RELJCT1_IM,RELJCT2_IM,LGTCON_IM,WEATHR_IM,MAXSEV_IM,NO_INJ_IM,ALCHL_IM,LAND_USE,PVH_INVL,TYP_INT,REL_ROAD,CF1,CF2,CF3
201027200455,2,1,9,24,1,28.446,1,1,3,2010,10,30,21,0,0,1,1,1,2,1,2,3,0,1,7,,,
201027200459,4,1,9,24,1,284.461,2,1,3,2010,13,15,12,6,0,1,1,1,0,0,2,3,0,1,1,,,
201027200465,5,1,9,24,1,56.892,1,1,3,2010,17,18,43,0,0,1,1,1,2,2,2,3,0,1,,,,
201027200471,4,1,9,24,1,284.461,1,1,3,2010,10,59,21,0,0,2,1,1,1,1,2,3,0,2,1,,,
201027200475,4,1,12,24,1,279.812,2,1,4,2010,18,35,12,6,0,2,3,1,1,2,2,3,0,8,1,,,
201027200476,3,1,12,24,1,39.973,1,1,4,2010,19,0,21,0,0,2,3,1,3,1,2,3,0,2,1,,,
201027200479,3,1,12,24,1,39.973,1,1,5,2010,14,0,22,0,0,2,1,1,2,1,2,3,0,2,1,,,
201027200498,4,1,6,25,1,284.295,1,1,4,2010,14,30,18,0,0,1,1,1,1,2,2,3,0,1,,,,
201027200501,4,1,2,25,1,289.685,2,1,2,2010,10,6,12,1,0,1,1,1,0,0,2,3,0,1,1,,,
201027200502,2,1,2,25,1,12.07,2,1,2,2010,17,0,12,1,0,1,1,1,1,1,2,3,0,1,1,,,
201027200503,3,1,2,25,1,12.07,1,1,2,2010,8,45,21,0,0,2,1,1,3,1,2,3,0,8,1,,,
201027200508,4,1,7,25,1,316.207,2,1,5,2010,16,30,12,1,0,2,5,1,0,0,2,3,0,8,1,,,
201027200518,4,1,7,25,1,316.207,1,1,4,2010,20,0,22,0,0,2,3,1,0,0,2,3,0,3,1,,,
201027200520,6,1,6,25,1,121.841,2,1,3,2010,8,50,12,1,0,2,1,1,0,0,2,3,0,8,1,,,
201027200525,4,1,6,25,1,284.295,2,1,3,2010,10,20,12,1,0,1,1,1,0,0,2,3,0,1,1,,,
201027200556,4,1,7,24,1,295.614,2,1,7,2010,11,50,14,0,0,1,1,1,1,1,2,3,1,1,7,,,
201027200561,6,1,7,24,1,121.723,2,1,7,2010,15,40,12,6,0,2,1,1,1,1,2,3,0,8,1,,,
201027200574,6,1,9,24,1,142.23,2,1,2,2010,11,15,12,1,0,2,1,1,0,0,2,3,0,8,1,,,
201027200579,6,1,12,24,1,119.919,2,1,3,2010,8,0,12,2,0,2,1,1,0,0,2,3,0,10,1,,,
201027200598,4,1,1,24,1,292.614,2,1,5,2010,8,40,12,1,0,2,1,1,1,2,2,3,0,8,1,,,
201027200615,5,1,1,24,1,58.523,2,1,5,2010,22,45,12,2,0,2,3,1,1,1,2,3,0,8,1,,,
201027200630,6,1,1,24,1,133.766,2,1,4,2010,20,30,12,6,0,2,3,1,1,1,2,3,0,8,1,,,
201027200632,4,1,6,25,1,284.295,2,1,3,2010,9,30,12,6,0,1,1,1,0,0,2,3,0,1,1,,,
201027200653,4,1,6,25,1,284.295,2,1,2,2010,11,5,12,6,0,2,1,1,0,0,2,3,0,8,1,,,
201027200660,4,1,14,25,1,321.278,2,1,4,2010,19,58,14,0,0,1,5,1,1,1,2,3,1,1,7,,,
201027200664,4,1,1,25,1,289.685,2,1,5,2010,8,0,12,6,0,1,1,1,0,0,2,3,0,1,1,,,
201027200676,4,1,7,25,1,316.207,2,1,2,2010,14,30,14,0,0,1,1,2,1,1,2,3,1,1,7,,,
201027200692,4,1,14,25,1,321.278,2,1,3,2010,12,0,12,7,0,2,1,1,0,0,2,3,0,3,1,,,
201027200696,5,1,2,25,1,60.351,2,1,5,2010,11,26,12,6,0,2,1,10,1,2,2,3,0,8,1,,,
201027200704,4,1,2,25,1,289.685,2,1,5,2010,12,12,12,1,0,1,1,10,0,0,2,3,0,1,1,,,
201027200708,4,1,6,25,1,284.295,2,1,6,2010,18,25,12,7,0,1,1,1,0,0,2,3,0,1,1,,,
201027200728,3,1,2,24,1,16.671,1,1,4,2010,21,30,21,0,0,2,3,1,3,1,2,3,0,8,1,,,
201027200729,4,1,12,24,1,279.812,2,1,2,2010,8,45,12,6,0,1,1,2,0,0,2,3,0,1,1,,,
201027200737,5,1,12,24,1,39.973,3,1,2,2010,21,25,12,6,0,1,3,1,1,2,2,3,0,1,1,,,
201027200738,4,1,12,24,1,279.812,2,1,3,2010,15,0,12,1,0,1,1,10,0,0,2,3,0,1,1,,,
201027200740,5,1,12,24,1,39.973,2,1,2,2010,15,25,12,1,0,1,1,2,1,1,2,3,0,1,1,,,
201027200756,4,1,1,24,1,292.614,2,1,3,2010,15,35,12,6,0,1,1,1,0,0,2,3,0,1,1,,,
201027200763,4,1,9,24,1,284.461,2,1,2,2010,13,0,14,0,0,1,1,1,0,0,2,3,1,1,6,,,
201027200769,3,1,9,24,1,28.446,1,1,6,2010,5,58,21,0,0,1,3,1,4,1,2,3,0,1,1,,,
201027200774,4,1,9,24,1,284.461,2,1,6,2010,9,30,12,6,0,5,1,10,0,0,2,3,0,1,1,,,
201027200785,4,1,9,24,1,284.461,2,1,7,2010,12,18,12,1,0,4,1,1,0,0,2,3,0,1,1,,,
201027200795,4,1,9,24,1,284.461,2,1,7,2010,16,15,12,1,0,4,1,1,0,0,2,3,0,1,1,,,
201027200809,4,1,1,25,1,289.685,2,2,3,2010,15,0,12,6,0,1,1,1,0,0,2,3,0,1,1,,,
201027200841,4,1,3,25,1,289.685,2,1,1,2010,21,19,12,6,0,2,3,2,0,0,2,3,0,8,1,,,
201027200860,5,1,7,25,1,45.172,9,1,7,2010,10,20,12,1,0,1,1,1,1,4,2,3,0,1,1,,,
201027200863,5,1,7,25,1,45.172,1,1,1,2010,10,48,43,0,0,1,1,1,1,1,2,3,0,1,3,,,
201027200866,4,1,7,25,1,316.207,2,1,7,2010,23,10,12,6,0,1,3,1,0,0,2,3,0,1,1,,,
201027200882,3,1,1,24,1,16.721,1,2,2,2010,18,30,21,0,0,2,3,1,2,1,2,3,0,8,1,,,
201027200885,4,1,2,24,1,300.079,2,2,3,2010,13,10,12,1,0,2,1,4,0,0,2,3,0,8,1,,,
201027200899,4,1,12,24,1,279.812,2,1,7,2010,4,41,12,1,0,2,3,1,0,0,2,3,0,8,1,,,
201027200900,5,1,12,24,1,39.973,2,1,6,2010,8,0,14,0,0,1,1,1,1,3,2,3,1,1,,,,
201027200903,6,1,12,24,1,119.919,2,1,6,2010,16,10,12,6,0,1,1,1,0,0,2,3,0,1,1,,,
201027200908,4,1,12,24,1,279.812,2,1,6,2010,0,30,14,0,0,1,6,1,0,0,2,3,1,1,7,,,
201027200915,4,1,12,24,1,279.812,4,1,7,2010,20,30,12,6,0,1,3,10,0,0,2,3,2,1,1,,,
201027200922,4,1,12,24,1,279.812,2,1,1,2010,14,5,12,6,0,1,1,1,0,0,2,3,0,1,1,,,
201027200929,4,1,12,24,1,279.812,2,1,7,2010,4,30,12,1,0,4,3,1,0,0,2,3,0,1,1,,,
201027200931,5,1,12,24,1,39.973,2,1,1,2010,4,35,12,6,0,2,3,1,2,4,2,3,0,2,1,,,
201027200954,4,1,1,24,1,292.614,2,2,6,2010,9,55,12,1,0,1,1,1,0,0,2,3,0,1,1,,,
201027200956,3,1,5,24,1,17.102,1,1,5,2010,12,40,21,0,0,2,1,10,3,1,2,3,0,8,1,,,
201027200967,5,1,5,24,1,51.306,1,2,4,2010,0,25,25,0,0,1,3,4,3,1,2,3,0,1,4,,,
201027200971,4,1,5,24,1,290.735,2,2,4,2010,7,0,12,6,0,1,1,1,0,0,2,3,0,1,1,,,
201027200992,6,1,5,24,1,136.816,3,2,3,2010,17,30,12,6,0,2,5,1,0,0,2,3,0,8,1,,,
201027201003,4,1,7,24,1,295.614,2,2,4,2010,14,30,12,6,0,2,1,4,0,0,2,3,0,8,1,,,
201027201009,4,1,9,24,1,284.461,2,2,5,2010,13,30,45,0,0,2,1,4,0,0,2,3,1,8,1,,,
201027201016,4,1,14,25,1,321.278,2,2,2,2010,10,0,12,6,0,2,1,1,0,0,2,3,0,2,1,,,
201027201017,5,1,14,25,1,107.093,2,2,6,2010,9,10,12,1,0,2,1,10,1,1,2,3,0,8,1,,,
201027201020,5,1,14,25,1,107.093,2,2,1,2010,4,6,12,6,0,1,3,1,1,2,2,3,0,1,1,,,
201027201021,4,1,14,25,1,321.278,2,2,1,2010,2,30,14,0,0,1,6,1,0,0,2,3,1,1,7,,,
201027201028,2,1,1,25,1,12.07,2,2,2,2010,21,50,12,7,0,1,3,1,1,1,2,3,0,1,1,,,
201027201044,4,1,6,25,1,284.295,2,2,5,2010,15,50,12,6,0,2,1,1,0,0,2,3,0,8,1,,,
201027201049,5,1,2,24,1,50.013,2,2,2,2010,19,29,12,6,0,4,3,1,1,1,2,3,0,1,1,,,
201027201057,3,1,2,24,1,16.671,1,2,6,2010,7,7,21,0,0,1,3,1,3,1,2,3,0,1,1,,,
201027201065,4,1,2,24,1,300.079,2,2,6,2010,20,0,12,1,0,1,3,1,0,0,2,3,0,1,1,,,
201027201078,6,1,2,24,1,133.368,2,2,7,2010,23,55,12,6,0,1,3,1,0,0,2,3,0,1,1,,,
201027201095,2,1,7,24,1,17.389,1,2,3,2010,0,55,22,0,0,2,3,4,3,1,2,3,0,8,1,,,
201027201099,2,1,7,24,1,17.389,2,2,3,2010,17,0,12,1,0,2,3,3,1,2,2,3,0,8,1,,,
201027201109,4,1,9,24,1,284.461,2,2,4,2010,10,14,12,1,0,2,1,1,0,0,2,3,0,8,1,,,
201027201110,5,1,9,24,1,56.892,1,2,4,2010,9,20,59,0,0,1,1,1,1,1,2,3,0,1,,,,
201027201120,4,1,9,24,1,284.461,2,2,4,2010,22,45,14,0,0,1,3,1,0,0,2,3,1,1,7,,,
201027201134,4,1,3,25,1,289.685,2,2,3,2010,7,25,12,1,0,2,1,4,1,1,2,3,0,8,1,,,
201027201143,6,1,7,25,1,135.517,2,2,5,2010,20,35,12,6,0,1,3,1,0,0,2,3,0,1,1,,,
201027201148,4,1,6,25,1,284.295,2,2,4,2010,15,10,14,0,0,1,1,10,0,0,2,3,1,1,7,,,
201027201163,4,1,1,25,1,289.685,2,2,6,2010,15,12,12,6,0,1,1,1,0,0,2,3,0,1,,,,
201027201172,2,1,1,25,1,12.07,2,2,7,2010,2,59,12,6,0,2,3,1,3,3,2,3,0,8,1,,,
201027201194,4,1,5,24,1,290.735,2,2,6,2010,13,15,12,1,0,1,1,10,0,0,2,3,0,1,1,,,
201027201201,5,1,5,24,1,51.306,3,2,1,2010,2,15,12,1,0,1,3,1,1,1,2,3,0,1,1,,,
201027201213,3,1,7,24,1,17.389,2,2,2,2010,20,30,12,6,0,1,3,10,3,2,2,3,0,1,1,,,
201027201219,6,1,9,24,1,142.23,2,2,3,2010,5,10,12,6,0,2,3,1,0,0,2,3,0,8,1,,,
201027201227,4,1,9,24,1,284.461,2,2,3,2010,19,10,12,7,0,1,3,2,0,0,2,3,0,1,1,,,
201027201235,5,1,1,24,1,58.523,2,2,5,2010,13,35,12,6,0,2,1,4,1,3,2,3,0,8,1,,,
201027201270,4,1,6,25,1,284.295,2,2,3,2010,18,0,12,1,0,1,3,2,1,1,2,3,0,1,1,,,
201027201272,6,1,6,25,1,121.841,3,2,4,2010,3,45,12,1,0,2,3,1,0,0,2,3,0,8,1,,,
201027201278,5,1,14,25,1,107.093,2,2,5,2010,20,53,12,6,0,1,3,4,1,2,2,3,0,1,1,,,
201027201279,3,1,2,25,1,12.07,1,2,6,2010,16,30,21,0,0,2,1,1,4,1,1,3,0,8,1,,,
201027201287,4,1,2,25,1,289.685,2,2,7,2010,14,9,12,6,0,2,1,1,0,0,2,3,0,8,1,,,
201027201311,4,1,9,24,1,284.461,2,3,2,2010,15,40,12,1,0,1,1,1,0,0,2,3,0,1,1,,,
201027201322,4,1,9,24,1,284.461,2,3,2,2010,18,15,14,0,0,1,5,4,0,0,2,3,1,1,7,,,
201027201326,4,1,7,24,1,295.614,2,2,6,2010,11,25,14,0,0,1,1,4,0,0,2,3,1,1,,,,
201027201343,4,1,7,24,1,295.614,2,2,1,2010,3,0,14,0,0,1,3,10,1,1,2,3,1,1,7,,,
201027201344,5,1,7,24,1,52.167,2,2,1,2010,5,50,14,0,0,1,3,1,3,1,2,3,1,1,,,,
201027201354,4,1,12,24,1,279.812,2,2,5,2010,21,30,12,6,0,2,3,10,0,0,2,3,0,8,1,,,
201027201359,2,1,12,24,1,39.973,2,2,4,2010,9,50,12,6,0,1,1,10,1,2,2,3,0,1,1,,,
201027201362,4,1,12,24,1,279.812,2,2,4,2010,17,45,12,1,0,2,5,1,0,0,2,3,0,8,1,,,
201027201370,4,1,12,24,1,279.812,2,3,3,2010,9,54,14,0,0,1,1,1,0,0,2,3,1,1,7,,,
201027201377,4,1,12,24,1,279.812,2,3,3,2010,14,50,12,6,0,1,1,10,0,0,2,3,0,1,1,,,
201027201382,3,1,12,24,1,39.973,1,2,5,2010,12,40,21,0,0,2,1,10,3,1,2,3,0,8,1,,,
201027201384,4,1,14,25,1,321.278,2,3,4,2010,12,35,14,0,0,1,1,2,0,0,2,3,1,1,7,,,
201027201387,4,1,14,25,1,321.278,2,3,4,2010,6,0,14,0,0,1,3,10,0,0,2,3,1,1,7,,,
201027201399,4,1,3,25,1,289.685,1,2,1,2010,13,18,22,0,0,2,1,1,1,1,2,3,0,8,1,,,
201027201402,4,1,7,25,1,316.207,2,3,3,2010,7,23,12,6,0,2,1,1,0,0,1,3,0,2,1,,,
201027201409,4,1,7,25,1,316.207,2,3,3,2010,10,45,12,7,0,2,1,1,0,0,2,3,0,8,1,,,
201027201418,4,1,6,25,1,284.295,2,3,2,2010,21,0,12,7,0,1,3,1,0,0,2,3,0,1,1,,,
201027201426,4,1,1,25,1,289.685,2,3,4,2010,13,30,12,6,0,2,1,1,0,0,2,3,0,8,1,,,
201027201441,4,1,6,25,1,284.295,2,3,6,2010,4,47,14,0,0,1,3,1,0,0,2,3,1,1,7,,,
201027201448,4,1,6,25,1,284.295,2,3,7,2010,10,20,14,0,0,1,1,1,0,0,2,3,1,1,,,,
201027201456,4,1,6,25,1,284.295,2,3,1,2010,12,50,14,0,0,1,1,1,0,0,2,3,1,1,7,,,
201027201467,4,1,7,25,1,316.207,2,3,2,2010,9,50,14,0,0,1,1,1,0,0,2,3,1,1,7,,,
201027201481,4,1,14,25,1,321.278,2,3,2,2010,22,23,12,6,0,2,3,10,0,0,2,3,0,8,1,,,
201027201482,5,1,7,25,1,45.172,2,3,6,2010,7,25,12,2,0,2,1,2,2,1,2,3,0,8,1,,,
201027201489,3,1,7,25,1,45.172,1,3,7,2010,1,55,21,0,0,2,3,2,3,1,2,3,0,2,1,,,
201027201490,4,1,7,25,1,316.207,2,3,7,2010,11,0,14,0,0,1,1,2,0,0,2,3,1,1,7,,,
201027201512,4,1,1,24,1,292.614,2,3,3,2010,10,0,12,6,0,2,1,1,0,0,2,3,0,8,1,,,
201027201521,4,1,2,24,1,300.079,2,3,5,2010,7,50,12,6,0,2,1,1,0,0,2,3,0,8,1,,,
201027201547,6,1,12,24,1,119.919,2,3,2,2010,7,0,12,6,0,2,1,1,0,0,2,3,0,2,1,,,
201027201550,4,1,12,24,1,279.812,2,3,2,2010,17,50,12,6,0,2,1,1,0,0,2,3,0,8,1,,,
201027201558,3,1,1,24,1,16.721,1,3,2,2010,20,40,21,0,0,2,3,1,3,2,2,3,0,8,1,,,
201027201574,4,1,2,24,1,300.079,2,3,3,2010,7,30,14,0,0,1,1,1,0,0,2,3,1,1,,,,
201027201583,4,1,5,24,1,290.735,2,3,4,2010,17,30,14,0,0,1,1,1,0,0,2,3,1,1,,,,
201027201599,3,1,7,24,1,17.389,1,3,5,2010,23,45,22,0,0,2,3,10,3,1,2,3,0,2,1,,,
201027201603,4,1,12,24,1,279.812,2,3,6,2010,17,30,12,6,0,1,5,2,0,0,2,3,0,1,1,,,
201027201612,4,1,12,24,1,279.812,3,3,7,2010,9,30,12,6,0,4,1,2,0,0,2,3,1,1,1,,,
201027201617,3,1,12,24,1,39.973,1,3,7,2010,22,8,21,0,0,2,3,2,2,1,2,3,0,2,1,,,
201027201620,4,1,12,24,1,279.812,2,3,1,2010,16,0,12,6,0,4,1,10,0,0,2,3,0,1,1,,,
201027201621,6,1,12,24,1,119.919,3,3,1,2010,22,50,12,1,0,1,3,1,0,0,2,3,0,1,1,,,
201027201624,1,1,12,24,1,39.973,2,3,1,2010,17,55,12,1,0,2,5,2,3,1,2,3,0,8,1,,,
201027201683,4,1,2,24,1,300.079,3,3,2,2010,19,30,12,6,0,2,5,2,0,0,2,3,1,8,1,,,
201027201684,5,1,5,24,1,51.306,1,3,3,2010,7,50,30,0,0,1,1,1,3,4,2,3,0,1,,,,
201027201699,3,1,7,24,1,17.389,1,3,4,2010,15,15,21,0,0,2,1,1,2,1,2,3,0,8,1,,,
201027201702,4,1,7,24,1,295.614,2,3,4,2010,7,10,12,6,0,2,1,1,0,0,2,3,0,8,1,,,
201027201704,3,1,1,25,1,12.07,1,3,2,2010,2,40,21,0,0,2,3,1,2,1,2,3,0,8,1,,,
201027201705,3,1,1,25,1,12.07,2,3,2,2010,8,50,12,1,0,2,1,2,2,1,2,3,0,8,1,,,
201027201715,4,1,1,25,1,289.685,2,3,2,2010,20,43,12,1,0,2,3,2,0,0,1,3,0,8,1,,,
201027201719,4,1,2,25,1,289.685,2,3,3,2010,14,0,14,0,0,4,1,1,0,0,2,3,1,1,7,,,
201027201750,4,1,6,25,1,284.295,2,3,5,2010,12,10,12,2,0,1,1,1,8,0,2,3,0,1,1,,,
201027201755,4,1,14,25,1,321.278,2,3,7,2010,16,50,12,1,0,2,1,1,0,0,2,3,0,8,1,,,
201027201758,4,1,14,25,1,321.278,2,3,7,2010,18,0,14,0,0,1,1,1,0,0,2,3,1,1,,,,
201027201761,4,1,14,25,1,321.278,2,3,1,2010,4,35,14,0,0,1,3,1,0,0,2,3,1,1,7,,,
201027201787,1,1,1,25,1,12.07,3,3,1,2010,11,3,12,6,0,2,1,1,3,3,2,3,1,8,1,,,
201027201788,4,1,1,25,1,289.685,2,3,6,2010,15,15,12,6,0,1,1,1,0,0,2,3,0,1,1,,,
201027201796,4,1,3,25,1,289.685,1,3,3,2010,12,0,21,0,0,2,1,2,1,1,2,3,0,8,1,,,
201027201815,5,1,2,24,1,50.013,1,3,6,2010,6,30,25,0,0,1,3,2,1,1,2,3,0,1,,,,
201027201834,4,1,2,24,1,300.079,2,3,1,2010,1,0,14,0,0,2,3,1,0,0,2,3,1,8,,,,
201027201849,4,1,5,24,1,290.735,2,3,2,2010,17,0,12,6,0,4,1,2,0,0,2,3,0,1,1,,,
201027201862,2,1,9,24,1,28.446,2,3,4,2010,9,0,12,1,0,1,1,10,0,0,2,3,0,1,1,,,
201027201872,3,1,9,24,1,28.446,1,3,4,2010,19,30,21,0,0,1,3,1,3,1,2,3,0,1,1,,,
201027201873,4,1,9,24,1,284.461,3,3,4,2010,18,40,12,6,0,4,1,1,0,0,2,3,1,1,1,,,
201027201883,5,1,9,24,1,56.892,2,3,4,2010,8,10,12,6,0,1,1,10,1,1,2,3,0,1,1,,,
201027201884,4,1,9,24,1,284.461,3,3,4,2010,16,35,12,1,0,1,1,1,1,1,2,3,0,1,1,,,
201027201890,4,1,12,24,1,279.812,2,4,5,2010,12,0,14,0,0,1,1,1,0,0,2,3,1,1,7,,,
201027201897,4,1,12,24,1,279.812,2,4,5,2010,18,0,12,6,0,1,1,1,1,1,2,3,0,1,1,,,
201027201903,5,1,5,24,1,51.306,1,4,1,2010,3,25,33,0,0,5,6,1,3,2,2,3,0,4,,,,
201027201916,4,1,5,24,1,290.735,2,4,1,2010,20,57,12,6,0,2,3,1,0,0,2,3,0,8,1,,,
201027201919,2,1,7,24,1,17.389,3,4,2,2010,11,46,12,1,0,2,1,1,1,3,2,3,0,8,1,,,
201027201931,5,1,1,24,1,58.523,2,4,5,2010,16,0,12,1,0,5,1,1,1,1,2,3,0,4,1,,,
201027201935,5,1,12,24,1,39.973,2,4,4,2010,1,45,12,6,0,1,3,1,1,3,2,3,0,1,1,,,
201027201939,5,1,12,24,1,39.973,1,4,4,2010,10,30,30,0,0,2,1,1,1,1,2,3,0,8,,,,
201027201956,4,1,9,24,1,284.461,2,4,3,2010,16,0,12,6,0,2,1,1,0,0,2,3,0,8,1,,,
201027201966,6,1,9,24,1,142.23,3,4,3,2010,17,5,12,1,0,1,1,1,0,0,2,3,0,1,1,,,
201027201968,4,1,9,24,1,284.461,2,4,3,2010,11,30,12,7,0,1,1,1,1,1,2,3,0,1,1,,,
201027201971,6,1,2,25,1,132.772,2,4,6,2010,18,10,12,7,0,2,1,2,0,0,2,3,0,8,1,,,
201027201981,3,1,2,25,1,12.07,2,4,1,2010,6,20,12,6,0,2,4,1,2,1,2,3,0,8,1,,,
201027201988,4,1,2,25,1,289.685,2,4,1,2010,21,10,14,0,0,1,3,1,0,0,2,3,1,1,,,,
201027201994,5,1,3,25,1,60.351,2,4,2,2010,3,10,12,1,0,1,3,1,1,2,2,3,0,1,1,,,
201027201997,4,1,7,25,1,316.207,2,4,4,2010,11,20,12,6,0,1,1,1,0,0,2,3,0,1,7,,,
201027202004,4,1,6,25,1,284.295,2,4,3,2010,7,22,14,0,0,2,4,10,1,1,2,3,1,3,7,,,
201027202012,4,1,6,25,1,284.295,2,4,3,2010,18,10,12,1,0,2,1,1,0,0,2,3,0,8,1,,,
201027202019,4,1,1,24,1,292.614,2,4,4,2010,14,0,12,1,0,2,1,1,0,0,2,3,0,8,1,,,
201027202026,4,1,12,24,1,279.812,1,4,3,2010,0,44,21,0,0,1,3,1,1,1,2,3,0,1,1,,,
201027202027,5,1,12,24,1,39.973,2,4,3,2010,15,20,12,1,0,2,1,1,1,2,2,3,0,8,1,,,
201027202038,2,1,2,24,1,16.671,2,4,5,2010,20,56,12,6,0,2,1,1,1,1,2,3,0,8,1,,,
201027202059,4,1,7,24,1,295.614,2,4,7,2010,6,40,14,0,0,1,3,1,0,0,2,3,1,1,,,,
201027202078,3,1,3,25,1,12.07,2,4,6,2010,20,56,12,1,0,2,3,1,2,1,2,3,0,8,1,,,
201027202082,3,1,3,25,1,12.07,1,4,7,2010,14,36,21,0,0,2,1,10,3,1,2,3,0,8,1,,,
201027202084,3,1,3,25,1,12.07,1,4,7,2010,23,45,22,0,0,1,3,1,2,1,2,3,0,8,1,,,
201027202086,2,1,3,25,1,12.07,2,4,6,2010,4,5,12,7,0,2,3,2,0,0,2,3,0,8,1,,,
201027202087,6,1,3,25,1,132.772,2,4,1,2010,22,0,12,6,0,2,3,2,0,0,2,3,0,8,1,,,
201027202089,4,1,3,25,1,289.685,2,4,1,2010,18,15,12,7,0,2,1,1,0,0,2,3,0,8,1,,,
201027202101,4,1,14,25,1,321.278,2,4,4,2010,13,55,12,6,0,2,1,1,0,0,2,3,0,3,1,,,
201027202104,4,1,14,25,1,321.278,2,4,4,2010,16,7,14,0,0,1,1,1,0,0,2,3,1,1,,,,
201027202122,3,1,1,25,1,12.07,1,4,5,2010,11,0,22,0,0,1,1,1,2,2,2,3,0,1,1,,,
201027202125,3,1,1,25,1,12.07,1,4,4,2010,10,45,21,0,0,1,1,1,2,1,1,3,0,1,1,,,
201027202135,4,1,1,25,1,289.685,2,4,4,2010,13,40,12,7,0,1,1,1,0,0,2,3,0,1,1,,,
201027202145,4,1,6,25,1,284.295,2,4,6,2010,14,52,12,7,0,2,1,1,0,0,2,3,0,8,1,,,
201027202152,4,1,6,25,1,284.295,2,4,6,2010,23,10,12,1,0,2,3,2,0,0,2,3,0,8,1,,,
201027202158,4,1,7,25,1,316.207,2,4,2,2010,21,33,12,7,0,1,3,1,0,0,2,3,0,1,1,,,
201027202159,4,1,14,25,1,321.278,2,4,3,2010,18,29,12,1,0,2,1,1,1,1,2,3,0,8,1,,,
201027202161,5,1,14,25,1,107.093,1,4,3,2010,21,55,1,0,0,1,3,1,1,1,2,3,0,1,1,,,
201027202163,4,1,14,25,1,321.278,2,4,3,2010,20,35,12,1,0,2,3,1,0,0,2,3,0,8,1,,,
201027202166,4,1,12,24,1,279.812,2,4,2,2010,7,15,12,7,0,2,1,1,0,0,2,3,0,8,1,,,
201027202173,4,1,2,24,1,300.079,2,4,4,2010,4,25,14,0,0,1,3,1,0,0,1,3,1,1,,,,
201027202196,6,1,1,24,1,133.766,4,4,3,2010,16,38,12,1,0,1,1,1,0,0,2,3,2,1,1,,,
201027202202,4,1,9,24,1,284.461,2,4,6,2010,7,0,12,6,0,2,1,1,0,0,2,3,0,8,1,,,
201027202213,4,1,9,24,1,284.461,2,4,6,2010,12,30,12,6,0,2,1,10,0,0,2,3,0,8,1,,,
201027202218,5,1,9,24,1,56.892,2,4,6,2010,21,30,12,6,0,2,3,2,1,1,2,3,0,8,1,,,
201027202228,4,1,9,24,1,284.461,2,4,6,2010,14,0,12,2,0,1,1,10,0,0,2,3,0,1,1,,,
201027202236,6,1,9,24,1,142.23,2,4,7,2010,12,28,12,6,0,2,1,1,1,3,2,3,0,8,1,,,
201027202242,4,1,12,24,1,279.812,2,4,6,2010,19,0,12,7,0,2,1,1,0,0,2,3,0,8,1,,,
201027202249,5,1,12,24,1,39.973,2,4,7,2010,20,40,12,2,0,2,3,1,1,1,2,3,0,2,1,,,
201027202250,4,1,12,24,1,279.812,2,4,1,2010,11,30,12,1,0,1,1,2,0,0,2,3,0,1,1,,,
201027202258,4,1,12,24,1,279.812,2,4,7,2010,11,45,12,6,0,2,1,1,0,0,2,3,0,8,1,,,
201027202259,6,1,12,24,1,119.919,3,4,7,2010,0,20,12,1,0,2,3,1,2,1,2,3,0,2,1,,,
201027202264,1,1,12,24,1,39.973,6,4,7,2010,6,15,12,6,0,2,1,1,3,3,2,3,4,8,1,,,
201027202268,4,1,12,24,1,279.812,1,4,1,2010,3,0,25,0,0,1,6,2,0,0,2,3,0,1,3,,,
201027202269,3,1,12,24,1,39.973,1,4,1,2010,21,45,21,0,0,2,3,10,2,1,2,3,0,8,1,,,
201027202274,5,1,7,24,1,52.167,2,4,5,2010,9,15,12,6,0,4,1,1,2,2,2,3,0,1,1,,,
201027202275,6,1,7,24,1,121.723,3,4,5,2010,10,30,12,1,0,1,1,1,0,0,2,3,0,1,1,,,
201027202281,2,1,1,24,1,8.36,2,4,2,2010,12,0,12,6,0,2,1,2,1,2,2,3,0,8,1,,,
201027202294,4,1,1,24,1,292.614,2,4,2,2010,13,26,12,1,0,2,1,2,0,0,2,3,0,8,,,,
201027202308,5,1,5,24,1,51.306,2,4,5,2010,15,20,12,6,0,2,1,10,5,3,2,3,0,8,1,,,
201027202323,4,1,5,24,1,290.735,2,4,4,2010,22,15,14,0,0,1,3,1,0,0,2,3,1,1,,,,
201027202334,4,1,7,25,1,316.207,2,4,1,2010,15,15,12,7,0,1,1,1,0,0,2,3,0,1,1,,,
201027202361,4,1,14,25,1,321.278,2,4,2,2010,14,45,14,0,0,1,1,2,0,0,2,3,1,1,7,,,
201027202382,4,1,14,25,1,321.278,1,4,6,2010,16,0,22,0,0,2,1,1,1,1,2,3,0,8,1,,,
201027202385,4,1,14,25,1,321.278,1,5,7,2010,0,1,71,0,0,1,3,1,0,0,2,3,0,1,1,,,
201027202388,4,1,14,25,1,321.278,2,5,7,2010,14,50,14,0,0,1,1,1,1,1,2,3,1,1,6,,,