CASENUM,STRATUM,REGION,PJ,PSU,PSUSTRAT,WEIGHT,VE_TOTAL,MONTH,WKDY_IM,YEAR,HOUR_IM,MINUTE_IM,EVENT1_IM,MANCOL_IM,RELJCT1_IM,RELJCT2_IM,LGTCON_IM,WEATHR_IM,MAXSEV_IM,NO_INJ_IM,ALCHL_IM,LAND_USE,PVH_INVL,TYP_INT,REL_ROAD,CF1,CF2,CF3
201027305395,5,1,1,26,2,59.415,2,10,7,2010,11,57,12,1,0,1,1,1,1,1,2,3,0,1,1,,,
201027305430,4,1,1,26,2,297.073,2,10,6,2010,0,29,12,6,0,2,3,10,0,0,2,3,0,2,1,,,
201027305435,1,1,13,26,2,33.327,3,10,6,2010,7,10,12,1,0,1,1,1,3,3,2,1,0,1,1,,,
201027305437,6,1,13,26,2,133.307,3,10,7,2010,14,45,12,1,0,2,1,2,0,0,2,1,0,2,1,,,
201027305448,3,1,2,26,2,16.976,1,10,5,2010,19,30,21,0,0,1,2,2,3,1,2,3,0,1,1,,,
201027305450,1,1,2,26,2,4.244,1,10,6,2010,4,49,75,0,0,1,3,10,3,1,2,3,0,1,4,,,
201027305468,2,1,7,26,2,15.802,4,10,7,2010,15,25,12,6,0,4,1,2,2,1,2,3,0,1,1,,,
201027305472,4,1,7,26,2,300.242,1,10,6,2010,19,20,24,0,0,1,3,1,0,0,2,3,0,1,1,,,
201027305474,6,1,7,26,2,126.418,2,10,6,2010,15,13,12,6,0,4,1,1,1,2,2,3,0,1,1,,,
201027305483,1,1,7,26,2,15.802,1,10,7,2010,1,48,58,0,0,2,3,1,3,1,1,3,0,3,1,,,
201027305486,3,1,7,26,2,15.802,1,10,7,2010,15,16,59,0,0,4,1,1,3,1,2,3,0,1,4,,,
201027305496,4,1,3,26,2,291.571,1,10,5,2010,22,4,24,0,0,1,3,10,0,0,2,3,0,1,1,,,
201027305502,6,1,3,26,2,133.29,1,10,6,2010,21,26,32,0,0,4,3,1,0,0,2,3,0,1,4,,,
201027305532,5,1,2,26,2,59.415,2,11,2,2010,13,51,12,2,0,4,1,10,2,2,2,3,0,1,1,,,
201027305542,6,1,7,26,2,126.418,1,10,6,2010,5,57,24,0,0,1,3,10,0,0,2,3,0,1,1,,,
201027305638,6,1,1,26,2,131.561,2,11,2,2010,17,30,12,1,0,2,1,1,0,0,2,3,0,8,1,,,
201027305647,1,1,9,26,2,12.508,1,10,6,2010,10,47,30,0,0,1,1,10,3,1,2,1,0,1,5,,,
201027305652,6,1,9,26,2,125.083,2,11,4,2010,10,46,12,2,0,4,1,1,0,0,2,1,0,1,1,,,
201027305658,4,1,13,26,2,299.94,2,10,6,2010,16,10,12,1,0,1,1,1,0,0,2,1,0,1,1,,,
201027305661,2,1,13,26,2,33.327,2,11,2,2010,21,17,12,1,0,2,3,1,1,2,1,1,0,3,1,,,
201027305679,1,1,1,26,2,4.244,1,11,5,2010,12,54,74,0,1,5,1,2,3,1,2,3,0,1,4,,,
201027305699,6,1,2,26,2,131.561,2,11,3,2010,13,14,12,6,0,2,1,1,0,0,2,3,0,8,1,,,
201027305701,1,1,2,26,2,4.244,1,11,3,2010,20,58,42,0,0,1,2,1,3,2,2,3,0,1,4,,,
201027305734,4,1,7,26,2,300.242,1,11,5,2010,21,52,24,0,0,1,3,2,0,0,2,3,0,1,1,,,
201027305757,2,1,3,26,2,8.331,2,11,5,2010,11,2,12,6,0,2,1,2,0,0,2,3,0,8,1,,,
201027305767,6,1,3,26,2,133.29,2,11,1,2010,16,6,12,6,0,2,1,1,0,0,2,3,0,2,1,,,
201027305774,5,1,1,26,2,59.415,3,11,6,2010,19,57,12,2,0,2,2,10,1,2,2,3,0,2,1,,,
201027305805,6,1,1,26,2,131.561,3,11,3,2010,17,39,12,1,0,2,3,1,1,2,2,3,0,8,1,,,
201027305818,4,1,1,26,2,297.073,2,11,4,2010,17,50,12,1,1,5,2,1,0,0,2,3,0,1,1,,,
201027305835,3,1,9,26,2,12.508,1,11,3,2010,7,15,21,0,0,4,4,1,2,1,2,1,0,1,1,,,
201027305838,5,1,13,26,2,66.653,2,10,3,2010,8,58,12,2,0,1,1,10,3,2,2,1,0,1,1,,,
201027305841,6,1,13,26,2,133.307,1,11,6,2010,6,35,24,0,0,1,2,2,0,0,2,1,0,1,1,,,
201027305854,1,1,2,26,2,4.244,2,11,1,2010,18,36,24,0,0,1,2,1,3,1,2,3,0,1,1,,,
201027305871,3,1,7,26,2,15.802,2,11,7,2010,10,56,12,6,0,2,1,1,3,1,2,3,0,2,1,,,
201027305872,6,1,7,26,2,126.418,1,11,1,2010,6,36,24,0,0,1,4,10,0,0,2,3,0,1,1,,,
201027305888,4,1,7,26,2,300.242,1,11,2,2010,6,26,24,0,0,1,1,1,0,0,2,3,0,1,1,,,
201027305898,4,1,3,26,2,291.571,2,11,3,2010,17,52,12,6,0,2,3,10,0,0,2,3,0,8,1,,,
201027305908,2,1,3,26,2,8.331,2,11,6,2010,7,5,12,1,0,2,4,1,2,1,2,3,0,8,1,,,
201027305922,6,1,13,26,2,133.307,2,11,6,2010,22,25,12,1,0,2,3,5,0,0,2,1,0,4,1,,,
201027305923,4,1,13,26,2,299.94,1,11,2,2010,17,40,24,0,0,1,2,1,0,0,2,1,0,1,1,,,
201027305934,3,1,1,26,2,16.976,1,11,5,2010,18,4,21,0,0,2,3,2,2,1,2,3,0,3,1,,,
201027305987,2,1,13,26,2,33.327,2,11,2,2010,17,0,12,6,0,1,3,2,2,1,2,1,0,1,1,,,
201027306016,6,1,1,26,2,131.561,2,11,7,2010,18,6,12,1,0,4,3,1,0,0,2,3,0,1,1,,,
201027306030,5,1,1,26,2,59.415,2,11,3,2010,8,43,12,1,0,1,1,10,1,1,2,3,0,1,1,,,
201027306039,1,1,9,26,2,12.508,1,11,7,2010,23,12,42,0,0,1,3,1,2,1,1,1,0,1,,,,
201027306058,6,1,2,26,2,131.561,1,11,1,2010,1,27,31,0,0,1,2,1,0,0,2,3,0,1,5,,,
201027306072,2,1,2,26,2,4.244,2,11,4,2010,19,27,12,6,0,4,3,10,1,2,2,3,0,1,1,,,
201027306083,4,1,2,26,2,297.073,1,11,6,2010,18,30,42,0,0,1,2,4,2,1,2,3,0,1,,,,
201027306089,5,1,2,26,2,59.415,1,11,7,2010,12,19,34,0,0,1,1,10,2,1,2,3,0,1,4,,,
201027306096,1,1,2,26,2,4.244,1,11,1,2010,9,46,42,0,0,1,1,10,4,1,2,3,0,1,4,,,
201027306111,1,1,7,26,2,15.802,2,11,6,2010,13,20,12,2,0,1,1,4,3,3,2,3,0,1,1,,,
201027306119,6,1,7,26,2,126.418,2,11,1,2010,19,24,12,6,0,4,3,10,0,0,2,3,0,1,1,,,
201027306121,4,1,7,26,2,300.242,1,11,2,2010,20,45,24,0,0,1,2,2,0,0,2,3,0,1,1,,,
201027306138,5,1,7,26,2,63.209,1,11,6,2010,18,54,30,0,0,1,3,4,1,1,2,3,0,1,4,,,
201027306159,2,1,3,26,2,8.331,2,11,2,2010,14,52,12,6,0,2,1,2,1,1,2,3,0,8,1,,,
201027306166,6,1,3,26,2,133.29,2,11,4,2010,19,32,12,6,0,1,3,10,0,0,1,3,0,1,1,,,
201027306179,5,1,3,26,2,58.314,2,11,1,2010,10,45,12,1,0,1,1,10,1,1,2,3,0,1,1,,,
201027306184,1,1,3,26,2,8.331,2,11,2,2010,17,37,12,6,0,4,3,10,3,2,2,3,0,1,1,,,
201027306189,4,1,9,26,2,300.2,2,11,2,2010,15,35,12,1,0,1,1,1,0,0,2,1,0,1,1,,,
201027306196,1,1,9,26,2,12.508,5,12,5,2010,16,38,12,8,0,1,5,4,3,3,2,1,0,1,1,,,
201027306198,6,1,13,26,2,133.307,2,12,6,2010,22,23,12,6,0,4,2,4,0,0,2,1,0,1,1,,,
201027306201,4,1,13,26,2,299.94,1,11,2,2010,5,36,24,0,0,1,3,1,0,0,2,1,0,1,1,,,
201027306209,6,1,13,26,2,133.307,1,12,5,2010,14,50,48,0,0,1,1,4,0,0,2,1,0,1,4,,,
201027306210,5,1,13,26,2,66.653,2,12,6,2010,12,0,12,6,0,4,1,10,1,1,2,1,0,1,1,,,
201027306226,6,1,2,26,2,131.561,1,12,4,2010,7,43,34,0,0,1,1,4,0,0,2,3,0,1,5,,,
201027306236,2,1,2,26,2,4.244,2,12,6,2010,20,35,12,6,0,1,3,4,0,0,2,3,0,1,1,,,
201027306244,1,1,2,26,2,4.244,1,12,1,2010,2,40,1,0,0,2,2,1,3,1,2,3,0,2,5,,,
201027306256,2,1,2,26,2,4.244,2,12,2,2010,16,0,12,6,0,1,5,1,0,0,2,3,0,1,1,,,
201027306261,6,1,7,26,2,126.418,2,12,4,2010,15,8,12,6,0,2,1,4,0,0,1,3,0,8,1,,,
201027306262,4,1,7,26,2,300.242,2,12,5,2010,12,19,12,6,0,2,1,4,0,0,1,3,0,8,1,,,
201027306281,4,1,3,26,2,291.571,2,12,4,2010,14,52,12,1,0,2,1,4,0,0,2,3,0,8,1,,,
201027306328,1,1,1,26,2,4.244,1,11,7,2010,20,32,42,0,0,1,2,1,3,1,2,3,0,1,5,,,
201027306348,4,1,1,26,2,297.073,2,11,2,2010,17,12,12,6,0,4,3,10,0,0,2,3,0,1,1,,,
201027306373,6,1,1,26,2,131.561,1,12,5,2010,11,45,74,0,1,5,1,1,0,0,2,3,0,1,4,,,
201027306408,4,1,13,26,2,299.94,2,12,2,2010,11,30,12,1,0,2,1,4,0,0,2,1,0,2,1,,,
201027306411,5,1,13,26,2,66.653,2,12,4,2010,10,0,12,6,0,2,1,1,1,1,2,1,0,8,1,,,
201027306442,6,1,1,26,2,131.561,4,12,4,2010,17,25,12,1,0,2,3,1,1,1,2,3,0,8,1,,,
201027306487,6,1,7,26,2,126.418,1,12,1,2010,15,24,42,0,0,2,1,2,0,0,2,3,0,3,4,,,
201027306505,4,1,7,26,2,300.242,1,12,4,2010,19,17,24,0,0,1,3,10,0,0,2,3,0,1,1,,,
201027306509,2,1,3,26,2,8.331,2,12,4,2010,21,23,12,6,0,2,3,1,1,2,2,3,0,4,1,,,
201027306510,6,1,3,26,2,133.29,1,12,5,2010,11,48,74,0,0,1,1,1,0,0,2,3,0,1,4,,,
201027306512,3,1,3,26,2,16.661,1,12,5,2010,15,34,21,0,0,4,1,1,2,1,2,3,0,1,1,,,
201027306521,5,1,3,26,2,58.314,1,12,2,2010,21,49,34,0,0,1,3,4,1,1,2,3,0,1,5,,,
201027306575,6,1,1,26,2,131.561,2,12,4,2010,18,20,12,1,0,2,3,1,0,0,2,3,0,8,1,,,
201027306579,4,1,1,26,2,297.073,2,12,5,2010,10,21,12,6,0,2,1,1,0,0,2,3,0,8,1,,,
201027306583,6,1,9,26,2,125.083,2,12,5,2010,7,17,12,1,0,2,1,1,0,0,2,1,0,8,1,,,
201027306594,6,1,13,26,2,133.307,1,12,3,2010,11,55,74,0,0,1,1,4,0,0,2,1,0,1,4,,,
201027306598,6,1,13,26,2,133.307,2,12,7,2010,14,25,12,2,0,4,1,10,0,0,2,1,0,1,1,,,
201027306613,1,1,2,26,2,4.244,1,12,2,2010,3,30,42,0,0,1,3,4,3,1,1,3,0,1,4,,,
201027306625,6,1,2,26,2,131.561,2,12,5,2010,15,52,12,6,0,2,1,1,0,0,2,3,0,8,1,,,
201027306630,1,1,2,26,2,4.244,2,12,3,2010,14,54,12,8,0,1,1,10,3,2,2,3,0,1,1,,,
201027306638,5,1,7,26,2,63.209,2,12,7,2010,15,37,12,2,0,2,1,1,1,1,2,3,0,3,1,,,
201027306646,4,1,3,26,2,291.571,1,12,3,2010,21,14,74,0,0,1,3,1,0,0,2,3,0,1,3,,,
201027306674,6,1,3,26,2,133.29,2,12,2,2010,18,29,12,2,0,4,3,4,0,0,2,3,0,1,1,,,
201027306691,1,1,1,26,2,4.244,2,12,2,2010,16,13,12,6,0,4,1,1,3,2,2,3,0,1,1,,,
201027306709,5,1,1,26,2,59.415,2,12,3,2010,9,48,25,0,1,5,1,1,2,2,2,3,0,1,3,,,
201027306733,6,1,13,26,2,133.307,2,12,4,2010,17,50,12,6,0,1,3,10,0,0,2,1,0,1,1,,,
201027306773,6,1,7,26,2,126.418,2,12,6,2010,21,12,14,0,0,1,3,10,0,0,2,3,1,1,4,,,
201027306788,5,1,3,26,2,58.314,2,12,3,2010,20,39,12,6,0,2,3,10,2,2,2,3,0,8,1,,,
201027306809,1,1,2,26,2,4.244,1,12,2,2010,4,48,30,0,0,1,3,10,3,1,1,3,0,1,4,,,
201027306856,4,1,7,26,2,300.242,2,12,6,2010,17,14,12,6,0,2,3,10,0,0,2,3,0,2,1,,,
201027306858,6,1,7,26,2,126.418,2,12,5,2010,18,4,14,0,0,1,3,10,0,0,2,3,1,1,4,,,
201027306907,2,1,3,26,2,8.331,2,12,5,2010,19,41,12,6,0,2,3,4,0,0,2,3,0,8,1,,,
201027306959,4,1,13,26,2,299.94,2,12,6,2010,15,20,12,1,0,1,1,10,1,1,2,1,0,1,1,,,
201027306966,6,1,13,26,2,133.307,1,12,3,2010,17,18,24,0,0,1,5,10,0,0,2,1,0,1,1,,,
201027306979,6,1,1,26,2,131.561,1,12,2,2010,5,10,42,0,0,1,2,4,0,0,1,3,0,1,4,,,
201027307000,2,1,1,26,2,4.244,2,12,4,2010,13,6,48,0,1,5,1,10,2,2,2,3,0,1,4,,,
201027307071,6,1,3,26,2,133.29,1,12,6,2010,4,32,21,0,0,1,3,10,4,1,2,3,0,1,1,,,
201027307072,1,1,3,26,2,8.331,3,12,2,2010,18,18,14,0,0,1,3,10,3,1,1,3,2,1,7,,,
201027400372,3,3,1,27,8,18.158,2,1,7,2010,12,47,14,0,0,2,1,1,3,1,2,3,1,2,7,,,
201027400384,2,3,1,27,8,9.079,2,1,2,2010,7,43,12,6,0,2,4,1,1,1,2,3,0,2,1,,,
201027400386,2,3,1,27,8,9.079,1,1,2,2010,9,0,33,0,0,1,1,1,2,1,2,3,0,1,4,,,
201027400403,4,3,1,27,8,290.528,2,1,3,2010,14,55,12,6,0,2,1,1,0,0,2,3,0,3,1,,,
201027400417,6,3,1,27,8,127.106,1,1,5,2010,15,0,42,0,0,1,1,1,0,0,2,3,0,1,4,,,
201027400421,5,3,1,27,8,54.474,2,1,5,2010,18,1,12,6,0,2,3,1,1,2,2,3,0,2,1,,,
201027400447,1,3,1,27,8,9.079,4,1,1,2010,2,24,14,0,0,1,3,1,3,1,1,3,3,1,7,,,
201027400450,2,3,1,27,8,9.079,1,1,2,2010,11,54,42,0,0,1,1,1,3,1,2,3,0,1,4,,,
201027400457,3,3,1,27,8,18.158,1,1,3,2010,18,13,21,0,0,2,5,1,3,1,2,3,0,2,1,,,
201027400459,4,3,1,27,8,290.528,2,1,4,2010,6,47,12,6,0,2,4,1,0,0,2,3,0,2,1,,,
201027400491,6,3,1,27,8,127.106,3,1,7,2010,11,40,12,1,0,2,1,1,0,0,2,3,0,3,1,,,
201027400492,1,3,1,27,8,9.079,2,1,7,2010,12,22,12,6,0,2,1,1,3,2,2,3,0,5,1,,,
201027400494,3,3,1,27,8,18.158,2,1,7,2010,15,0,12,6,0,2,1,1,2,1,2,3,0,2,1,,,
201027400496,2,3,1,27,8,9.079,1,1,7,2010,21,10,19,0,0,2,3,1,0,0,2,3,0,3,5,,,
201027400508,4,3,1,27,8,290.528,2,1,1,2010,15,24,12,6,0,2,1,2,0,0,2,3,0,3,1,,,
201027400535,5,3,1,27,8,54.474,3,1,4,2010,15,15,12,6,0,2,1,1,1,2,2,3,0,2,1,,,
201027400550,4,3,1,27,8,290.528,2,1,6,2010,8,50,12,6,0,2,1,2,1,1,2,3,0,2,1,,,
201027400555,2,3,1,27,8,9.079,2,1,6,2010,14,10,12,6,0,2,1,8,0,0,2,3,0,2,1,,,
201027400567,3,3,1,27,8,18.158,2,1,1,2010,9,30,12,6,0,2,1,1,3,2,2,3,0,3,1,,,
201027400581,1,3,1,27,8,9.079,1,1,3,2010,17,37,59,0,0,1,3,1,3,1,2,3,0,1,4,,,
201027400589,3,3,1,27,8,18.158,2,1,4,2010,1,57,12,6,0,1,3,1,2,2,2,3,0,1,1,,,
201027400590,6,3,1,27,8,127.106,1,1,4,2010,9,28,33,0,0,2,1,1,0,0,2,3,0,2,4,,,
201027400594,4,3,1,27,8,290.528,2,1,4,2010,16,38,12,1,0,2,1,1,1,1,2,3,0,2,1,,,
201027400603,6,3,3,27,8,127.106,2,1,3,2010,8,10,12,1,0,1,1,1,0,0,2,8,0,1,1,,,
201027400604,2,3,3,27,8,9.079,1,1,4,2010,11,15,25,0,0,1,1,1,0,0,2,8,0,1,3,,,
201027400608,5,3,3,27,8,54.474,3,1,5,2010,17,40,12,1,0,1,3,1,2,1,1,8,0,1,1,,,
201027400627,4,3,3,27,8,290.528,3,1,3,2010,8,42,12,1,0,1,1,1,1,1,2,8,0,1,1,,,
201027400633,2,3,3,27,8,9.079,2,1,5,2010,16,45,12,6,0,1,1,1,0,0,2,8,0,1,1,,,
201027400638,1,3,3,27,8,9.079,1,1,7,2010,21,35,25,0,0,1,2,1,3,1,2,8,0,1,3,,,
201027400649,1,3,4,27,8,9.079,1,1,4,2010,13,50,59,0,0,1,1,1,3,1,2,8,0,1,5,,,
201027400653,5,3,4,27,8,54.474,4,1,6,2010,7,33,12,6,1,5,1,1,2,1,2,8,0,1,1,,,
201027400659,2,3,4,27,8,9.079,4,1,1,2010,18,54,12,2,0,1,2,1,3,2,2,8,0,1,1,,,
201027400660,2,3,4,27,8,9.079,2,1,2,2010,9,10,12,1,0,1,1,1,1,1,2,8,0,1,1,,,
201027400662,4,3,4,27,8,290.528,2,1,4,2010,18,28,12,6,0,1,3,1,0,0,2,8,0,1,1,,,
201027400664,6,3,4,27,8,127.106,3,1,4,2010,22,0,74,0,0,1,2,2,2,1,2,8,0,1,3,,,
201027400681,3,3,1,27,8,18.158,1,1,4,2010,10,0,38,0,0,4,1,1,3,1,2,3,0,1,5,,,
201027400687,2,3,1,27,8,9.079,2,1,5,2010,12,34,12,6,0,2,1,1,1,1,2,3,0,2,1,,,
201027400701,1,3,1,27,8,9.079,1,1,7,2010,0,20,30,0,0,1,3,1,4,1,2,3,0,1,4,,,
201027400702,3,3,1,27,8,18.158,3,1,7,2010,0,45,12,6,0,2,3,1,3,1,1,3,1,3,1,,,
201027400707,2,3,1,27,8,9.079,1,1,7,2010,13,50,53,0,0,1,1,4,3,1,2,3,0,1,4,,,
201027400718,4,3,1,27,8,290.528,2,1,1,2010,17,35,12,6,0,1,1,4,1,1,2,3,0,1,1,,,
201027400735,6,3,1,27,8,127.106,1,2,3,2010,12,15,42,0,0,1,1,1,1,1,2,3,0,1,4,,,
201027400752,5,3,1,27,8,54.474,3,2,5,2010,9,18,12,1,0,1,1,1,1,1,2,3,0,1,1,,,
201027400757,1,3,1,27,8,9.079,1,2,5,2010,11,26,30,0,0,1,1,1,4,1,2,3,0,1,4,,,
201027400763,4,3,1,27,8,290.528,2,2,6,2010,8,20,12,1,0,4,1,1,0,0,2,3,0,1,1,,,
201027400767,3,3,1,27,8,18.158,1,2,6,2010,11,47,21,0,0,2,1,2,2,1,1,3,0,2,1,,,
201027400795,6,3,1,27,8,127.106,1,2,1,2010,8,36,30,0,0,1,1,1,0,0,2,3,0,1,4,,,
201027400810,1,3,1,27,8,9.079,2,2,2,2010,16,40,12,6,0,2,1,1,3,2,2,3,0,2,1,,,
201027400813,5,3,1,27,8,54.474,2,2,3,2010,8,50,12,6,0,2,1,1,1,1,2,3,0,2,1,,,
201027400817,4,3,1,27,8,290.528,2,2,4,2010,7,8,12,2,0,1,1,4,0,0,2,3,0,1,1,,,
201027400826,2,3,1,27,8,9.079,3,2,4,2010,8,10,12,6,0,1,1,4,3,1,2,3,0,1,1,,,
201027400846,3,3,1,27,8,18.158,1,2,5,2010,15,43,21,0,0,2,1,1,2,1,2,3,0,8,1,,,
201027400861,6,3,1,27,8,127.106,2,2,7,2010,2,49,12,6,0,2,3,4,0,0,2,3,0,2,1,,,
201027400868,5,3,1,27,8,54.474,2,2,1,2010,10,27,12,6,0,2,1,1,2,1,2,3,0,2,1,,,
201027400870,4,3,1,27,8,290.528,2,2,2,2010,13,20,12,1,0,2,1,2,0,0,2,3,0,8,1,,,
201027400893,4,3,2,27,8,290.528,3,1,7,2010,13,15,41,0,0,2,1,1,1,1,2,8,2,3,4,,,
201027400902,3,3,2,27,8,18.158,1,1,2,2010,4,1,21,0,0,1,2,1,2,1,2,8,0,1,1,,,
201027400907,2,3,2,27,8,9.079,2,1,3,2010,17,32,12,1,0,2,2,1,1,1,2,8,0,3,1,,,
201027400926,6,3,3,27,8,127.106,1,1,7,2010,4,30,74,0,1,5,2,4,0,0,1,8,0,1,4,,,
201027400929,2,3,3,27,8,9.079,3,1,7,2010,6,50,12,6,0,1,4,4,0,0,2,8,0,1,1,,,
201027400934,2,3,3,27,8,9.079,2,1,7,2010,11,5,12,6,0,1,1,4,0,0,2,8,0,1,1,,,
201027400939,5,3,3,27,8,54.474,1,2,2,2010,12,20,1,0,0,1,1,1,1,1,2,8,0,1,4,,,
201027400942,2,3,3,27,8,9.079,3,2,3,2010,23,35,48,0,0,1,2,3,0,0,2,8,0,1,1,,,
201027400956,2,3,3,27,8,9.079,2,2,2,2010,13,20,12,7,0,1,1,1,0,0,2,8,0,1,1,,,
201027400957,2,3,3,27,8,9.079,2,2,2,2010,13,45,12,1,0,1,1,1,1,1,2,8,0,1,1,,,
201027400967,3,3,4,27,8,18.158,2,1,5,2010,19,15,12,7,0,1,3,1,3,1,2,8,0,1,1,,,
201027400991,6,3,4,27,8,127.106,1,2,6,2010,17,15,74,0,0,1,5,4,0,0,2,8,0,1,3,,,
201027400993,2,3,4,27,8,9.079,2,2,7,2010,15,42,12,6,0,1,1,4,0,0,2,8,0,1,1,,,
201027401002,5,3,4,27,8,54.474,3,2,2,2010,8,58,12,1,0,1,1,1,1,1,2,8,0,1,1,,,
201027401003,3,3,4,27,8,18.158,3,2,2,2010,16,21,12,1,0,1,1,1,3,2,2,8,0,1,1,,,
201027401013,2,3,2,27,8,9.079,2,1,4,2010,14,7,12,1,0,2,1,1,1,1,2,8,0,2,1,,,
201027401015,6,3,2,27,8,127.106,2,1,4,2010,15,53,12,6,0,4,1,1,0,0,2,8,0,1,1,,,
201027401026,2,3,2,27,8,9.079,3,1,5,2010,8,5,12,6,0,4,1,1,2,2,2,8,0,1,1,,,
201027401038,2,3,4,27,8,9.079,2,1,2,2010,9,12,12,6,0,1,1,1,4,1,2,8,0,1,1,,,
201027401042,1,3,2,27,8,9.079,1,1,7,2010,23,48,42,0,0,1,2,1,4,2,1,8,0,1,4,,,
201027401044,1,3,2,27,8,9.079,2,1,2,2010,11,36,12,6,0,2,1,1,3,2,2,8,0,2,1,,,
201027401048,5,3,2,27,8,54.474,2,1,2,2010,16,1,12,6,0,2,1,1,1,1,2,8,0,3,1,,,
201027401051,4,3,2,27,8,290.528,2,1,5,2010,8,0,12,6,0,1,1,1,0,0,2,8,0,1,1,,,
201027401063,2,3,2,27,8,9.079,2,1,6,2010,13,56,12,6,0,2,1,1,1,1,2,8,0,7,1,,,
201027401077,3,3,2,27,8,18.158,3,1,7,2010,13,8,12,1,0,2,1,1,2,2,2,8,0,3,1,,,
201027401094,4,3,2,27,8,290.528,2,1,2,2010,14,50,12,6,0,2,1,1,0,0,2,8,0,3,1,,,
201027401097,6,3,2,27,8,127.106,2,1,2,2010,16,20,12,6,0,2,1,1,0,0,2,8,0,3,1,,,
201027401101,2,3,2,27,8,9.079,2,1,2,2010,18,36,12,6,0,4,2,1,3,1,2,8,0,1,1,,,
201027401106,3,3,2,27,8,18.158,2,1,3,2010,11,32,14,0,0,1,1,1,3,1,2,8,1,1,4,,,
201027401129,1,3,2,27,8,9.079,3,1,4,2010,18,28,12,6,0,2,1,1,3,1,1,8,0,2,1,,,
201027401148,6,3,2,27,8,127.106,3,1,5,2010,20,37,12,1,0,2,2,1,1,2,2,8,0,10,1,,,
201027401158,4,3,2,27,8,290.528,2,1,6,2010,17,17,12,6,0,2,5,1,0,0,2,8,0,2,1,,,
201027401159,5,3,2,27,8,54.474,2,1,6,2010,17,25,12,6,0,2,2,1,2,2,2,8,0,2,1,,,
201027401168,3,3,2,27,8,18.158,2,1,7,2010,19,35,12,1,0,2,2,1,2,1,2,8,0,2,1,,,
201027401183,1,3,2,27,8,9.079,2,1,1,2010,22,35,12,2,0,2,2,8,3,2,2,8,0,10,1,,,
201027401187,6,3,2,27,8,127.106,1,1,2,2010,12,55,7,0,0,2,1,1,0,0,2,8,0,2,1,,,
201027401199,1,3,2,27,8,9.079,2,1,3,2010,7,37,12,6,0,2,1,1,3,2,2,8,0,3,1,,,
201027401200,2,3,2,27,8,9.079,2,1,3,2010,10,12,12,6,0,2,1,1,1,1,2,8,0,2,1,,,
201027401202,3,3,2,27,8,18.158,2,1,3,2010,14,57,12,6,0,1,1,1,2,1,1,8,0,1,1,,,
201027401212,3,3,2,27,8,18.158,4,1,4,2010,17,0,12,1,0,2,5,2,2,1,2,8,0,3,1,,,
201027401221,4,3,2,27,8,290.528,2,1,5,2010,17,9,12,1,0,2,5,2,1,1,2,8,0,2,1,,,
201027401258,6,3,2,27,8,127.106,1,1,1,2010,2,0,1,0,0,1,2,1,0,0,2,8,0,1,4,,,
201027401264,4,3,2,27,8,290.528,1,1,2,2010,13,0,43,0,0,1,1,1,0,0,2,8,0,1,5,,,
201027401267,1,3,2,27,8,9.079,3,1,2,2010,14,49,12,6,0,4,1,1,4,3,2,8,0,1,1,,,
201027401274,3,3,2,27,8,18.158,1,1,4,2010,8,23,21,0,0,2,1,1,2,1,2,8,0,2,1,,,
201027401285,1,3,2,27,8,9.079,2,1,6,2010,0,41,12,6,0,1,2,2,3,1,1,8,0,1,1,,,
201027401290,2,3,2,27,8,9.079,2,1,3,2010,1,37,12,6,0,2,2,1,0,0,2,8,0,2,1,,,
201027401296,5,3,2,27,8,54.474,2,1,3,2010,17,27,12,6,0,4,1,1,3,1,2,8,0,1,1,,,
201027401302,3,3,2,27,8,18.158,1,1,5,2010,5,10,21,0,0,2,2,1,3,1,2,8,0,3,1,,,
201027401316,4,3,2,27,8,290.528,2,1,6,2010,11,0,12,6,0,2,1,1,0,0,2,8,0,2,1,,,
201027401330,6,3,2,27,8,127.106,1,1,7,2010,6,0,34,0,0,5,4,4,0,0,2,8,0,4,4,,,
201027401357,4,3,2,27,8,290.528,3,2,2,2010,8,19,12,6,0,2,1,1,0,0,2,8,0,2,1,,,
201027401390,6,3,2,27,8,127.106,1,2,5,2010,5,59,34,0,0,1,2,4,0,0,2,8,0,1,4,,,
201027401397,3,3,2,27,8,18.158,1,2,6,2010,8,30,31,0,0,2,1,1,2,1,2,8,0,3,5,,,
201027401404,5,3,2,27,8,54.474,2,2,6,2010,12,0,12,6,0,2,1,4,2,1,2,8,0,3,1,,,
201027401414,2,3,3,27,8,9.079,3,2,7,2010,13,10,12,1,0,1,1,4,1,1,2,8,0,1,1,,,
201027401416,2,3,3,27,8,9.079,2,2,2,2010,10,5,12,1,0,1,1,1,0,0,2,8,0,1,1,,,
201027401418,2,3,3,27,8,9.079,4,2,3,2010,13,40,12,6,1,5,1,1,2,5,2,8,0,1,1,,,
201027401423,4,3,3,27,8,290.528,3,2,5,2010,18,40,12,1,0,1,3,1,1,1,2,8,0,1,1,,,
201027401431,6,3,3,27,8,127.106,2,2,3,2010,12,1,12,6,0,1,1,1,0,0,2,8,0,1,1,,,
201027401433,2,3,3,27,8,9.079,2,2,4,2010,6,33,12,1,0,1,1,1,0,0,2,8,0,1,1,,,