CASENUM,STRATUM,REGION,PJ,PSU,PSUSTRAT,WEIGHT,VE_TOTAL,MONTH,WKDY_IM,YEAR,HOUR_IM,MINUTE_IM,EVENT1_IM,MANCOL_IM,RELJCT1_IM,RELJCT2_IM,LGTCON_IM,WEATHR_IM,MAXSEV_IM,NO_INJ_IM,ALCHL_IM,LAND_USE,PVH_INVL,TYP_INT,REL_ROAD,CF1,CF2,CF3
201027401450,3,3,3,27,8,18.158,2,2,1,2010,13,50,12,1,0,1,1,1,3,2,2,8,0,1,1,,,
201027401462,1,3,3,27,8,9.079,2,3,2,2010,16,37,12,6,0,1,1,1,3,1,2,8,0,1,1,,,
201027401474,3,3,4,27,8,18.158,2,2,5,2010,18,13,12,1,0,1,2,1,3,2,2,8,0,1,1,,,
201027401483,4,3,2,27,8,290.528,1,2,3,2010,23,57,30,0,0,1,2,4,0,0,2,8,0,1,5,,,
201027401487,2,3,2,27,8,9.079,1,2,6,2010,10,58,1,0,0,1,1,4,1,1,2,8,0,1,5,,,
201027401499,6,3,2,27,8,127.106,1,2,7,2010,1,30,40,0,0,1,2,3,0,0,2,8,0,1,4,,,
201027401535,4,3,2,27,8,290.528,2,2,1,2010,13,17,12,6,0,2,1,1,0,0,2,8,0,2,1,,,
201027401557,6,3,2,27,8,127.106,1,2,3,2010,8,0,30,0,0,1,1,1,0,0,2,8,0,1,10,,,
201027401561,3,3,2,27,8,18.158,2,2,3,2010,13,19,12,1,0,2,1,1,3,1,2,8,0,8,1,,,
201027401577,4,3,2,27,8,290.528,2,2,4,2010,8,0,12,1,0,2,1,4,0,0,2,8,0,2,1,,,
201027401580,2,3,2,27,8,9.079,3,2,4,2010,8,22,12,6,0,2,1,4,1,1,2,8,0,2,1,,,
201027401616,6,3,2,27,8,127.106,2,2,6,2010,17,27,12,1,0,2,5,1,1,1,2,8,0,2,1,,,
201027401630,5,3,2,27,8,54.474,2,2,7,2010,17,0,12,6,0,2,1,1,1,2,2,8,0,2,1,,,
201027401631,4,3,2,27,8,290.528,2,2,7,2010,17,10,12,1,0,2,1,1,0,0,2,8,0,2,1,,,
201027401658,5,3,2,27,8,54.474,2,2,2,2010,19,58,12,6,0,2,2,1,1,2,2,8,0,3,1,,,
201027401662,6,3,2,27,8,127.106,2,2,3,2010,14,8,12,6,0,4,1,1,0,0,2,8,0,1,1,,,
201027401677,3,3,2,27,8,18.158,3,2,5,2010,9,23,12,1,0,1,1,1,2,2,2,8,0,1,1,,,
201027401684,5,3,2,27,8,54.474,2,2,5,2010,14,47,12,6,0,2,1,1,1,1,2,8,0,3,1,,,
201027401691,4,3,2,27,8,290.528,2,2,5,2010,17,30,12,6,0,2,1,1,0,0,2,8,0,3,1,,,
201027401694,1,3,2,27,8,9.079,2,2,5,2010,19,41,12,2,0,2,2,1,3,3,2,8,0,2,1,,,
201027401723,2,3,2,27,8,9.079,1,2,7,2010,21,51,21,0,0,2,2,1,1,1,1,8,0,3,1,,,
201027401729,5,3,2,27,8,54.474,3,2,2,2010,14,12,12,1,0,2,1,1,1,1,2,8,0,2,1,,,
201027401731,6,3,2,27,8,127.106,2,2,2,2010,19,1,12,2,0,2,2,2,1,3,2,8,0,2,1,,,
201027401751,4,3,2,27,8,290.528,2,2,4,2010,14,6,12,1,0,2,1,2,0,0,2,8,0,2,1,,,
201027401776,5,3,2,27,8,54.474,2,2,6,2010,14,8,12,6,0,2,1,1,1,1,2,8,0,3,1,,,
201027401777,6,3,2,27,8,127.106,2,2,6,2010,16,29,12,6,0,2,1,1,0,0,2,8,0,2,1,,,
201027401795,3,3,2,27,8,18.158,2,2,1,2010,10,20,12,6,0,2,1,1,2,1,2,8,0,2,1,,,
201027401832,2,3,1,27,8,9.079,2,2,3,2010,15,49,12,6,0,1,1,1,0,0,2,3,0,1,1,,,
201027401841,6,3,1,27,8,127.106,4,2,4,2010,9,35,7,0,0,1,1,1,0,0,2,3,3,1,1,,,
201027401845,4,3,1,27,8,290.528,2,2,4,2010,14,36,12,1,0,2,1,1,0,0,2,3,0,3,1,,,
201027401866,2,3,1,27,8,9.079,2,2,5,2010,17,48,12,6,0,2,5,1,1,1,2,3,0,3,1,,,
201027401879,1,3,1,27,8,9.079,1,2,6,2010,17,39,73,0,0,1,1,1,3,1,1,3,0,1,4,,,
201027401884,3,3,1,27,8,18.158,1,2,7,2010,19,0,21,0,0,2,3,1,2,1,2,3,0,2,1,,,
201027401890,6,3,1,27,8,127.106,2,2,1,2010,1,7,12,1,0,2,3,1,0,0,2,3,0,8,1,,,
201027401898,4,3,1,27,8,290.528,3,2,2,2010,16,28,12,1,0,2,1,2,0,0,2,3,0,2,1,,,
201027401900,1,3,1,27,8,9.079,1,2,3,2010,8,0,30,0,0,1,1,1,3,1,2,3,0,1,5,,,
201027401901,2,3,1,27,8,9.079,2,2,3,2010,8,15,12,6,0,2,1,1,1,1,2,3,0,2,1,,,
201027401906,1,3,1,27,8,9.079,2,2,3,2010,16,15,12,6,0,2,1,1,3,3,1,3,0,2,1,,,
201027401909,3,3,1,27,8,18.158,1,2,4,2010,1,15,42,0,0,1,3,1,3,1,1,3,0,1,5,,,
201027401913,5,3,1,27,8,54.474,2,2,4,2010,14,15,12,6,0,2,1,2,1,2,2,3,0,2,1,,,
201027401917,1,3,1,27,8,9.079,1,2,5,2010,1,40,30,0,0,1,3,2,3,1,1,3,0,1,4,,,
201027401947,6,3,1,27,8,127.106,2,2,1,2010,1,25,14,0,0,1,3,1,0,0,1,3,1,1,7,,,
201027401956,4,3,1,27,8,290.528,2,2,1,2010,17,22,12,6,0,2,1,1,0,0,2,3,0,3,1,,,
201027401968,5,3,1,27,8,54.474,2,3,2,2010,18,0,12,6,0,2,3,1,2,2,2,3,0,2,1,,,
201027402002,6,3,1,27,8,127.106,4,3,5,2010,13,45,12,6,0,2,1,1,2,2,2,3,2,2,1,,,
201027402005,5,3,1,27,8,54.474,2,3,5,2010,16,10,12,6,0,2,1,1,1,2,2,3,0,3,1,,,
201027402015,4,3,1,27,8,290.528,2,3,6,2010,17,40,14,0,0,1,1,1,0,0,2,3,1,1,7,,,
201027402023,3,3,1,27,8,18.158,2,3,7,2010,10,21,12,6,0,2,1,1,2,2,2,3,0,3,1,,,
201027402042,6,3,1,27,8,127.106,2,3,2,2010,16,51,12,1,0,2,1,1,0,0,2,3,0,3,1,,,
201027402057,1,3,1,27,8,9.079,2,3,4,2010,13,6,12,6,0,2,1,1,3,2,2,3,0,2,1,,,
201027402068,4,3,1,27,8,290.528,2,3,5,2010,11,44,12,1,0,5,1,1,0,0,2,3,0,4,1,,,
201027402080,3,3,1,27,8,18.158,1,3,5,2010,21,52,21,0,0,2,3,2,2,1,2,3,0,2,1,,,
201027402092,5,3,1,27,8,54.474,2,3,6,2010,17,35,12,6,0,2,1,2,1,3,2,3,0,2,1,,,
201027402100,6,3,1,27,8,127.106,2,3,7,2010,8,49,12,6,0,2,1,2,0,0,2,3,0,2,1,,,
201027402109,3,3,1,27,8,18.158,2,3,1,2010,3,1,12,6,0,2,3,1,3,1,2,3,0,2,1,,,
201027402123,3,3,3,27,8,18.158,2,3,3,2010,17,5,12,1,0,1,1,2,3,1,2,8,0,1,1,,,
201027402124,2,3,3,27,8,9.079,2,3,4,2010,4,48,12,6,0,1,3,2,0,0,2,8,0,1,1,,,
201027402132,2,3,3,27,8,9.079,2,3,5,2010,19,28,12,6,0,1,3,1,3,1,2,8,0,1,1,,,
201027402133,4,3,3,27,8,290.528,2,3,6,2010,7,0,12,7,0,1,1,1,0,0,2,8,0,1,1,,,
201027402146,6,3,3,27,8,127.106,1,3,6,2010,2,5,25,0,0,1,2,8,0,0,1,8,0,1,3,,,
201027402148,2,3,3,27,8,9.079,2,3,6,2010,14,50,12,1,0,1,1,1,1,1,2,8,0,1,1,,,
201027402163,4,3,4,27,8,290.528,3,3,3,2010,13,15,12,1,0,1,1,1,1,1,2,8,0,1,1,,,
201027402166,6,3,4,27,8,127.106,1,3,5,2010,12,25,25,0,0,1,1,1,0,0,2,8,0,1,3,,,
201027402170,1,3,4,27,8,9.079,1,3,2,2010,13,20,74,0,0,1,1,1,3,1,2,8,0,1,3,,,
201027402180,5,3,2,27,8,54.474,2,3,2,2010,10,25,12,6,0,4,1,1,2,1,2,8,0,1,1,,,
201027402183,4,3,2,27,8,290.528,2,3,2,2010,14,20,12,1,0,2,1,1,0,0,2,8,0,3,1,,,
201027402209,2,3,2,27,8,9.079,2,3,4,2010,9,10,12,1,0,1,1,2,0,0,2,8,0,1,1,,,
201027402216,2,3,2,27,8,9.079,3,3,5,2010,6,42,12,1,0,2,4,2,2,2,2,8,0,3,1,,,
201027402217,3,3,2,27,8,18.158,2,3,5,2010,12,40,12,6,0,4,1,1,2,1,2,8,0,1,1,,,
201027402222,6,3,2,27,8,127.106,2,3,5,2010,16,40,12,7,1,5,1,1,0,0,2,8,0,1,1,,,
201027402224,2,3,2,27,8,9.079,2,3,6,2010,8,31,12,1,0,1,1,1,0,0,2,8,0,1,1,,,
201027402238,3,3,2,27,8,18.158,2,3,7,2010,10,41,12,1,0,5,1,1,3,1,2,8,0,3,1,,,
201027402242,4,3,2,27,8,290.528,2,3,7,2010,16,20,12,7,0,4,1,1,1,3,2,8,0,1,1,,,
201027402251,5,3,2,27,8,54.474,3,3,3,2010,12,45,12,1,0,2,1,1,1,1,2,8,0,2,1,,,
201027402269,6,3,2,27,8,127.106,1,3,3,2010,15,24,43,0,0,1,1,1,0,0,2,8,0,1,,,,
201027402276,3,3,2,27,8,18.158,1,3,4,2010,12,54,21,0,0,2,1,1,3,1,2,8,0,3,1,,,
201027402294,4,3,2,27,8,290.528,2,3,5,2010,17,47,12,6,0,2,5,1,0,0,2,8,0,2,1,,,
201027402323,5,3,2,27,8,54.474,2,3,6,2010,23,27,12,6,0,4,2,2,1,1,1,8,0,1,1,,,
201027402328,3,3,2,27,8,18.158,1,3,7,2010,11,30,59,0,0,2,1,1,0,0,2,8,0,3,10,,,
201027402331,6,3,2,27,8,127.106,3,3,7,2010,15,49,12,6,0,1,1,1,0,0,2,8,0,1,1,,,
201027402350,4,3,2,27,8,290.528,2,3,2,2010,16,43,12,7,0,2,1,2,0,0,2,8,0,3,1,,,
201027402351,3,3,2,27,8,18.158,2,3,2,2010,16,54,12,6,0,4,1,2,2,1,2,8,0,1,1,,,
201027402367,5,3,2,27,8,54.474,2,3,3,2010,20,45,12,6,0,2,2,1,2,1,2,8,0,2,1,,,
201027402380,6,3,2,27,8,127.106,2,3,4,2010,18,25,12,1,0,2,1,1,0,0,2,8,0,2,1,,,
201027402394,3,3,2,27,8,18.158,1,3,6,2010,15,15,1,0,0,1,1,1,2,1,2,8,0,1,4,,,
201027402401,4,3,2,27,8,290.528,2,3,6,2010,21,38,12,1,0,2,3,1,0,0,2,8,0,2,1,,,
201027402415,2,3,2,27,8,9.079,2,3,2,2010,15,10,12,6,0,2,1,1,0,0,2,8,0,1,1,,,
201027402437,3,3,2,27,8,18.158,1,3,4,2010,16,53,21,0,0,2,1,1,2,1,2,8,0,3,1,,,
201027402449,4,3,2,27,8,290.528,1,3,6,2010,7,45,25,0,0,1,1,2,0,0,2,8,0,1,4,,,
201027402461,6,3,2,27,8,127.106,2,3,7,2010,0,30,12,6,0,2,3,1,0,0,2,8,0,2,1,,,
201027402464,5,3,2,27,8,54.474,1,3,7,2010,3,24,30,0,0,1,3,1,2,1,1,8,0,1,5,,,
201027402477,1,3,2,27,8,9.079,1,3,1,2010,2,40,34,0,0,1,2,1,3,2,1,8,0,1,4,,,
201027402495,4,3,2,27,8,290.528,2,3,2,2010,12,53,12,6,0,2,1,2,0,0,2,8,0,8,1,,,
201027402503,4,3,1,27,8,290.528,2,3,3,2010,11,25,12,1,0,2,1,1,1,1,2,3,0,3,1,,,
201027402518,5,3,1,27,8,54.474,2,3,4,2010,16,0,12,6,0,2,1,1,1,1,2,3,0,2,1,,,
201027402522,1,3,1,27,8,9.079,2,3,4,2010,23,40,12,6,0,2,3,1,3,1,2,3,0,2,1,,,
201027402537,6,3,1,27,8,127.106,2,3,6,2010,12,9,12,6,0,2,1,1,0,0,2,3,0,2,1,,,
201027402542,3,3,1,27,8,18.158,1,3,6,2010,20,6,21,0,0,1,1,1,2,1,1,3,0,1,1,,,
201027402551,5,3,1,27,8,54.474,2,3,7,2010,18,31,12,6,0,2,1,1,1,1,2,3,0,2,1,,,
201027402553,3,3,1,27,8,18.158,1,3,7,2010,19,27,21,0,0,1,5,1,2,1,2,3,0,1,1,,,
201027402562,3,3,1,27,8,18.158,2,3,1,2010,15,25,12,6,0,2,1,1,3,5,2,3,0,2,1,,,
201027402568,1,3,1,27,8,9.079,2,3,1,2010,22,40,12,6,0,2,3,1,3,4,1,3,0,2,1,,,
201027402569,4,3,1,27,8,290.528,1,3,2,2010,8,11,21,0,0,2,1,1,1,1,2,3,0,2,1,,,
201027402583,3,3,1,27,8,18.158,1,3,3,2010,19,1,22,0,0,2,1,1,2,1,2,3,0,2,1,,,
201027402593,3,3,1,27,8,18.158,1,3,4,2010,18,10,41,0,0,1,1,1,3,1,1,3,0,1,3,,,
201027402595,1,3,1,27,8,9.079,3,3,4,2010,21,6,12,6,0,2,2,1,4,1,2,3,1,2,1,,,
201027402608,1,3,1,27,8,9.079,2,3,5,2010,22,14,12,6,0,2,3,1,3,2,1,3,0,3,1,,,
201027402619,6,3,1,27,8,127.106,3,3,6,2010,18,15,12,7,0,1,1,2,0,0,2,3,1,1,1,,,
201027402625,4,3,1,27,8,290.528,2,3,7,2010,13,16,12,6,0,2,1,1,0,0,2,3,0,2,1,,,
201027402645,5,3,1,27,8,54.474,2,3,2,2010,15,30,12,6,0,2,1,2,1,3,2,3,0,2,1,,,
201027402658,2,3,1,27,8,9.079,2,3,3,2010,17,1,12,6,0,2,1,1,3,1,2,3,0,4,1,,,
201027402659,3,3,1,27,8,18.158,2,3,3,2010,19,15,12,2,0,2,1,1,3,1,2,3,0,2,1,,,
201027402664,6,3,1,27,8,127.106,4,3,4,2010,15,18,12,1,1,2,1,1,0,0,2,3,0,3,1,,,
201027402669,3,3,1,27,8,18.158,1,4,5,2010,2,5,41,0,0,2,3,1,3,1,2,3,0,2,4,,,
201027402676,4,3,1,27,8,290.528,2,4,5,2010,15,34,12,6,0,4,1,1,0,0,2,3,0,1,1,,,
201027402687,3,3,1,27,8,18.158,2,4,6,2010,13,30,12,6,0,2,1,1,3,2,2,3,0,2,1,,,
201027402696,1,3,1,27,8,9.079,1,4,7,2010,1,15,30,0,0,2,3,1,3,1,1,3,0,8,4,,,
201027402716,6,3,1,27,8,127.106,2,4,2,2010,17,0,12,6,0,2,1,1,0,0,2,3,0,2,1,,,
201027402727,4,3,1,27,8,290.528,2,4,3,2010,19,45,12,6,0,2,5,1,0,0,2,3,0,2,1,,,
201027402732,5,3,1,27,8,54.474,3,4,4,2010,11,0,14,0,0,1,1,1,1,2,2,3,2,1,7,,,
201027402736,3,3,1,27,8,18.158,1,4,4,2010,20,15,22,0,0,2,3,1,3,1,2,3,0,2,1,,,
201027402744,3,3,1,27,8,18.158,1,4,5,2010,16,38,21,0,0,1,1,1,2,1,2,3,0,2,1,,,
201027402773,3,3,1,27,8,18.158,1,4,1,2010,14,45,1,0,0,1,1,1,3,1,2,3,0,1,1,,,
201027402774,5,3,1,27,8,54.474,2,4,1,2010,17,45,12,6,0,2,1,1,2,3,2,3,0,2,1,,,
201027402779,2,3,1,27,8,9.079,2,4,2,2010,7,3,12,6,0,2,1,1,1,2,2,3,0,2,1,,,
201027402786,4,3,1,27,8,290.528,2,4,2,2010,13,48,12,6,0,2,1,1,0,0,2,3,0,2,1,,,
201027402805,6,3,1,27,8,127.106,2,4,4,2010,5,45,12,6,0,2,3,1,1,3,2,3,0,2,1,,,
201027402837,4,3,1,27,8,290.528,2,4,6,2010,16,54,12,6,0,2,1,1,1,1,2,3,0,3,1,,,
201027402844,3,3,1,27,8,18.158,2,4,7,2010,16,15,12,6,0,2,1,1,2,1,2,3,0,2,1,,,
201027402848,5,3,1,27,8,54.474,2,4,7,2010,21,41,12,6,0,2,3,1,1,2,2,3,0,2,1,,,
201027402850,1,3,1,27,8,9.079,1,4,7,2010,22,8,42,0,0,1,3,1,3,1,1,3,0,1,4,,,
201027402852,6,3,1,27,8,127.106,1,4,7,2010,23,59,43,0,0,1,3,1,0,0,1,3,0,1,4,,,
201027402857,3,3,1,27,8,18.158,1,4,1,2010,18,25,22,0,0,1,1,1,3,2,2,3,0,1,1,,,
201027402873,5,3,1,27,8,54.474,2,4,3,2010,10,57,12,6,0,2,1,1,1,2,2,3,0,2,1,,,
201027402883,2,3,1,27,8,9.079,2,4,4,2010,11,15,12,6,0,7,1,8,1,2,2,3,0,1,1,,,
201027402897,6,3,1,27,8,127.106,2,4,5,2010,15,53,12,1,0,2,1,1,0,0,2,3,0,3,1,,,
201027402903,3,3,1,27,8,18.158,1,4,6,2010,9,19,21,0,0,4,1,1,2,1,2,3,0,1,1,,,
201027402907,4,3,1,27,8,290.528,2,4,6,2010,13,14,12,6,0,2,1,1,0,0,2,3,0,2,1,,,
201027402923,5,3,3,27,8,54.474,2,3,3,2010,7,42,12,1,1,5,4,1,1,1,2,8,0,1,1,,,
201027402933,1,3,3,27,8,9.079,1,3,1,2010,3,28,25,0,0,1,2,1,3,2,2,8,0,1,3,,,
201027402951,1,3,3,27,8,9.079,1,3,7,2010,12,5,25,0,0,1,1,1,3,1,2,8,0,1,3,,,
201027402954,6,3,3,27,8,127.106,2,3,2,2010,4,30,12,7,0,1,1,1,0,0,2,8,0,1,1,,,
201027402960,2,3,3,27,8,9.079,2,3,4,2010,8,48,12,1,0,1,1,1,1,1,2,8,0,1,1,,,
201027402965,4,3,3,27,8,290.528,2,4,5,2010,17,5,12,1,1,5,1,1,1,1,2,8,0,1,1,,,
201027402989,6,3,3,27,8,127.106,1,4,1,2010,0,8,25,0,0,1,3,1,0,0,2,8,0,1,4,,,
201027402991,1,3,3,27,8,9.079,1,4,1,2010,17,45,25,0,0,1,1,1,3,2,2,8,0,1,3,,,
201027402997,5,3,3,27,8,54.474,1,4,4,2010,11,25,25,0,0,1,1,1,1,1,2,8,0,1,3,,,
201027403002,2,3,3,27,8,9.079,5,4,6,2010,15,30,12,1,0,1,1,1,1,5,1,8,0,1,1,,,
201027403011,3,3,3,27,8,18.158,3,4,4,2010,17,40,12,1,0,1,1,2,2,1,2,8,0,1,1,,,
201027403027,2,3,4,27,8,9.079,2,3,6,2010,9,27,12,1,0,1,1,2,3,2,2,8,0,1,1,,,
201027403028,2,3,4,27,8,9.079,2,3,6,2010,11,12,12,2,1,5,1,1,3,1,2,8,0,1,1,,,
201027403039,2,3,4,27,8,9.079,3,4,5,2010,7,40,12,1,0,1,1,1,1,2,2,8,0,1,1,,,
201027403040,1,3,4,27,8,9.079,1,4,1,2010,6,24,74,0,0,1,4,1,3,1,2,8,0,1,4,,,
201027403046,1,3,4,27,8,9.079,1,4,7,2010,12,50,25,0,0,1,1,1,3,1,2,8,0,1,3,,,
201027403048,1,3,4,27,8,9.079,1,4,1,2010,14,12,34,0,0,1,1,1,3,1,2,8,0,1,4,,,
201027403050,1,3,4,27,8,9.079,2,4,3,2010,15,15,12,1,0,1,1,1,3,2,2,8,0,1,1,,,
201027403054,6,3,4,27,8,127.106,4,4,7,2010,9,22,12,1,0,1,1,1,0,0,2,8,0,1,1,,,
201027403055,1,3,4,27,8,9.079,3,4,1,2010,5,30,12,1,0,1,3,1,3,3,2,8,0,1,1,,,
201027403056,2,3,4,27,8,9.079,2,4,2,2010,0,50,12,1,0,1,2,1,1,2,1,8,0,1,1,,,
201027403077,5,3,2,27,8,54.474,2,3,3,2010,16,58,12,6,0,1,1,8,1,2,2,8,0,1,1,,,
201027403080,1,3,2,27,8,9.079,1,3,4,2010,0,4,33,0,0,1,2,1,3,1,1,8,0,1,5,,,
201027403089,6,3,2,27,8,127.106,2,3,4,2010,17,48,12,1,0,1,1,1,0,0,2,8,0,1,1,,,
201027403116,4,3,2,27,8,290.528,4,4,6,2010,12,31,12,1,0,2,1,1,0,0,2,8,0,3,1,,,
201027403126,3,3,2,27,8,18.158,2,4,6,2010,15,30,12,6,0,2,1,1,2,2,2,8,0,2,1,,,
201027403134,3,3,2,27,8,18.158,2,4,6,2010,20,6,12,6,0,2,2,1,2,1,2,8,0,2,1,,,
201027403141,2,3,2,27,8,9.079,2,4,7,2010,15,58,12,6,0,4,1,1,0,0,2,8,0,1,1,,,
201027403143,3,3,2,27,8,18.158,2,4,7,2010,16,50,12,2,0,2,1,1,2,4,2,8,0,2,1,,,
201027403154,3,3,2,27,8,18.158,1,4,2,2010,8,50,1,0,0,2,1,1,2,1,2,8,0,2,1,,,
201027403167,3,3,2,27,8,18.158,1,4,3,2010,13,2,21,0,0,2,1,1,2,1,2,8,0,2,1,,,
201027403171,5,3,2,27,8,54.474,2,4,3,2010,18,5,12,6,0,2,1,1,1,1,2,8,0,2,1,,,
201027403172,4,3,2,27,8,290.528,2,4,3,2010,18,30,12,1,0,2,1,1,0,0,2,8,0,2,1,,,
201027403190,3,3,2,27,8,18.158,1,4,4,2010,20,30,21,0,0,2,5,1,2,1,2,8,0,2,1,,,
201027403194,2,3,2,27,8,9.079,2,4,5,2010,7,32,12,6,0,2,1,1,0,0,2,8,0,3,1,,,
201027403195,6,3,2,27,8,127.106,1,4,5,2010,8,0,38,0,0,2,1,1,0,0,2,8,0,2,5,,,
201027403210,1,3,2,27,8,9.079,2,4,6,2010,12,58,12,6,0,2,1,1,3,1,2,8,0,2,1,,,
201027403219,4,3,2,27,8,290.528,2,4,6,2010,20,7,12,6,0,4,3,1,1,1,2,8,0,1,1,,,
201027403243,1,3,2,27,8,9.079,1,4,2,2010,17,41,53,0,0,1,1,1,3,1,1,8,0,1,5,,,
201027403245,3,3,2,27,8,18.158,1,4,2,2010,20,45,7,0,0,2,2,1,2,1,2,8,0,3,1,,,
201027403257,1,3,2,27,8,9.079,1,4,5,2010,1,41,42,0,0,1,2,1,2,1,2,8,0,1,5,,,
201027403267,6,3,2,27,8,127.106,2,4,5,2010,13,45,12,1,0,2,1,1,0,0,2,8,0,2,1,,,
201027403270,4,3,2,27,8,290.528,2,4,5,2010,17,20,12,6,0,4,1,1,0,0,2,8,0,1,1,,,
201027403275,3,3,2,27,8,18.158,2,4,5,2010,23,3,12,6,0,2,3,1,3,1,2,8,0,3,1,,,
201027403294,5,3,2,27,8,54.474,2,4,7,2010,13,5,12,6,0,2,1,1,1,1,2,8,0,2,1,,,
201027403319,4,3,2,27,8,290.528,2,4,1,2010,19,14,12,6,0,2,5,1,0,0,2,8,0,2,1,,,
201027403322,6,3,2,27,8,127.106,2,4,2,2010,16,19,12,6,0,4,1,1,0,0,2,8,0,1,1,,,
201027403332,2,3,2,27,8,9.079,2,4,3,2010,10,22,12,6,0,2,1,1,0,0,2,8,0,3,1,,,
201027403362,4,3,2,27,8,290.528,2,4,5,2010,13,24,12,6,0,2,1,1,1,1,2,8,0,2,1,,,
201027403374,3,3,2,27,8,18.158,2,4,6,2010,15,37,12,1,0,2,1,1,2,2,2,8,0,2,1,,,
201027403380,5,3,2,27,8,54.474,4,4,6,2010,17,33,12,1,0,2,1,1,1,1,2,8,0,2,1,,,
201027403381,6,3,2,27,8,127.106,2,4,6,2010,23,50,12,6,0,4,2,1,2,2,1,8,0,1,1,,,
201027403395,1,3,2,27,8,9.079,2,4,7,2010,13,28,12,6,0,2,1,1,3,2,2,8,0,2,1,,,
201027403397,1,3,2,27,8,9.079,4,4,7,2010,18,11,12,6,0,2,1,1,3,4,2,8,0,2,1,,,
201027403426,6,3,2,27,8,127.106,1,4,3,2010,8,22,24,0,0,1,1,1,0,0,2,8,0,1,1,,,
201027403427,4,3,2,27,8,290.528,2,4,3,2010,14,1,12,6,0,2,1,1,0,0,2,8,0,3,1,,,
201027403451,2,3,2,27,8,9.079,2,4,5,2010,9,30,12,6,0,4,1,1,2,1,2,8,0,1,1,,,
201027403460,3,3,2,27,8,18.158,1,4,5,2010,16,45,34,0,0,1,1,1,2,1,2,8,0,1,6,,,
201027403474,5,3,2,27,8,54.474,2,4,6,2010,16,15,12,1,0,1,1,1,2,4,2,8,0,1,1,,,
201027403477,4,3,2,27,8,290.528,3,4,6,2010,17,47,12,1,0,2,1,1,1,1,2,8,0,2,1,,,
201027403485,3,3,1,27,8,18.158,1,2,4,2010,2,10,19,0,0,2,3,1,2,1,1,3,0,2,5,,,
201027403493,5,3,1,27,8,54.474,2,3,6,2010,17,40,12,1,0,2,1,2,1,1,2,3,0,3,1,,,
201027403494,3,3,1,27,8,18.158,1,3,7,2010,16,26,22,0,0,2,1,1,3,1,2,3,0,2,1,,,
201027403509,3,3,1,27,8,18.158,2,4,3,2010,15,9,12,6,0,1,1,1,3,1,2,3,0,1,1,,,
201027403513,6,3,1,27,8,127.106,2,4,5,2010,14,10,12,1,0,2,1,1,0,0,2,3,0,3,1,,,
201027403517,2,3,1,27,8,9.079,2,4,6,2010,18,51,12,6,0,4,1,1,0,0,2,3,0,1,1,,,
201027403525,3,3,1,27,8,18.158,1,4,7,2010,15,17,15,0,0,2,1,1,2,1,2,3,0,2,1,,,
201027403534,4,3,1,27,8,290.528,2,4,1,2010,22,17,14,0,0,1,3,1,0,0,2,3,1,1,7,,,
201027403550,5,3,1,27,8,54.474,4,4,3,2010,17,53,12,6,0,2,1,1,2,2,1,3,2,2,1,,,
201027403571,3,3,1,27,8,18.158,2,4,5,2010,6,50,12,1,0,2,1,1,3,2,2,3,0,2,1,,,
201027403583,4,3,1,27,8,290.528,1,4,6,2010,2,10,30,0,0,2,3,1,0,0,1,3,0,4,8,,,
201027403591,6,3,1,27,8,127.106,4,4,6,2010,14,0,12,1,0,1,1,1,0,0,2,3,0,1,1,,,
201027403605,1,3,1,27,8,9.079,2,5,7,2010,2,7,34,0,0,1,3,1,3,1,1,3,0,1,6,,,
201027403618,1,3,1,27,8,9.079,4,5,1,2010,2,42,12,1,0,2,3,1,3,4,1,3,0,2,1,,,
201027403633,4,3,1,27,8,290.528,2,5,2,2010,10,0,12,6,0,2,1,1,0,0,2,3,0,7,1,,,
201027403635,2,3,1,27,8,9.079,2,5,2,2010,14,37,12,6,0,2,1,1,1,1,2,3,0,3,1,,,
201027403638,5,3,1,27,8,54.474,3,5,2,2010,17,53,12,6,0,2,1,1,1,2,2,3,0,2,1,,,
201027403640,3,3,1,27,8,18.158,1,5,2,2010,20,54,21,0,0,1,3,1,3,1,2,3,0,1,1,,,
201027403653,6,3,1,27,8,127.106,1,5,3,2010,14,15,30,0,0,1,1,1,0,0,2,3,0,1,4,,,
201027403663,3,3,1,27,8,18.158,2,5,4,2010,12,33,12,6,0,2,1,1,3,1,1,3,0,3,1,,,
201027403670,5,3,1,27,8,54.474,2,5,5,2010,7,49,12,7,0,1,1,1,1,1,2,3,0,1,1,,,
201027403671,1,3,1,27,8,9.079,2,5,5,2010,8,3,12,1,0,2,1,1,3,2,2,3,0,2,1,,,
201027403684,3,3,1,27,8,18.158,2,5,5,2010,18,28,12,6,0,2,1,1,3,2,2,3,0,2,1,,,
201027403692,4,3,1,27,8,290.528,2,5,6,2010,14,36,12,6,0,1,1,1,0,0,2,3,0,1,1,,,
201027403701,1,3,1,27,8,9.079,1,5,7,2010,2,36,30,0,0,1,3,1,3,1,1,3,0,1,5,,,
201027403702,5,3,1,27,8,54.474,3,5,7,2010,3,20,12,6,0,2,3,1,1,1,2,3,1,2,1,,,
201027403716,6,3,1,27,8,127.106,1,5,1,2010,15,9,30,0,0,2,1,1,0,0,2,3,0,3,4,,,
201027403729,1,3,1,27,8,9.079,2,5,2,2010,16,18,12,6,0,4,1,1,3,1,2,3,0,1,1,,,
201027403732,3,3,1,27,8,18.158,1,5,3,2010,12,30,22,0,0,2,1,1,2,1,1,3,0,2,1,,,