CASENUM,STRATUM,REGION,PJ,PSU,PSUSTRAT,WEIGHT,VE_TOTAL,MONTH,WKDY_IM,YEAR,HOUR_IM,MINUTE_IM,EVENT1_IM,MANCOL_IM,RELJCT1_IM,RELJCT2_IM,LGTCON_IM,WEATHR_IM,MAXSEV_IM,NO_INJ_IM,ALCHL_IM,LAND_USE,PVH_INVL,TYP_INT,REL_ROAD,CF1,CF2,CF3
201027409995,5,3,2,27,8,54.474,1,11,1,2010,3,27,53,0,0,1,2,1,0,0,1,8,0,1,4,,,
201027410009,2,3,2,27,8,9.079,2,11,2,2010,14,12,12,6,0,2,1,1,1,2,2,8,0,3,1,,,
201027410038,4,3,2,27,8,290.528,2,11,4,2010,13,39,12,1,0,2,1,1,0,0,2,8,0,2,1,,,
201027410059,3,3,2,27,8,18.158,1,11,6,2010,6,15,22,0,0,2,2,2,2,2,2,8,0,4,1,,,
201027410064,6,3,2,27,8,127.106,2,11,6,2010,13,47,12,6,0,2,1,1,1,1,2,8,0,2,1,,,
201027410088,5,3,2,27,8,54.474,2,11,2,2010,8,39,12,8,0,1,1,1,1,1,2,8,0,1,1,,,
201027410096,4,3,2,27,8,290.528,2,11,2,2010,17,23,12,6,0,2,2,1,1,2,2,8,0,2,1,,,
201027410100,3,3,2,27,8,18.158,1,11,2,2010,20,30,21,0,0,1,2,1,3,1,2,8,0,1,1,,,
201027410101,6,3,2,27,8,127.106,1,11,2,2010,22,47,34,0,0,2,2,1,0,0,2,8,0,3,4,,,
201027410147,4,3,2,27,8,290.528,2,12,6,2010,17,10,12,6,0,2,5,1,0,0,2,8,0,3,1,,,
201027410155,6,3,2,27,8,127.106,1,12,7,2010,14,30,1,0,1,5,1,1,0,0,2,8,0,1,5,,,
201027410162,3,3,2,27,8,18.158,1,12,1,2010,7,3,33,0,0,1,1,1,3,1,2,8,0,1,4,,,
201027410179,5,3,2,27,8,54.474,4,12,3,2010,13,55,12,1,0,2,1,1,2,2,2,8,0,3,1,,,
201027410215,3,3,1,27,8,18.158,2,12,5,2010,11,0,12,1,0,1,1,1,2,1,2,3,0,1,1,,,
201027410220,5,3,1,27,8,54.474,2,12,3,2010,16,10,12,6,0,2,1,1,1,2,2,3,0,3,1,,,
201027410240,3,3,1,27,8,18.158,2,12,6,2010,13,6,12,1,0,1,1,1,3,1,2,3,0,1,1,,,
201027410246,6,3,2,27,8,127.106,2,11,2,2010,6,45,12,6,0,4,1,1,0,0,2,8,0,1,1,,,
201027410258,4,3,2,27,8,290.528,1,12,1,2010,3,5,74,0,0,1,2,4,0,0,2,8,0,1,4,,,
201027410262,1,3,2,27,8,9.079,1,12,3,2010,14,25,42,0,0,1,1,1,3,1,2,8,0,1,4,,,
201027410283,5,3,2,27,8,54.474,2,12,5,2010,17,13,12,6,0,4,5,1,1,1,2,8,0,1,1,,,
201027410300,6,3,2,27,8,127.106,3,12,6,2010,12,34,12,1,0,1,1,1,0,0,2,8,0,1,1,,,
201027410316,4,3,2,27,8,290.528,1,12,7,2010,1,47,43,0,0,4,2,1,0,0,1,8,0,1,4,,,
201027410319,1,3,2,27,8,9.079,1,12,7,2010,4,0,32,0,0,1,2,1,3,1,2,8,0,1,4,,,
201027410326,3,3,2,27,8,18.158,2,12,7,2010,13,0,12,6,0,2,1,1,2,1,2,8,0,2,1,,,
201027410332,5,3,2,27,8,54.474,2,12,7,2010,16,36,12,1,0,1,5,1,1,1,2,8,0,1,1,,,
201027410337,1,3,2,27,8,9.079,2,12,7,2010,17,13,12,2,0,2,2,2,3,4,2,8,0,2,1,,,
201027410356,6,3,2,27,8,127.106,2,12,1,2010,15,25,12,6,0,2,5,2,0,0,2,8,0,2,1,,,
201027410378,5,3,2,27,8,54.474,1,12,2,2010,11,27,42,0,0,1,1,4,1,1,2,8,0,1,3,,,
201027410389,4,3,2,27,8,290.528,2,12,3,2010,17,45,12,1,0,4,2,1,1,1,2,8,0,1,1,,,
201027410390,6,3,2,27,8,127.106,2,12,3,2010,18,11,12,1,0,1,2,1,0,0,2,8,0,1,1,,,
201027410392,3,3,2,27,8,18.158,1,12,3,2010,22,30,21,0,0,1,2,1,3,1,2,8,0,1,1,,,
201027410430,5,3,2,27,8,54.474,2,12,5,2010,10,10,12,6,0,1,1,4,1,1,2,8,0,1,1,,,
201027410440,4,3,2,27,8,290.528,1,12,5,2010,11,0,25,0,0,1,1,4,0,0,2,8,0,1,3,,,
201027410453,6,3,2,27,8,127.106,2,12,5,2010,12,34,12,2,0,1,1,4,0,0,2,8,0,1,1,,,
201027410486,4,3,2,27,8,290.528,2,12,6,2010,21,38,12,6,0,4,2,1,0,0,2,8,0,1,1,,,
201027410499,3,3,2,27,8,18.158,1,12,7,2010,19,10,21,0,0,2,2,1,4,1,2,8,0,3,1,,,
201027410503,6,3,2,27,8,127.106,3,12,1,2010,3,20,14,0,0,1,2,1,0,0,2,8,2,1,7,,,
201027410536,4,3,2,27,8,290.528,2,12,3,2010,13,16,12,1,0,2,1,1,0,0,2,8,0,3,1,,,
201027410561,3,3,2,27,8,18.158,3,12,5,2010,8,53,12,1,0,1,1,1,2,1,2,8,0,1,1,,,
201027410563,5,3,2,27,8,54.474,4,12,5,2010,12,13,12,6,0,2,1,1,1,1,2,8,0,3,1,,,
201027410570,6,3,2,27,8,127.106,2,12,5,2010,15,45,12,1,0,1,1,1,0,0,2,8,0,1,1,,,
201027410579,1,3,2,27,8,9.079,1,12,6,2010,0,22,42,0,1,19,2,1,4,2,1,8,0,1,8,,,
201027410580,4,3,2,27,8,290.528,1,12,6,2010,8,25,25,0,0,1,1,1,0,0,2,8,0,1,3,,,
201027410611,2,3,2,27,8,9.079,2,12,1,2010,12,19,12,6,0,2,1,4,0,0,2,8,0,3,1,,,
201027410624,6,3,2,27,8,127.106,1,12,2,2010,16,45,42,0,0,1,5,4,0,0,2,8,0,1,4,,,
201027410633,4,3,2,27,8,290.528,2,12,2,2010,22,20,14,0,0,1,2,4,0,0,2,8,1,1,7,,,
201027410646,5,3,2,27,8,54.474,2,12,3,2010,17,7,12,6,0,2,5,1,1,1,2,8,0,2,1,,,
201027410656,2,3,2,27,8,9.079,1,12,4,2010,9,26,11,0,0,2,1,1,3,1,2,8,0,2,1,,,
201027410678,6,3,2,27,8,127.106,3,12,6,2010,17,56,12,1,0,2,3,1,3,2,2,8,0,2,1,,,
201027410685,2,3,3,27,8,9.079,2,12,3,2010,14,1,12,1,0,1,1,1,0,0,2,8,0,1,1,,,
201027410693,6,3,3,27,8,127.106,1,12,6,2010,2,1,25,0,1,5,2,1,0,0,2,8,0,1,3,,,
201027410696,4,3,4,27,8,290.528,1,12,3,2010,12,15,74,0,0,1,1,1,0,0,2,8,0,1,4,,,
201027410699,2,3,5,27,8,9.079,2,11,3,2010,9,39,12,6,0,2,1,1,0,0,2,8,0,2,1,,,
201027500354,5,3,2,44,9,45.093,2,1,6,2010,17,55,12,6,0,2,2,1,1,1,2,8,0,3,1,,,
201027500355,5,3,2,44,9,45.093,1,1,7,2010,0,20,34,0,0,1,2,1,1,1,1,8,0,1,4,,,
201027500357,5,3,2,44,9,45.093,1,1,1,2010,0,45,53,0,0,1,2,1,2,3,1,8,0,1,4,,,
201027500362,4,3,3,44,9,315.654,2,1,1,2010,9,19,12,6,0,1,1,1,0,0,2,8,0,1,1,,,
201027500363,5,3,3,44,9,45.093,1,1,6,2010,4,32,42,0,0,1,3,5,2,2,1,8,0,1,6,,,
201027500368,5,3,3,44,9,45.093,1,1,6,2010,2,55,1,0,0,1,3,5,1,2,1,8,0,1,5,,,
201027500370,3,3,4,44,9,45.093,1,1,7,2010,8,39,53,0,0,1,1,1,2,2,2,1,0,1,4,,,
201027500372,4,3,4,44,9,315.654,1,1,2,2010,20,30,59,0,0,2,3,1,0,0,2,1,0,2,4,,,
201027500374,4,3,5,44,9,315.654,2,1,7,2010,13,50,14,0,0,4,1,1,0,0,2,1,1,1,7,,,
201027500376,4,3,6,44,9,255.475,2,1,2,2010,11,0,12,6,0,2,1,1,1,1,2,1,0,2,1,,,
201027500378,4,3,1,44,9,315.654,1,1,1,2010,18,57,21,0,0,1,2,1,1,1,2,3,0,1,2,,,
201027500382,5,3,3,44,9,45.093,2,1,5,2010,17,16,12,6,0,2,1,1,2,2,2,8,0,3,1,,,
201027500383,6,3,3,44,9,135.28,4,1,6,2010,17,54,12,1,0,4,1,1,0,0,2,8,0,1,1,,,
201027500387,4,3,3,44,9,315.654,2,1,2,2010,15,37,12,1,0,2,1,1,1,2,2,8,0,3,1,,,
201027500393,5,3,5,44,9,45.093,2,1,6,2010,18,22,12,1,0,1,6,1,2,3,2,1,0,1,1,,,
201027500402,6,3,2,44,9,135.28,1,1,3,2010,21,45,75,0,0,1,2,1,0,0,2,8,0,1,3,,,
201027500406,6,3,2,44,9,135.28,1,1,6,2010,7,50,35,0,0,1,1,1,0,0,2,8,0,1,4,,,
201027500407,4,3,2,44,9,315.654,2,1,6,2010,14,30,12,6,0,2,1,1,0,0,2,8,0,2,1,,,
201027500411,5,3,2,44,9,45.093,2,1,1,2010,15,13,12,6,0,2,1,1,2,2,2,8,0,2,1,,,
201027500417,3,3,2,44,9,45.093,1,1,5,2010,19,10,35,0,0,2,2,1,2,1,1,8,0,3,4,,,
201027500418,5,3,2,44,9,45.093,1,1,5,2010,17,33,34,0,0,1,1,1,2,1,2,8,0,1,3,,,
201027500423,4,3,3,44,9,315.654,2,1,6,2010,17,48,12,1,0,2,5,1,1,1,2,8,0,8,1,,,
201027500426,6,3,3,44,9,135.28,2,1,7,2010,10,40,12,6,0,4,1,1,0,0,2,8,0,1,1,,,
201027500431,4,3,3,44,9,315.654,2,1,4,2010,9,58,12,7,0,2,1,1,0,0,2,8,0,8,1,,,
201027500433,3,3,4,44,9,45.093,2,1,4,2010,11,30,12,1,0,2,1,1,2,3,2,1,0,3,1,,,
201027500443,2,3,5,44,9,45.093,2,1,4,2010,13,18,12,1,0,1,1,1,3,3,2,1,0,1,1,,,
201027500449,5,3,5,44,9,45.093,2,1,1,2010,15,25,12,2,0,2,1,3,2,2,2,1,0,8,1,,,
201027500453,5,3,6,44,9,85.158,2,1,5,2010,22,27,12,1,0,4,2,1,2,2,2,1,0,1,1,,,
201027500464,3,3,3,44,9,45.093,2,1,7,2010,15,3,12,8,0,1,1,1,3,1,1,8,0,1,1,,,
201027500467,5,3,3,44,9,45.093,1,1,2,2010,22,19,30,0,0,1,3,1,2,1,2,8,0,1,4,,,
201027500469,4,3,3,44,9,315.654,2,1,2,2010,14,9,12,6,0,2,1,1,0,0,2,8,0,8,1,,,
201027500478,6,3,1,44,9,135.28,1,1,7,2010,9,26,40,0,0,1,1,3,0,0,2,3,0,1,4,,,
201027500480,6,3,2,44,9,135.28,1,1,1,2010,8,0,24,0,0,1,1,1,0,0,2,8,0,1,1,,,
201027500482,5,3,2,44,9,45.093,2,1,3,2010,7,42,12,6,0,2,1,1,1,3,2,8,0,3,1,,,
201027500483,4,3,2,44,9,315.654,1,1,4,2010,7,55,31,0,0,1,1,1,0,0,1,8,0,1,4,,,
201027500488,5,3,2,44,9,45.093,1,1,1,2010,20,0,42,0,0,1,2,5,2,1,1,8,0,1,4,,,
201027500490,6,3,2,44,9,135.28,1,1,2,2010,8,0,35,0,0,1,1,1,0,0,2,8,0,1,4,,,
201027500491,5,3,2,44,9,45.093,1,1,2,2010,7,40,34,0,0,1,1,10,1,1,2,8,0,1,4,,,
201027500492,5,3,2,44,9,45.093,1,1,2,2010,7,20,42,0,0,1,1,10,1,1,2,8,0,1,4,,,
201027500494,5,3,2,44,9,45.093,1,1,2,2010,6,45,1,0,0,1,1,10,1,1,2,8,0,1,4,,,
201027500497,3,3,2,44,9,45.093,1,1,5,2010,17,40,42,0,0,2,2,2,2,1,1,8,0,3,4,,,
201027500498,4,3,2,44,9,315.654,1,1,6,2010,21,17,24,0,0,1,2,1,0,0,2,8,0,1,1,,,
201027500503,6,3,2,44,9,135.28,1,1,7,2010,13,16,24,0,0,1,1,10,0,0,2,8,0,1,1,,,
201027500506,5,3,2,44,9,45.093,2,1,1,2010,14,55,12,6,0,4,1,2,2,5,2,8,0,1,1,,,
201027500512,5,3,3,44,9,45.093,4,1,4,2010,15,43,12,6,0,2,1,1,2,3,2,8,0,2,1,,,
201027500517,4,3,3,44,9,315.654,2,1,6,2010,15,33,12,6,0,4,1,4,0,0,2,8,0,1,1,,,
201027500525,4,3,3,44,9,315.654,2,2,2,2010,16,10,12,8,0,1,1,1,0,0,2,8,0,1,1,,,
201027500527,6,3,3,44,9,135.28,1,2,3,2010,20,37,32,0,0,1,2,5,0,0,2,8,0,1,4,,,
201027500528,5,3,3,44,9,45.093,1,2,3,2010,21,59,34,0,0,2,3,10,1,2,1,8,0,3,4,,,
201027500532,6,3,4,44,9,135.28,2,1,5,2010,15,11,12,6,0,4,1,2,1,1,2,1,0,1,1,,,
201027500534,4,3,4,44,9,315.654,3,1,6,2010,16,24,12,1,0,1,1,1,0,0,2,1,0,1,1,,,
201027500541,6,3,5,44,9,135.28,1,1,7,2010,11,50,74,0,0,1,1,3,0,0,2,1,0,1,3,,,
201027500546,6,3,6,44,9,170.316,1,1,7,2010,1,2,34,0,0,2,3,10,0,0,2,1,0,3,4,,,
201027500549,4,3,1,44,9,315.654,1,1,6,2010,5,30,42,0,0,1,2,5,0,0,2,3,0,1,4,,,
201027500552,5,3,1,44,9,45.093,1,1,1,2010,1,50,34,0,0,1,2,1,1,2,1,3,0,1,4,,,
201027500558,4,3,1,44,9,315.654,2,1,3,2010,15,40,12,6,0,4,1,1,1,2,2,3,0,1,1,,,
201027500559,5,3,1,44,9,45.093,1,1,4,2010,10,0,53,0,0,1,1,1,1,2,2,3,0,1,4,,,
201027500560,3,3,1,44,9,45.093,2,1,4,2010,17,24,12,6,0,4,5,1,2,3,2,3,0,1,1,,,
201027500567,4,3,1,44,9,315.654,1,1,3,2010,7,4,21,0,0,1,4,1,1,1,2,3,0,1,2,,,
201027500569,2,3,1,44,9,45.093,2,1,3,2010,8,59,12,6,1,5,1,1,1,1,2,3,0,3,1,,,
201027500575,5,3,1,44,9,45.093,2,1,5,2010,17,33,12,2,0,2,2,1,2,5,2,3,0,3,1,,,
201027500576,4,3,1,44,9,315.654,1,1,5,2010,22,19,24,0,0,1,2,1,0,0,2,3,0,1,1,,,
201027500578,3,3,1,44,9,45.093,1,1,6,2010,22,4,38,0,0,1,2,1,2,1,1,3,0,1,5,,,
201027500581,6,3,1,44,9,135.28,2,1,7,2010,12,36,12,6,0,4,1,1,0,0,2,3,0,1,1,,,
201027500584,1,3,1,44,9,45.093,1,1,1,2010,7,50,32,0,0,1,1,2,3,1,2,3,0,1,4,,,
201027500588,5,3,1,44,9,45.093,1,1,3,2010,21,29,59,0,0,1,2,1,2,1,2,3,0,1,4,,,
201027500589,4,3,1,44,9,315.654,1,1,3,2010,23,52,38,0,0,1,2,1,0,0,2,3,0,1,5,,,
201027500593,6,3,1,44,9,135.28,1,1,5,2010,9,35,1,0,0,1,1,2,0,0,2,3,0,1,4,,,
201027500599,4,3,1,44,9,315.654,1,1,1,2010,7,15,42,0,0,1,1,2,0,0,2,3,0,1,4,,,
201027500601,6,3,1,44,9,135.28,1,1,2,2010,0,5,32,0,0,1,2,2,0,0,2,3,0,1,4,,,
201027500603,5,3,1,44,9,45.093,1,1,2,2010,17,10,42,0,0,1,1,1,1,1,2,3,0,1,6,,,
201027500610,5,3,1,44,9,45.093,2,1,5,2010,16,55,12,6,0,2,1,1,1,3,2,3,0,3,1,,,
201027500611,4,3,1,44,9,315.654,2,1,6,2010,9,24,12,1,0,2,1,1,1,1,2,3,0,3,1,,,
201027500618,4,3,1,44,9,315.654,1,1,6,2010,23,41,59,0,1,5,2,4,0,0,2,3,0,1,8,,,
201027500620,6,3,1,44,9,135.28,1,1,7,2010,4,24,35,0,0,1,2,10,0,0,2,3,0,1,4,,,
201027500624,2,3,1,44,9,45.093,2,1,1,2010,14,1,12,1,0,1,1,1,0,0,2,3,0,1,1,,,
201027500626,6,3,1,44,9,135.28,1,1,1,2010,19,59,32,0,0,1,2,1,0,0,2,3,0,1,4,,,
201027500633,4,3,1,44,9,315.654,1,2,2,2010,15,32,42,0,0,1,1,10,0,0,2,3,0,1,5,,,
201027500636,5,3,1,44,9,45.093,1,2,4,2010,8,13,74,0,0,1,1,5,1,1,2,3,0,1,3,,,
201027500638,2,3,1,44,9,45.093,2,2,4,2010,16,0,12,1,0,1,1,1,2,1,2,3,0,1,1,,,
201027500642,6,3,1,44,9,135.28,2,2,6,2010,9,15,12,1,0,1,1,2,0,0,2,3,0,1,1,,,
201027500643,4,3,1,44,9,315.654,1,2,6,2010,13,45,32,0,0,1,1,2,0,0,1,3,0,1,4,,,
201027500647,5,3,1,44,9,45.093,1,2,1,2010,13,4,42,0,0,1,1,1,2,2,2,3,0,1,4,,,
201027500651,5,3,1,44,9,45.093,1,2,1,2010,22,14,42,0,0,1,3,1,1,1,2,3,0,1,4,,,
201027500657,5,3,3,44,9,45.093,2,2,5,2010,16,13,12,1,0,2,1,10,1,2,2,8,0,2,1,,,
201027500660,4,3,3,44,9,315.654,2,2,6,2010,20,7,12,6,0,1,3,2,1,1,2,8,0,1,1,,,
201027500666,2,3,3,44,9,45.093,2,2,3,2010,6,45,5,0,0,2,3,1,2,1,2,8,0,8,1,,,
201027500668,4,3,3,44,9,315.654,2,2,3,2010,16,45,12,6,0,2,1,2,0,0,2,8,0,2,1,,,
201027500675,6,3,5,44,9,135.28,1,2,1,2010,2,44,2,0,0,1,3,10,0,0,1,1,0,1,1,,,
201027500676,4,3,5,44,9,315.654,2,2,2,2010,18,20,12,1,0,2,5,1,0,0,2,1,0,2,1,,,
201027500681,6,3,1,44,9,135.28,1,2,3,2010,13,53,42,0,0,1,1,2,2,1,2,3,0,1,4,,,
201027500684,4,3,1,44,9,315.654,2,2,4,2010,6,32,12,1,0,1,2,1,0,0,2,3,0,1,1,,,
201027500692,4,3,1,44,9,315.654,1,2,6,2010,22,44,42,0,0,1,2,4,0,0,2,3,0,1,4,,,
201027500693,6,3,1,44,9,135.28,1,2,6,2010,22,50,30,0,0,1,2,4,0,0,2,3,0,1,4,,,
201027500701,6,3,1,44,9,135.28,2,2,6,2010,18,7,12,6,0,1,2,10,0,0,2,3,0,1,1,,,
201027500704,4,3,1,44,9,315.654,1,2,7,2010,12,38,34,0,0,1,1,1,0,0,2,3,0,1,4,,,
201027500706,5,3,1,44,9,45.093,1,2,7,2010,15,45,1,0,0,1,1,1,1,1,2,3,0,1,2,,,
201027500712,1,3,1,44,9,45.093,3,2,1,2010,17,34,12,8,0,1,1,1,3,6,2,3,0,1,1,,,
201027500713,5,3,1,44,9,45.093,1,2,1,2010,1,0,1,0,0,1,2,1,2,2,1,3,0,1,2,,,
201027500715,5,3,3,44,9,45.093,2,2,4,2010,23,28,12,6,0,2,2,1,2,1,2,8,0,2,1,,,
201027500719,4,3,3,44,9,315.654,2,2,5,2010,10,28,12,6,0,2,1,1,1,1,2,8,0,8,1,,,
201027500722,5,3,3,44,9,45.093,2,2,6,2010,18,52,12,6,0,2,3,4,1,1,2,8,0,8,1,,,
201027500728,4,3,3,44,9,315.654,1,2,2,2010,7,3,24,0,0,1,1,2,0,0,2,8,0,1,1,,,
201027500731,6,3,3,44,9,135.28,2,2,3,2010,15,41,12,1,0,1,1,1,0,0,2,8,0,1,1,,,
201027500737,3,3,5,44,9,45.093,2,2,5,2010,15,32,12,7,0,2,1,1,2,1,2,1,0,8,1,,,
201027500744,4,3,5,44,9,315.654,3,2,7,2010,3,36,12,1,0,1,3,4,0,0,2,1,0,1,1,,,
201027500748,1,3,1,44,9,45.093,2,2,3,2010,23,4,12,2,0,1,2,1,3,3,1,3,0,1,1,,,
201027500749,4,3,1,44,9,315.654,1,2,4,2010,22,31,42,0,0,1,2,1,0,0,1,3,0,1,4,,,
201027500751,1,3,1,44,9,45.093,1,2,4,2010,6,5,42,0,0,1,2,1,3,2,1,3,0,1,4,,,
201027500752,6,3,1,44,9,135.28,2,2,4,2010,18,36,12,1,0,2,2,1,0,0,2,3,0,3,1,,,
201027500754,5,3,1,44,9,45.093,1,2,5,2010,15,57,35,0,0,1,1,1,1,1,2,3,0,1,4,,,
201027500756,5,3,1,44,9,45.093,2,2,6,2010,19,23,12,1,0,1,2,1,1,1,2,3,0,1,1,,,
201027500760,4,3,1,44,9,315.654,1,2,7,2010,19,58,24,0,0,1,2,1,0,0,2,3,0,1,1,,,
201027500763,5,3,1,44,9,45.093,2,2,7,2010,18,10,12,6,0,4,1,1,1,1,2,3,0,1,1,,,
201027500767,6,3,2,44,9,135.28,1,1,2,2010,5,0,43,0,0,1,2,1,0,0,2,8,0,1,4,,,
201027500770,4,3,2,44,9,315.654,2,1,3,2010,9,58,12,1,0,2,1,1,1,1,2,8,0,8,1,,,
201027500772,5,3,2,44,9,45.093,1,1,4,2010,17,2,1,0,0,1,5,1,1,1,2,8,0,1,2,,,
201027500773,6,3,2,44,9,135.28,2,1,4,2010,21,30,12,6,0,2,2,1,2,1,2,8,0,2,1,,,
201027500780,5,3,2,44,9,45.093,2,1,6,2010,17,56,12,2,0,1,1,4,1,2,2,8,0,1,1,,,
201027500781,5,3,2,44,9,45.093,1,1,6,2010,19,55,35,0,0,1,2,4,2,2,2,8,0,1,4,,,
201027500782,4,3,2,44,9,315.654,1,1,6,2010,21,15,43,0,0,1,2,4,0,0,2,8,0,1,3,,,
201027500785,1,3,2,44,9,45.093,1,1,7,2010,22,55,74,0,0,1,2,1,3,3,2,8,0,1,3,,,
201027500787,6,3,2,44,9,135.28,2,2,3,2010,17,48,12,6,0,4,1,10,0,0,2,8,0,1,1,,,
201027500788,1,3,2,44,9,45.093,2,2,3,2010,19,25,12,6,0,2,2,10,3,2,2,8,0,2,1,,,
201027500791,5,3,2,44,9,45.093,1,2,4,2010,7,17,74,0,0,1,4,5,1,1,2,8,0,1,4,,,
201027500794,5,3,2,44,9,45.093,1,2,4,2010,7,37,42,0,0,1,1,5,1,1,2,8,0,1,4,,,
201027500797,4,3,2,44,9,315.654,1,2,4,2010,8,31,35,0,0,1,1,1,1,1,2,8,0,1,4,,,
201027500798,6,3,2,44,9,135.28,1,2,4,2010,9,20,35,0,0,1,1,1,0,0,2,8,0,1,4,,,
201027500801,6,3,2,44,9,135.28,2,2,5,2010,13,52,12,6,0,2,1,10,1,1,2,8,0,2,1,,,
201027500802,5,3,2,44,9,45.093,1,2,6,2010,1,30,42,0,0,1,2,4,2,1,1,8,0,1,4,,,
201027500809,1,3,2,44,9,45.093,1,2,7,2010,21,27,42,0,0,1,2,1,3,1,1,8,0,1,5,,,
201027500810,1,3,2,44,9,45.093,1,2,1,2010,5,0,42,0,0,1,2,1,3,1,1,8,0,1,4,,,
201027500812,4,3,2,44,9,315.654,2,2,1,2010,17,46,12,2,0,1,5,1,0,0,2,8,0,1,1,,,
201027500817,6,3,2,44,9,135.28,2,2,2,2010,20,46,14,0,0,1,2,10,2,1,2,8,1,1,2,,,
201027500818,5,3,2,44,9,45.093,1,2,4,2010,7,25,1,0,0,1,1,10,2,2,2,8,0,1,4,,,
201027500823,4,3,2,44,9,315.654,2,2,6,2010,7,49,12,1,0,2,2,4,1,3,2,8,0,3,1,,,
201027500829,5,3,2,44,9,45.093,1,2,6,2010,18,30,1,0,0,1,2,4,1,2,2,8,0,1,4,,,
201027500830,6,3,2,44,9,135.28,1,2,6,2010,18,30,1,0,0,1,2,4,0,0,2,8,0,1,4,,,
201027500832,5,3,2,44,9,45.093,2,2,6,2010,18,45,12,6,0,1,2,4,1,2,2,8,0,1,4,,,
201027500836,4,3,2,44,9,315.654,1,2,7,2010,1,27,74,0,0,1,2,4,0,0,2,8,0,1,4,,,
201027500838,1,3,2,44,9,45.093,1,2,7,2010,7,33,42,0,0,1,1,1,3,1,1,8,0,1,4,,,
201027500840,5,3,2,44,9,45.093,1,2,1,2010,2,15,38,0,0,1,2,1,1,1,1,8,0,1,5,,,
201027500841,5,3,2,44,9,45.093,1,2,1,2010,10,15,34,0,0,1,1,1,2,1,2,8,0,1,4,,,
201027500842,5,3,2,44,9,45.093,1,2,2,2010,8,30,53,0,0,1,1,2,1,3,2,8,0,1,4,,,
201027500845,6,3,2,44,9,135.28,1,2,3,2010,14,40,42,0,0,1,1,1,1,1,2,8,0,1,4,,,
201027500848,4,3,2,44,9,315.654,1,2,4,2010,18,55,24,0,0,1,2,1,0,0,2,8,0,1,1,,,
201027500851,4,3,3,44,9,315.654,2,2,5,2010,22,18,14,0,0,1,3,1,0,0,2,8,1,1,5,,,
201027500859,4,3,3,44,9,315.654,2,2,2,2010,11,4,12,1,0,2,1,10,0,0,2,8,0,2,1,,,
201027500866,5,3,4,44,9,45.093,2,2,4,2010,6,15,12,2,0,2,3,5,1,1,2,1,0,3,1,,,
201027500867,3,3,4,44,9,45.093,2,2,4,2010,8,5,12,6,0,4,1,1,2,2,2,1,0,1,1,,,
201027500870,4,3,4,44,9,315.654,2,2,6,2010,18,21,12,1,0,2,3,10,1,1,2,1,0,2,1,,,
201027500873,5,3,4,44,9,45.093,1,2,4,2010,0,5,38,0,0,2,3,10,1,1,1,1,0,3,5,,,
201027500880,4,3,4,44,9,315.654,2,2,6,2010,19,10,14,0,0,1,3,4,0,0,2,1,1,1,4,,,
201027500881,6,3,4,44,9,135.28,2,2,3,2010,17,18,12,6,0,4,1,1,1,1,2,1,0,1,1,,,
201027500882,2,3,4,44,9,45.093,2,2,5,2010,7,30,12,6,0,2,1,1,2,1,2,1,0,2,1,,,
201027500890,6,3,6,44,9,170.316,2,2,1,2010,11,20,12,6,0,4,1,1,0,0,2,1,0,1,1,,,
201027500892,4,3,6,44,9,255.475,2,2,7,2010,14,46,12,1,0,1,1,1,0,0,2,1,0,1,1,,,
201027500896,5,3,1,44,9,45.093,1,2,3,2010,13,47,34,0,0,1,1,1,1,1,1,3,0,1,4,,,
201027500897,5,3,1,44,9,45.093,2,2,4,2010,15,39,12,6,0,2,1,2,2,4,2,3,0,2,1,,,
201027500898,3,3,1,44,9,45.093,2,2,4,2010,17,20,12,1,0,1,1,2,2,1,2,3,0,1,1,,,
201027500901,4,3,1,44,9,315.654,2,2,5,2010,10,36,12,7,0,1,1,1,0,0,2,3,0,1,1,,,
201027500904,6,3,1,44,9,135.28,1,2,1,2010,8,39,53,0,0,1,1,1,0,0,2,3,0,1,4,,,
201027500905,5,3,1,44,9,45.093,3,2,6,2010,19,44,12,1,0,1,2,1,2,1,2,3,0,1,1,,,
201027500907,3,3,1,44,9,45.093,1,2,2,2010,17,59,30,0,0,1,1,1,2,2,2,3,0,1,4,,,
201027500911,5,3,1,44,9,45.093,1,2,7,2010,1,53,24,0,0,1,2,1,1,2,2,3,0,1,1,,,
201027500915,6,3,3,44,9,135.28,2,2,5,2010,15,27,12,1,0,1,1,8,0,0,2,8,0,1,1,,,
201027500918,5,3,3,44,9,45.093,2,2,5,2010,21,30,12,6,0,2,3,1,1,2,2,8,0,2,1,,,
201027500920,4,3,3,44,9,315.654,2,2,6,2010,19,13,12,6,0,4,3,1,0,0,2,8,0,1,1,,,
201027500923,3,3,3,44,9,45.093,2,2,1,2010,0,57,1,0,0,2,3,1,3,1,2,8,0,2,1,,,
201027500925,2,3,3,44,9,45.093,2,3,2,2010,8,7,12,6,0,2,1,8,2,3,2,8,0,2,1,,,
201027500926,5,3,3,44,9,45.093,1,3,2,2010,16,42,30,0,0,1,1,1,2,1,1,8,0,1,4,,,
201027500927,5,3,3,44,9,45.093,2,3,2,2010,14,26,12,6,0,4,1,1,1,1,2,8,0,1,1,,,