CASENUM,STRATUM,REGION,PJ,PSU,PSUSTRAT,WEIGHT,VE_TOTAL,MONTH,WKDY_IM,YEAR,HOUR_IM,MINUTE_IM,EVENT1_IM,MANCOL_IM,RELJCT1_IM,RELJCT2_IM,LGTCON_IM,WEATHR_IM,MAXSEV_IM,NO_INJ_IM,ALCHL_IM,LAND_USE,PVH_INVL,TYP_INT,REL_ROAD,CF1,CF2,CF3
201027501661,6,3,4,44,9,135.28,2,5,1,2010,10,34,12,6,0,2,1,1,1,4,2,1,0,2,1,,,
201027501665,4,3,5,44,9,315.654,2,5,3,2010,15,38,12,1,0,2,1,1,0,0,2,1,0,3,1,,,
201027501667,3,3,6,44,9,85.158,2,5,4,2010,13,20,12,7,0,2,1,1,2,1,1,1,0,2,1,,,
201027501674,5,3,1,44,9,45.093,2,5,3,2010,19,8,12,6,0,4,1,10,1,3,2,3,0,1,1,,,
201027501675,4,3,1,44,9,315.654,1,5,3,2010,7,9,30,0,0,1,1,10,0,0,2,3,0,1,4,,,
201027501680,6,3,1,44,9,135.28,1,5,5,2010,6,30,53,0,0,1,1,1,0,0,2,3,0,1,4,,,
201027501686,6,3,1,44,9,135.28,1,5,1,2010,8,56,42,0,0,2,1,1,0,0,2,3,0,3,4,,,
201027501688,4,3,3,44,9,315.654,2,5,6,2010,16,32,12,1,0,1,1,1,1,2,2,8,0,1,1,,,
201027501697,5,3,3,44,9,45.093,2,5,5,2010,18,13,12,1,0,2,1,1,1,1,2,8,0,3,1,,,
201027501698,4,3,3,44,9,315.654,2,5,6,2010,15,45,12,6,0,2,1,10,0,0,2,8,0,3,1,,,
201027501702,6,3,3,44,9,135.28,1,5,7,2010,5,10,75,0,0,1,6,1,0,0,2,8,0,1,4,,,
201027501706,4,3,3,44,9,315.654,1,5,2,2010,6,3,53,0,0,1,4,10,0,0,2,8,0,1,5,,,
201027501708,6,3,5,44,9,135.28,2,4,4,2010,8,53,12,7,0,1,1,10,0,0,2,1,0,1,1,,,
201027501710,5,3,5,44,9,45.093,2,5,4,2010,16,54,12,6,0,2,1,1,1,4,2,1,0,3,1,,,
201027501715,3,3,1,44,9,45.093,2,5,1,2010,18,0,12,6,0,2,1,1,2,1,2,3,0,3,1,,,
201027501716,5,3,1,44,9,45.093,1,5,2,2010,21,45,42,0,0,1,2,1,2,2,1,3,0,1,4,,,
201027501717,4,3,1,44,9,315.654,2,5,2,2010,14,19,12,1,0,1,1,10,1,2,2,3,0,1,1,,,
201027501726,4,3,1,44,9,315.654,1,5,6,2010,0,49,24,0,0,1,2,1,0,0,2,3,0,1,1,,,
201027501734,4,3,1,44,9,315.654,2,5,7,2010,14,57,12,6,0,2,1,1,1,2,2,3,0,2,1,,,
201027501735,5,3,1,44,9,45.093,2,5,7,2010,12,5,12,6,0,4,1,1,2,3,2,3,0,1,1,,,
201027501739,5,3,1,44,9,45.093,2,5,2,2010,19,11,12,6,0,2,1,10,1,2,2,3,0,4,1,,,
201027501745,5,3,2,44,9,45.093,2,5,3,2010,19,15,12,1,0,2,1,1,2,5,2,8,0,3,1,,,
201027501748,4,3,2,44,9,315.654,3,5,3,2010,13,45,12,1,0,1,1,10,1,3,2,8,0,1,1,,,
201027501752,3,3,2,44,9,45.093,2,5,6,2010,14,53,12,6,0,4,1,2,2,3,2,8,0,1,1,,,
201027501753,3,3,2,44,9,45.093,1,5,7,2010,15,0,1,0,0,1,1,1,3,1,2,8,0,1,2,,,
201027501756,1,3,2,44,9,45.093,1,5,1,2010,22,35,53,0,0,1,2,10,3,2,1,8,0,1,4,,,
201027501757,6,3,2,44,9,135.28,1,5,2,2010,19,14,35,0,0,1,1,2,1,2,2,8,0,1,4,,,
201027501761,4,3,2,44,9,315.654,1,5,5,2010,16,40,21,0,0,1,1,1,1,2,2,8,0,1,2,,,
201027501763,3,3,2,44,9,45.093,1,5,7,2010,19,21,42,0,0,1,1,1,2,3,2,8,0,1,4,,,
201027501766,5,3,2,44,9,45.093,1,5,1,2010,4,0,30,0,0,1,3,1,2,1,1,8,0,1,4,,,
201027501772,3,3,3,44,9,45.093,1,5,5,2010,23,11,53,0,0,1,6,1,2,2,1,8,0,1,4,,,
201027501776,3,3,3,44,9,45.093,1,5,1,2010,21,23,22,0,0,1,3,1,2,1,1,8,0,1,1,,,
201027501780,4,3,3,44,9,315.654,1,5,1,2010,21,4,24,0,0,1,2,1,0,0,2,8,0,1,1,,,
201027501782,6,3,3,44,9,135.28,2,5,2,2010,16,37,12,1,0,2,1,10,0,0,2,8,0,3,1,,,
201027501787,5,3,4,44,9,45.093,2,5,5,2010,18,9,12,6,0,2,1,1,1,1,2,1,0,8,1,,,
201027501791,4,3,4,44,9,315.654,2,5,2,2010,22,53,12,1,0,2,2,10,1,3,2,1,0,8,1,,,
201027501793,5,3,4,44,9,45.093,2,5,4,2010,11,31,12,8,0,1,1,1,2,2,2,1,0,1,1,,,
201027501798,4,3,6,44,9,255.475,2,5,6,2010,15,36,12,1,0,4,1,10,0,0,2,1,0,1,1,,,
201027501799,5,3,6,44,9,85.158,2,5,6,2010,16,9,12,2,0,2,1,10,2,5,2,1,0,3,1,,,
201027501801,5,3,6,44,9,85.158,2,5,5,2010,15,54,12,7,0,4,1,1,1,1,2,1,0,1,1,,,
201027501803,6,3,1,44,9,135.28,2,5,4,2010,19,4,12,2,0,4,1,1,0,0,2,3,0,1,1,,,
201027501808,6,3,1,44,9,135.28,1,6,5,2010,14,45,74,0,0,1,1,1,0,0,2,3,0,1,3,,,
201027501810,5,3,1,44,9,45.093,1,6,6,2010,19,24,35,0,0,1,1,10,1,1,1,3,0,1,4,,,
201027501812,4,3,1,44,9,315.654,1,6,7,2010,16,42,59,0,0,2,1,1,0,0,2,3,0,2,4,,,
201027501817,2,3,3,44,9,45.093,2,6,3,2010,10,40,12,6,0,1,1,1,1,2,2,8,0,1,1,,,
201027501819,3,3,3,44,9,45.093,2,6,4,2010,17,10,12,6,0,2,1,10,2,1,2,8,0,3,1,,,
201027501823,4,3,3,44,9,315.654,2,6,6,2010,11,13,12,1,0,2,1,1,0,0,2,8,0,3,1,,,
201027501824,6,3,3,44,9,135.28,1,6,7,2010,0,10,42,0,0,1,3,1,0,0,1,8,0,1,5,,,
201027501825,3,3,3,44,9,45.093,2,6,7,2010,12,15,12,6,0,4,1,1,2,1,2,8,0,1,1,,,
201027501827,3,3,3,44,9,45.093,2,6,7,2010,18,45,12,6,0,2,1,10,3,1,2,8,0,3,1,,,
201027501829,3,3,3,44,9,45.093,1,6,1,2010,17,1,1,0,0,1,1,1,2,1,2,8,0,1,1,,,
201027501834,4,3,5,44,9,315.654,2,5,6,2010,17,21,12,1,0,1,1,10,0,0,2,1,0,1,1,,,
201027501836,3,3,5,44,9,45.093,1,5,1,2010,11,57,1,0,0,1,1,10,2,1,2,1,0,1,4,,,
201027501837,5,3,5,44,9,45.093,1,6,7,2010,9,1,74,0,0,1,1,1,0,0,2,1,0,1,3,,,
201027501846,4,3,1,44,9,315.654,2,6,4,2010,18,12,12,1,0,4,1,1,0,0,2,3,0,1,1,,,
201027501850,6,3,1,44,9,135.28,1,6,6,2010,16,34,38,0,0,1,1,1,0,0,2,3,0,1,5,,,
201027501851,5,3,1,44,9,45.093,2,6,7,2010,23,37,12,1,0,1,6,1,2,3,1,3,0,1,1,,,
201027501852,5,3,1,44,9,45.093,3,6,7,2010,14,35,12,1,0,2,1,1,1,2,2,3,0,3,1,,,
201027501853,5,3,1,44,9,45.093,1,6,7,2010,0,38,34,0,0,1,2,1,1,1,1,3,0,1,4,,,
201027501855,5,3,1,44,9,45.093,1,6,1,2010,17,55,35,0,0,1,1,2,2,1,2,3,0,1,4,,,
201027501858,3,3,2,44,9,45.093,1,6,3,2010,21,15,1,0,0,1,2,10,2,1,1,8,0,1,1,,,
201027501862,4,3,2,44,9,315.654,1,6,5,2010,7,0,35,0,0,1,1,1,1,1,2,8,0,1,4,,,
201027501863,6,3,2,44,9,135.28,2,6,6,2010,14,29,12,1,0,1,1,10,0,0,2,8,0,1,1,,,
201027501865,3,3,2,44,9,45.093,1,6,7,2010,8,57,22,0,0,4,1,1,2,1,2,8,0,1,1,,,
201027501867,3,3,2,44,9,45.093,2,6,2,2010,20,0,12,8,0,1,1,1,2,1,2,8,0,1,1,,,
201027501871,6,3,2,44,9,135.28,1,6,5,2010,13,2,35,0,0,1,1,1,0,0,2,8,0,1,4,,,
201027501875,5,3,2,44,9,45.093,2,6,6,2010,16,40,12,6,0,2,1,1,1,4,2,8,0,2,1,,,
201027501877,6,3,2,44,9,135.28,1,6,1,2010,15,30,42,0,0,1,1,2,0,0,2,8,0,1,4,,,
201027501879,2,3,2,44,9,45.093,2,6,2,2010,7,45,12,1,0,4,1,1,0,0,2,8,0,1,1,,,
201027501883,4,3,3,44,9,315.654,2,6,4,2010,12,56,12,8,0,1,1,1,0,0,2,8,0,1,1,,,
201027501892,4,3,3,44,9,315.654,2,6,6,2010,18,55,12,6,0,4,1,1,0,0,2,8,0,1,1,,,
201027501899,5,3,4,44,9,45.093,2,6,7,2010,17,13,12,1,0,4,1,1,2,1,2,1,0,1,1,,,
201027501904,6,3,4,44,9,135.28,2,6,5,2010,13,59,12,1,0,1,1,1,0,0,2,1,0,1,1,,,
201027501905,4,3,4,44,9,315.654,1,6,5,2010,16,50,34,0,0,1,1,1,0,0,2,1,0,1,4,,,
201027501912,3,3,5,44,9,45.093,1,6,1,2010,3,21,21,0,0,1,2,1,4,2,1,1,0,1,1,,,
201027501915,3,3,6,44,9,85.158,1,6,7,2010,12,34,1,0,0,2,1,10,2,1,2,1,0,3,4,,,
201027501916,5,3,6,44,9,85.158,2,6,1,2010,7,56,12,6,0,1,1,1,1,1,2,1,0,1,1,,,
201027501919,3,3,1,44,9,45.093,1,6,7,2010,22,13,21,0,0,1,2,1,4,1,2,3,0,1,1,,,
201027501922,4,3,1,44,9,315.654,1,6,2,2010,19,45,33,0,0,1,1,1,0,0,2,3,0,1,4,,,
201027501923,3,3,1,44,9,45.093,2,6,2,2010,16,5,12,6,0,4,1,1,2,1,2,3,0,1,1,,,
201027501924,5,3,1,44,9,45.093,2,6,3,2010,21,28,12,6,0,2,2,1,1,2,1,3,0,2,1,,,
201027501926,3,3,1,44,9,45.093,2,6,4,2010,16,12,12,6,0,2,1,10,2,1,2,3,0,2,1,,,
201027501931,3,3,1,44,9,45.093,1,6,1,2010,12,8,1,0,0,1,1,1,2,1,2,3,0,1,1,,,
201027501932,3,3,1,44,9,45.093,1,6,1,2010,23,8,18,0,0,1,6,1,3,2,2,3,0,1,1,,,
201027501935,6,3,1,44,9,135.28,2,6,1,2010,12,38,54,0,0,2,1,1,0,0,2,3,0,2,1,,,
201027501936,4,3,1,44,9,315.654,2,6,2,2010,10,49,12,1,0,2,1,1,1,1,2,3,0,8,1,,,
201027501939,3,3,3,44,9,45.093,1,6,3,2010,16,18,13,0,0,2,1,10,2,1,2,8,0,2,1,,,
201027501940,5,3,3,44,9,45.093,1,6,5,2010,16,2,59,0,0,4,1,1,2,2,2,8,0,1,3,,,
201027501944,4,3,3,44,9,315.654,2,6,7,2010,15,58,12,1,0,2,1,10,0,0,2,8,0,8,1,,,
201027501950,4,3,5,44,9,315.654,2,6,4,2010,15,55,12,6,0,4,1,1,0,0,2,1,0,1,1,,,
201027501953,5,3,5,44,9,45.093,2,6,6,2010,8,53,12,1,0,1,1,1,2,3,2,1,0,1,1,,,
201027501954,5,3,5,44,9,45.093,2,6,6,2010,12,18,12,6,0,2,1,1,1,2,2,1,0,2,1,,,
201027501964,4,3,1,44,9,315.654,1,6,7,2010,22,59,24,0,0,1,2,1,0,0,2,3,0,1,1,,,
201027501967,3,3,2,44,9,45.093,2,6,1,2010,18,5,12,1,0,1,1,10,2,2,2,8,0,1,1,,,
201027501968,4,3,2,44,9,315.654,2,6,6,2010,12,45,12,1,0,2,1,1,0,0,2,8,0,3,1,,,
201027501974,5,3,2,44,9,45.093,1,6,3,2010,9,30,1,0,0,1,1,1,2,1,2,8,0,1,4,,,
201027501975,5,3,2,44,9,45.093,1,6,3,2010,22,52,35,0,0,1,2,10,2,1,2,8,0,1,4,,,
201027501978,6,3,2,44,9,135.28,1,6,4,2010,12,12,74,0,0,1,1,1,1,1,2,8,0,1,3,,,
201027501980,4,3,2,44,9,315.654,2,6,4,2010,13,5,12,8,0,4,1,1,0,0,2,8,0,1,1,,,
201027501985,5,3,2,44,9,45.093,3,6,7,2010,2,45,41,0,0,1,2,1,1,1,1,8,2,1,4,,,
201027501990,4,3,2,44,9,315.654,1,6,3,2010,18,44,38,0,0,1,1,1,0,0,2,8,0,1,5,,,
201027501995,5,3,2,44,9,45.093,2,6,4,2010,15,25,12,1,0,1,1,1,1,1,1,8,0,1,1,,,
201027501997,6,3,2,44,9,135.28,1,6,5,2010,20,0,42,0,0,1,1,10,0,0,2,8,0,1,4,,,
201027502000,4,3,2,44,9,315.654,2,6,6,2010,13,50,12,1,0,1,1,1,0,0,2,8,0,1,1,,,
201027502002,6,3,2,44,9,135.28,2,6,7,2010,12,50,12,6,0,4,1,1,0,0,2,8,0,1,1,,,
201027502004,5,3,2,44,9,45.093,1,6,2,2010,4,0,53,0,0,1,2,1,1,1,1,8,0,1,4,,,
201027502007,6,3,3,44,9,135.28,2,6,3,2010,16,47,12,6,0,2,1,8,2,2,2,8,0,2,1,,,
201027502012,4,3,3,44,9,315.654,2,6,6,2010,16,0,12,7,0,1,1,1,0,0,2,8,0,1,1,,,
201027502022,5,3,4,44,9,45.093,2,6,2,2010,12,58,12,1,0,4,1,1,1,2,2,1,0,1,1,,,
201027502027,3,3,5,44,9,45.093,2,6,3,2010,12,25,12,8,0,1,1,1,2,1,2,1,0,1,1,,,
201027502029,5,3,5,44,9,45.093,2,6,6,2010,17,9,12,2,0,1,1,10,2,3,2,1,0,1,1,,,
201027502036,4,3,6,44,9,255.475,2,6,7,2010,12,10,12,1,0,2,1,1,1,2,2,1,0,3,1,,,
201027502038,2,3,1,44,9,45.093,2,6,5,2010,18,25,12,8,0,2,1,1,1,3,2,3,0,3,1,,,
201027502040,5,3,1,44,9,45.093,1,6,5,2010,20,21,1,0,0,1,2,10,2,1,1,3,0,1,4,,,
201027502041,3,3,1,44,9,45.093,1,6,6,2010,19,15,1,0,0,1,1,10,2,1,2,3,0,1,1,,,
201027502043,5,3,1,44,9,45.093,2,6,2,2010,5,26,12,6,0,2,4,1,2,1,2,3,0,2,1,,,
201027502046,5,3,1,44,9,45.093,1,6,3,2010,19,6,42,0,0,1,1,1,2,1,2,3,0,1,4,,,
201027502048,6,3,1,44,9,135.28,1,6,4,2010,10,50,75,0,0,1,1,1,0,0,2,3,0,1,4,,,
201027502049,3,3,1,44,9,45.093,2,7,6,2010,14,33,12,1,0,2,1,1,2,1,2,3,0,3,1,,,
201027502051,4,3,1,44,9,315.654,1,7,6,2010,13,11,42,0,0,1,1,1,0,0,2,3,0,1,4,,,
201027502055,3,3,1,44,9,45.093,1,7,1,2010,15,46,1,0,0,1,1,1,2,2,2,3,0,1,4,,,
201027502062,4,3,3,44,9,315.654,2,7,6,2010,16,37,12,1,0,1,1,10,0,0,2,8,0,1,1,,,
201027502067,6,3,3,44,9,135.28,2,7,2,2010,14,27,12,1,0,1,1,8,0,0,2,8,0,1,1,,,
201027502070,4,3,3,44,9,315.654,2,6,3,2010,11,58,12,1,0,2,1,1,1,1,2,8,0,2,1,,,
201027502073,3,3,5,44,9,45.093,2,6,3,2010,11,23,12,6,0,2,1,1,2,2,2,1,0,2,1,,,
201027502074,4,3,5,44,9,315.654,2,7,5,2010,8,35,12,7,1,5,1,10,0,0,2,1,0,1,4,,,
201027502078,5,3,5,44,9,45.093,1,7,7,2010,14,55,30,0,0,1,1,1,1,2,2,1,0,1,4,,,
201027502081,4,3,1,44,9,315.654,1,7,6,2010,5,30,42,0,0,1,2,1,0,0,2,3,0,1,4,,,
201027502088,4,3,1,44,9,315.654,1,7,3,2010,6,29,34,0,0,1,2,1,0,0,2,3,0,1,4,,,
201027502093,3,3,1,44,9,45.093,1,7,4,2010,18,43,34,0,0,1,1,1,2,1,2,3,0,1,4,,,
201027502096,4,3,1,44,9,315.654,2,7,7,2010,20,50,12,6,0,1,2,1,1,1,2,3,0,1,1,,,
201027502104,6,3,2,44,9,135.28,2,7,7,2010,7,38,12,2,0,1,1,1,2,3,2,8,0,1,1,,,
201027502108,3,3,2,44,9,45.093,1,7,2,2010,17,50,42,0,0,1,1,1,2,1,2,8,0,1,4,,,
201027502110,6,3,2,44,9,135.28,1,7,3,2010,4,39,34,0,0,1,2,1,1,1,2,8,0,1,4,,,
201027502111,5,3,2,44,9,45.093,1,7,4,2010,18,28,42,0,0,1,1,1,2,2,2,8,0,1,4,,,
201027502115,5,3,2,44,9,45.093,2,7,5,2010,15,0,12,1,0,4,1,1,2,2,2,8,0,1,1,,,
201027502116,4,3,2,44,9,315.654,2,7,6,2010,18,51,12,6,0,4,1,10,0,0,2,8,0,1,1,,,
201027502117,5,3,2,44,9,45.093,1,7,6,2010,19,45,30,0,0,1,1,10,2,1,2,8,0,1,4,,,
201027502118,5,3,2,44,9,45.093,2,7,7,2010,16,30,12,2,0,1,1,1,2,2,2,8,0,1,1,,,
201027502120,1,3,2,44,9,45.093,2,7,2,2010,16,27,12,2,0,1,1,1,4,2,2,8,0,1,1,,,
201027502128,4,3,3,44,9,315.654,2,7,6,2010,15,1,12,7,0,1,1,1,0,0,2,8,0,1,1,,,
201027502135,4,3,4,44,9,315.654,2,7,5,2010,15,24,12,6,0,4,1,1,0,0,2,1,0,1,1,,,
201027502146,6,3,5,44,9,135.28,3,7,5,2010,6,49,12,6,0,2,1,1,2,2,2,1,0,2,1,,,
201027502147,4,3,5,44,9,315.654,2,7,6,2010,16,49,12,1,1,5,1,10,1,1,2,1,0,3,1,,,
201027502149,2,3,5,44,9,45.093,2,7,2,2010,6,36,12,7,1,5,1,10,1,5,2,1,0,1,1,,,
201027502154,4,3,6,44,9,255.475,1,7,7,2010,22,50,30,0,0,1,6,1,0,0,2,1,0,1,4,,,
201027502158,5,3,1,44,9,45.093,1,7,3,2010,17,52,35,0,0,1,1,1,1,2,2,3,0,1,4,,,
201027502159,5,3,1,44,9,45.093,1,7,3,2010,2,30,33,0,0,1,3,1,1,1,1,3,0,1,4,,,
201027502162,4,3,1,44,9,315.654,1,7,5,2010,10,57,24,0,0,1,1,1,0,0,2,3,0,1,1,,,
201027502165,6,3,1,44,9,135.28,1,7,5,2010,15,53,35,0,0,1,1,1,0,0,2,3,0,1,4,,,
201027502167,5,3,1,44,9,45.093,1,7,7,2010,8,45,42,0,0,1,1,1,2,2,1,3,0,1,4,,,
201027502171,5,3,1,44,9,45.093,1,7,1,2010,8,2,1,0,0,1,1,10,2,1,2,3,0,1,5,,,
201027502174,6,3,1,44,9,135.28,2,7,2,2010,14,39,12,1,0,1,1,1,0,0,1,3,0,1,4,,,
201027502175,4,3,1,44,9,315.654,2,7,3,2010,13,15,12,1,0,1,1,1,1,2,2,3,0,1,1,,,
201027502181,5,3,3,44,9,45.093,1,7,6,2010,4,9,30,0,0,1,3,1,1,1,2,8,0,1,4,,,
201027502182,4,3,3,44,9,315.654,2,7,6,2010,11,45,12,1,0,4,1,1,1,2,2,8,0,1,1,,,
201027502186,5,3,3,44,9,45.093,2,7,2,2010,8,9,12,6,0,4,1,1,1,2,2,8,0,1,1,,,
201027502191,5,3,5,44,9,45.093,1,7,2,2010,7,44,18,0,0,1,1,1,1,1,2,1,0,1,5,,,
201027502194,2,3,1,44,9,45.093,1,7,2,2010,9,10,1,0,0,1,1,10,2,1,2,3,0,1,1,,,
201027502200,4,3,1,44,9,315.654,1,7,5,2010,21,28,24,0,0,1,2,1,1,1,2,3,0,1,1,,,
201027502207,6,3,2,44,9,135.28,5,7,2,2010,17,34,12,6,0,2,1,1,1,1,2,8,0,3,1,,,
201027502210,2,3,2,44,9,45.093,2,7,3,2010,11,30,12,2,0,1,1,1,3,1,2,8,0,1,1,,,
201027502213,6,3,2,44,9,135.28,2,7,4,2010,18,54,12,6,0,2,1,1,0,0,2,8,0,2,1,,,
201027502216,1,3,2,44,9,45.093,1,7,5,2010,17,25,35,0,0,1,1,1,4,1,2,8,0,1,4,,,
201027502218,5,3,2,44,9,45.093,1,7,2,2010,8,50,34,0,0,1,1,1,2,1,2,8,0,1,4,,,
201027502221,5,3,2,44,9,45.093,2,7,2,2010,19,37,12,6,0,1,1,1,1,1,2,8,0,1,1,,,
201027502223,5,3,2,44,9,45.093,1,7,2,2010,22,34,42,0,0,1,2,1,2,1,2,8,0,1,4,,,
201027502225,4,3,2,44,9,315.654,1,7,4,2010,22,30,24,0,0,1,2,1,0,0,2,8,0,1,1,,,
201027502227,5,3,2,44,9,45.093,1,7,5,2010,16,30,34,0,0,1,1,1,2,1,2,8,0,1,4,,,
201027502229,6,3,2,44,9,135.28,2,7,7,2010,15,0,12,6,0,2,1,1,2,2,2,8,0,3,1,,,
201027502231,2,3,3,44,9,45.093,2,7,3,2010,9,36,12,6,0,2,1,8,1,1,2,8,0,2,1,,,
201027502233,6,3,3,44,9,135.28,3,7,4,2010,14,54,12,6,0,2,1,1,0,0,2,8,0,3,1,,,
201027502237,4,3,3,44,9,315.654,2,7,6,2010,10,11,12,6,0,4,1,1,0,0,2,8,0,1,1,,,
201027502238,5,3,3,44,9,45.093,1,7,6,2010,13,28,43,0,0,1,1,1,2,1,2,8,0,1,4,,,
201027502242,3,3,4,44,9,45.093,1,7,4,2010,0,29,10,0,0,1,2,1,2,1,2,1,0,1,1,,,
201027502243,6,3,4,44,9,135.28,1,7,1,2010,7,11,43,0,0,1,1,1,1,1,2,1,0,1,5,,,
201027502246,5,3,4,44,9,45.093,2,7,3,2010,15,46,12,2,0,2,1,1,2,4,2,1,0,2,1,,,
201027502247,4,3,4,44,9,315.654,1,7,4,2010,15,44,30,0,0,1,1,1,0,0,2,1,0,1,4,,,
201027502254,3,3,1,44,9,45.093,2,7,7,2010,23,31,12,1,0,1,2,1,2,1,2,3,0,1,1,,,
201027502256,5,3,1,44,9,45.093,2,7,7,2010,18,53,12,6,0,2,1,1,1,4,2,3,0,2,1,,,
201027502257,4,3,1,44,9,315.654,1,7,1,2010,19,0,43,0,0,1,1,1,0,0,2,3,0,1,3,,,
201027502260,3,3,1,44,9,45.093,1,7,2,2010,19,29,42,0,0,1,5,1,2,1,2,3,0,1,4,,,
201027502261,5,3,1,44,9,45.093,1,7,3,2010,3,56,1,0,0,1,2,1,1,1,2,3,0,1,4,,,
201027502262,5,3,1,44,9,45.093,1,7,3,2010,3,36,1,0,0,1,2,1,1,1,2,3,0,1,4,,,
201027502264,3,3,1,44,9,45.093,1,7,5,2010,13,45,38,0,0,1,1,1,2,1,2,3,0,1,5,,,
201027502265,5,3,1,44,9,45.093,1,7,6,2010,17,47,34,0,0,1,1,1,2,1,1,3,0,1,4,,,
201027502266,3,3,1,44,9,45.093,1,7,6,2010,5,39,34,0,0,1,2,1,2,1,2,3,0,1,4,,,
201027502275,6,3,3,44,9,135.28,3,7,5,2010,11,16,12,1,0,2,1,1,0,0,2,8,0,2,1,,,
201027502278,4,3,3,44,9,315.654,2,7,7,2010,14,27,12,6,0,2,1,10,0,0,2,8,0,2,1,,,
201027502291,4,3,1,44,9,315.654,2,8,3,2010,16,15,12,1,0,1,1,1,0,0,2,3,0,1,1,,,
201027502293,6,3,1,44,9,135.28,2,8,4,2010,17,6,12,6,0,4,1,1,0,0,2,3,0,1,1,,,
201027502297,5,3,1,44,9,45.093,1,8,5,2010,20,9,38,0,0,1,2,2,2,3,2,3,0,1,5,,,
201027502301,3,3,1,44,9,45.093,1,8,7,2010,7,55,1,0,0,1,1,1,4,1,2,3,0,1,4,,,
201027502303,5,3,1,44,9,45.093,2,8,1,2010,17,16,12,6,0,2,1,1,1,2,2,3,0,2,1,,,
201027502306,3,3,2,44,9,45.093,2,7,7,2010,18,55,12,8,0,1,1,1,2,1,1,8,0,1,1,,,
201027502311,4,3,2,44,9,315.654,1,7,3,2010,0,20,24,0,0,1,2,10,0,0,2,8,0,1,1,,,
201027502314,2,3,2,44,9,45.093,1,7,5,2010,7,17,1,0,0,2,1,1,0,0,2,8,0,3,5,,,
201027502316,2,3,2,44,9,45.093,1,7,6,2010,11,42,35,0,0,1,1,1,0,0,2,8,0,1,4,,,
201027502317,6,3,2,44,9,135.28,1,7,7,2010,21,0,35,0,0,1,2,10,0,0,2,8,0,1,4,,,
201027502321,1,3,2,44,9,45.093,2,8,2,2010,12,45,12,6,0,2,1,10,4,3,2,8,0,3,1,,,
201027502327,5,3,3,44,9,45.093,5,8,5,2010,12,1,12,6,0,2,1,1,2,3,2,8,0,2,1,,,
201027502328,4,3,3,44,9,315.654,2,8,5,2010,15,13,12,1,0,2,1,1,0,0,2,8,0,8,1,,,
201027502339,5,3,5,44,9,45.093,4,8,3,2010,12,6,14,0,0,1,1,10,1,1,2,1,3,1,5,,,
201027502340,4,3,5,44,9,315.654,2,8,6,2010,19,11,12,7,0,2,1,10,1,3,2,1,0,3,1,,,
201027502343,5,3,6,44,9,85.158,2,8,4,2010,9,5,12,6,0,2,1,1,2,1,2,1,0,2,1,,,
201027502345,5,3,1,44,9,45.093,2,8,2,2010,13,41,12,1,0,1,1,1,1,2,2,3,0,1,1,,,
201027502346,5,3,1,44,9,45.093,1,8,2,2010,13,37,42,0,0,1,1,1,2,2,2,3,0,1,4,,,
201027502347,4,3,1,44,9,315.654,2,8,2,2010,13,5,12,6,0,4,1,1,0,0,2,3,0,1,1,,,
201027502348,6,3,1,44,9,135.28,1,8,2,2010,14,30,42,0,0,1,1,1,1,1,2,3,0,1,4,,,
201027502351,3,3,1,44,9,45.093,1,8,4,2010,18,22,35,0,0,2,1,10,3,2,1,3,0,4,4,,,
201027502357,5,3,1,44,9,45.093,2,8,5,2010,20,0,12,8,0,1,1,1,1,3,2,3,0,1,1,,,
201027502359,5,3,1,44,9,45.093,2,8,6,2010,15,40,12,1,0,2,1,1,1,1,2,3,0,3,1,,,
201027502360,4,3,1,44,9,315.654,2,8,6,2010,23,15,12,6,0,2,3,1,0,0,2,3,0,3,1,,,
201027502367,6,3,3,44,9,135.28,2,8,2,2010,17,17,12,1,0,2,1,1,0,0,2,8,0,8,1,,,
201027502368,5,3,3,44,9,45.093,2,8,2,2010,11,54,12,6,0,2,1,1,1,4,2,8,0,2,1,,,
201027502371,4,3,3,44,9,315.654,2,8,4,2010,14,34,12,1,0,1,1,1,0,0,2,8,0,1,1,,,
201027502372,5,3,3,44,9,45.093,2,8,4,2010,16,46,12,2,0,2,1,1,1,3,2,8,0,8,1,,,
201027502380,5,3,5,44,9,45.093,2,8,4,2010,17,10,12,6,0,2,1,1,1,2,2,1,0,2,1,,,
201027502384,5,3,1,44,9,45.093,1,7,2,2010,12,23,59,0,0,1,1,2,1,1,2,3,0,1,3,,,
201027502386,4,3,1,44,9,315.654,1,8,1,2010,16,22,35,0,0,1,1,1,1,2,2,3,0,1,4,,,
201027502388,6,3,1,44,9,135.28,2,8,3,2010,13,0,12,1,0,2,1,2,1,1,2,3,0,8,1,,,
201027502394,4,3,1,44,9,315.654,2,8,5,2010,18,47,12,6,0,2,1,1,0,0,2,3,0,2,1,,,
201027502398,5,3,2,44,9,45.093,1,8,2,2010,8,52,75,0,0,1,1,1,1,1,2,8,0,1,4,,,
201027502399,4,3,2,44,9,315.654,2,8,2,2010,7,15,12,6,0,2,1,1,0,0,2,8,0,8,1,,,
201027502400,6,3,2,44,9,135.28,1,8,3,2010,0,10,18,0,0,1,2,1,0,0,2,8,0,1,1,,,
201027502405,5,3,2,44,9,45.093,1,8,7,2010,23,3,32,0,0,1,2,2,2,1,1,8,0,1,4,,,