CASENUM,STRATUM,REGION,PJ,PSU,PSUSTRAT,WEIGHT,VE_TOTAL,MONTH,WKDY_IM,YEAR,HOUR_IM,MINUTE_IM,EVENT1_IM,MANCOL_IM,RELJCT1_IM,RELJCT2_IM,LGTCON_IM,WEATHR_IM,MAXSEV_IM,NO_INJ_IM,ALCHL_IM,LAND_USE,PVH_INVL,TYP_INT,REL_ROAD,CF1,CF2,CF3
201027503088,1,3,2,44,9,45.093,3,10,6,2010,6,5,12,6,0,2,2,1,3,2,2,8,1,2,1,,,
201027503090,3,3,2,44,9,45.093,1,10,3,2010,20,15,22,0,0,1,2,1,2,1,2,8,0,1,1,,,
201027503096,5,3,2,44,9,45.093,1,10,5,2010,7,20,1,0,0,1,4,1,1,1,2,8,0,1,2,,,
201027503097,5,3,2,44,9,45.093,2,10,5,2010,7,55,12,6,0,2,1,1,1,1,2,8,0,3,1,,,
201027503099,5,3,2,44,9,45.093,1,10,7,2010,7,0,32,0,0,1,2,1,1,1,2,8,0,1,5,,,
201027503101,6,3,2,44,9,135.28,2,10,1,2010,10,36,12,1,0,2,1,1,1,2,2,8,0,3,1,,,
201027503105,6,3,2,44,9,135.28,1,10,3,2010,7,45,24,0,0,1,4,2,0,0,2,8,0,1,1,,,
201027503109,6,3,2,44,9,135.28,2,10,3,2010,21,50,12,1,0,1,2,2,1,2,2,8,0,1,1,,,
201027503110,4,3,2,44,9,315.654,2,10,4,2010,11,0,12,7,0,1,1,10,1,3,2,8,0,1,1,,,
201027503118,4,3,2,44,9,315.654,1,10,5,2010,13,22,42,0,0,1,1,1,0,0,2,8,0,1,4,,,
201027503124,5,3,2,44,9,45.093,2,10,5,2010,5,20,12,2,0,2,1,1,2,6,2,8,0,2,1,,,
201027503125,6,3,2,44,9,135.28,1,10,5,2010,18,9,1,0,0,4,1,1,2,1,1,8,0,1,4,,,
201027503129,4,3,2,44,9,315.654,1,10,7,2010,21,0,34,0,0,1,2,1,0,0,2,8,0,1,4,,,
201027503131,5,3,2,44,9,45.093,2,10,1,2010,20,20,12,8,0,2,2,1,1,2,2,8,0,2,1,,,
201027503134,6,3,3,44,9,135.28,2,10,2,2010,18,14,12,6,0,2,1,10,0,0,2,8,0,2,1,,,
201027503139,4,3,3,44,9,315.654,2,10,4,2010,15,31,12,6,0,2,1,10,1,3,2,8,0,3,1,,,
201027503144,6,3,3,44,9,135.28,2,10,5,2010,12,29,12,1,0,1,1,1,0,0,2,8,0,1,1,,,
201027503148,4,3,3,44,9,315.654,2,10,7,2010,19,21,12,8,0,1,3,1,0,0,2,8,0,1,1,,,
201027503152,4,3,4,44,9,315.654,2,10,6,2010,12,30,12,1,0,2,1,1,0,0,2,1,0,2,1,,,
201027503157,6,3,4,44,9,135.28,2,10,4,2010,13,58,12,1,0,4,1,10,1,2,2,1,0,1,1,,,
201027503160,4,3,4,44,9,315.654,2,10,7,2010,12,15,12,1,0,1,1,1,0,0,2,1,0,1,1,,,
201027503165,4,3,6,44,9,255.475,2,10,1,2010,19,23,12,6,0,2,2,1,0,0,2,1,0,3,1,,,
201027503168,4,3,1,44,9,315.654,1,11,2,2010,4,58,24,0,0,1,2,1,0,0,2,3,0,1,1,,,
201027503169,6,3,1,44,9,135.28,1,11,2,2010,20,15,24,0,0,1,5,1,0,0,2,3,0,1,1,,,
201027503173,5,3,1,44,9,45.093,2,11,4,2010,5,58,24,0,0,1,1,10,2,2,2,3,0,1,1,,,
201027503179,5,3,1,44,9,45.093,1,11,5,2010,16,44,35,0,0,1,1,10,2,4,2,3,0,1,4,,,
201027503180,4,3,1,44,9,315.654,1,11,5,2010,20,38,24,0,0,1,1,1,0,0,2,3,0,1,1,,,
201027503182,6,3,1,44,9,135.28,1,11,1,2010,1,57,35,0,0,1,2,1,0,0,2,3,0,1,4,,,
201027503185,5,3,1,44,9,45.093,1,11,2,2010,2,46,74,0,0,1,2,1,2,2,2,3,0,1,3,,,
201027503189,5,3,1,44,9,45.093,1,11,2,2010,11,50,35,0,0,1,1,1,1,1,2,3,0,1,4,,,
201027503192,4,3,1,44,9,315.654,1,11,2,2010,20,4,24,0,0,1,2,1,0,0,2,3,0,1,1,,,
201027503197,6,3,1,44,9,135.28,1,11,4,2010,10,8,21,0,0,1,1,1,4,1,2,3,0,1,1,,,
201027503199,5,3,1,44,9,45.093,3,11,4,2010,16,59,12,1,0,1,1,1,2,2,2,3,0,1,1,,,
201027503202,5,3,1,44,9,45.093,1,11,5,2010,13,36,43,0,0,1,1,1,2,2,2,3,0,1,3,,,
201027503206,3,3,3,44,9,45.093,2,11,3,2010,12,5,12,6,0,2,1,1,2,2,1,8,0,2,1,,,
201027503213,5,3,3,44,9,45.093,2,11,7,2010,16,12,12,6,0,2,1,1,1,3,2,8,0,2,1,,,
201027503214,4,3,3,44,9,315.654,2,11,7,2010,16,35,12,6,0,2,1,10,1,2,2,8,0,2,1,,,
201027503215,6,3,3,44,9,135.28,2,11,7,2010,19,10,12,1,0,2,2,1,0,0,2,8,0,2,1,,,
201027503224,4,3,5,44,9,315.654,2,11,3,2010,6,20,12,6,0,4,3,1,0,0,2,1,0,1,1,,,
201027503226,5,3,5,44,9,45.093,1,11,5,2010,17,1,34,0,0,1,1,10,1,2,1,1,0,1,4,,,
201027503232,5,3,5,44,9,45.093,2,11,4,2010,19,41,12,2,0,2,6,1,2,3,2,1,0,2,1,,,
201027503235,4,3,1,44,9,315.654,1,11,5,2010,1,36,24,0,0,1,2,1,0,0,2,3,0,1,1,,,
201027503239,6,3,1,44,9,135.28,1,11,6,2010,5,16,24,0,0,1,2,1,0,0,2,3,0,1,1,,,
201027503245,5,3,1,44,9,45.093,1,11,1,2010,11,10,42,0,0,1,1,1,2,3,2,3,0,1,4,,,
201027503246,6,3,1,44,9,135.28,1,11,1,2010,5,36,34,0,0,1,2,1,0,0,2,3,0,1,4,,,
201027503248,4,3,1,44,9,315.654,1,11,1,2010,16,9,38,0,0,1,1,1,0,0,2,3,0,1,5,,,
201027503255,6,3,2,44,9,135.28,1,11,5,2010,6,45,34,0,0,1,2,2,1,1,2,8,0,1,4,,,
201027503256,5,3,2,44,9,45.093,1,11,5,2010,15,25,34,0,0,1,1,10,1,2,1,8,0,1,4,,,
201027503261,4,3,2,44,9,315.654,1,11,6,2010,19,0,24,0,0,1,1,1,0,0,2,8,0,1,1,,,
201027503265,6,3,2,44,9,135.28,2,11,7,2010,18,30,12,6,0,4,5,10,0,0,2,8,0,1,1,,,
201027503268,5,3,2,44,9,45.093,1,11,1,2010,3,32,42,0,0,1,2,1,1,1,1,8,0,1,4,,,
201027503272,2,3,2,44,9,45.093,1,11,3,2010,11,0,35,0,0,1,1,1,0,0,2,8,0,1,4,,,
201027503274,4,3,2,44,9,315.654,1,11,4,2010,18,18,24,0,0,1,2,1,0,0,2,8,0,1,1,,,
201027503276,1,3,2,44,9,45.093,1,11,2,2010,23,45,42,0,0,1,2,1,4,1,1,8,0,1,4,,,
201027503280,2,3,2,44,9,45.093,2,11,2,2010,13,53,12,1,0,4,1,1,3,2,2,8,0,1,1,,,
201027503284,4,3,2,44,9,315.654,1,11,4,2010,22,2,24,0,0,1,2,2,1,1,2,8,0,1,1,,,
201027503285,6,3,2,44,9,135.28,2,11,4,2010,15,15,12,1,0,1,1,1,0,0,2,8,0,1,1,,,
201027503287,5,3,2,44,9,45.093,2,11,4,2010,10,15,12,1,0,2,1,1,1,1,2,8,0,3,1,,,
201027503289,5,3,2,44,9,45.093,1,11,5,2010,1,45,35,0,0,1,2,1,2,2,2,8,0,1,4,,,
201027503290,5,3,2,44,9,45.093,2,11,6,2010,7,45,21,0,0,1,1,1,2,3,2,8,1,1,1,,,
201027503296,5,3,2,44,9,45.093,2,11,7,2010,9,15,12,6,0,2,1,1,1,2,2,8,0,3,1,,,
201027503297,5,3,2,44,9,45.093,2,11,1,2010,17,2,12,6,0,4,5,1,1,1,2,8,0,1,1,,,
201027503298,4,3,2,44,9,315.654,1,11,1,2010,17,52,24,0,0,1,2,1,0,0,2,8,0,1,1,,,
201027503301,5,3,3,44,9,45.093,2,11,4,2010,21,16,12,6,0,2,2,1,2,2,2,8,0,2,1,,,
201027503304,4,3,3,44,9,315.654,2,11,5,2010,11,45,12,6,0,4,1,1,0,0,2,8,0,1,1,,,
201027503312,6,3,3,44,9,135.28,3,11,7,2010,16,46,12,6,0,2,1,8,1,1,2,8,0,2,1,,,
201027503313,4,3,3,44,9,315.654,1,11,1,2010,19,17,24,0,0,1,2,1,0,0,2,8,0,1,1,,,
201027503326,5,3,5,44,9,45.093,2,11,6,2010,23,46,12,6,0,1,3,1,1,4,2,1,0,1,1,,,
201027503328,4,3,5,44,9,315.654,2,11,2,2010,17,38,12,1,0,2,3,2,0,0,2,1,0,3,1,,,
201027503330,2,3,6,44,9,85.158,3,11,3,2010,18,30,12,1,0,2,2,1,2,3,2,1,0,2,1,,,
201027503335,1,3,1,44,9,45.093,1,11,3,2010,6,3,38,0,0,1,2,10,4,3,2,3,0,1,5,,,
201027503336,6,3,1,44,9,135.28,2,11,3,2010,15,48,12,1,0,1,1,2,0,0,2,3,0,1,1,,,
201027503339,4,3,1,44,9,315.654,1,11,4,2010,11,4,24,0,0,1,1,1,0,0,2,3,0,1,1,,,
201027503342,5,3,1,44,9,45.093,1,11,4,2010,23,14,59,0,0,1,2,1,1,1,1,3,0,1,4,,,
201027503348,4,3,1,44,9,315.654,2,11,6,2010,8,2,12,6,0,2,1,1,0,0,2,3,0,2,1,,,
201027503355,4,3,1,44,9,315.654,1,11,7,2010,21,13,24,0,0,1,2,1,0,0,2,3,0,1,1,,,
201027503359,6,3,1,44,9,135.28,2,11,2,2010,18,0,12,2,0,2,2,1,0,0,2,3,0,3,1,,,
201027503362,5,3,1,44,9,45.093,1,11,2,2010,18,53,42,0,0,1,2,1,2,2,2,3,0,1,4,,,
201027503364,4,3,1,44,9,315.654,1,11,3,2010,19,35,24,0,0,1,2,10,0,0,2,3,0,1,1,,,
201027503371,4,3,3,44,9,315.654,3,11,3,2010,17,44,12,1,0,2,3,10,0,0,2,8,0,3,1,,,
201027503376,5,3,3,44,9,45.093,2,11,4,2010,21,26,12,1,0,1,2,1,2,2,2,8,0,1,1,,,
201027503377,2,3,3,44,9,45.093,2,11,5,2010,10,35,12,6,0,2,1,1,0,0,2,8,0,2,1,,,
201027503380,4,3,3,44,9,315.654,2,11,6,2010,6,48,12,6,0,4,1,1,1,1,2,8,0,1,1,,,
201027503386,3,3,3,44,9,45.093,1,11,6,2010,21,55,21,0,0,1,2,1,2,1,2,8,0,1,1,,,
201027503390,5,3,3,44,9,45.093,2,11,1,2010,18,19,12,6,0,2,2,1,1,4,2,8,0,3,1,,,
201027503391,5,3,3,44,9,45.093,3,11,1,2010,18,19,12,6,0,2,5,1,2,5,2,8,0,3,1,,,
201027503392,4,3,3,44,9,315.654,2,11,1,2010,18,41,12,1,0,2,3,1,0,0,2,8,0,2,1,,,
201027503398,1,3,1,44,9,45.093,2,11,4,2010,7,28,12,6,0,1,1,1,4,5,2,3,0,1,1,,,
201027503401,5,3,1,44,9,45.093,3,11,4,2010,18,27,12,1,0,1,2,1,2,1,2,3,0,1,1,,,
201027503403,4,3,1,44,9,315.654,1,11,5,2010,11,38,34,0,0,1,1,10,0,0,2,3,0,1,4,,,
201027503406,5,3,1,44,9,45.093,1,11,6,2010,11,43,35,0,0,1,1,10,2,1,2,3,0,1,4,,,
201027503413,4,3,1,44,9,315.654,1,11,1,2010,17,52,24,0,0,1,2,1,0,0,2,3,0,1,1,,,
201027503424,5,3,2,44,9,45.093,1,11,2,2010,14,30,42,0,0,1,1,2,2,1,2,8,0,1,4,,,
201027503425,5,3,2,44,9,45.093,2,11,2,2010,7,41,12,1,0,1,1,1,1,2,2,8,0,1,1,,,
201027503426,6,3,2,44,9,135.28,1,11,3,2010,16,0,42,0,0,1,1,2,2,1,2,8,0,1,4,,,
201027503432,4,3,2,44,9,315.654,1,11,5,2010,6,25,24,0,0,1,4,1,0,0,2,8,0,1,1,,,
201027503434,6,3,2,44,9,135.28,1,11,5,2010,23,30,34,0,0,1,2,1,0,0,2,8,0,1,4,,,
201027503439,3,3,2,44,9,45.093,1,11,7,2010,22,14,34,0,0,1,2,1,2,1,2,8,0,1,4,,,
201027503440,6,3,2,44,9,135.28,1,11,7,2010,8,42,34,0,0,1,1,1,2,1,2,8,0,1,4,,,
201027503441,5,3,2,44,9,45.093,1,11,2,2010,7,7,35,0,0,1,1,1,2,2,2,8,0,1,4,,,
201027503445,4,3,2,44,9,315.654,1,11,2,2010,4,25,24,0,0,1,2,1,0,0,2,8,0,1,1,,,
201027503453,5,3,2,44,9,45.093,1,11,6,2010,16,40,42,0,0,1,1,1,1,1,2,8,0,1,4,,,
201027503455,4,3,2,44,9,315.654,2,11,6,2010,14,47,12,1,0,1,1,1,0,0,2,8,0,1,1,,,
201027503465,6,3,3,44,9,135.28,2,11,4,2010,12,24,12,6,0,2,1,1,1,2,2,8,0,2,1,,,
201027503474,6,3,4,44,9,135.28,2,11,2,2010,18,47,12,1,0,2,3,10,1,1,2,1,0,2,1,,,
201027503478,4,3,4,44,9,315.654,2,11,2,2010,16,15,12,1,0,1,1,10,0,0,2,1,0,1,1,,,
201027503487,6,3,5,44,9,135.28,1,11,1,2010,5,22,24,0,0,1,4,1,0,0,2,1,0,1,1,,,
201027503488,4,3,5,44,9,315.654,1,11,3,2010,9,51,42,0,1,5,1,2,0,0,2,1,0,1,4,,,
201027503493,6,3,6,44,9,170.316,2,11,2,2010,10,50,12,6,0,2,1,10,0,0,2,1,0,2,1,,,
201027503495,4,3,1,44,9,315.654,2,11,7,2010,14,50,12,6,0,1,1,1,0,0,2,3,0,1,1,,,
201027503497,6,3,1,44,9,135.28,1,11,3,2010,9,10,32,0,0,1,1,2,0,0,2,3,0,1,4,,,
201027503499,5,3,1,44,9,45.093,2,12,5,2010,19,50,12,6,0,2,2,1,1,1,2,3,0,3,1,,,
201027503502,6,3,1,44,9,135.28,1,12,6,2010,22,39,24,0,0,1,2,1,0,0,2,3,0,1,1,,,
201027503504,5,3,1,44,9,45.093,1,12,7,2010,13,25,42,0,0,1,1,3,2,1,2,3,0,1,4,,,
201027503510,6,3,3,44,9,135.28,2,11,3,2010,10,41,12,1,0,2,1,2,0,0,2,8,0,8,1,,,
201027503511,4,3,3,44,9,315.654,4,11,2,2010,17,17,12,7,0,4,5,1,0,0,2,8,0,1,1,,,
201027503514,3,3,3,44,9,45.093,2,12,4,2010,15,38,12,6,0,2,1,1,2,1,2,8,0,2,1,,,
201027503523,6,3,3,44,9,135.28,4,12,7,2010,10,22,12,1,0,2,1,1,1,3,2,8,0,2,1,,,
201027503524,4,3,3,44,9,315.654,2,12,7,2010,10,38,12,6,0,4,1,10,0,0,2,8,0,1,1,,,
201027503532,4,3,3,44,9,315.654,2,12,3,2010,15,26,12,1,0,2,1,8,1,1,2,8,0,2,1,,,
201027503538,5,3,5,44,9,45.093,3,12,6,2010,11,57,12,8,0,1,1,1,2,3,2,1,0,1,1,,,
201027503543,4,3,1,44,9,315.654,2,12,1,2010,18,0,12,1,0,2,2,1,1,1,2,3,0,2,1,,,
201027503546,5,3,1,44,9,45.093,3,12,2,2010,19,27,12,6,0,2,2,1,2,1,2,3,0,2,1,,,
201027503547,6,3,1,44,9,135.28,1,12,2,2010,21,28,42,0,0,1,2,1,0,0,2,3,0,1,4,,,
201027503552,4,3,1,44,9,315.654,1,12,5,2010,12,43,34,0,0,1,1,1,0,0,2,3,0,1,4,,,
201027503554,5,3,1,44,9,45.093,1,12,6,2010,20,54,38,0,0,1,1,1,2,1,2,3,0,1,5,,,
201027503558,6,3,1,44,9,135.28,1,12,1,2010,7,35,24,0,0,1,4,1,0,0,2,3,0,1,1,,,
201027503563,5,3,1,44,9,45.093,2,12,3,2010,16,49,12,2,0,1,1,1,2,3,2,3,0,1,1,,,
201027503565,5,3,1,44,9,45.093,1,12,4,2010,0,59,43,0,0,1,2,1,1,1,2,3,0,1,3,,,
201027503568,4,3,2,44,9,315.654,2,12,5,2010,13,20,12,1,0,2,1,1,1,1,2,8,0,3,1,,,
201027503569,5,3,2,44,9,45.093,2,12,6,2010,12,43,12,6,0,1,1,1,1,2,2,8,0,1,1,,,
201027503576,6,3,2,44,9,135.28,1,12,7,2010,14,30,34,0,0,1,1,3,1,1,2,8,0,1,4,,,
201027503577,5,3,2,44,9,45.093,1,12,7,2010,18,49,35,0,0,1,2,10,2,1,2,8,0,1,4,,,
201027503578,4,3,2,44,9,315.654,1,12,2,2010,0,50,24,0,0,1,2,1,0,0,2,8,0,1,1,,,
201027503581,5,3,2,44,9,45.093,3,12,2,2010,11,20,53,0,0,1,1,1,2,1,2,8,2,1,4,,,
201027503583,5,3,2,44,9,45.093,1,12,2,2010,17,34,35,0,0,1,2,1,2,2,1,8,0,1,4,,,
201027503584,1,3,2,44,9,45.093,1,12,2,2010,21,0,42,0,0,1,2,1,3,1,1,8,0,1,4,,,
201027503587,5,3,2,44,9,45.093,1,12,3,2010,16,25,35,0,0,1,1,1,2,1,2,8,0,1,4,,,
201027503588,5,3,2,44,9,45.093,2,12,3,2010,20,49,12,1,0,1,2,1,1,1,2,8,0,1,1,,,
201027503590,2,3,2,44,9,45.093,1,12,4,2010,14,20,1,0,0,1,1,1,0,0,2,8,0,1,4,,,
201027503596,5,3,3,44,9,45.093,2,12,6,2010,12,6,12,1,0,1,1,1,2,2,2,8,0,1,1,,,
201027503598,4,3,3,44,9,315.654,2,12,2,2010,12,57,12,7,0,2,1,1,0,0,2,8,0,8,1,,,
201027503605,4,3,4,44,9,315.654,2,12,7,2010,21,30,14,0,0,1,3,1,0,0,2,1,1,1,7,,,
201027503613,5,3,4,44,9,45.093,2,12,6,2010,14,17,12,2,0,2,1,1,1,3,2,1,0,2,1,,,
201027503614,4,3,4,44,9,315.654,2,12,6,2010,16,42,12,6,0,2,1,1,0,0,2,1,0,3,1,,,
201027503615,6,3,4,44,9,135.28,2,12,7,2010,9,42,12,8,0,1,1,1,0,0,2,1,0,1,1,,,
201027503617,5,3,4,44,9,45.093,2,12,1,2010,12,57,12,6,0,4,1,10,1,2,2,1,0,1,1,,,
201027503625,5,3,1,44,9,45.093,1,12,7,2010,21,37,34,0,0,2,2,1,1,1,1,3,0,3,4,,,
201027503626,6,3,1,44,9,135.28,2,12,3,2010,10,46,12,6,0,2,1,1,0,0,2,3,0,2,1,,,
201027503627,5,3,1,44,9,45.093,2,12,3,2010,17,5,12,6,0,2,1,1,1,3,2,3,0,2,1,,,
201027503628,4,3,1,44,9,315.654,1,12,4,2010,8,7,24,0,0,1,1,1,0,0,2,3,0,1,1,,,
201027503636,5,3,1,44,9,45.093,1,12,5,2010,5,23,35,0,0,1,2,3,1,2,2,3,0,1,4,,,
201027503637,1,3,1,44,9,45.093,2,12,5,2010,5,27,12,6,0,1,2,3,3,2,2,3,0,1,1,,,
201027503639,4,3,1,44,9,315.654,1,12,5,2010,6,23,73,0,0,1,1,10,0,0,2,3,0,1,4,,,
201027503640,5,3,1,44,9,45.093,1,12,5,2010,6,30,42,0,0,1,2,10,2,1,2,3,0,1,4,,,
201027503644,6,3,1,44,9,135.28,2,12,5,2010,7,28,14,0,0,1,4,10,0,0,2,3,1,1,4,,,
201027503649,4,3,1,44,9,315.654,1,12,5,2010,7,45,35,0,0,1,1,3,0,0,2,3,0,1,4,,,
201027503656,4,3,1,44,9,315.654,1,12,5,2010,8,45,73,0,0,1,1,10,0,0,2,3,0,1,4,,,
201027503659,6,3,1,44,9,135.28,1,12,6,2010,7,20,42,0,0,1,1,10,1,1,2,3,0,1,4,,,
201027503663,6,3,1,44,9,135.28,1,12,6,2010,8,38,34,0,0,1,1,1,0,0,2,3,0,1,4,,,
201027503666,2,3,1,44,9,45.093,3,12,6,2010,20,42,12,6,0,1,1,1,1,1,2,3,0,1,1,,,
201027503668,5,3,1,44,9,45.093,1,12,7,2010,11,2,32,0,0,1,1,3,2,1,2,3,0,1,4,,,
201027503670,4,3,1,44,9,315.654,1,12,2,2010,6,40,24,0,0,1,2,1,0,0,2,3,0,1,1,,,
201027503673,6,3,3,44,9,135.28,2,12,4,2010,15,24,12,6,0,2,1,10,0,0,2,8,0,2,1,,,
201027503680,5,3,3,44,9,45.093,1,12,5,2010,8,2,35,0,0,1,1,2,1,2,2,8,0,1,4,,,
201027503682,4,3,3,44,9,315.654,1,12,5,2010,9,16,59,0,0,1,1,8,0,0,2,8,0,1,4,,,
201027503688,5,3,3,44,9,45.093,2,12,6,2010,16,0,12,6,0,2,1,1,1,1,2,8,0,2,1,,,
201027503690,4,3,3,44,9,315.654,3,12,6,2010,21,30,12,1,0,2,3,1,0,0,2,8,0,8,1,,,
201027503691,6,3,3,44,9,135.28,1,12,7,2010,6,56,1,0,0,1,2,10,1,1,2,8,0,1,1,,,
201027503696,5,3,3,44,9,45.093,1,12,2,2010,16,20,74,0,0,1,1,1,1,1,2,8,0,1,4,,,
201027503698,4,3,5,44,9,315.654,2,12,2,2010,10,22,12,6,0,1,1,10,1,1,2,1,0,1,1,,,
201027503704,1,3,5,44,9,45.093,3,12,6,2010,7,58,12,1,0,1,2,1,3,5,2,1,0,1,1,,,
201027503706,3,3,5,44,9,45.093,2,12,7,2010,11,10,12,6,0,1,1,4,2,3,2,1,0,1,1,,,
201027503715,3,3,1,44,9,45.093,2,12,7,2010,2,59,12,1,0,1,2,5,2,1,2,3,0,1,1,,,
201027503716,5,3,1,44,9,45.093,2,12,7,2010,3,1,12,6,0,1,2,5,2,2,2,3,0,1,1,,,
201027503717,4,3,1,44,9,315.654,1,12,2,2010,22,40,24,0,0,1,3,1,0,0,2,3,0,1,1,,,
201027503725,4,3,1,44,9,315.654,1,12,6,2010,8,2,24,0,0,1,1,1,0,0,2,3,0,1,1,,,
201027503730,5,3,1,44,9,45.093,1,12,6,2010,19,2,32,0,0,1,2,1,2,1,1,3,0,1,4,,,
201027503732,6,3,1,44,9,135.28,1,12,7,2010,2,51,32,0,0,1,2,1,0,0,2,3,0,1,4,,,
201027503734,5,3,1,44,9,45.093,1,12,7,2010,14,36,42,0,0,1,1,4,1,2,2,3,0,1,4,,,
201027503735,4,3,1,44,9,315.654,1,12,7,2010,14,45,34,0,0,1,1,4,0,0,2,3,0,1,4,,,
201027503744,4,3,1,44,9,315.654,1,12,7,2010,23,52,42,0,0,1,2,4,1,2,2,3,0,1,4,,,
201027503745,6,3,1,44,9,135.28,1,12,1,2010,4,17,43,0,0,1,2,4,0,0,2,3,0,1,3,,,
201027503746,3,3,1,44,9,45.093,1,12,1,2010,15,32,41,0,0,1,1,1,2,1,2,3,0,1,4,,,
201027503749,5,3,1,44,9,45.093,2,12,2,2010,16,10,12,6,0,4,1,1,1,1,2,3,0,1,1,,,
201027503752,6,3,2,44,9,135.28,1,12,6,2010,7,45,34,0,0,1,1,1,1,1,2,8,0,1,4,,,
201027503754,4,3,2,44,9,315.654,2,12,6,2010,14,55,12,6,0,2,1,1,0,0,2,8,0,2,1,,,
201027503760,5,3,2,44,9,45.093,1,12,1,2010,13,14,1,0,0,1,1,2,2,1,2,8,0,1,2,,,
201027503763,5,3,2,44,9,45.093,1,12,2,2010,19,33,39,0,0,1,2,1,2,2,2,8,0,1,4,,,
201027503765,4,3,2,44,9,315.654,2,12,4,2010,17,6,12,6,0,2,1,10,0,0,2,8,0,2,1,,,
201027503767,6,3,2,44,9,135.28,1,12,5,2010,2,0,1,0,0,1,2,10,1,1,1,8,0,1,4,,,
201027503771,5,3,2,44,9,45.093,1,12,5,2010,5,15,34,0,0,1,2,3,2,1,2,8,0,1,4,,,
201027503772,6,3,2,44,9,135.28,1,12,5,2010,5,55,35,0,0,1,2,3,0,0,2,8,0,1,4,,,
201027503776,1,3,2,44,9,45.093,1,12,5,2010,6,17,35,0,0,1,2,10,3,1,2,8,0,1,4,,,
201027503780,4,3,2,44,9,315.654,1,12,5,2010,7,22,59,0,0,1,4,3,0,0,2,8,0,1,4,,,
201027503782,5,3,2,44,9,45.093,1,12,5,2010,8,44,35,0,0,1,1,10,1,1,2,8,0,1,4,,,
201027503783,6,3,2,44,9,135.28,1,12,5,2010,8,45,1,0,0,1,1,10,0,0,2,8,0,1,4,,,
201027503784,5,3,2,44,9,45.093,1,12,5,2010,11,45,42,0,0,1,1,3,2,1,2,8,0,1,4,,,
201027503790,4,3,2,44,9,315.654,1,12,6,2010,23,55,24,0,0,1,2,1,0,0,2,8,0,1,1,,,
201027503791,5,3,2,44,9,45.093,1,12,7,2010,1,20,35,0,0,1,2,1,2,2,2,8,0,1,4,,,
201027503796,5,3,2,44,9,45.093,1,12,1,2010,16,33,74,0,0,1,1,1,1,1,2,8,0,1,3,,,
201027503797,5,3,2,44,9,45.093,2,12,2,2010,8,22,12,2,0,1,1,1,1,2,2,8,0,1,1,,,
201027503800,4,3,2,44,9,315.654,2,12,2,2010,15,20,12,6,0,2,1,1,0,0,2,8,0,2,1,,,
201027503805,5,3,2,44,9,45.093,1,12,3,2010,18,35,34,0,0,1,2,10,2,1,2,8,0,1,4,,,
201027503806,5,3,2,44,9,45.093,2,12,4,2010,16,15,12,6,0,2,1,1,1,2,2,8,0,3,1,,,
201027503808,5,3,2,44,9,45.093,1,12,6,2010,9,30,34,0,0,1,1,1,1,1,2,8,0,1,4,,,
201027503809,6,3,2,44,9,135.28,1,12,7,2010,11,40,75,0,0,1,1,4,0,0,2,8,0,1,4,,,
201027503810,5,3,2,44,9,45.093,1,12,7,2010,12,0,35,0,0,1,1,4,2,2,2,8,0,1,4,,,
201027503814,5,3,2,44,9,45.093,2,12,7,2010,13,30,12,2,0,1,1,4,2,3,2,8,0,1,1,,,
201027503815,3,3,2,44,9,45.093,1,12,7,2010,14,59,42,0,0,1,1,4,2,1,2,8,0,1,4,,,
201027503816,4,3,2,44,9,315.654,3,12,7,2010,15,0,14,0,0,1,1,4,0,0,2,8,1,1,2,,,
201027503820,5,3,2,44,9,45.093,1,12,7,2010,19,28,35,0,0,1,2,4,1,1,2,8,0,1,4,,,
201027503826,5,3,3,44,9,45.093,1,12,2,2010,20,35,35,0,0,1,2,1,2,1,1,8,0,1,3,,,
201027503827,2,3,3,44,9,45.093,2,12,3,2010,10,12,12,1,0,1,1,8,0,0,2,8,0,1,1,,,
201027503828,2,3,3,44,9,45.093,2,12,3,2010,16,14,12,1,0,1,1,8,2,1,2,8,0,1,1,,,
201027503831,4,3,3,44,9,315.654,2,12,3,2010,18,27,12,6,0,2,3,10,1,1,2,8,0,2,1,,,
201027503838,6,3,3,44,9,135.28,2,12,5,2010,11,23,12,6,0,2,1,1,1,2,2,8,0,3,1,,,
201027503842,4,3,3,44,9,315.654,2,12,6,2010,11,54,12,1,0,2,1,1,0,0,2,8,0,2,1,,,
201027503843,5,3,3,44,9,45.093,1,12,7,2010,14,16,42,0,0,1,1,4,2,1,2,8,0,1,4,,,
201027503850,5,3,3,44,9,45.093,3,12,2,2010,18,24,12,6,0,2,3,1,2,3,2,8,0,2,1,,,
201027503856,5,3,4,44,9,45.093,1,12,5,2010,8,25,1,0,0,1,1,3,1,1,2,1,0,1,4,,,
201027503859,4,3,4,44,9,315.654,2,12,4,2010,0,56,12,6,0,2,3,1,0,0,2,1,0,3,1,,,
201027503861,5,3,4,44,9,45.093,2,12,5,2010,12,19,12,1,0,2,1,1,1,1,2,1,0,3,1,,,