CASENUM,STRATUM,REGION,PJ,PSU,PSUSTRAT,WEIGHT,VE_TOTAL,MONTH,WKDY_IM,YEAR,HOUR_IM,MINUTE_IM,EVENT1_IM,MANCOL_IM,RELJCT1_IM,RELJCT2_IM,LGTCON_IM,WEATHR_IM,MAXSEV_IM,NO_INJ_IM,ALCHL_IM,LAND_USE,PVH_INVL,TYP_INT,REL_ROAD,CF1,CF2,CF3
201027601780,1,3,2,46,8,22.464,3,3,2,2010,12,9,12,6,0,1,1,1,3,1,2,8,1,1,1,,,
201027601781,4,3,2,46,8,292.032,1,3,4,2010,11,28,35,0,0,1,1,1,1,1,2,8,0,1,4,,,
201027601787,6,3,2,46,8,134.784,1,4,6,2010,19,30,35,0,0,1,2,1,0,0,2,8,0,1,4,,,
201027601789,1,3,2,46,8,22.464,2,4,7,2010,16,25,12,6,0,1,1,1,3,4,2,8,0,1,1,,,
201027601791,3,3,2,46,8,22.464,1,4,4,2010,17,25,22,0,0,4,1,2,1,1,2,8,0,1,1,,,
201027601797,1,3,2,46,8,22.464,2,4,2,2010,20,50,12,6,0,2,2,1,3,1,2,8,0,3,1,,,
201027601798,1,3,2,46,8,22.464,3,4,3,2010,9,38,1,0,0,2,1,1,4,1,2,8,0,3,1,,,
201027601799,5,3,2,46,8,67.392,2,4,4,2010,17,25,12,1,0,1,1,1,2,1,2,8,0,1,1,,,
201027601802,1,3,2,46,8,22.464,2,4,1,2010,14,19,12,6,0,2,1,1,3,3,2,8,0,2,1,,,
201027601807,5,3,2,46,8,67.392,1,4,5,2010,16,50,42,0,0,1,1,1,2,1,2,8,0,1,5,,,
201027601812,2,3,2,46,8,22.464,2,5,7,2010,8,0,12,1,0,1,1,2,0,0,2,8,0,1,1,,,
201027601815,3,3,2,46,8,22.464,1,5,2,2010,18,21,7,0,0,1,1,1,3,1,2,8,0,1,1,,,
201027601816,4,3,2,46,8,292.032,1,5,1,2010,21,0,24,0,0,1,2,1,0,0,2,8,0,1,1,,,
201027601820,1,3,2,46,8,22.464,1,5,6,2010,17,35,1,0,0,1,1,2,3,1,2,8,0,1,1,,,
201027601829,6,3,4,46,8,134.784,1,4,3,2010,16,0,33,0,0,1,1,1,1,1,2,2,0,1,4,,,
201027601836,3,3,4,46,8,22.464,1,4,5,2010,15,23,21,0,0,2,1,1,1,1,2,2,0,3,1,,,
201027601839,4,3,4,46,8,292.032,2,4,6,2010,13,30,12,7,0,2,1,1,0,0,2,2,0,2,1,,,
201027601854,5,3,4,46,8,67.392,2,1,6,2010,15,19,12,6,0,4,1,4,2,3,2,2,0,1,1,,,
201027601856,6,3,4,46,8,134.784,3,5,2,2010,7,29,12,2,0,2,1,2,0,0,2,2,0,2,1,,,
201027601860,4,3,4,46,8,292.032,1,5,2,2010,20,30,32,0,0,1,3,1,1,1,2,2,0,1,4,,,
201027601880,6,3,4,46,8,134.784,2,5,1,2010,14,0,12,1,0,2,1,1,0,0,2,2,0,3,1,,,
201027601882,4,3,4,46,8,292.032,2,5,7,2010,20,20,12,6,0,2,5,1,1,1,2,2,0,2,1,,,
201027601887,5,3,4,46,8,67.392,2,5,5,2010,8,7,12,6,0,4,1,10,1,2,2,2,0,1,1,,,
201027601893,4,3,3,46,8,292.032,2,4,6,2010,20,30,12,1,0,1,3,2,0,0,2,2,0,1,1,,,
201027601895,6,3,3,46,8,134.784,2,4,2,2010,15,1,12,1,0,2,1,1,0,0,2,2,0,8,1,,,
201027601900,5,3,3,46,8,67.392,2,4,4,2010,9,25,12,6,0,2,1,1,5,1,2,2,0,2,1,,,
201027601915,6,3,3,46,8,134.784,2,5,3,2010,11,2,12,6,0,2,1,1,0,0,2,2,0,3,1,,,
201027601916,4,3,3,46,8,292.032,1,5,2,2010,21,15,24,0,0,1,2,1,0,0,2,2,0,1,1,,,
201027601933,6,3,3,46,8,134.784,2,5,2,2010,23,20,14,0,0,1,3,1,0,0,1,2,1,1,7,,,
201027601939,4,3,3,46,8,292.032,2,5,4,2010,9,20,12,7,0,2,1,1,0,0,2,2,0,8,1,,,
201027601940,4,3,5,46,8,292.032,2,5,5,2010,15,45,12,1,0,2,1,1,0,0,2,1,0,3,1,,,
201027601950,1,3,5,46,8,22.464,1,5,3,2010,7,45,59,0,0,2,1,1,3,1,2,1,0,2,4,,,
201027601955,6,3,5,46,8,134.784,2,5,6,2010,17,12,12,2,0,4,1,1,0,0,2,1,0,1,11,,,
201027601958,4,3,5,46,8,292.032,2,5,7,2010,14,18,12,7,0,2,1,1,0,0,2,1,0,2,1,,,
201027601975,4,3,5,46,8,292.032,1,6,4,2010,12,32,34,0,0,1,1,1,1,1,2,1,0,1,5,,,
201027601980,6,3,5,46,8,134.784,3,6,5,2010,20,20,12,1,0,1,3,2,2,2,2,1,0,1,1,,,
201027601987,5,3,1,46,8,67.392,2,5,1,2010,9,50,12,1,0,1,1,2,1,1,2,8,0,1,1,,,
201027601992,4,3,1,46,8,292.032,2,5,2,2010,13,14,12,6,0,2,1,1,0,0,2,8,0,3,1,,,
201027602002,6,3,1,46,8,134.784,2,5,6,2010,13,40,12,7,0,1,1,1,1,1,2,8,0,1,2,,,
201027602008,3,3,1,46,8,22.464,1,5,7,2010,16,58,38,0,0,1,1,1,3,1,2,8,0,1,5,,,
201027602016,6,3,1,46,8,134.784,1,5,2,2010,16,0,34,0,0,1,1,2,0,0,2,8,0,1,4,,,
201027602017,4,3,1,46,8,292.032,1,5,3,2010,23,11,24,0,0,1,2,1,0,0,2,8,0,1,1,,,
201027602029,5,3,1,46,8,67.392,2,5,7,2010,18,10,12,1,0,4,1,1,1,1,2,8,0,1,1,,,
201027602030,3,3,1,46,8,22.464,1,5,7,2010,10,50,21,0,0,1,1,1,3,1,2,8,0,1,1,,,
201027602038,4,3,1,46,8,292.032,2,5,4,2010,11,50,12,6,0,1,1,1,0,0,2,8,0,1,1,,,
201027602039,6,3,1,46,8,134.784,2,5,4,2010,0,10,12,6,0,2,2,1,0,0,2,8,0,3,1,,,
201027602054,6,3,1,46,8,134.784,1,5,7,2010,18,25,42,0,0,1,1,1,0,0,2,8,0,1,5,,,
201027602057,5,3,1,46,8,67.392,2,5,7,2010,22,30,12,7,0,1,2,1,2,1,2,8,0,1,1,,,
201027602068,6,3,1,46,8,134.784,1,5,4,2010,21,50,34,0,0,2,2,1,2,1,2,8,0,3,4,,,
201027602069,4,3,1,46,8,292.032,2,5,4,2010,10,13,12,10,0,4,1,1,0,0,2,8,0,1,1,,,
201027602072,5,3,1,46,8,67.392,1,5,5,2010,14,20,74,0,0,1,1,1,2,1,2,8,0,1,4,,,
201027602076,1,3,1,46,8,22.464,2,5,1,2010,23,10,12,6,0,2,2,1,3,1,2,8,0,3,1,,,
201027602087,5,3,1,46,8,67.392,2,6,3,2010,19,5,12,1,0,2,1,1,2,1,2,8,0,2,1,,,
201027602093,4,3,1,46,8,292.032,1,6,4,2010,19,20,43,0,0,1,3,1,0,0,2,8,0,1,4,,,
201027602094,6,3,1,46,8,134.784,1,6,5,2010,18,45,76,0,0,1,1,2,0,0,2,8,0,1,3,,,
201027602122,6,3,3,46,8,134.784,2,5,4,2010,18,9,12,1,0,1,1,1,0,0,2,2,0,1,1,,,
201027602136,5,3,3,46,8,67.392,3,5,2,2010,8,21,12,2,0,2,1,1,2,3,2,2,0,2,1,,,
201027602139,4,3,3,46,8,292.032,2,5,2,2010,12,50,12,1,0,1,1,2,0,0,2,2,0,1,1,,,
201027602142,6,3,3,46,8,134.784,2,5,5,2010,9,37,12,6,0,2,1,1,0,0,2,2,0,2,1,,,
201027602157,4,3,3,46,8,292.032,2,6,3,2010,18,2,12,6,0,4,1,1,0,0,2,2,0,1,1,,,
201027602167,6,3,3,46,8,134.784,1,6,1,2010,0,14,17,0,0,6,3,1,0,0,2,2,0,2,4,,,
201027602178,6,3,4,46,8,134.784,2,5,5,2010,2,5,14,0,0,1,3,1,1,1,2,2,1,1,4,,,
201027602190,4,3,4,46,8,292.032,2,5,2,2010,17,40,14,0,0,4,1,2,0,0,2,2,1,1,6,,,
201027602192,6,3,4,46,8,134.784,3,5,1,2010,18,8,12,6,0,2,1,1,0,0,2,2,0,2,1,,,
201027602209,6,3,4,46,8,134.784,2,6,7,2010,15,6,12,6,0,2,1,1,0,0,2,2,0,2,1,,,
201027602212,2,3,4,46,8,22.464,2,6,2,2010,9,45,45,0,0,1,1,1,0,0,2,2,1,1,1,,,
201027602213,4,3,4,46,8,292.032,2,6,2,2010,10,30,14,0,0,4,1,1,0,0,2,2,1,1,4,,,
201027602217,5,3,4,46,8,67.392,2,6,3,2010,10,20,12,6,0,2,1,1,1,2,2,2,0,2,1,,,
201027602231,4,3,4,46,8,292.032,2,6,2,2010,10,25,12,7,0,1,1,1,0,0,2,2,0,1,1,,,
201027602237,6,3,4,46,8,134.784,2,6,4,2010,17,10,12,1,0,2,1,1,0,0,1,2,0,2,1,,,
201027602248,6,3,7,46,8,104.021,3,6,5,2010,18,13,12,1,0,1,1,2,0,0,2,1,0,1,1,,,
201027602249,5,3,7,46,8,52.01,2,6,6,2010,9,0,12,6,0,2,1,1,1,1,2,1,0,2,1,,,
201027602251,6,3,7,46,8,104.021,1,6,6,2010,15,45,34,0,0,1,1,2,0,0,2,1,0,1,4,,,
201027602253,1,3,2,46,8,22.464,1,5,6,2010,12,50,40,0,0,1,1,1,3,3,2,8,0,1,4,,,
201027602259,6,3,2,46,8,134.784,1,5,6,2010,8,5,34,0,0,1,1,1,0,0,2,8,0,1,4,,,
201027602269,4,3,2,46,8,292.032,2,5,1,2010,12,35,12,6,0,4,1,1,0,0,2,8,0,1,1,,,
201027602270,5,3,2,46,8,67.392,2,5,1,2010,19,0,12,2,0,1,1,1,2,1,2,8,0,1,1,,,
201027602272,1,3,2,46,8,22.464,2,6,3,2010,9,49,12,8,0,1,1,1,3,4,2,8,0,1,1,,,
201027602275,3,3,2,46,8,22.464,1,6,7,2010,15,0,34,0,0,1,1,1,2,1,2,8,0,1,4,,,
201027602276,3,3,2,46,8,22.464,1,6,1,2010,17,20,34,0,0,1,1,1,4,1,1,8,0,1,4,,,
201027602278,3,3,2,46,8,22.464,1,5,2,2010,18,20,43,0,0,1,1,1,3,1,1,8,0,1,1,,,
201027602279,4,3,1,46,8,292.032,2,5,6,2010,0,0,14,0,0,1,3,1,0,0,2,8,1,1,6,,,
201027602280,6,3,1,46,8,134.784,2,5,6,2010,13,30,12,6,0,2,1,1,0,0,2,8,0,2,1,,,
201027602287,5,3,1,46,8,67.392,2,6,5,2010,6,10,12,1,0,1,1,2,2,2,2,8,0,1,1,,,
201027602300,5,3,1,46,8,67.392,2,6,7,2010,22,50,12,1,0,1,2,1,1,1,2,8,0,1,1,,,
201027602303,6,3,1,46,8,134.784,1,6,1,2010,1,15,1,0,0,1,3,1,1,2,2,8,0,1,4,,,
201027602307,4,3,1,46,8,292.032,2,6,2,2010,15,53,12,1,0,1,1,1,0,0,2,8,0,1,1,,,
201027602323,6,3,1,46,8,134.784,2,6,5,2010,17,0,12,1,0,2,1,1,0,0,2,8,0,3,1,,,
201027602324,4,3,1,46,8,292.032,2,6,5,2010,17,53,12,1,0,1,1,1,0,0,2,8,0,1,1,,,
201027602329,3,3,1,46,8,22.464,2,6,7,2010,17,0,12,6,0,2,1,1,2,4,2,8,0,2,1,,,
201027602336,5,3,1,46,8,67.392,1,6,1,2010,1,20,30,0,0,1,2,1,1,1,2,8,0,1,4,,,
201027602342,5,3,1,46,8,67.392,1,6,2,2010,0,9,74,0,0,1,2,1,1,1,2,8,0,1,3,,,
201027602348,4,3,1,46,8,292.032,2,6,3,2010,16,30,12,1,0,4,1,1,1,1,2,8,0,1,1,,,
201027602353,6,3,1,46,8,134.784,1,6,2,2010,15,0,34,0,0,1,1,1,0,0,2,8,0,1,4,,,
201027602367,4,3,1,46,8,292.032,1,6,2,2010,13,10,24,0,0,1,1,1,0,0,2,8,0,1,1,,,
201027602368,2,3,1,46,8,22.464,2,6,3,2010,15,11,12,6,0,2,1,1,0,0,2,8,0,3,1,,,
201027602374,5,3,3,46,8,67.392,2,6,3,2010,12,44,12,6,0,4,1,1,0,0,2,2,0,1,1,,,
201027602381,4,3,3,46,8,292.032,1,6,7,2010,7,48,53,0,0,1,1,1,0,0,2,2,0,1,4,,,
201027602386,6,3,3,46,8,134.784,2,6,1,2010,14,3,24,0,0,1,1,1,0,0,2,2,0,1,1,,,
201027602401,4,3,3,46,8,292.032,2,6,1,2010,15,0,12,7,0,1,1,1,0,0,2,2,0,1,1,,,
201027602407,6,3,3,46,8,134.784,2,6,2,2010,11,17,12,2,0,2,1,1,0,0,2,2,0,2,1,,,
201027602409,6,3,1,46,8,134.784,2,7,5,2010,9,15,12,6,0,2,1,1,0,0,2,8,0,3,1,,,
201027602416,3,3,1,46,8,22.464,1,7,6,2010,20,0,1,0,0,1,5,1,1,2,2,8,0,1,1,,,
201027602435,5,3,5,46,8,67.392,1,6,6,2010,16,19,76,0,0,1,1,1,2,1,1,1,0,1,3,,,
201027602444,6,3,5,46,8,134.784,2,6,4,2010,11,42,12,1,0,1,1,1,1,2,2,1,0,1,1,,,
201027602445,4,3,5,46,8,292.032,2,6,4,2010,15,21,12,1,0,2,1,1,0,0,2,1,0,8,1,,,
201027602448,2,3,5,46,8,22.464,2,6,4,2010,16,41,12,6,1,5,1,10,0,0,2,1,0,7,1,,,
201027602454,5,3,5,46,8,67.392,2,6,7,2010,13,8,12,1,1,2,1,1,0,0,2,1,0,7,1,,,
201027602460,6,3,5,46,8,134.784,2,7,5,2010,17,19,12,1,0,1,1,1,0,0,2,1,0,1,1,,,
201027602473,4,3,5,46,8,292.032,2,7,6,2010,18,36,12,1,0,1,1,2,0,0,2,1,0,1,1,,,
201027602475,6,3,5,46,8,134.784,1,7,2,2010,7,26,76,0,0,6,1,2,1,1,2,1,0,1,3,,,
201027602484,4,3,4,46,8,292.032,2,6,7,2010,7,50,12,1,0,4,1,1,0,0,2,2,0,1,1,,,
201027602486,5,3,4,46,8,67.392,1,6,6,2010,19,2,42,0,0,1,1,1,0,0,2,2,0,1,4,,,
201027602489,6,3,4,46,8,134.784,1,6,2,2010,9,26,40,0,0,1,1,1,4,1,1,2,0,1,4,,,
201027602490,1,3,4,46,8,22.464,1,6,2,2010,18,12,42,0,0,1,1,1,3,1,2,2,0,1,4,,,
201027602491,3,3,4,46,8,22.464,1,6,3,2010,10,48,21,0,0,4,1,1,2,1,2,2,0,1,1,,,
201027602501,6,3,2,46,8,134.784,1,6,4,2010,21,9,24,0,0,1,3,1,0,0,2,8,0,1,1,,,
201027602505,3,3,2,46,8,22.464,1,6,6,2010,21,47,21,0,0,1,2,1,3,1,1,8,0,1,2,,,
201027602508,1,3,2,46,8,22.464,2,6,1,2010,13,55,12,6,0,2,1,1,3,2,2,8,0,3,1,,,
201027602511,2,3,2,46,8,22.464,1,6,3,2010,10,5,1,0,0,1,1,1,2,1,2,8,0,1,1,,,
201027602516,6,3,2,46,8,134.784,2,6,4,2010,21,7,12,8,0,4,2,1,2,2,2,8,0,1,1,,,
201027602517,1,3,2,46,8,22.464,1,7,7,2010,15,35,35,0,0,1,1,2,0,0,2,8,0,1,4,,,
201027602518,5,3,2,46,8,67.392,2,7,6,2010,17,15,12,7,0,1,1,1,2,1,2,8,0,1,1,,,
201027602521,1,3,2,46,8,22.464,1,7,3,2010,10,0,1,0,0,1,1,1,3,1,2,8,0,1,4,,,
201027602523,1,3,2,46,8,22.464,2,7,1,2010,18,30,12,2,0,1,1,2,3,3,2,8,0,1,1,,,
201027602527,4,3,7,46,8,312.063,1,6,4,2010,11,0,22,0,0,2,1,1,2,1,2,1,0,2,1,,,
201027602534,4,3,7,46,8,312.063,2,6,1,2010,17,39,12,6,0,2,1,1,0,0,2,1,0,3,1,,,
201027602540,1,3,7,46,8,52.01,2,6,1,2010,8,16,12,1,0,1,1,1,3,3,2,1,0,1,1,,,
201027602541,4,3,7,46,8,312.063,2,6,1,2010,17,25,12,8,0,6,1,1,0,0,2,1,0,1,1,,,
201027602542,1,3,7,46,8,52.01,2,6,2,2010,16,30,12,6,0,2,1,1,3,1,2,1,0,2,1,,,
201027602544,6,3,7,46,8,104.021,1,6,6,2010,0,55,34,0,0,1,3,1,0,0,2,1,0,1,4,,,
201027602546,3,3,7,46,8,52.01,2,7,7,2010,10,0,12,6,0,4,1,1,2,3,2,1,0,1,1,,,
201027602550,3,3,2,46,8,22.464,2,7,7,2010,18,50,12,1,0,2,1,1,3,1,2,8,0,2,1,,,
201027602562,5,3,3,46,8,67.392,1,7,2,2010,23,8,42,0,0,1,3,1,1,2,2,2,0,1,4,,,
201027602563,4,3,3,46,8,292.032,2,7,3,2010,15,0,12,1,0,2,1,1,0,0,2,2,0,2,1,,,
201027602567,6,3,3,46,8,134.784,2,7,3,2010,21,45,12,7,0,1,3,2,0,0,2,2,0,1,1,,,
201027602581,4,3,3,46,8,292.032,2,7,3,2010,13,25,12,1,0,1,1,1,0,0,2,2,0,1,1,,,
201027602589,6,3,3,46,8,134.784,2,7,2,2010,15,50,12,1,0,2,1,1,0,0,2,2,0,8,1,,,
201027602601,4,3,3,46,8,292.032,2,7,5,2010,14,25,12,1,0,2,1,1,0,0,2,2,0,4,1,,,
201027602611,6,3,3,46,8,134.784,2,7,5,2010,8,52,12,6,0,2,1,1,0,0,2,2,0,4,1,,,
201027602612,2,3,3,46,8,22.464,2,7,6,2010,16,30,12,6,0,2,1,1,0,0,2,2,0,2,1,,,
201027602615,6,3,1,46,8,134.784,1,7,6,2010,22,30,42,0,0,1,3,1,0,0,2,8,0,1,6,,,
201027602616,4,3,1,46,8,292.032,2,7,6,2010,9,8,54,11,0,2,1,1,0,0,2,8,0,3,1,,,
201027602629,6,3,1,46,8,134.784,1,7,6,2010,19,30,34,0,0,1,3,2,0,0,2,8,0,1,4,,,
201027602637,5,3,1,46,8,67.392,3,7,7,2010,13,35,12,6,0,2,1,2,1,3,2,8,0,2,1,,,
201027602640,4,3,1,46,8,292.032,1,7,3,2010,19,36,21,0,0,2,1,1,1,1,2,8,0,3,1,,,
201027602641,1,3,1,46,8,22.464,1,7,3,2010,0,45,42,0,0,1,2,1,3,1,2,8,0,1,4,,,
201027602648,6,3,1,46,8,134.784,2,7,1,2010,17,30,12,6,0,2,1,1,0,0,2,8,0,2,1,,,
201027602656,5,3,1,46,8,67.392,1,7,6,2010,22,50,59,0,0,5,2,1,1,1,1,8,0,8,4,,,
201027602666,4,3,4,46,8,292.032,2,7,6,2010,20,0,12,6,0,1,5,1,0,0,2,2,0,1,1,,,
201027602677,6,3,4,46,8,134.784,2,7,6,2010,12,56,12,6,0,4,1,1,0,0,2,2,0,1,1,,,
201027602688,6,3,4,46,8,134.784,2,7,3,2010,15,27,12,6,0,2,1,1,2,1,2,2,0,2,1,,,
201027602692,4,3,4,46,8,292.032,2,7,4,2010,7,27,12,6,0,2,1,1,0,0,2,2,0,3,1,,,
201027602694,5,3,4,46,8,67.392,2,7,4,2010,14,38,12,6,0,2,1,1,2,2,2,2,0,2,1,,,
201027602699,6,3,4,46,8,134.784,2,7,5,2010,12,16,12,6,0,4,1,1,0,0,2,2,0,1,1,,,
201027602704,1,3,3,46,8,22.464,1,8,1,2010,13,18,42,0,0,1,1,1,3,1,2,2,0,1,4,,,
201027602724,4,3,4,46,8,292.032,2,7,2,2010,17,43,12,6,0,2,1,2,0,0,2,2,0,8,1,,,
201027602731,5,3,4,46,8,67.392,1,7,5,2010,13,18,1,0,0,1,1,1,2,1,2,2,0,1,1,,,
201027602738,6,3,4,46,8,134.784,1,8,1,2010,9,17,53,0,0,1,1,1,0,0,2,2,0,1,4,,,
201027602742,4,3,4,46,8,292.032,2,8,5,2010,13,0,12,6,0,1,1,1,0,0,2,2,0,1,1,,,
201027602751,3,3,1,46,8,22.464,1,6,1,2010,14,23,1,0,0,1,1,1,2,1,2,8,0,1,4,,,
201027602752,3,3,1,46,8,22.464,2,6,1,2010,22,0,12,6,0,2,2,1,2,1,2,8,0,2,1,,,
201027602754,3,3,5,46,8,22.464,1,5,6,2010,7,45,21,0,0,2,1,1,2,1,2,1,0,3,1,,,
201027602755,1,3,5,46,8,22.464,1,7,6,2010,11,37,23,0,0,1,1,1,3,2,2,1,0,1,1,,,
201027602761,5,3,5,46,8,67.392,2,7,3,2010,22,40,12,6,0,2,3,1,1,1,2,1,0,3,1,,,
201027602769,6,3,5,46,8,134.784,2,7,3,2010,18,18,12,6,1,2,1,1,0,0,2,1,0,7,1,,,
201027602782,5,3,4,46,8,67.392,2,8,3,2010,16,15,12,6,0,4,1,1,2,2,2,2,0,1,1,,,
201027602788,6,3,4,46,8,134.784,2,8,5,2010,19,17,12,1,0,2,1,1,2,1,2,2,0,8,1,,,
201027602792,3,3,4,46,8,22.464,1,7,2,2010,21,15,22,0,0,2,3,1,1,1,2,2,0,2,1,,,
201027602797,4,3,5,46,8,292.032,2,8,3,2010,18,28,12,6,0,1,1,1,0,0,2,1,0,1,1,,,
201027602803,6,3,5,46,8,134.784,2,8,4,2010,15,15,12,2,0,2,1,1,0,0,2,1,0,3,1,,,
201027602810,2,3,2,46,8,22.464,2,4,6,2010,10,33,12,6,0,2,1,1,0,0,2,8,0,2,1,,,
201027602818,6,3,3,46,8,134.784,2,8,4,2010,11,50,12,6,0,2,1,1,0,0,2,2,0,2,1,,,
201027602823,4,3,3,46,8,292.032,2,8,6,2010,15,17,12,6,0,2,1,1,0,0,2,2,0,3,1,,,
201027602832,6,3,3,46,8,134.784,2,8,5,2010,17,40,12,6,0,2,1,1,1,1,2,2,0,2,1,,,
201027602847,4,3,3,46,8,292.032,2,8,5,2010,9,42,12,1,0,2,1,1,1,1,2,2,0,3,1,,,
201027602848,6,3,3,46,8,134.784,2,8,6,2010,11,0,12,1,0,2,1,1,0,0,2,2,0,2,1,,,
201027602852,4,3,4,46,8,292.032,1,8,7,2010,18,15,24,0,0,1,1,1,0,0,2,2,0,1,1,,,
201027602860,6,3,4,46,8,134.784,2,8,7,2010,16,10,12,6,0,2,1,1,0,0,2,2,0,3,1,,,
201027602877,4,3,4,46,8,292.032,2,8,6,2010,22,0,14,0,0,1,3,1,0,0,2,2,1,1,7,,,
201027602884,6,3,4,46,8,134.784,1,8,2,2010,23,55,38,0,0,1,3,1,0,0,2,2,0,1,5,,,
201027602895,4,3,4,46,8,292.032,2,8,1,2010,0,0,14,0,0,1,3,10,0,0,1,2,1,1,4,,,
201027602899,5,3,4,46,8,67.392,2,9,4,2010,15,18,12,1,0,2,1,1,1,1,2,2,0,3,1,,,
201027602909,6,3,4,46,8,134.784,2,9,2,2010,16,48,12,6,0,2,1,1,0,0,2,2,0,3,1,,,
201027602925,6,3,3,46,8,134.784,4,8,6,2010,18,52,12,1,0,2,1,1,1,1,2,2,0,8,1,,,
201027602929,4,3,7,46,8,312.063,2,8,2,2010,8,45,12,1,0,2,1,1,0,0,2,1,0,3,1,,,
201027602930,6,3,7,46,8,104.021,3,8,5,2010,7,30,12,1,0,2,1,1,0,0,2,1,0,2,1,,,
201027602931,5,3,7,46,8,52.01,4,8,6,2010,13,35,12,1,0,1,1,1,1,3,2,1,0,1,1,,,
201027602936,5,3,7,46,8,52.01,2,8,2,2010,11,15,12,6,0,2,1,1,1,3,2,1,0,2,1,,,
201027602939,4,3,7,46,8,312.063,2,8,4,2010,14,25,12,1,0,2,1,1,0,0,2,1,0,2,1,,,
201027602941,6,3,7,46,8,104.021,2,8,2,2010,17,53,12,6,0,2,1,1,1,1,2,1,0,2,1,,,
201027602947,4,3,7,46,8,312.063,2,9,6,2010,10,10,12,7,0,1,1,1,0,0,2,1,0,1,1,,,
201027602951,6,3,5,46,8,134.784,2,8,5,2010,12,13,12,1,0,1,1,1,2,1,2,1,0,1,1,,,
201027602962,4,3,5,46,8,292.032,3,8,4,2010,14,30,12,1,0,1,1,1,0,0,2,1,0,1,1,,,
201027602967,6,3,5,46,8,134.784,2,8,1,2010,6,40,12,2,0,4,1,1,0,0,2,1,0,1,1,,,
201027602979,5,3,5,46,8,67.392,1,8,3,2010,17,34,42,0,0,1,1,1,1,1,2,1,0,1,5,,,
201027602983,2,3,5,46,8,22.464,2,9,3,2010,9,22,12,6,0,2,1,1,3,3,2,1,0,2,1,,,
201027602985,4,3,5,46,8,292.032,2,9,5,2010,14,25,12,1,0,1,1,1,0,0,2,1,0,1,1,,,
201027602987,3,3,7,46,8,52.01,1,9,3,2010,20,32,22,0,0,1,3,1,3,2,2,1,0,1,1,,,
201027602988,5,3,7,46,8,52.01,2,9,5,2010,10,47,12,1,0,4,1,1,2,2,2,1,0,1,1,,,
201027602990,4,3,3,46,8,292.032,2,9,5,2010,7,27,12,1,0,1,1,1,0,0,2,2,0,1,1,,,
201027603007,4,3,3,46,8,292.032,1,9,3,2010,6,40,53,0,0,4,4,1,0,0,1,2,0,1,4,,,
201027603010,6,3,3,46,8,134.784,2,9,3,2010,7,39,12,6,0,2,1,1,0,0,2,2,0,2,1,,,
201027603014,1,3,3,46,8,22.464,5,9,4,2010,17,6,12,8,0,1,1,1,3,3,2,2,3,1,1,,,
201027603027,4,3,3,46,8,292.032,2,9,4,2010,8,14,12,1,0,2,1,1,0,0,2,2,0,4,1,,,
201027603035,6,3,3,46,8,134.784,2,9,5,2010,15,33,12,1,0,2,1,1,0,0,2,2,0,3,1,,,
201027603046,4,3,3,46,8,292.032,2,9,3,2010,17,43,12,1,0,2,1,1,0,0,2,2,0,10,1,,,
201027603049,3,3,3,46,8,22.464,1,9,4,2010,16,37,22,0,0,2,1,1,2,1,2,2,0,3,1,,,
201027603056,4,3,4,46,8,292.032,2,9,6,2010,16,5,12,1,0,2,1,1,0,0,2,2,0,3,1,,,
201027603073,4,3,4,46,8,292.032,2,9,7,2010,8,18,12,1,0,2,1,1,0,0,2,2,0,8,1,,,
201027603090,4,3,4,46,8,292.032,2,9,6,2010,21,10,12,7,0,1,6,1,1,1,2,2,0,1,1,,,
201027603093,6,3,4,46,8,134.784,1,9,6,2010,17,0,30,0,0,1,1,10,0,0,2,2,0,1,4,,,
201027603104,6,3,4,46,8,134.784,1,9,4,2010,6,19,33,0,0,1,1,1,1,1,2,2,0,1,4,,,
201027603113,4,3,7,46,8,312.063,3,9,1,2010,17,20,12,1,0,2,1,1,0,0,2,1,0,2,1,,,
201027603114,6,3,7,46,8,104.021,1,9,6,2010,19,24,34,0,0,1,2,1,1,2,2,1,0,1,4,,,
201027603116,5,3,7,46,8,52.01,2,9,3,2010,17,30,12,6,0,7,1,1,1,1,2,1,0,1,1,,,
201027603122,4,3,7,46,8,312.063,2,9,4,2010,18,0,12,1,0,2,1,1,1,1,2,1,0,3,1,,,
201027603129,6,3,5,46,8,134.784,2,9,4,2010,13,45,12,6,0,2,1,1,0,0,2,1,0,2,1,,,
201027603146,6,3,5,46,8,134.784,2,10,2,2010,7,43,14,0,0,1,1,1,0,0,2,1,1,1,7,,,
201027603148,4,3,5,46,8,292.032,2,10,3,2010,9,27,12,1,0,2,1,1,0,0,2,1,0,2,1,,,
201027603156,1,3,4,46,8,22.464,1,10,1,2010,7,40,42,0,0,1,1,1,3,1,2,2,0,1,4,,,
201027603159,4,3,4,46,8,292.032,2,10,2,2010,7,14,12,1,0,2,1,1,0,0,2,2,0,3,1,,,
201027603167,6,3,3,46,8,134.784,2,10,6,2010,13,22,12,1,0,2,1,1,0,0,2,2,0,8,1,,,
201027603170,5,3,3,46,8,67.392,3,10,2,2010,8,0,12,6,0,2,1,1,1,1,2,2,0,8,1,,,
201027603183,4,3,3,46,8,292.032,2,10,6,2010,14,8,12,6,0,4,1,1,0,0,2,2,0,1,1,,,