CASENUM,STRATUM,REGION,PJ,PSU,PSUSTRAT,WEIGHT,VE_TOTAL,MONTH,WKDY_IM,YEAR,HOUR_IM,MINUTE_IM,EVENT1_IM,MANCOL_IM,RELJCT1_IM,RELJCT2_IM,LGTCON_IM,WEATHR_IM,MAXSEV_IM,NO_INJ_IM,ALCHL_IM,LAND_USE,PVH_INVL,TYP_INT,REL_ROAD,CF1,CF2,CF3
201027701624,6,3,2,61,9,138.859,2,9,7,2010,11,8,12,1,0,4,1,1,1,1,2,3,0,1,1,,,
201027701628,5,3,2,61,9,69.429,3,9,1,2010,15,48,12,6,0,2,1,1,1,1,2,3,0,3,1,,,
201027701632,6,3,2,61,9,138.859,2,9,4,2010,23,11,12,6,0,2,3,10,1,2,2,3,0,2,1,,,
201027701633,4,3,2,61,9,277.718,2,9,6,2010,8,38,12,6,0,2,1,1,0,0,2,3,0,8,1,,,
201027701637,5,3,2,61,9,69.429,2,9,7,2010,12,50,12,6,0,2,1,1,1,2,2,3,0,3,1,,,
201027701640,5,3,5,61,9,69.429,2,9,7,2010,11,26,12,1,0,2,1,1,2,3,2,1,0,8,1,,,
201027701644,6,3,5,61,9,138.859,3,9,3,2010,14,38,12,1,0,1,1,1,1,1,2,1,0,1,1,,,
201027701646,1,3,5,61,9,34.715,2,8,5,2010,17,10,12,6,0,2,1,1,1,2,2,1,0,2,1,,,
201027701649,3,3,2,61,9,34.715,1,9,7,2010,20,51,22,0,0,1,3,1,2,1,1,3,0,1,1,,,
201027701651,3,3,2,61,9,34.715,1,9,2,2010,17,45,22,0,0,1,1,1,2,1,2,3,0,1,1,,,
201027701654,5,3,2,61,9,69.429,2,9,3,2010,14,14,12,1,0,2,1,1,3,1,2,3,0,3,1,,,
201027701655,3,3,2,61,9,34.715,1,9,2,2010,6,38,21,0,0,2,1,1,3,1,2,3,0,3,1,,,
201027701657,6,3,2,61,9,138.859,2,9,4,2010,19,5,12,1,0,1,5,10,0,0,2,3,0,1,1,,,
201027701662,6,3,2,61,9,138.859,2,9,6,2010,21,55,12,6,0,2,3,10,0,0,2,3,0,2,1,,,
201027701665,3,3,2,61,9,34.715,1,9,7,2010,20,2,1,0,0,2,3,1,2,1,2,3,0,3,1,,,
201027701670,4,3,2,61,9,277.718,2,9,2,2010,7,3,12,7,0,1,1,1,0,0,2,3,0,1,1,,,
201027701674,3,3,4,61,9,34.715,1,9,3,2010,1,25,33,0,0,1,2,1,2,1,1,8,0,1,4,,,
201027701679,6,3,3,61,9,138.859,1,9,4,2010,15,39,31,0,0,1,1,1,0,0,2,1,0,1,4,,,
201027701681,3,3,5,61,9,34.715,1,9,4,2010,19,0,21,0,0,1,5,1,4,1,2,1,0,1,1,,,
201027701689,5,3,5,61,9,69.429,2,8,4,2010,22,56,12,1,0,2,3,2,1,1,2,1,0,2,1,,,
201027701691,3,3,2,61,9,34.715,1,9,3,2010,13,24,22,0,0,2,1,10,2,1,2,3,0,8,1,,,
201027701692,1,3,3,61,9,34.715,1,7,3,2010,11,54,46,0,0,1,1,1,4,1,2,1,0,1,4,,,
201027701693,4,3,4,61,9,277.718,2,9,5,2010,17,29,14,0,0,1,1,1,0,0,2,8,1,1,7,,,
201027701694,5,3,4,61,9,69.429,2,10,2,2010,14,38,12,1,0,2,1,1,1,1,2,8,0,3,1,,,
201027701695,3,3,4,61,9,34.715,2,10,2,2010,17,50,12,7,0,1,1,1,2,1,2,8,0,1,1,,,
201027701696,3,3,4,61,9,34.715,1,9,2,2010,22,31,41,0,0,1,3,2,2,2,1,8,0,1,4,,,
201027701703,6,3,2,61,9,138.859,2,9,5,2010,14,47,12,6,0,4,1,1,1,2,2,3,0,1,1,,,
201027701707,3,3,2,61,9,34.715,2,10,7,2010,2,52,14,0,0,2,3,1,2,1,1,3,1,2,7,,,
201027701709,5,3,2,61,9,69.429,2,10,7,2010,19,16,12,1,0,2,5,1,2,2,2,3,0,2,1,,,
201027701710,3,3,2,61,9,34.715,1,10,1,2010,13,23,22,0,0,2,1,1,2,1,2,3,0,3,1,,,
201027701713,3,3,2,61,9,34.715,2,10,2,2010,7,31,12,7,0,2,1,1,2,1,2,3,0,3,1,,,
201027701714,3,3,2,61,9,34.715,1,10,3,2010,14,53,33,0,0,2,1,1,3,1,2,3,0,2,4,,,
201027701720,4,3,5,61,9,277.718,2,10,2,2010,10,22,12,6,0,2,1,1,0,0,2,1,0,2,1,,,
201027701721,3,3,5,61,9,34.715,1,10,3,2010,17,30,1,0,0,1,1,1,3,1,2,1,0,1,4,,,
201027701722,5,3,5,61,9,69.429,2,10,3,2010,11,28,12,6,0,2,1,1,1,1,2,1,0,2,1,,,
201027701728,2,3,3,61,9,34.715,2,10,4,2010,15,27,12,6,0,2,1,1,2,1,2,1,0,2,1,,,
201027701731,4,3,3,61,9,277.718,2,10,6,2010,13,30,12,7,0,1,1,1,0,0,2,1,0,1,1,,,
201027701739,3,3,4,61,9,34.715,2,10,2,2010,13,5,12,6,0,2,1,1,2,2,2,8,0,2,1,,,
201027701742,3,3,4,61,9,34.715,1,10,7,2010,19,48,21,0,0,1,2,1,2,1,2,8,0,1,1,,,
201027701744,5,3,2,61,9,69.429,2,10,6,2010,7,10,12,2,0,2,4,1,1,3,2,3,0,2,1,,,
201027701745,6,3,2,61,9,138.859,2,10,5,2010,21,31,12,1,0,2,3,1,3,2,1,3,0,3,1,,,
201027701749,4,3,2,61,9,277.718,1,10,3,2010,7,30,22,0,0,2,1,10,1,1,2,3,0,8,1,,,
201027701752,3,3,2,61,9,34.715,1,10,2,2010,9,14,1,0,0,1,1,1,2,1,2,3,0,1,1,,,
201027701753,3,3,2,61,9,34.715,1,10,2,2010,7,5,21,0,0,2,1,1,2,1,2,3,0,8,1,,,
201027701754,5,3,2,61,9,69.429,3,10,7,2010,22,36,12,1,0,4,3,1,1,2,2,3,0,1,1,,,
201027701755,6,3,2,61,9,138.859,2,10,7,2010,11,44,12,2,0,2,1,1,1,2,2,3,0,3,1,,,
201027701756,3,3,2,61,9,34.715,2,10,6,2010,20,39,12,1,0,2,3,1,2,1,2,3,0,2,1,,,
201027701757,3,3,2,61,9,34.715,2,10,6,2010,13,30,12,7,0,1,1,1,2,1,2,3,0,1,1,,,
201027701765,3,3,2,61,9,34.715,2,10,6,2010,15,32,12,6,0,2,1,1,2,1,2,3,0,2,1,,,
201027701766,3,3,2,61,9,34.715,2,10,6,2010,16,10,12,6,0,4,1,1,2,1,2,3,0,1,1,,,
201027701768,6,3,2,61,9,138.859,2,10,7,2010,15,16,12,7,0,1,1,1,0,0,2,3,0,1,1,,,
201027701769,3,3,2,61,9,34.715,1,10,7,2010,19,0,21,0,0,1,1,1,2,1,2,3,0,1,1,,,
201027701771,3,3,2,61,9,34.715,1,10,7,2010,19,32,1,0,0,2,5,1,3,1,1,3,0,2,1,,,
201027701776,3,3,5,61,9,34.715,2,10,1,2010,12,41,12,6,0,2,1,1,3,2,2,1,0,3,1,,,
201027701777,3,3,5,61,9,34.715,1,10,2,2010,8,56,22,0,0,2,1,1,2,1,2,1,0,3,1,,,
201027701778,3,3,5,61,9,34.715,1,10,4,2010,0,40,33,0,0,1,3,1,2,1,2,1,0,1,4,,,
201027701779,1,3,5,61,9,34.715,2,10,6,2010,16,23,12,6,0,2,1,1,3,5,2,1,0,2,1,,,
201027701780,3,3,5,61,9,34.715,1,10,2,2010,20,45,22,0,0,2,5,1,3,1,2,1,0,3,1,,,
201027701783,5,3,5,61,9,69.429,1,10,4,2010,3,56,34,0,0,2,3,10,1,1,2,1,0,2,5,,,
201027701786,5,3,5,61,9,69.429,2,10,7,2010,16,15,12,6,0,2,1,1,1,1,2,1,0,2,1,,,
201027701789,2,3,2,61,9,34.715,2,10,5,2010,21,15,43,0,0,1,3,1,2,2,2,3,0,1,1,,,
201027701791,6,3,4,61,9,138.859,2,10,6,2010,1,30,42,0,0,2,3,1,0,0,1,8,1,3,5,,,
201027701794,4,3,4,61,9,277.718,1,10,4,2010,8,7,53,0,0,1,1,1,0,0,1,8,0,1,4,,,
201027701795,3,3,4,61,9,34.715,1,10,4,2010,18,6,22,0,0,2,1,1,2,1,1,8,0,8,1,,,
201027701800,6,3,3,61,9,138.859,1,10,3,2010,17,0,43,0,0,2,1,1,0,0,2,1,0,2,3,,,
201027701803,4,3,2,61,9,277.718,2,10,6,2010,23,5,12,7,0,1,3,1,0,0,2,3,0,1,1,,,
201027701807,5,3,2,61,9,69.429,4,10,7,2010,20,32,12,1,0,2,3,1,2,1,2,3,0,2,1,,,
201027701814,4,3,2,61,9,277.718,2,10,4,2010,10,0,12,6,0,2,1,1,0,0,2,3,0,2,1,,,
201027701819,6,3,2,61,9,138.859,2,10,5,2010,16,5,12,6,0,1,1,1,0,0,2,3,0,1,1,,,
201027701820,5,3,2,61,9,69.429,2,10,5,2010,18,19,12,6,0,2,5,1,2,2,2,3,0,3,1,,,
201027701827,4,3,3,61,9,277.718,3,10,4,2010,14,42,12,1,0,2,1,1,0,0,2,1,0,2,1,,,
201027701834,3,3,3,61,9,34.715,1,11,2,2010,17,26,1,0,0,2,1,1,2,2,2,1,0,3,1,,,
201027701839,6,3,3,61,9,138.859,2,11,4,2010,15,0,12,1,0,1,1,1,0,0,2,1,0,1,1,,,
201027701841,3,3,3,61,9,34.715,1,11,3,2010,12,25,21,0,0,1,1,1,2,1,2,1,0,1,1,,,
201027701845,2,3,4,61,9,34.715,2,10,1,2010,17,10,12,6,0,4,1,1,0,0,2,8,0,1,1,,,
201027701854,3,3,4,61,9,34.715,1,11,3,2010,10,20,53,0,0,1,1,1,2,1,2,8,0,1,4,,,
201027701856,6,3,4,61,9,138.859,2,10,1,2010,1,50,12,6,0,2,3,1,0,0,2,8,0,3,1,,,
201027701859,5,3,4,61,9,69.429,2,10,4,2010,8,5,14,0,0,1,1,1,2,1,2,8,1,1,7,,,
201027701861,4,3,4,61,9,277.718,2,10,3,2010,12,49,14,0,0,1,1,1,8,0,2,8,1,1,7,,,
201027701865,2,3,2,61,9,34.715,2,10,6,2010,13,16,12,1,0,2,1,1,0,0,2,3,0,2,1,,,
201027701873,2,3,2,61,9,34.715,3,10,4,2010,17,2,12,1,0,2,1,1,1,1,2,3,0,2,1,,,
201027701874,6,3,2,61,9,138.859,1,11,2,2010,9,5,31,0,0,1,1,1,0,0,2,3,0,1,4,,,
201027701875,5,3,2,61,9,69.429,4,11,2,2010,10,27,12,1,0,2,1,1,1,1,2,3,0,8,1,,,
201027701878,4,3,2,61,9,277.718,2,11,4,2010,8,0,12,1,0,2,1,10,0,0,2,3,0,3,1,,,
201027701880,3,3,2,61,9,34.715,1,11,5,2010,9,26,1,0,0,2,1,10,2,1,2,3,0,2,1,,,
201027701881,5,3,2,61,9,69.429,3,11,5,2010,19,51,12,7,0,2,3,10,1,1,1,3,0,2,1,,,
201027701888,5,3,2,61,9,69.429,2,11,5,2010,12,43,12,2,0,1,1,2,1,5,2,3,0,1,1,,,
201027701908,3,3,2,61,9,34.715,2,10,7,2010,3,40,12,1,0,2,3,1,3,1,2,3,0,2,1,,,
201027701909,3,3,2,61,9,34.715,1,11,2,2010,18,30,21,0,0,2,3,1,2,1,2,3,0,3,1,,,
201027701912,6,3,2,61,9,138.859,1,11,4,2010,23,55,59,0,0,2,3,1,0,0,2,3,0,3,4,,,
201027701913,4,3,2,61,9,277.718,2,11,5,2010,3,5,12,6,0,2,3,1,0,0,2,3,0,2,1,,,
201027701919,3,3,2,61,9,34.715,2,10,6,2010,10,10,12,1,0,2,1,1,3,2,1,3,0,2,1,,,
201027701920,5,3,2,61,9,69.429,1,10,6,2010,10,7,42,0,0,1,1,1,1,1,2,3,0,1,4,,,
201027701923,2,3,2,61,9,34.715,2,11,6,2010,11,56,12,6,0,4,1,1,0,0,2,3,0,1,1,,,
201027701927,3,3,2,61,9,34.715,1,11,7,2010,13,39,22,0,0,2,1,1,2,1,2,3,0,2,1,,,
201027701928,3,3,2,61,9,34.715,2,11,1,2010,2,30,12,1,0,2,3,1,2,1,2,3,0,2,1,,,
201027701930,3,3,4,61,9,34.715,1,11,4,2010,16,27,21,0,0,2,1,1,2,2,2,8,0,2,1,,,
201027701934,4,3,5,61,9,277.718,1,11,2,2010,4,45,59,0,1,5,3,1,1,1,2,1,0,2,3,,,
201027701935,6,3,5,61,9,138.859,2,10,1,2010,17,36,12,2,0,4,1,1,0,0,2,1,0,1,1,,,
201027701939,3,3,5,61,9,34.715,1,11,4,2010,16,1,1,0,0,1,1,1,2,1,2,1,0,1,1,,,
201027701941,4,3,3,61,9,277.718,2,11,4,2010,16,42,12,7,0,2,1,1,0,0,2,1,0,2,1,,,
201027701946,5,3,3,61,9,69.429,2,11,6,2010,10,58,12,6,0,2,1,1,1,2,2,1,0,2,1,,,
201027701955,3,3,5,61,9,34.715,1,11,6,2010,9,58,22,0,0,2,1,1,3,1,2,1,0,8,1,,,
201027701958,3,3,4,61,9,34.715,1,11,6,2010,19,17,21,0,0,2,3,1,2,1,2,8,0,8,1,,,
201027701964,6,3,2,61,9,138.859,1,11,3,2010,8,45,59,0,0,1,1,1,0,0,2,3,0,1,6,,,
201027701965,4,3,2,61,9,277.718,2,11,3,2010,16,19,12,6,0,2,1,1,0,0,2,3,0,2,1,,,
201027701970,6,3,2,61,9,138.859,2,11,4,2010,2,26,12,1,0,1,3,10,0,0,2,3,0,1,1,,,
201027701975,2,3,2,61,9,34.715,2,11,6,2010,2,45,12,1,0,2,3,10,2,1,2,3,0,8,1,,,
201027701981,6,3,2,61,9,138.859,2,11,7,2010,14,54,12,6,0,2,1,1,0,0,2,3,0,2,1,,,
201027701984,4,3,2,61,9,277.718,2,11,1,2010,20,0,14,0,0,4,3,1,1,1,2,3,1,1,7,,,
201027701987,1,3,2,61,9,34.715,2,11,4,2010,20,23,12,6,0,2,3,1,3,2,2,3,0,2,1,,,
201027701988,2,3,2,61,9,34.715,2,11,5,2010,2,57,12,6,0,2,3,1,0,0,2,3,0,2,1,,,
201027701996,6,3,3,61,9,138.859,2,11,2,2010,15,45,12,6,0,2,1,1,0,0,2,1,0,2,1,,,
201027702002,4,3,3,61,9,277.718,2,11,3,2010,10,40,14,0,0,4,1,1,0,0,2,1,1,1,7,,,
201027702005,6,3,3,61,9,138.859,2,11,2,2010,16,50,12,6,0,2,1,1,0,0,2,1,0,2,1,,,
201027702014,5,3,2,61,9,69.429,2,12,5,2010,14,56,12,2,0,2,1,1,2,1,2,3,0,2,1,,,
201027702017,6,3,2,61,9,138.859,2,11,3,2010,14,14,12,6,0,2,1,1,0,0,2,3,0,2,1,,,
201027702020,3,3,2,61,9,34.715,1,12,1,2010,19,5,43,0,0,1,3,1,2,1,2,3,0,1,3,,,
201027702021,4,3,2,61,9,277.718,2,12,6,2010,15,40,12,7,0,2,1,1,0,0,2,3,0,2,1,,,
201027702025,6,3,2,61,9,138.859,2,12,4,2010,14,43,12,1,0,1,1,1,1,1,2,3,0,1,1,,,
201027702030,5,3,2,61,9,69.429,2,12,5,2010,15,40,12,6,0,2,1,1,1,2,2,3,0,8,1,,,
201027702037,4,3,2,61,9,277.718,2,12,4,2010,12,50,14,0,0,1,1,10,0,0,2,3,1,1,4,,,
201027702038,6,3,2,61,9,138.859,1,12,4,2010,23,20,42,0,0,1,2,10,0,0,2,3,0,1,5,,,
201027702039,1,3,3,61,9,34.715,2,12,6,2010,12,57,12,6,0,2,1,1,3,1,2,1,0,3,1,,,
201027702041,4,3,3,61,9,277.718,2,12,7,2010,18,32,12,7,0,2,3,1,0,0,2,1,0,2,1,,,
201027702046,6,3,4,61,9,138.859,3,12,4,2010,18,25,12,1,0,1,3,1,2,2,2,8,0,1,1,,,
201027702048,4,3,4,61,9,277.718,2,11,7,2010,0,38,12,1,0,2,3,5,0,0,1,8,0,3,1,,,
201027702052,1,3,5,61,9,34.715,2,12,4,2010,6,18,12,6,1,5,3,2,3,1,2,1,0,1,1,,,
201027702079,6,3,4,61,9,138.859,2,12,5,2010,14,30,12,1,0,1,1,1,0,0,2,8,0,1,1,,,
201027702081,5,3,4,61,9,69.429,2,12,4,2010,12,31,12,6,0,2,1,1,1,1,2,8,0,2,1,,,
201027702082,2,3,4,61,9,34.715,3,12,4,2010,20,35,12,1,0,1,2,1,1,1,1,8,1,1,1,,,
201027702087,6,3,4,61,9,138.859,2,12,6,2010,15,56,12,1,0,2,1,1,0,0,2,8,0,8,1,,,
201027702089,3,3,5,61,9,34.715,1,12,1,2010,12,23,1,0,0,2,1,1,2,1,2,1,0,2,1,,,
201027702092,3,3,3,61,9,34.715,1,12,5,2010,11,44,17,0,0,2,1,1,2,1,2,1,0,6,4,,,
201027702093,5,3,3,61,9,69.429,2,11,4,2010,10,50,12,6,0,2,1,1,2,1,2,1,0,2,1,,,
201027702100,3,3,2,61,9,34.715,1,12,1,2010,8,0,1,0,0,1,1,1,2,1,2,3,0,1,1,,,
201027702107,6,3,2,61,9,138.859,2,12,5,2010,19,0,12,1,0,1,3,1,0,0,2,3,0,1,1,,,
201027702112,4,3,2,61,9,277.718,1,12,5,2010,4,20,42,0,0,1,3,2,0,0,2,3,0,1,3,,,
201027702114,5,3,2,61,9,69.429,3,12,6,2010,16,53,12,1,0,2,1,1,1,1,2,3,0,3,1,,,
201027702117,5,3,4,61,9,69.429,1,12,5,2010,21,15,38,0,0,1,2,1,2,1,1,8,0,1,5,,,
201027702124,5,3,5,61,9,69.429,2,12,4,2010,17,10,12,6,0,2,1,1,0,0,2,1,0,2,1,,,
201027702126,5,3,2,61,9,69.429,4,12,2,2010,10,5,12,1,0,1,1,1,2,4,2,3,0,1,1,,,
201027702127,3,3,2,61,9,34.715,1,12,1,2010,19,25,22,0,0,2,3,1,2,1,2,3,0,2,1,,,
201027702133,6,3,2,61,9,138.859,1,12,3,2010,13,30,43,0,0,1,1,1,1,1,2,3,0,1,3,,,
201027702136,3,3,2,61,9,34.715,1,12,6,2010,0,1,22,0,0,2,3,1,2,1,2,3,0,2,1,,,
201027702140,4,3,2,61,9,277.718,2,12,1,2010,1,38,12,1,0,2,3,1,0,0,2,3,0,2,1,,,
201027702144,3,3,2,61,9,34.715,1,12,3,2010,10,2,21,0,0,2,1,1,2,1,2,3,0,2,1,,,
201027702145,3,3,2,61,9,34.715,2,12,3,2010,13,11,14,0,0,4,1,1,2,1,1,3,1,1,7,,,
201027702146,6,3,2,61,9,138.859,2,12,3,2010,16,42,12,8,0,2,1,1,0,0,2,3,0,2,1,,,
201027702151,3,3,2,61,9,34.715,1,12,6,2010,14,15,21,0,0,1,1,1,2,1,2,3,0,1,1,,,
201027702152,3,3,2,61,9,34.715,2,12,6,2010,14,42,12,6,0,2,1,1,3,3,2,3,0,2,1,,,
201027702157,5,3,2,61,9,69.429,2,12,1,2010,11,16,12,6,0,2,1,10,2,3,2,3,0,2,1,,,
201027702158,4,3,2,61,9,277.718,2,12,1,2010,21,3,12,7,0,1,3,1,0,0,2,3,0,1,1,,,
201027702162,1,3,2,61,9,34.715,1,12,2,2010,23,59,59,0,0,2,3,10,3,1,1,3,0,5,4,,,
201027702165,5,3,2,61,9,69.429,2,12,3,2010,19,29,12,1,0,2,3,1,2,2,2,3,0,2,1,,,
201027702166,6,3,2,61,9,138.859,4,12,4,2010,12,5,12,1,0,2,1,1,1,2,2,3,0,8,1,,,
201027702168,5,3,2,61,9,69.429,2,12,5,2010,1,30,12,1,0,2,3,10,1,3,1,3,0,2,1,,,
201027702169,3,3,2,61,9,34.715,2,12,6,2010,15,45,14,0,0,1,1,1,2,1,2,3,1,1,4,,,
201027702173,5,3,5,61,9,69.429,2,12,6,2010,21,31,12,6,0,2,3,1,2,2,2,1,0,2,1,,,
201027702175,6,3,5,61,9,138.859,2,12,3,2010,14,11,12,1,0,2,1,1,0,0,2,1,0,2,1,,,
201027702176,1,3,5,61,9,34.715,1,12,2,2010,13,52,31,0,0,2,1,1,3,1,1,1,0,2,4,,,
201027702177,4,3,4,61,9,277.718,2,12,3,2010,13,53,12,1,0,2,1,1,0,0,2,8,0,8,1,,,
201027702178,5,3,4,61,9,69.429,2,12,3,2010,10,2,12,6,0,2,1,1,2,2,2,8,0,2,1,,,
201027702180,5,3,4,61,9,69.429,2,12,6,2010,23,23,12,1,0,2,3,1,2,1,1,8,0,2,1,,,
201027702201,3,3,2,61,9,34.715,1,12,7,2010,6,31,21,0,0,1,3,1,3,1,1,3,0,1,1,,,
201027702202,5,3,5,61,9,69.429,2,12,4,2010,12,9,14,0,0,4,1,1,2,2,2,1,1,1,4,,,
201027702206,6,3,4,61,9,138.859,2,12,4,2010,18,24,12,6,0,2,3,1,0,0,2,8,0,3,1,,,
201027800398,4,2,5,10,5,294.0,2,1,2,2010,18,15,12,7,0,1,2,10,0,0,2,3,0,1,1,,,
201027800441,4,2,5,10,5,294.0,2,1,5,2010,15,40,12,7,0,1,1,10,0,0,2,3,0,1,1,,,
201027800465,4,2,4,33,5,295.462,2,1,3,2010,18,0,12,1,0,1,3,10,0,0,2,1,0,1,1,,,
201027800470,2,2,4,33,5,4.617,2,1,2,2010,11,30,25,0,0,1,1,4,1,1,2,1,0,1,3,,,
201027800474,2,2,4,33,5,4.617,2,1,2,2010,16,45,12,6,1,5,1,4,1,1,2,1,0,1,1,,,
201027800480,5,2,4,33,5,60.016,1,1,3,2010,18,5,25,0,0,1,3,1,1,2,2,1,0,1,3,,,
201027800487,6,2,4,33,5,129.265,2,1,4,2010,19,0,12,1,0,1,2,1,0,0,2,1,0,1,1,,,
201027800551,4,2,24,10,5,298.075,3,1,5,2010,17,0,12,1,0,2,5,4,0,0,2,1,0,10,1,,,
201027800553,6,2,24,10,5,135.489,2,1,6,2010,16,15,12,1,0,1,1,10,0,0,2,1,0,1,1,,,
201027800603,4,2,2,33,5,295.462,2,1,4,2010,12,59,12,1,0,2,1,10,0,0,2,3,0,3,1,,,
201027800692,6,2,5,10,5,128.154,2,1,2,2010,2,23,14,0,0,2,3,2,0,0,2,3,1,2,7,,,
201027800711,4,2,5,10,5,294.0,2,2,2,2010,17,23,12,6,0,2,5,10,1,3,2,3,0,2,1,,,
201027800715,1,2,5,10,5,7.538,2,2,3,2010,22,11,12,6,0,1,3,4,3,4,2,3,0,1,1,,,
201027800752,4,2,24,10,5,298.075,1,1,2,2010,9,22,18,0,0,6,1,1,0,0,2,1,0,1,1,,,
201027800769,5,2,24,10,5,54.195,2,2,7,2010,15,10,12,1,0,2,1,1,1,2,2,1,0,10,1,,,
201027800780,6,2,1,32,4,125.616,1,1,7,2010,13,30,42,0,0,1,1,1,0,0,2,3,0,1,4,,,
201027800787,4,2,1,32,4,293.104,2,1,4,2010,14,0,12,7,0,1,1,10,0,0,2,3,0,1,1,,,
201027800803,4,2,1,32,4,293.104,1,1,5,2010,7,40,30,0,0,2,1,1,1,1,2,3,0,2,4,,,
201027800807,5,2,1,32,4,62.808,1,1,6,2010,22,45,42,0,0,1,3,1,2,3,2,3,0,1,4,,,
201027800813,3,2,1,32,4,20.936,1,1,1,2010,2,30,40,0,0,2,3,1,2,1,1,3,0,2,4,,,
201027800815,6,2,1,32,4,125.616,2,1,2,2010,12,0,12,6,0,2,1,10,1,2,2,3,0,2,1,,,
201027800824,4,2,1,32,4,293.104,2,1,6,2010,19,0,12,6,0,2,3,1,0,0,2,3,0,2,1,,,
201027800826,3,2,1,32,4,20.936,1,1,7,2010,19,10,59,0,0,2,3,10,3,2,2,3,0,2,4,,,
201027800866,4,2,4,33,5,295.462,2,1,6,2010,17,0,12,7,0,2,1,1,0,0,2,1,0,2,1,,,
201027800872,6,2,4,33,5,129.265,1,1,7,2010,21,30,18,0,0,1,3,1,0,0,2,1,0,1,3,,,
201027800880,1,2,4,33,5,4.617,1,2,3,2010,2,27,1,0,0,1,3,1,3,2,1,1,0,1,4,,,
201027800883,3,2,4,33,5,18.466,1,2,3,2010,16,30,25,0,0,1,1,4,2,2,2,1,0,1,3,,,
201027800911,4,2,3,33,5,295.462,2,2,4,2010,12,30,12,6,0,2,1,1,0,0,1,3,0,2,1,,,
201027800918,5,2,3,33,5,60.016,2,2,2,2010,12,15,12,6,0,2,1,10,1,1,2,3,0,2,1,,,
201027800924,2,2,4,33,5,4.617,2,2,3,2010,10,0,12,6,1,5,1,4,0,0,2,1,0,1,1,,,
201027800943,2,2,4,33,5,4.617,4,2,4,2010,7,17,12,2,0,1,4,4,0,0,2,1,0,1,1,,,
201027800946,2,2,4,33,5,4.617,2,2,4,2010,10,25,12,7,0,1,1,4,0,0,2,1,0,1,1,,,
201027800978,2,2,1,32,4,20.936,2,1,5,2010,19,0,12,6,0,2,3,1,0,0,2,3,0,2,1,,,
201027801019,2,2,2,32,4,2.094,1,1,2,2010,8,25,5,0,0,1,1,4,0,0,2,3,0,1,3,,,
201027801033,2,2,2,32,4,2.094,2,1,2,2010,12,40,25,0,1,5,1,10,1,3,2,3,0,1,4,,,
201027801066,2,2,2,32,4,2.094,4,1,5,2010,14,10,12,6,0,1,1,4,1,1,2,3,0,1,1,,,
201027801092,2,2,2,32,4,2.094,2,1,6,2010,10,0,12,6,0,1,1,1,0,0,2,3,0,1,1,,,
201027801109,2,2,2,32,4,2.094,2,1,6,2010,13,31,12,6,0,1,1,1,3,1,2,3,0,1,1,,,
201027801152,4,2,2,32,4,295.198,2,1,2,2010,9,20,12,7,0,1,1,10,0,0,2,3,0,1,1,,,
201027801184,3,2,2,32,4,18.842,1,1,2,2010,13,15,25,0,0,1,1,4,2,2,2,3,0,1,4,,,
201027801192,2,2,2,32,4,2.094,2,1,2,2010,19,25,25,0,0,1,3,4,1,1,2,3,0,1,3,,,
201027801206,6,2,2,32,4,129.803,1,1,3,2010,4,0,25,0,0,1,3,4,0,0,2,3,0,1,4,,,
201027801213,2,2,2,32,4,2.094,3,1,3,2010,10,0,12,1,0,1,1,1,1,3,2,3,0,1,1,,,
201027801272,2,2,2,32,4,2.094,2,1,5,2010,5,44,12,7,0,1,3,10,0,0,2,3,0,1,1,,,
201027801275,2,2,2,32,4,2.094,2,1,6,2010,7,50,12,6,1,5,4,10,1,1,2,3,0,1,1,,,
201027801306,2,2,2,32,4,2.094,2,1,3,2010,7,30,12,7,0,1,4,1,2,1,2,3,0,1,1,,,
201027801331,2,2,2,32,4,2.094,2,1,5,2010,1,0,12,6,0,5,3,10,0,0,2,3,0,1,1,,,
201027801363,4,2,2,32,4,295.198,2,2,3,2010,15,40,12,1,0,1,1,10,0,0,2,3,0,1,1,,,
201027801412,5,2,2,32,4,58.621,1,2,5,2010,3,5,25,0,0,1,3,1,2,1,2,3,0,1,3,,,
201027801453,4,2,24,10,5,298.075,2,2,6,2010,16,10,12,1,0,2,1,10,1,1,2,1,0,3,1,,,
201027801462,3,2,24,10,5,27.098,1,2,4,2010,0,12,25,0,0,7,3,10,3,1,2,1,0,1,3,,,
201027801485,4,2,2,33,5,295.462,3,3,4,2010,14,25,12,1,0,2,1,1,0,0,2,3,0,8,1,,,
201027801510,4,2,24,10,5,298.075,2,3,2,2010,16,24,12,6,0,2,1,1,1,1,2,1,0,2,1,,,
201027801517,5,2,24,10,5,54.195,1,3,2,2010,15,0,33,0,0,1,1,1,2,1,1,1,0,1,3,,,
201027801524,5,2,2,33,5,60.016,2,3,7,2010,13,30,12,1,0,2,1,1,1,2,2,3,0,1,1,,,
201027801534,6,2,2,33,5,129.265,2,3,3,2010,15,12,12,1,0,2,1,1,2,1,2,3,0,3,1,,,
201027801559,6,2,1,32,4,125.616,2,2,1,2010,12,10,12,6,0,2,1,1,0,0,2,3,0,2,1,,,