CASENUM,STRATUM,REGION,PJ,PSU,PSUSTRAT,WEIGHT,VE_TOTAL,MONTH,WKDY_IM,YEAR,HOUR_IM,MINUTE_IM,EVENT1_IM,MANCOL_IM,RELJCT1_IM,RELJCT2_IM,LGTCON_IM,WEATHR_IM,MAXSEV_IM,NO_INJ_IM,ALCHL_IM,LAND_USE,PVH_INVL,TYP_INT,REL_ROAD,CF1,CF2,CF3
201027801564,4,2,1,32,4,293.104,2,2,3,2010,18,40,12,8,0,1,3,10,0,0,2,3,0,1,1,,,
201027801580,5,2,1,32,4,62.808,2,2,7,2010,7,40,12,6,0,2,1,1,1,1,2,3,0,2,1,,,
201027801583,4,2,1,32,4,293.104,2,2,3,2010,17,30,12,6,0,2,1,1,0,0,2,3,0,2,1,,,
201027801586,6,2,1,32,4,125.616,2,2,7,2010,11,5,12,6,0,2,1,1,0,0,2,3,0,3,1,,,
201027801600,4,2,1,32,4,293.104,2,2,5,2010,15,15,14,0,0,1,1,1,0,0,2,3,1,1,7,,,
201027801601,3,2,1,32,4,20.936,1,2,5,2010,11,0,21,0,0,2,1,4,2,1,2,3,0,2,4,,,
201027801602,2,2,1,32,4,20.936,3,2,5,2010,2,20,12,6,0,1,3,10,1,2,2,3,0,1,1,,,
201027801619,1,2,1,32,4,20.936,2,3,5,2010,2,0,12,6,0,2,3,1,3,4,2,3,0,8,1,,,
201027801621,4,2,1,32,4,293.104,2,3,6,2010,14,30,14,0,0,1,1,1,0,0,2,3,1,1,7,,,
201027801651,4,2,5,10,5,294.0,2,2,1,2010,21,15,12,6,0,2,3,10,0,0,2,3,0,2,1,,,
201027801652,5,2,5,10,5,60.308,1,2,1,2010,19,25,42,0,0,1,3,10,2,1,2,3,0,1,4,,,
201027801696,4,2,5,10,5,294.0,2,3,4,2010,12,30,14,0,0,1,1,1,0,0,2,3,1,1,7,,,
201027801700,2,2,5,10,5,7.538,2,3,6,2010,11,15,12,1,0,2,1,1,1,1,2,3,0,8,1,,,
201027801747,2,2,2,32,4,2.094,2,2,2,2010,9,35,12,7,0,1,1,1,0,0,2,3,0,1,1,,,
201027801749,2,2,2,32,4,2.094,2,2,2,2010,12,1,12,1,1,5,1,1,1,3,2,3,0,1,1,,,
201027801769,6,2,2,32,4,129.803,2,1,7,2010,11,10,12,2,0,1,1,4,0,0,2,3,0,1,1,,,
201027801773,2,2,2,32,4,2.094,2,2,1,2010,12,20,12,6,0,1,1,4,0,0,2,3,0,1,1,,,
201027801794,2,2,2,32,4,2.094,2,2,3,2010,19,30,25,0,0,1,3,4,1,2,2,3,0,1,3,,,
201027801803,2,2,2,32,4,2.094,2,2,4,2010,4,20,25,0,0,1,3,4,1,1,2,3,0,1,3,,,
201027801806,2,2,2,32,4,2.094,2,2,4,2010,5,50,12,6,0,1,3,4,0,0,2,3,0,1,1,,,
201027801818,2,2,2,32,4,2.094,2,2,4,2010,9,55,12,6,0,1,1,10,1,1,2,3,0,1,1,,,
201027801820,2,2,2,32,4,2.094,2,2,4,2010,10,30,25,0,0,1,1,10,1,1,2,3,0,1,4,,,
201027801823,2,2,2,32,4,2.094,3,2,4,2010,11,5,12,1,0,1,1,4,0,0,2,3,0,1,1,,,
201027801832,2,2,2,32,4,2.094,2,2,4,2010,14,38,12,1,0,1,1,10,0,0,2,3,0,1,1,,,
201027801866,4,2,2,32,4,295.198,2,2,7,2010,20,30,12,7,0,1,3,10,0,0,2,3,0,1,1,,,
201027801913,2,2,2,32,4,2.094,2,2,6,2010,9,50,12,7,0,1,1,1,0,0,2,3,0,1,1,,,
201027802039,2,2,2,32,4,2.094,2,2,4,2010,14,9,12,1,0,1,1,4,3,1,2,3,0,1,1,,,
201027802067,6,2,2,32,4,129.803,2,2,4,2010,21,45,12,7,0,1,3,4,1,1,2,3,0,1,1,,,
201027802071,4,2,2,32,4,295.198,1,2,4,2010,22,50,39,0,0,1,3,4,0,0,2,3,0,1,4,,,
201027802081,2,2,2,32,4,2.094,1,2,5,2010,1,30,74,0,0,1,2,10,0,0,2,3,0,1,3,,,
201027802095,2,2,2,32,4,2.094,2,2,5,2010,13,16,12,1,0,1,1,1,0,0,2,3,0,1,1,,,
201027802133,3,2,2,32,4,18.842,1,2,7,2010,16,25,35,0,1,5,1,4,2,1,2,3,0,1,4,,,
201027802168,1,2,2,32,4,2.094,3,3,6,2010,2,23,12,2,0,1,3,10,3,3,1,3,0,1,1,,,
201027802184,1,2,4,33,5,4.617,1,2,2,2010,0,15,25,0,0,1,3,1,3,2,1,1,0,1,3,,,
201027802186,4,2,4,33,5,295.462,2,2,3,2010,8,0,12,6,0,1,1,4,0,0,2,1,0,1,1,,,
201027802201,2,2,4,33,5,4.617,1,2,7,2010,16,22,59,0,0,1,1,10,1,1,2,1,0,1,4,,,
201027802202,2,2,4,33,5,4.617,2,2,2,2010,4,30,12,6,0,1,2,4,0,0,2,1,0,1,1,,,
201027802209,2,2,4,33,5,4.617,3,2,2,2010,9,30,12,6,0,1,1,4,0,0,2,1,0,1,1,,,
201027802213,2,2,4,33,5,4.617,2,2,2,2010,10,15,12,6,0,1,1,4,0,0,2,1,0,1,1,,,
201027802221,2,2,4,33,5,4.617,2,2,2,2010,16,25,12,6,0,1,1,4,4,1,2,1,0,1,1,,,
201027802236,6,2,4,33,5,129.265,4,2,5,2010,6,0,25,0,0,1,3,10,1,1,2,1,0,1,3,,,
201027802276,4,2,4,33,5,295.462,2,3,6,2010,6,5,12,1,0,1,4,1,0,0,2,1,0,1,1,,,
201027802294,2,2,4,33,5,4.617,2,3,4,2010,19,20,12,1,0,1,3,10,1,1,2,1,0,1,1,,,
201027802325,2,2,4,33,5,4.617,2,3,5,2010,9,55,12,6,0,1,1,1,1,1,2,1,0,1,1,,,
201027802330,1,2,4,33,5,4.617,1,3,7,2010,5,40,59,0,0,1,2,10,3,4,2,1,0,1,2,,,
201027802383,1,2,2,32,4,2.094,1,3,3,2010,22,35,25,0,0,1,3,10,3,1,2,3,0,1,4,,,
201027802386,5,2,2,32,4,58.621,2,3,4,2010,15,35,12,1,0,1,1,1,1,2,2,3,0,1,1,,,
201027802448,1,2,2,32,4,2.094,1,3,4,2010,17,55,35,0,0,1,1,10,3,1,1,3,0,1,4,,,
201027802451,4,2,2,32,4,295.198,2,3,5,2010,8,30,12,1,0,1,1,1,0,0,2,3,0,1,1,,,
201027802483,1,2,2,32,4,2.094,2,3,1,2010,16,51,12,1,0,1,1,1,3,2,2,3,0,1,1,,,
201027802520,6,2,2,32,4,129.803,1,3,5,2010,2,0,18,0,0,1,3,10,0,0,1,3,0,1,3,,,
201027802611,5,2,1,32,4,62.808,1,3,5,2010,1,0,74,0,0,2,3,1,1,2,2,3,0,1,4,,,
201027802612,6,2,1,32,4,125.616,2,3,6,2010,21,15,12,1,0,2,3,1,0,0,2,3,0,2,1,,,
201027802614,3,2,1,32,4,20.936,1,3,7,2010,19,10,21,0,0,2,3,2,2,1,2,3,0,3,11,,,
201027802625,5,2,1,32,4,62.808,2,3,5,2010,18,50,12,6,0,2,1,1,2,4,2,3,0,2,1,,,
201027802626,4,2,1,32,4,293.104,2,3,6,2010,13,10,12,1,0,1,1,1,1,1,2,3,0,1,1,,,
201027802634,6,2,1,32,4,125.616,2,3,5,2010,13,10,12,6,0,2,1,2,0,0,2,3,0,2,1,,,
201027802646,3,2,1,32,4,20.936,2,3,4,2010,18,0,12,6,0,2,1,1,2,2,2,3,0,2,1,,,
201027802647,4,2,1,32,4,293.104,2,3,4,2010,18,30,14,0,0,4,1,1,1,1,2,3,1,1,7,,,
201027802653,6,2,1,32,4,125.616,2,4,7,2010,12,5,12,2,0,2,1,1,1,1,2,3,0,8,1,,,
201027802692,4,2,3,33,5,295.462,2,4,4,2010,15,46,12,6,0,2,1,2,0,0,2,3,0,2,1,,,
201027802705,4,2,24,10,5,298.075,2,3,5,2010,18,45,12,7,0,4,1,10,0,0,2,1,0,1,1,,,
201027802707,3,2,24,10,5,27.098,2,3,4,2010,10,24,14,0,0,1,1,1,2,1,2,1,1,1,7,,,
201027802710,3,2,24,10,5,27.098,1,4,2,2010,13,15,22,0,0,4,1,1,2,1,2,1,0,1,1,,,
201027802714,3,2,24,10,5,27.098,2,4,7,2010,5,33,14,0,0,1,3,1,2,1,2,1,1,1,7,,,
201027802753,4,2,4,33,5,295.462,2,3,2,2010,20,45,12,1,0,1,3,1,1,3,2,1,0,1,1,,,
201027802764,6,2,4,33,5,129.265,2,4,5,2010,6,0,12,1,0,1,3,1,0,0,2,1,0,1,1,,,
201027802775,2,2,4,33,5,4.617,2,4,4,2010,10,15,12,1,0,1,1,2,0,0,2,1,0,1,1,,,
201027802810,6,2,3,33,5,129.265,2,4,6,2010,23,10,12,1,0,2,3,1,1,1,2,3,0,3,1,,,
201027802835,3,2,1,32,4,20.936,2,4,2,2010,22,15,14,0,0,1,6,1,2,2,2,3,1,1,7,,,
201027802839,2,2,1,32,4,20.936,2,4,3,2010,6,20,12,7,0,2,3,1,0,0,2,3,0,2,1,,,
201027802851,6,2,1,32,4,125.616,1,4,4,2010,19,30,33,0,0,2,3,1,2,1,2,3,0,2,4,,,
201027802854,4,2,1,32,4,293.104,2,4,5,2010,20,50,12,8,0,2,6,1,1,1,2,3,0,2,1,,,
201027802869,3,2,1,32,4,20.936,1,4,5,2010,22,15,25,0,0,1,3,1,2,1,2,3,0,1,3,,,
201027802872,6,2,1,32,4,125.616,2,4,5,2010,3,0,12,6,0,2,3,1,0,0,2,3,0,2,1,,,
201027802879,3,2,24,10,5,27.098,1,4,7,2010,14,0,15,0,0,1,1,10,2,1,2,1,0,1,1,,,
201027802880,4,2,24,10,5,298.075,3,4,2,2010,13,10,12,1,0,2,1,1,0,0,2,1,0,8,1,,,
201027802902,2,2,4,33,5,4.617,2,4,3,2010,14,15,12,1,0,1,1,1,1,1,2,1,0,1,1,,,
201027802937,5,2,4,33,5,60.016,2,5,5,2010,14,55,12,7,0,1,1,1,3,1,2,1,0,1,1,,,
201027802962,4,2,4,33,5,295.462,1,5,3,2010,13,45,25,0,0,1,1,2,0,0,2,1,0,1,3,,,
201027803010,6,2,4,33,5,129.265,1,5,7,2010,15,35,25,0,0,1,1,10,0,0,2,1,0,1,3,,,
201027803032,1,2,2,32,4,2.094,2,4,7,2010,19,50,12,6,0,2,5,1,4,4,1,3,0,2,1,,,
201027803091,4,2,2,32,4,295.198,3,4,6,2010,16,37,12,1,0,1,1,10,1,2,2,3,0,1,1,,,
201027803111,1,2,2,32,4,2.094,1,4,3,2010,10,18,35,0,0,1,1,2,3,2,2,3,0,1,4,,,
201027803127,2,2,2,32,4,2.094,11,4,4,2010,9,5,12,1,0,1,1,1,3,8,2,3,0,1,1,,,
201027803205,5,2,2,32,4,58.621,1,4,7,2010,23,15,25,0,0,1,3,2,2,1,1,3,0,1,4,,,
201027803229,6,2,2,32,4,129.803,1,4,3,2010,10,15,25,0,0,1,1,1,0,0,2,3,0,1,4,,,
201027803250,3,2,2,32,4,18.842,3,4,6,2010,9,45,12,1,0,1,1,1,2,1,2,3,0,1,1,,,
201027803286,2,2,2,32,4,2.094,2,5,1,2010,14,26,12,7,0,1,1,10,0,0,2,3,0,1,1,,,
201027803297,4,2,2,32,4,295.198,2,5,1,2010,23,45,12,1,0,1,3,2,0,0,2,3,0,1,1,,,
201027803348,2,2,2,32,4,2.094,2,5,5,2010,14,40,12,7,0,1,1,1,1,2,2,3,0,1,1,,,
201027803357,2,2,2,32,4,2.094,2,5,6,2010,10,45,12,6,0,1,1,2,2,1,2,3,0,1,1,,,
201027803373,2,2,2,32,4,2.094,4,5,7,2010,11,15,12,1,0,1,1,10,1,2,2,3,0,1,1,,,
201027803467,4,2,24,10,5,298.075,2,5,2,2010,19,34,12,1,0,4,1,1,0,0,2,1,0,1,1,,,
201027803469,3,2,24,10,5,27.098,2,5,3,2010,16,14,12,6,0,2,1,1,3,2,2,1,0,3,1,,,
201027803470,6,2,24,10,5,135.489,2,5,4,2010,16,25,12,2,0,4,1,10,0,0,2,1,0,1,1,,,
201027803472,3,2,24,10,5,27.098,2,5,3,2010,12,57,12,6,0,2,1,2,3,2,2,1,0,2,1,,,
201027803481,5,2,24,10,5,54.195,3,5,4,2010,18,12,12,1,0,2,1,1,1,1,2,1,0,3,1,,,
201027803485,4,2,24,10,5,298.075,2,5,4,2010,17,20,12,7,0,1,1,1,0,0,2,1,0,1,1,,,
201027803493,6,2,24,10,5,135.489,2,5,1,2010,21,30,12,1,0,2,6,1,0,0,1,1,0,3,1,,,
201027803511,5,2,24,10,5,54.195,2,6,4,2010,15,5,14,0,0,1,1,1,1,1,2,1,1,1,7,,,
201027803513,4,2,24,10,5,298.075,2,6,5,2010,17,45,12,7,0,7,1,1,0,0,2,1,0,1,1,,,
201027803578,4,2,4,33,5,295.462,2,4,3,2010,16,45,12,1,1,5,1,1,0,0,2,1,0,1,1,,,
201027803634,6,2,4,33,5,129.265,2,5,2,2010,7,50,12,1,0,1,1,1,0,0,2,1,0,1,1,,,
201027803643,2,2,4,33,5,4.617,2,4,7,2010,16,45,12,7,0,1,1,10,0,0,2,1,0,1,1,,,
201027803669,4,2,4,33,5,295.462,1,5,6,2010,21,30,24,0,0,1,6,1,0,0,2,1,0,1,1,,,
201027803678,3,2,4,33,5,18.466,2,6,3,2010,2,35,12,7,0,1,3,10,2,1,2,1,0,1,1,,,
201027803685,2,2,4,33,5,4.617,4,6,3,2010,19,55,12,7,0,1,1,1,2,3,2,1,0,1,1,,,
201027803703,2,2,4,33,5,4.617,2,7,1,2010,16,20,12,7,0,1,1,2,1,1,2,1,0,1,1,,,
201027803728,2,2,4,33,5,4.617,1,6,4,2010,12,15,25,0,1,5,1,10,1,1,2,1,0,1,3,,,
201027803741,5,2,4,33,5,60.016,1,6,6,2010,17,0,72,0,1,5,1,10,1,1,2,1,0,1,4,,,
201027803757,4,2,4,33,5,295.462,1,6,2,2010,22,59,59,0,1,5,3,1,0,0,2,1,0,1,8,,,
201027803790,6,2,4,33,5,129.265,1,6,1,2010,15,40,2,0,0,1,1,10,0,0,2,1,0,1,1,,,
201027803860,4,2,4,33,5,295.462,1,6,2,2010,22,45,25,0,0,1,2,1,0,0,2,1,0,1,3,,,
201027803861,2,2,4,33,5,4.617,2,6,2,2010,10,3,12,7,0,1,1,1,1,2,2,1,0,1,1,,,
201027803872,4,2,1,32,4,293.104,2,5,5,2010,15,10,14,0,0,1,1,1,0,0,2,3,1,1,7,,,
201027803877,6,2,1,32,4,125.616,2,5,2,2010,17,25,12,2,0,2,1,1,1,1,2,3,0,2,1,,,
201027803883,1,2,1,32,4,20.936,3,5,2,2010,21,0,14,0,0,1,2,1,3,1,1,3,2,1,7,,,
201027803891,4,2,1,32,4,293.104,2,5,6,2010,17,0,14,0,0,1,1,1,0,0,2,3,1,1,7,,,
201027803896,5,2,1,32,4,62.808,3,5,2,2010,15,29,12,6,0,2,1,2,1,3,2,3,0,2,1,,,
201027803901,6,2,1,32,4,125.616,1,5,7,2010,18,25,25,0,0,1,1,2,0,0,2,3,0,1,3,,,
201027803909,5,2,1,32,4,62.808,2,5,5,2010,2,25,12,6,0,2,3,1,3,1,2,3,0,2,1,,,
201027803914,4,2,1,32,4,293.104,2,6,4,2010,9,15,14,0,0,2,1,1,0,0,2,3,1,8,7,,,
201027803919,3,2,1,32,4,20.936,1,6,1,2010,18,0,21,0,0,2,1,2,2,1,2,3,0,2,1,,,
201027803926,5,2,1,32,4,62.808,3,6,1,2010,17,0,14,0,0,2,1,10,2,1,2,3,2,2,7,,,
201027803931,2,2,1,32,4,20.936,2,6,4,2010,7,55,12,6,0,2,1,1,0,0,2,3,0,8,1,,,
201027803935,4,2,1,32,4,293.104,2,6,5,2010,13,0,12,7,0,4,1,1,1,1,1,3,0,1,1,,,
201027803945,1,2,2,32,4,2.094,2,5,7,2010,6,15,14,0,0,1,4,1,4,1,2,3,1,1,3,,,
201027803970,1,2,2,32,4,2.094,1,5,2,2010,22,35,35,0,0,1,3,2,3,1,2,3,0,1,4,,,
201027804001,2,2,2,32,4,2.094,2,5,6,2010,16,11,12,1,0,1,1,10,2,1,2,3,0,1,1,,,
201027804015,4,2,2,32,4,295.198,2,5,2,2010,12,35,12,1,0,1,1,1,0,0,2,3,0,1,1,,,
201027804022,5,2,2,32,4,58.621,3,5,3,2010,7,55,12,1,0,1,1,1,1,1,2,3,0,1,1,,,
201027804057,6,2,2,32,4,129.803,2,5,7,2010,17,37,12,7,0,1,1,1,1,1,2,3,0,1,1,,,
201027804107,2,2,2,32,4,2.094,2,6,4,2010,19,5,12,1,0,1,1,10,1,2,2,3,0,1,1,,,
201027804131,2,2,2,32,4,2.094,2,6,6,2010,21,20,12,6,0,1,3,2,0,0,2,3,0,1,1,,,
201027804135,2,2,2,32,4,2.094,2,6,7,2010,0,15,12,1,0,1,3,1,0,0,2,3,0,1,1,,,
201027804148,2,2,2,32,4,2.094,3,6,1,2010,1,24,12,1,0,1,3,2,0,0,2,3,0,1,1,,,
201027804151,1,2,2,32,4,2.094,2,6,1,2010,3,10,12,1,0,1,3,2,4,2,1,3,0,1,1,,,
201027804153,1,2,2,32,4,2.094,2,6,1,2010,5,15,12,1,0,1,3,2,3,3,2,3,0,1,1,,,
201027804199,1,2,2,32,4,2.094,1,6,5,2010,10,10,35,0,0,1,1,1,3,2,2,3,0,1,4,,,
201027804217,2,2,2,32,4,2.094,2,6,7,2010,9,25,1,0,1,5,1,1,1,1,2,3,0,1,1,,,
201027804231,2,2,2,32,4,2.094,2,6,2,2010,12,35,12,6,0,1,1,10,2,2,2,3,0,1,1,,,
201027804239,4,2,2,32,4,295.198,2,6,3,2010,16,30,12,1,0,1,1,10,0,0,2,3,0,1,1,,,
201027804276,2,2,2,32,4,2.094,1,6,7,2010,1,30,25,0,0,1,3,10,2,1,2,3,0,1,3,,,
201027804278,3,2,2,32,4,18.842,1,6,7,2010,23,15,1,0,0,1,3,1,4,1,2,3,0,1,8,,,
201027804322,2,2,4,33,5,4.617,2,7,2,2010,15,55,12,1,0,1,1,10,0,0,2,1,0,1,1,,,
201027804330,1,2,4,33,5,4.617,1,7,4,2010,20,35,35,0,1,5,1,1,3,2,2,1,0,1,8,,,
201027804378,4,2,8,10,5,298.471,2,1,4,2010,9,30,12,6,0,2,1,1,0,0,2,1,0,3,1,,,
201027804380,6,2,8,10,5,134.793,2,1,3,2010,8,50,12,6,0,2,1,10,0,0,2,1,0,2,1,,,
201027804398,5,2,8,10,5,57.769,3,2,3,2010,19,35,12,1,0,2,3,4,1,1,1,1,0,8,1,,,
201027804412,1,2,8,10,5,9.628,4,3,2,2010,10,45,12,6,0,2,1,10,3,5,2,1,0,2,1,,,
201027804428,5,2,8,10,5,57.769,2,4,4,2010,15,15,14,0,0,1,1,1,1,3,2,1,1,1,7,,,
201027804429,6,2,8,10,5,134.793,2,4,6,2010,11,50,12,2,0,4,1,1,1,1,2,1,0,1,1,,,
201027804438,4,2,8,10,5,298.471,2,5,5,2010,15,0,12,1,0,2,1,1,1,1,2,1,0,2,1,,,
201027804450,3,2,8,10,5,19.256,1,5,3,2010,18,30,21,0,0,2,1,1,3,1,2,1,0,3,1,,,
201027804467,3,2,8,10,5,19.256,1,6,3,2010,22,30,22,0,1,2,3,1,2,1,2,1,0,2,1,,,
201027804468,2,2,8,10,5,9.628,2,6,4,2010,10,50,12,6,0,2,1,10,0,0,2,1,0,2,1,,,
201027804483,5,2,8,10,5,57.769,2,7,7,2010,9,20,12,2,0,2,1,1,1,2,2,1,0,2,1,,,
201027804484,3,2,1,32,4,20.936,1,6,1,2010,18,40,22,0,0,2,1,1,2,3,2,3,0,2,1,,,
201027804491,6,2,1,32,4,125.616,2,6,4,2010,0,50,14,0,0,1,3,1,0,0,2,3,1,1,7,,,
201027804493,4,2,1,32,4,293.104,1,6,1,2010,17,30,25,0,0,1,1,2,1,1,2,3,0,1,3,,,
201027804536,2,2,2,32,4,2.094,1,6,2,2010,22,10,1,0,1,5,3,1,2,1,2,3,0,1,8,,,
201027804591,5,2,2,32,4,58.621,3,6,2,2010,7,45,25,0,0,1,1,1,1,3,2,3,2,1,3,,,
201027804598,6,2,2,32,4,129.803,1,6,3,2010,11,5,25,0,0,1,1,1,0,0,2,3,0,1,4,,,
201027804633,1,2,2,32,4,2.094,1,7,7,2010,17,50,74,0,1,5,1,1,3,2,2,3,0,1,4,,,
201027804646,2,2,2,32,4,2.094,2,7,3,2010,12,30,12,6,0,1,1,1,2,1,2,3,0,1,1,,,
201027804666,1,2,2,32,4,2.094,1,7,5,2010,2,18,25,0,1,5,3,10,3,1,1,3,0,1,8,,,
201027804677,4,2,2,32,4,295.198,2,7,5,2010,17,15,12,1,0,1,1,2,0,0,2,3,0,1,1,,,
201027804718,4,2,4,33,5,295.462,2,8,3,2010,16,40,12,1,0,1,1,1,0,0,2,1,0,1,1,,,
201027804722,6,2,4,33,5,129.265,2,8,4,2010,17,50,12,1,0,1,1,10,0,0,2,1,0,1,1,,,
201027804750,6,2,24,10,5,135.489,2,7,5,2010,10,35,12,1,0,2,1,1,1,1,2,1,0,3,1,,,
201027804759,4,2,24,10,5,298.075,2,7,1,2010,21,0,14,0,0,1,5,1,0,0,2,1,1,1,7,,,
201027804809,2,2,4,33,5,4.617,3,8,3,2010,8,55,12,1,0,1,1,1,0,0,2,1,0,1,1,,,
201027804819,3,2,4,33,5,18.466,1,8,4,2010,20,0,33,0,0,1,1,1,2,1,2,1,0,1,4,,,
201027804821,5,2,4,33,5,60.016,1,8,5,2010,11,30,25,0,0,1,1,10,2,1,2,1,0,1,3,,,
201027804859,2,2,4,33,5,4.617,2,8,3,2010,13,0,54,11,0,1,1,1,2,1,2,1,0,1,1,,,
201027804861,4,2,4,33,5,295.462,3,8,3,2010,16,20,12,1,0,1,1,1,1,1,2,1,0,1,1,,,
201027804866,6,2,4,33,5,129.265,6,9,4,2010,8,14,12,1,0,1,1,1,1,3,2,1,0,1,1,,,
201027804879,2,2,2,32,4,2.094,2,7,2,2010,3,5,12,7,0,1,3,10,0,0,2,3,0,1,1,,,
201027804910,2,2,2,32,4,2.094,2,7,4,2010,11,35,12,7,0,1,1,1,0,0,2,3,0,1,1,,,
201027804938,2,2,2,32,4,2.094,2,7,6,2010,17,15,12,1,0,1,1,10,5,1,2,3,0,1,1,,,
201027804997,2,2,2,32,4,2.094,3,7,6,2010,14,13,12,7,0,1,1,2,1,4,2,3,0,1,1,,,
201027805044,2,2,2,32,4,2.094,2,7,2,2010,22,30,12,6,0,1,3,1,1,2,2,3,0,1,1,,,
201027805050,4,2,2,32,4,295.198,2,7,3,2010,22,38,12,1,0,1,3,1,0,0,1,3,0,1,1,,,
201027805071,6,2,2,32,4,129.803,1,7,6,2010,5,0,25,0,0,1,3,1,0,0,1,3,0,1,3,,,
201027805086,2,2,2,32,4,2.094,3,8,2,2010,8,0,12,7,0,1,1,1,2,1,2,3,0,1,1,,,
201027805110,1,2,2,32,4,2.094,1,8,1,2010,1,15,25,0,0,1,3,10,3,1,1,3,0,1,4,,,
201027805117,2,2,2,32,4,2.094,2,8,4,2010,12,30,12,7,0,1,1,1,0,0,2,3,0,1,1,,,
201027805123,2,2,2,32,4,2.094,4,8,5,2010,7,50,12,1,0,1,1,10,1,1,2,3,0,1,1,,,
201027805137,2,2,2,32,4,2.094,6,8,5,2010,18,45,12,1,0,1,1,10,2,3,2,3,0,1,1,,,
201027805143,2,2,2,32,4,2.094,2,8,6,2010,11,15,12,1,0,1,1,1,0,0,2,3,0,1,1,,,
201027805158,5,2,2,32,4,58.621,1,8,7,2010,3,48,25,0,0,1,3,10,2,1,1,3,0,1,3,,,
201027805160,1,2,2,32,4,2.094,1,8,7,2010,22,50,25,0,0,1,3,10,3,4,2,3,0,1,3,,,
201027805178,2,2,2,32,4,2.094,2,8,3,2010,14,55,12,7,0,1,1,1,1,2,2,3,0,1,1,,,
201027805190,2,2,2,32,4,2.094,1,8,5,2010,4,0,25,0,0,1,3,10,0,0,2,3,0,1,3,,,
201027805194,2,2,2,32,4,2.094,3,8,5,2010,15,10,12,1,0,1,1,10,1,2,2,3,0,1,1,,,
201027805249,2,2,2,32,4,2.094,2,8,4,2010,14,0,12,7,0,1,1,1,1,1,2,3,0,1,1,,,
201027805273,4,2,2,32,4,295.198,4,8,6,2010,22,30,12,1,1,5,3,10,0,0,2,3,0,1,1,,,
201027805309,2,2,2,32,4,2.094,1,8,3,2010,10,0,35,0,0,1,1,10,1,2,2,3,0,1,4,,,
201027805374,3,2,8,10,5,19.256,1,7,5,2010,1,0,19,0,0,1,3,1,2,1,2,1,0,1,5,,,
201027805376,4,2,8,10,5,298.471,2,7,5,2010,17,0,12,1,0,2,1,1,0,0,2,1,0,2,1,,,
201027805379,1,2,8,10,5,9.628,2,7,7,2010,19,30,12,6,0,2,1,1,3,2,1,1,0,2,1,,,
201027805384,3,2,8,10,5,19.256,1,8,1,2010,11,56,22,0,0,2,1,1,2,1,2,1,0,3,1,,,
201027805409,4,2,1,32,4,293.104,2,7,1,2010,7,0,14,0,0,1,3,1,0,0,2,3,1,1,7,,,
201027805410,6,2,1,32,4,125.616,2,7,3,2010,17,30,12,6,0,2,1,2,1,3,2,3,0,2,1,,,
201027805418,5,2,1,32,4,62.808,2,7,5,2010,1,13,12,2,0,2,3,2,1,1,2,3,0,2,1,,,
201027805436,4,2,1,32,4,293.104,2,7,3,2010,1,0,12,6,0,2,3,2,1,1,2,3,0,2,1,,,
201027805441,6,2,1,32,4,125.616,2,7,5,2010,8,30,12,6,0,2,1,1,0,0,2,3,0,2,1,,,
201027805452,4,2,1,32,4,293.104,2,7,2,2010,14,20,12,1,0,1,1,1,1,1,2,3,0,1,1,,,
201027805469,3,2,1,32,4,20.936,2,8,1,2010,5,0,12,1,0,2,1,1,2,3,2,3,0,2,1,,,
201027805470,4,2,1,32,4,293.104,2,8,1,2010,15,50,14,0,0,2,1,1,0,0,2,3,1,2,7,,,
201027805479,6,2,1,32,4,125.616,2,8,3,2010,8,20,12,6,0,2,1,1,1,1,2,3,0,2,1,,,
201027805480,3,2,1,32,4,20.936,1,8,3,2010,11,0,22,0,0,1,1,10,3,1,2,3,0,1,1,,,
201027805485,3,2,1,32,4,20.936,1,8,4,2010,18,20,21,0,0,2,1,10,2,1,2,3,0,2,1,,,
201027805492,5,2,1,32,4,62.808,1,8,6,2010,1,20,31,0,0,1,3,1,1,1,2,3,0,1,4,,,
201027805495,4,2,1,32,4,293.104,1,8,6,2010,18,43,22,0,0,1,1,1,1,1,2,3,0,1,1,,,
201027805505,1,2,1,32,4,20.936,1,8,1,2010,23,4,30,0,0,2,3,1,3,1,2,3,0,3,4,,,
201027805507,3,2,1,32,4,20.936,1,8,1,2010,12,30,33,0,0,2,1,10,2,1,2,3,0,2,4,,,
201027805508,3,2,1,32,4,20.936,1,8,2,2010,1,20,33,0,0,2,2,10,3,1,2,3,0,3,4,,,
201027805509,5,2,1,32,4,62.808,2,8,3,2010,13,45,12,6,0,2,1,1,2,1,2,3,0,2,1,,,
201027805510,6,2,1,32,4,125.616,2,8,4,2010,15,0,12,7,0,1,1,1,0,0,2,3,0,1,1,,,
201027805521,3,2,1,32,4,20.936,2,8,7,2010,16,15,12,6,0,2,1,10,3,2,2,3,0,2,1,,,
201027805524,4,2,1,32,4,293.104,2,8,7,2010,16,30,12,1,0,2,1,10,1,1,2,3,0,2,1,,,
201027805527,4,2,24,10,5,298.075,2,7,3,2010,15,0,12,6,0,2,1,1,0,0,2,1,0,2,1,,,
201027805529,3,2,24,10,5,27.098,1,7,6,2010,17,50,1,0,0,1,1,1,2,1,2,1,0,1,1,,,
201027805535,3,2,24,10,5,27.098,2,7,4,2010,15,5,12,7,0,1,1,1,2,1,2,1,0,1,1,,,