CASENUM,STRATUM,REGION,PJ,PSU,PSUSTRAT,WEIGHT,VE_TOTAL,MONTH,WKDY_IM,YEAR,HOUR_IM,MINUTE_IM,EVENT1_IM,MANCOL_IM,RELJCT1_IM,RELJCT2_IM,LGTCON_IM,WEATHR_IM,MAXSEV_IM,NO_INJ_IM,ALCHL_IM,LAND_USE,PVH_INVL,TYP_INT,REL_ROAD,CF1,CF2,CF3
201027903043,6,3,2,42,8,129.152,4,3,3,2010,14,54,12,1,0,1,1,1,0,0,2,8,0,1,1,,,
201027903045,2,3,2,42,8,4.166,2,3,2,2010,11,30,12,1,0,1,1,10,1,3,2,8,0,1,1,,,
201027903071,5,3,2,42,8,58.327,2,3,6,2010,20,32,12,6,0,2,3,10,2,4,2,8,0,2,1,,,
201027903076,4,3,2,42,8,295.8,2,3,1,2010,14,45,12,6,0,2,1,1,0,0,2,8,0,3,1,,,
201027903093,1,3,2,42,8,4.166,1,3,6,2010,20,21,25,0,0,1,3,10,3,1,2,8,0,1,3,,,
201027903136,1,3,11,42,8,11.902,2,3,2,2010,18,17,12,6,0,1,5,1,3,2,2,2,0,1,1,,,
201027903138,1,3,11,42,8,11.902,2,3,5,2010,15,42,12,6,0,2,1,1,3,1,2,2,0,8,1,,,
201027903141,4,3,11,42,8,297.548,1,3,1,2010,18,53,42,0,0,1,5,1,0,0,2,2,0,1,4,,,
201027903143,3,3,11,42,8,23.804,2,3,1,2010,17,44,12,6,0,2,1,1,2,1,2,2,0,3,1,,,
201027903153,3,3,3,42,8,16.665,1,3,6,2010,15,10,21,0,0,2,1,1,2,1,2,3,0,2,1,,,
201027903182,6,3,3,42,8,129.152,2,3,5,2010,21,36,12,6,0,2,3,1,1,1,2,3,0,2,1,,,
201027903207,1,3,3,42,8,4.166,1,3,2,2010,15,46,42,0,0,1,1,1,2,1,2,3,0,1,4,,,
201027903209,4,3,3,42,8,295.8,2,3,2,2010,21,36,12,6,0,2,3,1,0,0,2,3,0,3,1,,,
201027903228,3,3,2,42,8,16.665,2,3,2,2010,9,29,12,1,0,1,1,2,2,1,2,8,0,1,1,,,
201027903234,3,3,1,61,9,34.715,1,3,5,2010,15,0,1,0,0,1,1,1,3,1,2,8,0,1,1,,,
201027903237,6,3,1,61,9,138.859,3,3,3,2010,15,59,12,6,0,1,1,1,0,0,1,8,0,1,1,,,
201027903239,3,3,1,61,9,34.715,1,3,6,2010,21,58,22,0,0,4,2,1,3,1,1,8,0,1,1,,,
201027903244,2,3,1,61,9,34.715,3,3,5,2010,17,31,12,7,0,1,1,1,1,1,2,8,0,1,1,,,
201027903246,5,3,1,61,9,69.429,2,3,6,2010,17,14,12,6,0,2,1,1,1,2,2,8,0,2,1,,,
201027903248,5,3,1,61,9,69.429,2,3,6,2010,19,17,12,6,0,4,1,1,1,2,2,8,0,1,1,,,
201027903250,6,3,1,61,9,138.859,3,3,6,2010,8,32,12,1,0,2,1,1,1,1,2,8,0,8,1,,,
201027903254,4,3,1,61,9,277.718,2,3,4,2010,7,38,12,1,0,1,1,1,0,0,2,8,0,1,1,,,
201027903257,2,3,6,42,8,4.227,2,3,4,2010,13,10,12,1,0,1,1,2,0,0,2,8,0,1,1,,,
201027903263,1,3,2,42,8,4.166,1,3,3,2010,8,55,33,0,0,1,1,1,4,1,1,8,0,1,4,,,
201027903270,1,3,2,42,8,4.166,2,3,3,2010,10,25,20,0,1,5,1,1,3,5,2,8,0,1,8,,,
201027903273,6,3,2,42,8,129.152,3,3,6,2010,17,45,12,1,0,1,1,1,1,4,2,8,0,1,1,,,
201027903278,2,3,2,42,8,4.166,2,3,1,2010,6,5,12,1,0,1,4,1,0,0,2,8,0,1,1,,,
201027903329,4,3,2,42,8,295.8,2,3,3,2010,7,6,12,1,0,1,1,1,0,0,2,8,0,1,1,,,
201027903343,1,3,1,61,9,34.715,2,3,6,2010,19,23,12,1,0,1,1,1,3,2,2,8,0,1,1,,,
201027903344,1,3,1,42,8,4.166,3,3,2,2010,18,4,12,6,0,2,1,1,3,4,2,8,0,2,1,,,
201027903361,2,3,1,42,8,4.166,3,3,2,2010,10,59,12,6,0,2,1,1,2,2,2,8,0,2,1,,,
201027903367,6,3,1,42,8,129.152,2,3,1,2010,13,35,12,7,1,5,1,1,2,1,2,8,0,1,1,,,
201027903368,3,3,1,42,8,16.665,1,3,2,2010,18,40,21,0,0,2,1,1,2,1,2,8,0,8,1,,,
201027903374,1,3,1,42,8,4.166,2,3,3,2010,20,37,12,2,0,2,3,1,3,3,2,8,0,2,1,,,
201027903380,1,3,1,42,8,4.166,2,3,1,2010,4,52,12,2,0,2,3,1,3,1,2,8,0,2,1,,,
201027903382,1,3,1,42,8,4.166,2,3,4,2010,8,43,12,6,0,2,1,1,3,2,2,8,0,2,1,,,
201027903393,5,3,1,42,8,58.327,2,2,2,2010,18,46,12,1,0,2,2,2,1,1,2,8,0,2,1,,,
201027903413,3,3,1,42,8,16.665,2,3,3,2010,14,32,12,6,0,2,1,1,2,1,2,8,0,2,1,,,
201027903419,4,3,1,42,8,295.8,2,3,3,2010,16,32,12,6,0,2,5,1,1,3,2,8,0,2,1,,,
201027903422,1,3,1,42,8,4.166,3,3,5,2010,5,37,12,8,0,2,3,1,4,2,2,8,0,3,1,,,
201027903452,3,3,1,42,8,16.665,2,3,7,2010,11,49,12,1,0,1,1,1,2,2,2,8,0,1,1,,,
201027903463,1,3,1,42,8,4.166,4,3,5,2010,14,30,12,6,0,2,1,10,3,1,2,8,0,2,1,,,
201027903466,5,3,1,42,8,58.327,4,3,2,2010,10,35,12,8,0,2,1,1,1,1,2,8,0,3,1,,,
201027903474,1,3,1,42,8,4.166,2,3,4,2010,21,56,12,6,0,2,3,1,3,3,2,8,0,2,1,,,
201027903500,3,3,1,42,8,16.665,1,2,4,2010,19,18,21,0,0,2,3,1,2,2,2,8,0,8,1,,,
201027903544,1,3,4,42,8,4.166,2,3,3,2010,15,6,14,0,0,1,1,1,3,1,2,3,1,1,7,,,
201027903583,4,3,4,42,8,295.8,1,3,6,2010,15,31,22,0,0,2,1,1,0,0,2,3,0,8,1,,,
201027903610,5,3,1,61,9,69.429,3,3,5,2010,9,45,12,6,0,2,1,1,2,3,2,8,0,2,1,,,
201027903614,1,3,6,42,8,4.227,1,3,2,2010,11,52,1,0,0,1,1,2,3,2,2,8,0,1,4,,,
201027903616,2,3,6,42,8,4.227,3,3,4,2010,14,40,12,6,1,5,1,10,2,1,2,8,0,1,1,,,
201027903623,1,3,2,42,8,4.166,2,3,3,2010,12,29,12,6,0,2,1,10,3,2,2,8,0,3,1,,,
201027903630,1,3,1,61,9,34.715,2,3,5,2010,22,26,12,2,0,2,3,1,3,2,1,8,0,2,1,,,
201027903635,3,3,1,61,9,34.715,1,3,2,2010,16,0,22,0,0,1,1,10,2,1,2,8,0,1,1,,,
201027903636,6,3,1,61,9,138.859,3,3,5,2010,17,21,12,1,0,1,1,1,1,6,2,8,0,1,1,,,
201027903638,1,3,1,61,9,34.715,1,3,5,2010,2,36,41,0,0,1,2,1,3,4,1,8,0,1,4,,,
201027903640,5,3,1,61,9,69.429,1,3,3,2010,9,33,74,0,0,1,1,1,2,2,2,8,0,1,4,,,
201027903641,4,3,1,61,9,277.718,2,3,6,2010,13,53,12,1,0,2,1,1,1,1,2,8,0,3,1,,,
201027903646,6,3,1,61,9,138.859,2,3,7,2010,16,28,12,6,0,2,1,1,0,0,2,8,0,2,1,,,
201027903674,1,3,2,42,8,4.166,2,3,7,2010,9,6,12,6,0,2,1,1,3,4,2,8,0,2,1,,,
201027903678,5,3,2,42,8,58.327,2,3,2,2010,10,0,12,6,0,2,1,2,2,2,2,8,0,2,1,,,
201027903681,3,3,2,42,8,16.665,1,3,3,2010,7,38,22,0,0,2,1,10,2,1,2,8,0,3,1,,,
201027903694,2,3,2,42,8,4.166,4,3,6,2010,10,3,12,1,0,1,1,1,2,2,2,8,0,1,1,,,
201027903717,6,3,2,42,8,129.152,3,3,1,2010,0,11,12,1,0,1,3,1,1,3,2,8,0,1,1,,,
201027903760,6,3,1,42,8,129.152,2,3,5,2010,17,45,12,1,0,1,1,1,0,0,2,8,0,1,1,,,
201027903772,4,3,1,42,8,295.8,1,3,3,2010,5,40,22,0,0,1,3,1,1,1,2,8,0,1,1,,,
201027903811,3,3,1,42,8,16.665,1,3,7,2010,17,42,22,0,0,2,1,1,2,1,2,8,0,3,1,,,
201027903816,5,3,1,42,8,58.327,2,3,5,2010,18,40,12,6,0,2,1,1,2,2,2,8,0,2,1,,,
201027903839,6,3,11,42,8,130.921,3,3,6,2010,18,54,12,1,0,1,3,10,1,1,2,2,0,1,1,,,
201027903844,1,3,11,42,8,11.902,3,3,2,2010,19,44,12,6,0,2,5,1,3,1,2,2,0,2,1,,,
201027903848,1,3,11,42,8,11.902,2,4,7,2010,17,15,12,6,0,2,1,1,3,4,2,2,0,3,1,,,
201027903880,1,3,3,42,8,4.166,6,3,2,2010,6,15,12,1,0,1,1,2,3,5,2,3,0,1,1,,,
201027903923,3,3,3,42,8,16.665,1,3,4,2010,9,42,22,0,0,2,1,1,3,1,2,3,0,3,1,,,
201027903943,1,3,1,61,9,34.715,2,3,1,2010,13,30,12,6,0,2,1,10,3,3,2,8,0,2,1,,,
201027903945,6,3,6,42,8,131.022,2,3,7,2010,20,10,12,1,0,1,2,10,3,1,2,8,0,1,1,,,
201027903953,3,3,1,61,9,34.715,1,3,2,2010,4,28,21,0,0,4,3,2,4,1,2,8,0,1,1,,,
201027903955,2,3,1,61,9,34.715,3,3,3,2010,9,56,12,6,0,1,1,1,2,4,2,8,0,1,1,,,
201027903956,2,3,1,61,9,34.715,2,4,1,2010,22,35,12,1,0,1,2,1,2,1,2,8,0,1,1,,,
201027903957,3,3,1,61,9,34.715,1,3,7,2010,15,15,22,0,0,2,1,1,2,1,2,8,0,3,1,,,
201027903958,2,3,1,61,9,34.715,2,3,4,2010,15,5,12,1,0,2,1,1,0,0,2,8,0,3,1,,,
201027903959,3,3,1,61,9,34.715,2,4,6,2010,11,2,12,6,0,4,1,1,2,1,2,8,0,1,1,,,
201027903964,5,3,1,61,9,69.429,1,4,1,2010,14,15,34,0,0,1,1,1,2,2,2,8,0,1,4,,,
201027903966,6,3,1,61,9,138.859,1,4,1,2010,18,10,1,0,0,1,1,1,1,2,2,8,0,1,2,,,
201027903972,4,3,1,61,9,277.718,2,4,5,2010,13,56,12,6,0,2,1,1,0,0,2,8,0,8,1,,,
201027903976,5,3,1,61,9,69.429,2,4,4,2010,7,45,12,1,0,1,1,1,2,2,2,8,0,1,1,,,
201027903978,6,3,1,61,9,138.859,4,4,5,2010,15,21,12,6,0,2,1,1,0,0,2,8,0,3,1,,,
201027903992,4,3,1,61,9,277.718,2,4,5,2010,8,28,12,1,0,1,1,1,0,0,2,8,0,1,1,,,
201027903993,6,3,1,61,9,138.859,3,4,2,2010,8,41,12,1,0,1,1,1,2,1,2,8,0,1,1,,,
201027903996,2,3,1,61,9,34.715,2,3,3,2010,12,59,12,1,0,1,1,1,0,0,2,8,0,1,1,,,
201027903999,5,3,1,61,9,69.429,1,3,2,2010,9,31,31,0,0,2,1,2,2,1,2,8,0,3,4,,,
201027904003,2,3,6,42,8,4.227,2,4,6,2010,11,48,12,6,0,1,1,1,0,0,2,8,0,1,1,,,
201027904006,2,3,6,42,8,4.227,3,3,3,2010,12,52,12,1,0,1,1,1,1,1,2,8,0,1,1,,,
201027904011,2,3,2,42,8,4.166,2,3,2,2010,7,11,12,1,0,1,1,10,0,0,2,8,0,1,1,,,
201027904026,1,3,2,42,8,4.166,1,3,7,2010,5,45,25,0,0,1,3,1,3,1,2,8,0,1,3,,,
201027904032,4,3,2,42,8,295.8,1,4,2,2010,10,39,38,0,1,5,1,1,0,0,2,8,0,1,5,,,
201027904068,6,3,2,42,8,129.152,2,3,3,2010,18,23,12,7,0,1,1,1,0,0,2,8,0,1,1,,,
201027904069,3,3,2,42,8,16.665,1,3,3,2010,14,20,1,0,0,1,1,1,2,1,2,8,0,1,4,,,
201027904082,1,3,2,42,8,4.166,1,4,1,2010,22,31,1,0,0,1,3,1,3,1,2,8,0,1,1,,,
201027904138,3,3,4,42,8,16.665,1,3,5,2010,9,56,21,0,0,2,1,1,2,1,2,3,0,2,1,,,
201027904155,6,3,4,42,8,129.152,3,3,7,2010,9,13,12,1,0,2,1,1,0,0,2,3,1,3,1,,,
201027904179,3,3,4,42,8,16.665,2,3,4,2010,7,7,14,0,0,1,1,1,2,1,2,3,1,1,7,,,
201027904186,4,3,4,42,8,295.8,2,4,6,2010,14,6,12,7,0,4,1,1,0,0,2,3,0,1,1,,,
201027904198,1,3,4,42,8,4.166,5,4,1,2010,19,54,12,2,0,2,5,1,3,1,2,3,3,8,1,,,
201027904213,2,3,10,42,8,11.181,5,4,5,2010,11,7,12,1,0,2,1,1,0,0,2,1,0,8,1,,,
201027904214,3,3,10,42,8,22.362,1,4,2,2010,21,20,21,0,0,2,3,1,2,1,2,1,0,8,1,,,
201027904215,2,3,10,42,8,11.181,2,4,6,2010,10,29,12,1,0,1,1,1,1,1,2,1,0,1,1,,,
201027904230,3,3,1,42,8,16.665,1,4,7,2010,20,52,1,0,0,1,3,1,3,1,2,8,0,1,1,,,
201027904243,3,3,1,42,8,16.665,2,3,3,2010,16,35,12,1,0,2,1,10,2,1,2,8,0,8,1,,,
201027904259,6,3,1,42,8,129.152,1,4,6,2010,0,27,43,0,0,1,3,1,2,1,2,8,0,1,3,,,
201027904287,5,3,1,42,8,58.327,3,3,4,2010,13,10,12,1,0,2,1,1,1,2,2,8,0,8,1,,,
201027904292,2,3,1,42,8,4.166,3,4,5,2010,12,35,12,1,0,1,1,1,2,2,2,8,0,1,1,,,
201027904317,4,3,1,42,8,295.8,2,4,1,2010,13,45,12,6,0,2,1,1,0,0,2,8,0,8,1,,,
201027904321,2,3,1,61,9,34.715,2,3,3,2010,6,23,12,6,0,1,1,1,2,2,2,8,0,1,1,,,
201027904322,5,3,6,42,8,59.171,2,4,5,2010,14,31,12,1,0,1,1,10,2,1,2,8,0,1,1,,,
201027904329,5,3,1,61,9,69.429,3,4,2,2010,13,43,12,1,0,2,1,1,2,3,2,8,0,8,1,,,
201027904330,6,3,1,61,9,138.859,2,4,3,2010,14,1,12,6,0,2,1,1,2,2,2,8,0,2,1,,,
201027904335,5,3,1,61,9,69.429,4,4,6,2010,16,57,12,1,0,2,1,1,2,2,2,8,0,8,1,,,
201027904344,4,3,1,61,9,277.718,2,4,6,2010,14,43,12,1,0,1,1,10,0,0,2,8,0,1,1,,,
201027904346,3,3,1,61,9,34.715,2,4,1,2010,13,5,13,0,0,1,1,10,2,1,2,8,0,1,1,,,
201027904352,6,3,1,61,9,138.859,2,4,2,2010,5,56,12,1,0,1,4,10,0,0,2,8,0,1,1,,,
201027904357,1,3,1,61,9,34.715,2,4,1,2010,12,18,12,6,0,1,1,1,3,1,1,8,0,1,1,,,
201027904358,3,3,1,61,9,34.715,3,4,6,2010,11,56,12,1,0,1,1,1,3,2,2,8,0,1,1,,,
201027904359,5,3,1,61,9,69.429,3,4,3,2010,15,31,12,6,0,2,1,1,2,2,2,8,0,2,1,,,
201027904361,6,3,1,61,9,138.859,2,4,2,2010,16,0,12,6,0,2,1,1,0,0,2,8,0,3,1,,,
201027904363,3,3,1,61,9,34.715,2,4,2,2010,2,40,12,1,0,2,3,1,3,4,1,8,0,3,1,,,
201027904365,3,3,1,61,9,34.715,2,4,5,2010,17,14,12,7,0,1,1,1,2,1,2,8,0,1,1,,,
201027904366,2,3,1,61,9,34.715,2,4,2,2010,9,12,12,1,1,5,1,1,1,1,2,8,0,1,1,,,
201027904368,4,3,1,61,9,277.718,2,4,2,2010,11,51,12,6,0,4,1,1,0,0,2,8,0,1,1,,,
201027904369,2,3,1,61,9,34.715,2,4,6,2010,12,33,12,6,0,1,1,1,3,2,2,8,0,1,1,,,
201027904378,6,3,1,61,9,138.859,2,4,3,2010,18,47,12,6,0,2,1,1,0,0,1,8,0,3,1,,,
201027904380,5,3,1,61,9,69.429,2,4,7,2010,16,16,12,6,0,2,1,1,2,2,2,8,0,2,1,,,
201027904397,5,3,2,42,8,58.327,1,4,7,2010,9,17,42,0,0,1,1,1,2,1,2,8,0,1,4,,,
201027904405,3,3,2,42,8,16.665,1,4,4,2010,8,53,21,0,0,2,1,1,2,3,2,8,0,2,1,,,
201027904406,1,3,2,42,8,4.166,1,4,1,2010,4,16,1,0,0,1,3,1,3,1,2,8,0,1,2,,,
201027904422,1,3,2,42,8,4.166,1,4,5,2010,15,25,74,0,0,1,1,1,4,1,1,8,0,1,4,,,
201027904429,2,3,2,42,8,4.166,2,4,5,2010,9,19,12,1,0,4,1,10,1,2,2,8,0,1,1,,,
201027904438,6,3,2,42,8,129.152,1,4,1,2010,23,11,74,0,1,5,3,10,1,1,2,8,0,2,4,,,
201027904451,4,3,2,42,8,295.8,2,4,6,2010,19,16,12,1,0,1,1,1,0,0,2,8,0,1,1,,,
201027904469,3,3,11,42,8,23.804,1,3,6,2010,20,31,1,0,0,1,3,10,3,1,2,2,0,1,1,,,
201027904474,1,3,11,42,8,11.902,2,4,4,2010,18,31,12,6,0,2,1,10,3,1,2,2,0,2,1,,,
201027904491,3,3,1,42,8,16.665,2,4,6,2010,18,25,12,7,0,2,1,1,3,1,2,8,0,8,1,,,
201027904508,6,3,1,42,8,129.152,2,4,2,2010,19,20,12,2,0,2,1,1,0,0,2,8,0,8,1,,,
201027904550,5,3,3,42,8,58.327,1,3,2,2010,22,22,43,0,0,2,3,1,1,1,2,3,0,8,4,,,
201027904566,4,3,3,42,8,295.8,2,4,6,2010,19,14,12,6,0,2,3,1,0,0,2,3,0,8,1,,,
201027904570,6,3,3,42,8,129.152,2,4,7,2010,20,15,14,0,0,1,3,1,0,0,1,3,1,1,6,,,
201027904591,3,3,3,42,8,16.665,2,4,3,2010,21,25,12,1,0,2,2,1,2,2,2,3,0,2,1,,,
201027904650,3,3,3,42,8,16.665,1,4,6,2010,6,28,21,0,0,2,4,1,4,1,2,3,0,2,1,,,
201027904666,3,3,1,61,9,34.715,1,4,6,2010,7,38,1,0,0,1,1,1,3,1,2,8,0,1,4,,,
201027904670,1,3,1,61,9,34.715,1,4,2,2010,13,47,74,0,0,1,1,1,3,1,2,8,0,1,3,,,
201027904674,6,3,1,61,9,138.859,1,4,4,2010,1,56,74,0,0,1,2,10,0,0,1,8,0,1,4,,,
201027904678,1,3,1,61,9,34.715,1,4,7,2010,23,30,38,0,0,1,2,10,4,1,2,8,0,1,5,,,
201027904682,4,3,1,61,9,277.718,2,4,4,2010,9,45,12,1,0,2,1,1,1,1,2,8,0,8,1,,,
201027904683,3,3,1,61,9,34.715,1,4,4,2010,15,27,22,0,0,1,1,1,3,1,2,8,0,1,1,,,
201027904685,5,3,1,61,9,69.429,2,4,2,2010,8,36,12,1,0,2,1,1,2,4,2,8,0,2,1,,,
201027904687,1,3,1,61,9,34.715,1,4,2,2010,8,5,1,0,1,5,1,10,3,1,2,8,0,1,1,,,
201027904693,6,3,1,61,9,138.859,2,4,5,2010,21,37,12,1,0,2,3,10,0,0,1,8,0,8,1,,,
201027904694,4,3,1,61,9,277.718,2,4,2,2010,13,27,12,7,0,1,1,10,0,0,2,8,0,1,1,,,
201027904697,3,3,1,61,9,34.715,1,4,6,2010,21,36,33,0,0,1,3,1,2,1,2,8,0,1,3,,,
201027904700,6,3,1,61,9,138.859,1,4,7,2010,0,55,34,0,0,1,2,1,1,2,1,8,0,1,4,,,
201027904704,5,3,1,61,9,69.429,2,4,4,2010,7,43,12,1,0,1,1,1,2,1,2,8,0,1,1,,,
201027904712,2,3,6,42,8,4.227,2,4,2,2010,10,39,12,7,0,1,1,10,2,1,2,8,0,1,1,,,
201027904718,1,3,1,61,9,34.715,1,4,2,2010,12,55,41,0,0,1,1,1,3,1,2,8,0,1,5,,,
201027904763,1,3,2,42,8,4.166,1,4,2,2010,3,37,25,0,0,1,3,10,3,1,2,8,0,1,3,,,
201027904766,3,3,2,42,8,16.665,1,4,1,2010,10,44,1,0,0,1,1,2,2,1,2,8,0,1,2,,,
201027904777,6,3,2,42,8,129.152,2,4,2,2010,8,20,12,6,0,2,1,10,1,2,2,8,0,2,1,,,
201027904789,2,3,2,42,8,4.166,2,4,5,2010,14,9,12,1,0,4,1,1,0,0,2,8,0,1,1,,,
201027904869,5,3,4,42,8,58.327,2,4,1,2010,10,35,12,6,0,2,1,2,2,3,2,3,0,2,1,,,
201027904886,3,3,1,42,8,16.665,1,4,5,2010,16,44,21,0,0,1,1,10,2,1,2,8,0,1,1,,,
201027904888,1,3,1,42,8,4.166,3,4,4,2010,14,43,12,6,0,2,1,1,3,2,2,8,0,8,1,,,
201027904893,5,3,1,42,8,58.327,2,4,1,2010,13,20,12,6,0,1,1,2,2,2,2,8,0,1,1,,,
201027904905,2,3,1,42,8,4.166,3,4,3,2010,15,59,12,7,0,1,1,1,2,2,2,8,0,1,1,,,
201027904938,6,3,1,42,8,129.152,2,4,1,2010,9,9,12,6,0,2,1,1,0,0,2,8,0,2,1,,,
201027904944,1,3,1,42,8,4.166,1,4,2,2010,13,30,41,0,0,1,1,10,3,1,2,8,0,1,3,,,
201027904951,1,3,1,42,8,4.166,3,4,5,2010,18,26,12,6,0,2,1,1,3,2,2,8,0,2,1,,,
201027904959,4,3,1,42,8,295.8,2,4,6,2010,18,0,42,0,0,1,1,1,0,0,2,8,0,1,4,,,
201027904963,3,3,1,42,8,16.665,1,4,2,2010,23,47,21,0,0,2,3,1,2,1,2,8,0,3,1,,,
201027905016,3,3,1,61,9,34.715,2,4,3,2010,0,50,12,6,0,4,6,1,2,1,2,8,0,1,1,,,
201027905021,2,3,1,61,9,34.715,2,4,5,2010,11,1,12,7,0,1,1,1,1,2,2,8,0,1,1,,,
201027905022,2,3,1,61,9,34.715,2,4,2,2010,2,0,12,1,0,1,2,2,0,0,2,8,0,1,1,,,
201027905023,6,3,1,61,9,138.859,1,4,7,2010,21,39,41,0,0,2,2,1,0,0,1,8,0,3,5,,,
201027905036,4,3,1,61,9,277.718,2,4,5,2010,12,54,12,7,0,2,1,1,0,0,2,8,0,3,1,,,
201027905037,5,3,1,61,9,69.429,2,4,6,2010,14,20,12,7,0,1,1,1,2,1,2,8,0,1,1,,,
201027905044,5,3,1,61,9,69.429,3,4,2,2010,16,59,12,1,0,2,1,1,1,3,2,8,0,8,1,,,
201027905045,3,3,1,61,9,34.715,1,4,6,2010,21,18,22,0,0,1,3,1,2,1,2,8,0,1,1,,,
201027905051,1,3,6,42,8,4.227,1,4,1,2010,20,11,25,0,0,1,3,2,3,1,2,8,0,1,3,,,
201027905063,2,3,2,42,8,4.166,3,4,2,2010,7,1,12,6,0,1,1,1,1,2,2,8,0,1,1,,,
201027905065,3,3,2,42,8,16.665,2,4,3,2010,6,3,12,1,0,1,3,1,2,1,2,8,0,1,1,,,
201027905067,1,3,2,42,8,4.166,1,4,7,2010,5,23,18,0,0,1,3,10,4,2,1,8,0,1,2,,,
201027905070,1,3,2,42,8,4.166,3,4,4,2010,23,14,12,1,0,1,3,1,3,3,2,8,0,1,1,,,
201027905078,1,3,2,42,8,4.166,1,4,5,2010,5,58,25,0,0,1,3,10,3,1,2,8,0,1,3,,,
201027905082,4,3,2,42,8,295.8,2,4,6,2010,21,19,12,7,0,1,3,1,0,0,2,8,0,1,1,,,
201027905092,5,3,2,42,8,58.327,2,4,3,2010,15,30,12,6,0,2,1,10,3,2,2,8,0,3,1,,,
201027905108,1,3,2,42,8,4.166,1,4,3,2010,11,55,30,0,0,1,1,2,3,1,2,8,0,1,4,,,
201027905117,2,3,1,61,9,34.715,2,4,5,2010,11,27,12,7,0,1,1,1,1,1,2,8,0,1,1,,,
201027905118,5,3,11,42,8,59.51,2,4,7,2010,8,38,12,6,0,2,1,1,2,4,2,2,0,2,1,,,
201027905125,3,3,11,42,8,23.804,1,4,1,2010,15,33,1,0,0,2,1,1,2,2,2,2,0,2,1,,,
201027905129,3,3,11,42,8,23.804,1,5,7,2010,21,40,21,0,0,1,3,1,3,1,2,2,0,1,1,,,
201027905151,6,3,1,42,8,129.152,2,4,7,2010,1,46,12,6,0,2,2,2,1,3,2,8,0,2,1,,,
201027905195,1,3,3,42,8,4.166,2,4,3,2010,22,3,12,6,0,2,2,2,3,2,2,3,0,2,1,,,
201027905201,4,3,3,42,8,295.8,2,4,5,2010,14,19,12,1,0,1,1,1,1,1,2,3,0,1,1,,,
201027905258,3,3,3,42,8,16.665,2,5,1,2010,11,34,12,6,0,2,1,1,2,1,2,3,0,2,1,,,
201027905259,5,3,10,42,8,55.904,2,4,7,2010,9,30,12,1,0,2,1,2,1,1,2,1,0,3,1,,,
201027905260,6,3,10,42,8,134.17,2,4,1,2010,13,20,12,6,0,2,1,2,1,1,2,1,0,8,1,,,
201027905289,6,3,1,61,9,138.859,3,4,4,2010,16,8,12,1,0,1,1,1,0,0,2,8,0,1,1,,,
201027905292,3,3,1,61,9,34.715,2,4,3,2010,15,22,12,1,0,2,1,1,3,2,2,8,0,8,1,,,
201027905298,3,3,1,61,9,34.715,2,5,1,2010,11,35,12,6,0,2,1,1,3,3,2,8,0,2,1,,,
201027905299,3,3,1,61,9,34.715,1,5,1,2010,22,38,1,0,0,1,2,1,3,1,1,8,0,1,1,,,
201027905301,6,3,1,61,9,138.859,1,5,7,2010,16,9,53,0,0,1,2,1,0,0,2,8,0,1,4,,,
201027905306,3,3,1,61,9,34.715,2,5,7,2010,10,59,12,6,0,4,1,1,2,1,2,8,0,1,1,,,
201027905308,4,3,6,42,8,295.855,2,4,1,2010,8,12,12,6,0,1,1,2,0,0,2,8,0,1,1,,,
201027905310,4,3,1,61,9,277.718,2,5,2,2010,11,29,12,1,0,2,1,1,1,2,2,8,0,8,1,,,
201027905315,5,3,1,61,9,69.429,2,4,6,2010,17,18,12,2,0,1,1,1,2,1,2,8,0,1,1,,,
201027905332,6,3,2,42,8,129.152,1,5,7,2010,4,19,20,0,0,1,3,1,0,0,2,8,0,1,8,,,
201027905364,2,3,2,42,8,4.166,2,4,5,2010,17,45,74,0,1,5,1,1,3,3,2,8,0,1,4,,,
201027905396,1,3,2,42,8,4.166,2,4,3,2010,6,49,12,1,0,1,1,1,3,2,2,8,0,1,1,,,
201027905409,4,3,2,42,8,295.8,2,5,7,2010,15,20,12,1,0,1,1,10,1,1,2,8,0,1,1,,,
201027905441,4,3,4,42,8,295.8,2,4,6,2010,13,55,12,1,0,1,1,1,0,0,2,3,0,1,1,,,
201027905463,1,3,1,42,8,4.166,3,5,7,2010,17,36,12,2,0,2,1,1,4,5,2,8,0,3,1,,,
201027905468,1,3,1,42,8,4.166,2,5,7,2010,9,35,12,8,0,1,1,1,3,2,1,8,0,1,1,,,
201027905476,4,3,1,42,8,295.8,2,5,7,2010,9,13,12,6,0,2,1,10,1,1,2,8,0,2,1,,,
201027905480,3,3,1,42,8,16.665,1,5,3,2010,5,47,21,0,0,1,1,1,3,1,2,8,0,1,1,,,
201027905484,2,3,1,42,8,4.166,2,4,3,2010,10,7,12,6,0,2,1,1,2,1,2,8,0,2,1,,,
201027905489,2,3,1,42,8,4.166,2,4,6,2010,14,30,12,6,0,2,1,1,1,1,2,8,0,2,1,,,
201027905538,6,3,1,42,8,129.152,2,4,7,2010,2,1,12,6,0,2,3,1,2,1,2,8,0,3,1,,,
201027905560,3,3,1,42,8,16.665,4,4,2,2010,12,0,12,1,0,1,1,1,2,2,2,8,0,1,1,,,
201027905570,3,3,4,42,8,16.665,2,4,1,2010,15,31,12,6,0,2,1,1,2,1,2,3,0,2,1,,,
201027905596,6,3,4,42,8,129.152,2,5,1,2010,2,12,14,0,0,1,3,1,0,0,2,3,1,1,7,,,
201027905620,3,3,11,42,8,23.804,1,5,7,2010,14,24,22,0,0,2,1,1,3,1,2,2,0,2,1,,,