CASENUM,STRATUM,REGION,PJ,PSU,PSUSTRAT,WEIGHT,VE_TOTAL,MONTH,WKDY_IM,YEAR,HOUR_IM,MINUTE_IM,EVENT1_IM,MANCOL_IM,RELJCT1_IM,RELJCT2_IM,LGTCON_IM,WEATHR_IM,MAXSEV_IM,NO_INJ_IM,ALCHL_IM,LAND_USE,PVH_INVL,TYP_INT,REL_ROAD,CF1,CF2,CF3
201027905623,1,3,11,42,8,11.902,1,5,6,2010,11,21,42,0,0,1,1,1,4,1,2,2,0,1,3,,,
201027905625,5,3,1,42,8,58.327,2,5,2,2010,0,11,12,6,0,2,3,1,1,2,2,8,0,2,1,,,
201027905647,2,3,1,42,8,4.166,2,4,4,2010,13,28,12,6,0,2,1,1,0,0,2,8,0,3,1,,,
201027905661,3,3,1,42,8,16.665,2,5,2,2010,22,43,12,1,0,1,3,1,2,1,2,8,0,1,1,,,
201027905683,5,3,1,42,8,58.327,2,5,7,2010,8,42,12,6,0,1,1,1,0,0,2,8,0,1,1,,,
201027905693,4,3,1,42,8,295.8,2,4,3,2010,21,38,12,1,0,2,3,1,0,0,2,8,0,2,1,,,
201027905700,3,3,1,42,8,16.665,1,5,1,2010,13,2,1,0,0,1,1,1,2,1,2,8,0,1,1,,,
201027905710,6,3,1,42,8,129.152,2,5,5,2010,19,1,12,6,0,4,3,2,1,2,2,8,0,1,1,,,
201027905812,6,3,1,61,9,138.859,2,5,4,2010,16,35,12,1,0,1,1,1,0,0,2,8,0,1,1,,,
201027905814,3,3,1,61,9,34.715,2,5,4,2010,20,0,1,0,0,4,5,1,3,2,2,8,0,1,1,,,
201027905815,5,3,1,61,9,69.429,2,5,7,2010,9,30,12,6,0,2,1,10,1,4,2,8,0,3,1,,,
201027905816,3,3,1,61,9,34.715,2,4,6,2010,15,5,12,7,0,1,1,1,3,2,2,8,0,1,,,,
201027905818,1,3,1,61,9,34.715,3,5,7,2010,13,4,12,1,0,1,1,1,3,6,2,8,0,1,1,,,
201027905823,2,3,2,42,8,4.166,2,5,7,2010,1,45,12,6,0,1,3,1,0,0,2,8,0,1,1,,,
201027905828,3,3,1,61,9,34.715,2,5,6,2010,17,51,12,1,0,2,1,1,3,1,2,8,0,8,1,,,
201027905832,3,3,1,61,9,34.715,2,5,4,2010,13,10,12,1,0,2,1,1,2,1,2,8,0,8,1,,,
201027905833,4,3,1,61,9,277.718,2,5,2,2010,13,56,12,1,0,2,1,1,1,1,2,8,0,8,1,,,
201027905837,1,3,1,61,9,34.715,1,5,6,2010,21,57,34,0,0,1,2,1,3,1,1,8,0,1,4,,,
201027905838,6,3,1,61,9,138.859,2,5,3,2010,7,39,12,6,0,2,1,1,1,2,2,8,0,3,1,,,
201027905840,3,3,1,61,9,34.715,1,4,6,2010,8,19,22,0,0,2,1,10,3,1,2,8,0,2,1,,,
201027905841,2,3,1,61,9,34.715,2,5,6,2010,15,52,12,1,0,1,1,1,1,1,2,8,0,1,1,,,
201027905846,5,3,1,61,9,69.429,2,5,6,2010,20,46,12,7,0,1,3,1,2,3,2,8,0,1,1,,,
201027905849,3,3,1,61,9,34.715,2,5,2,2010,14,28,12,7,0,1,1,1,2,1,2,8,0,1,1,,,
201027905851,3,3,1,61,9,34.715,1,5,7,2010,12,17,10,0,0,1,1,10,2,1,2,8,0,1,5,,,
201027905854,4,3,1,61,9,277.718,2,5,4,2010,8,16,12,1,0,2,1,1,1,2,2,8,0,8,1,,,
201027905856,6,3,1,61,9,138.859,2,5,5,2010,6,43,12,6,0,2,1,1,0,0,2,8,0,3,1,,,
201027905857,2,3,1,61,9,34.715,2,5,6,2010,17,12,12,1,0,1,1,1,2,1,2,8,0,1,1,,,
201027905864,1,3,6,42,8,4.227,1,5,5,2010,8,40,34,0,0,1,1,1,3,1,2,8,0,1,4,,,
201027905868,6,3,6,42,8,131.022,1,4,6,2010,4,4,43,0,0,1,3,2,0,0,2,8,0,1,3,,,
201027905870,2,3,6,42,8,4.227,2,5,3,2010,9,10,12,7,0,1,1,1,0,0,2,8,0,1,1,,,
201027905871,3,3,6,42,8,16.906,2,4,2,2010,12,26,12,1,0,1,1,2,2,3,2,8,0,1,1,,,
201027905880,2,3,6,42,8,4.227,2,5,2,2010,14,11,12,1,1,5,1,1,2,1,2,8,0,1,1,,,
201027905885,6,3,2,42,8,129.152,3,4,6,2010,7,5,12,1,0,1,1,1,1,1,2,8,0,1,1,,,
201027905906,1,3,2,42,8,4.166,2,5,3,2010,7,32,12,6,0,2,1,1,4,2,2,8,0,2,1,,,
201027905910,1,3,2,42,8,4.166,2,5,5,2010,3,50,12,1,0,1,3,1,3,1,2,8,0,1,1,,,
201027905922,3,3,2,42,8,16.665,1,5,5,2010,16,47,21,0,0,2,1,1,3,1,2,8,0,3,1,,,
201027905944,2,3,2,42,8,4.166,2,5,7,2010,21,34,12,6,1,5,3,1,0,0,2,8,0,2,1,,,
201027905964,1,3,2,42,8,4.166,1,4,6,2010,5,27,38,0,0,1,2,10,3,1,1,8,0,1,5,,,
201027905990,5,3,3,42,8,58.327,2,5,7,2010,4,59,12,6,0,2,3,1,2,2,2,3,0,2,1,,,
201027905995,6,3,3,42,8,129.152,2,5,3,2010,12,45,12,6,0,4,1,10,1,1,2,3,0,1,1,,,
201027906008,2,3,3,42,8,4.166,1,5,2,2010,9,53,15,0,0,2,1,10,4,1,2,3,0,2,1,,,
201027906038,4,3,3,42,8,295.8,2,5,3,2010,21,30,12,6,0,2,3,10,0,0,2,3,0,2,1,,,
201027906074,2,3,1,42,8,4.166,2,4,5,2010,13,28,12,1,0,1,1,1,0,0,2,8,0,1,1,,,
201027906075,2,3,3,42,8,4.166,1,5,6,2010,8,33,21,0,0,1,1,1,2,1,2,3,0,1,1,,,
201027906077,5,3,1,61,9,69.429,3,5,2,2010,13,34,12,6,0,2,1,10,2,1,2,8,0,2,1,,,
201027906084,6,3,2,42,8,129.152,2,5,4,2010,21,45,12,6,0,2,3,1,1,1,2,8,0,2,1,,,
201027906086,3,3,1,61,9,34.715,1,5,6,2010,23,26,21,0,0,1,3,1,3,1,2,8,0,1,1,,,
201027906095,3,3,1,61,9,34.715,1,5,2,2010,10,39,1,0,0,4,1,10,2,1,2,8,0,1,1,,,
201027906096,1,3,1,61,9,34.715,2,5,6,2010,22,11,12,6,0,2,3,1,3,1,1,8,0,2,1,,,
201027906097,4,3,1,61,9,277.718,1,5,7,2010,13,21,1,0,0,2,1,1,1,1,2,8,0,2,1,,,
201027906100,5,3,1,61,9,69.429,3,5,5,2010,17,11,12,6,0,2,1,1,1,3,2,8,0,2,1,,,
201027906102,2,3,1,61,9,34.715,2,5,5,2010,7,46,12,8,0,1,1,1,0,0,2,8,0,1,1,,,
201027906105,6,3,1,61,9,138.859,2,5,6,2010,17,31,12,1,0,2,1,10,0,0,2,8,0,8,1,,,
201027906120,5,3,2,42,8,58.327,2,5,5,2010,17,58,12,6,0,2,1,1,2,1,2,8,0,2,1,,,
201027906123,2,3,2,42,8,4.166,1,5,1,2010,14,4,1,0,1,5,1,10,2,1,2,8,0,1,1,,,
201027906127,2,3,2,42,8,4.166,2,4,3,2010,6,15,12,6,0,1,1,1,3,3,2,8,0,1,1,,,
201027906133,2,3,2,42,8,4.166,1,5,1,2010,6,58,20,0,1,5,1,10,0,0,2,8,0,1,8,,,
201027906137,4,3,2,42,8,295.8,2,5,4,2010,15,49,12,7,1,5,1,1,0,0,2,8,0,1,1,,,
201027906170,1,3,2,42,8,4.166,1,5,1,2010,4,33,74,0,1,5,3,10,3,3,2,8,0,1,4,,,
201027906196,3,3,1,61,9,34.715,3,5,1,2010,13,40,12,1,0,2,1,1,3,4,2,8,0,8,1,,,
201027906214,3,3,4,42,8,16.665,2,5,6,2010,17,5,12,1,0,1,1,1,3,1,2,3,0,1,1,,,
201027906246,4,3,4,42,8,295.8,1,5,5,2010,18,55,30,0,0,1,3,1,0,0,2,3,0,1,4,,,
201027906304,3,3,1,42,8,16.665,1,5,4,2010,11,33,22,0,0,4,1,1,2,1,2,8,0,1,1,,,
201027906305,1,3,1,42,8,4.166,1,5,4,2010,14,58,42,0,0,1,1,1,3,1,2,8,0,1,3,,,
201027906354,1,3,1,61,9,34.715,1,5,2,2010,2,35,43,0,0,6,3,1,3,1,2,8,0,1,4,,,
201027906355,1,3,1,61,9,34.715,1,5,7,2010,22,48,42,0,0,1,3,1,3,2,1,8,0,1,4,,,
201027906362,4,3,1,61,9,277.718,2,5,1,2010,3,36,12,7,0,1,3,1,0,0,1,8,0,1,1,,,
201027906363,5,3,1,61,9,69.429,2,5,6,2010,20,58,12,6,0,2,3,1,2,4,2,8,0,2,1,,,
201027906365,6,3,1,61,9,138.859,3,5,3,2010,15,40,12,1,0,1,1,1,1,2,2,8,0,1,1,,,
201027906372,5,3,1,61,9,69.429,2,5,5,2010,16,10,12,6,0,2,1,1,2,1,2,8,0,2,1,,,
201027906380,6,3,1,61,9,138.859,2,5,1,2010,18,15,12,1,1,5,1,10,0,0,1,8,0,8,1,,,
201027906381,1,3,1,61,9,34.715,1,5,3,2010,19,15,42,0,0,1,2,1,3,1,2,8,0,1,4,,,
201027906383,1,3,1,61,9,34.715,2,5,1,2010,15,25,12,6,0,2,1,1,3,3,1,8,0,2,1,,,
201027906384,5,3,1,61,9,69.429,1,5,6,2010,0,45,33,0,0,1,3,10,2,3,2,8,0,1,4,,,
201027906386,4,3,1,61,9,277.718,2,5,4,2010,14,11,12,1,0,2,1,1,0,0,2,8,0,8,1,,,
201027906387,2,3,1,61,9,34.715,2,5,5,2010,13,47,12,7,0,4,1,1,1,1,2,8,0,1,1,,,
201027906392,5,3,1,61,9,69.429,1,5,7,2010,11,51,74,0,0,1,1,1,1,1,2,8,0,1,3,,,
201027906393,1,3,1,61,9,34.715,2,5,7,2010,19,50,12,6,0,1,5,1,3,7,1,8,0,1,1,,,
201027906396,5,3,1,61,9,69.429,2,5,6,2010,13,42,12,1,0,1,1,1,1,1,2,8,0,1,1,,,
201027906397,6,3,1,61,9,138.859,2,5,6,2010,14,47,12,1,0,2,1,1,0,0,2,8,0,8,1,,,
201027906400,3,3,1,61,9,34.715,1,5,3,2010,16,32,22,0,0,4,1,1,2,1,2,8,0,3,1,,,
201027906405,4,3,1,61,9,277.718,2,5,1,2010,17,27,12,6,0,4,1,1,0,0,2,8,0,1,1,,,
201027906414,3,3,1,61,9,34.715,1,5,2,2010,18,21,15,0,0,2,1,10,2,1,2,8,0,2,1,,,
201027906460,4,3,1,42,8,295.8,2,5,4,2010,7,43,12,7,0,1,1,1,0,0,2,8,0,1,1,,,
201027906464,6,3,1,42,8,129.152,2,5,6,2010,1,15,12,1,0,2,3,1,0,0,2,8,0,2,1,,,
201027906467,3,3,1,42,8,16.665,2,5,6,2010,21,56,12,6,0,4,3,1,3,1,2,8,0,1,1,,,
201027906472,1,3,1,42,8,4.166,1,5,7,2010,23,44,30,0,0,1,2,1,4,2,2,8,0,1,4,,,
201027906495,5,3,1,42,8,58.327,2,5,5,2010,15,25,40,0,0,1,1,1,1,1,2,8,1,1,4,,,
201027906496,3,3,1,42,8,16.665,1,5,5,2010,0,21,21,0,0,2,3,1,3,1,2,8,0,2,1,,,
201027906518,3,3,4,42,8,16.665,1,5,7,2010,13,30,33,0,0,1,1,1,3,1,2,3,0,1,4,,,
201027906566,4,3,4,42,8,295.8,2,5,7,2010,19,4,12,7,0,1,3,1,0,0,2,3,0,1,1,,,
201027906594,3,3,3,42,8,16.665,1,5,3,2010,12,25,22,0,0,2,1,1,2,1,2,3,0,2,1,,,
201027906610,3,3,2,42,8,16.665,3,5,6,2010,14,27,12,1,0,2,1,1,3,8,2,8,0,8,1,,,
201027906621,2,3,2,42,8,4.166,2,5,2,2010,7,0,12,8,0,1,1,1,2,2,2,8,0,1,1,,,
201027906635,2,3,2,42,8,4.166,2,5,7,2010,3,16,12,1,0,1,3,1,3,2,2,8,0,1,1,,,
201027906637,2,3,2,42,8,4.166,2,5,7,2010,21,0,12,6,0,2,1,1,1,1,2,8,0,2,1,,,
201027906654,2,3,2,42,8,4.166,1,5,2,2010,23,16,21,0,0,1,3,1,1,1,2,8,0,1,1,,,
201027906655,3,3,2,42,8,16.665,1,5,7,2010,21,18,21,0,0,2,3,1,2,1,1,8,0,3,1,,,
201027906663,4,3,2,42,8,295.8,2,5,3,2010,20,5,12,1,1,5,3,10,0,0,2,8,0,1,1,,,
201027906667,1,3,2,42,8,4.166,2,5,6,2010,9,11,12,1,1,5,1,10,3,3,2,8,0,1,1,,,
201027906671,2,3,2,42,8,4.166,3,5,6,2010,9,25,12,1,0,1,1,1,1,1,2,8,0,1,1,,,
201027906673,6,3,2,42,8,129.152,2,5,1,2010,18,17,12,6,0,2,1,1,0,0,2,8,0,2,1,,,
201027906685,1,3,2,42,8,4.166,2,5,6,2010,11,33,12,2,0,2,1,1,3,2,2,8,0,3,1,,,
201027906701,5,3,11,42,8,59.51,2,5,1,2010,8,25,12,6,0,2,1,2,2,1,2,2,0,2,1,,,
201027906705,6,3,1,61,9,138.859,2,5,1,2010,8,43,12,7,0,1,1,1,0,0,2,8,0,1,1,,,
201027906706,2,3,1,61,9,34.715,2,5,7,2010,0,33,12,1,0,1,3,1,3,2,2,8,0,1,1,,,
201027906712,4,3,1,61,9,277.718,2,6,3,2010,17,20,12,1,0,2,1,1,1,1,2,8,0,8,1,,,
201027906714,5,3,1,61,9,69.429,2,5,7,2010,17,0,12,1,0,2,1,1,2,2,2,8,0,8,1,,,
201027906716,3,3,1,61,9,34.715,1,6,5,2010,15,35,1,0,0,2,1,1,2,1,2,8,0,2,1,,,
201027906723,5,3,1,61,9,69.429,2,5,6,2010,20,45,12,6,0,1,2,10,1,1,2,8,0,1,1,,,
201027906724,3,3,1,61,9,34.715,2,5,4,2010,8,53,12,1,0,2,1,1,3,2,2,8,0,8,1,,,
201027906726,2,3,1,61,9,34.715,2,5,2,2010,14,25,12,2,0,2,1,1,0,0,2,8,0,3,1,,,
201027906729,4,3,1,61,9,277.718,2,5,2,2010,13,9,12,1,0,1,1,1,0,0,2,8,0,1,1,,,
201027906731,2,3,1,61,9,34.715,1,5,5,2010,12,54,43,0,0,1,1,1,0,0,2,8,0,1,4,,,
201027906734,5,3,1,61,9,69.429,1,6,3,2010,10,38,42,0,0,1,1,1,2,3,1,8,0,1,3,,,
201027906737,3,3,1,61,9,34.715,1,5,1,2010,19,12,43,0,0,1,1,1,3,1,2,8,0,1,3,,,
201027906739,3,3,6,42,8,16.906,2,5,7,2010,11,1,12,1,1,5,1,1,2,4,2,8,0,1,1,,,
201027906741,5,3,6,42,8,59.171,1,5,7,2010,10,51,20,0,0,1,1,1,2,2,2,8,0,1,4,,,
201027906742,6,3,1,61,9,138.859,2,6,3,2010,16,27,12,1,0,2,1,1,0,0,2,8,0,8,1,,,
201027906747,2,3,6,42,8,4.227,2,5,4,2010,4,21,12,1,1,5,1,10,3,1,2,8,0,1,1,,,
201027906767,1,3,2,42,8,4.166,2,5,6,2010,1,7,12,6,0,2,3,1,3,6,2,8,0,3,1,,,
201027906803,3,3,2,42,8,16.665,2,5,7,2010,10,9,12,1,0,1,1,10,2,1,2,8,0,1,1,,,
201027906805,2,3,2,42,8,4.166,2,5,2,2010,10,0,12,7,0,1,1,10,1,1,2,8,0,1,1,,,
201027906809,1,3,2,42,8,4.166,1,5,2,2010,12,48,38,0,0,2,1,1,3,1,2,8,0,2,5,,,
201027906818,5,3,2,42,8,58.327,1,5,7,2010,5,7,25,0,0,1,1,10,1,4,2,8,0,1,4,,,
201027906901,3,3,1,42,8,16.665,2,5,6,2010,17,24,12,7,0,1,1,1,3,2,2,8,0,1,1,,,
201027906916,6,3,1,42,8,129.152,2,3,7,2010,18,50,12,1,0,1,1,1,0,0,2,8,0,1,1,,,
201027906926,4,3,1,42,8,295.8,2,5,2,2010,17,15,12,6,0,2,1,1,0,0,2,8,0,3,1,,,
201027906952,3,3,1,61,9,34.715,1,6,3,2010,16,18,22,0,0,2,1,1,2,1,2,8,0,3,1,,,
201027906954,4,3,1,61,9,277.718,2,6,6,2010,20,50,12,1,0,2,2,1,1,1,2,8,0,8,1,,,
201027906958,5,3,1,61,9,69.429,2,6,7,2010,16,35,12,1,0,2,1,1,2,2,2,8,0,8,1,,,
201027906962,3,3,1,61,9,34.715,2,6,7,2010,1,24,12,1,0,2,2,1,2,2,2,8,0,8,1,,,
201027906963,5,3,1,61,9,69.429,2,6,5,2010,10,0,12,1,0,1,1,10,1,1,2,8,0,1,1,,,
201027906970,5,3,1,61,9,69.429,2,6,3,2010,9,35,12,6,0,2,1,1,2,2,2,8,0,2,1,,,
201027906972,4,3,1,61,9,277.718,2,6,4,2010,14,50,12,7,0,2,1,1,0,0,2,8,0,8,1,,,
201027906973,6,3,1,61,9,138.859,2,6,6,2010,19,0,12,6,0,2,1,1,1,1,1,8,0,2,1,,,
201027906975,2,3,6,42,8,4.227,1,6,5,2010,6,40,74,0,1,5,1,10,2,3,2,8,0,1,4,,,
201027906981,2,3,1,61,9,34.715,2,6,3,2010,17,27,12,7,1,5,1,1,0,0,2,8,0,1,1,,,
201027907014,4,3,2,42,8,295.8,2,6,3,2010,13,0,12,7,0,1,1,1,0,0,2,8,0,1,1,,,
201027907026,6,3,2,42,8,129.152,1,6,5,2010,11,3,25,0,0,1,1,1,1,1,2,8,0,1,3,,,
201027907100,4,3,11,42,8,297.548,2,6,4,2010,18,25,12,1,0,2,1,10,0,0,2,2,0,8,1,,,
201027907124,6,3,3,42,8,129.152,3,5,7,2010,23,47,12,2,0,1,3,1,0,0,2,3,0,1,1,,,
201027907169,5,3,3,42,8,58.327,2,6,5,2010,15,19,12,6,0,4,1,2,2,1,2,3,0,1,1,,,
201027907171,4,3,3,42,8,295.8,2,6,5,2010,16,49,12,2,0,2,1,2,0,0,2,3,0,3,1,,,
201027907188,3,3,3,42,8,16.665,1,6,7,2010,21,3,21,0,0,1,3,2,2,1,2,3,0,1,1,,,
201027907237,1,3,11,42,8,11.902,2,5,5,2010,8,0,12,6,0,2,1,1,3,4,2,2,0,2,1,,,
201027907239,3,3,2,42,8,16.665,1,6,5,2010,17,30,1,0,0,2,1,1,2,1,2,8,0,2,1,,,
201027907246,5,3,1,61,9,69.429,5,6,7,2010,2,27,14,0,0,1,3,1,2,2,1,8,4,1,5,,,
201027907251,5,3,1,61,9,69.429,2,6,6,2010,12,44,12,6,0,4,1,1,2,4,2,8,0,1,1,,,
201027907252,3,3,1,61,9,34.715,2,6,1,2010,19,55,12,7,0,2,5,1,2,1,2,8,0,8,1,,,
201027907253,2,3,1,61,9,34.715,2,6,4,2010,10,18,12,6,0,2,1,1,2,1,2,8,0,3,1,,,
201027907254,6,3,1,61,9,138.859,3,6,1,2010,16,55,12,1,0,2,1,10,2,2,2,8,0,8,1,,,
201027907262,6,3,1,61,9,138.859,1,6,4,2010,1,24,34,0,0,1,2,1,1,1,1,8,0,1,4,,,
201027907264,4,3,1,61,9,277.718,2,6,1,2010,2,45,12,1,0,1,2,1,0,0,2,8,0,1,1,,,
201027907265,1,3,1,61,9,34.715,1,6,4,2010,16,30,42,0,0,1,1,2,3,1,2,8,0,1,3,,,
201027907266,3,3,1,61,9,34.715,3,6,6,2010,12,44,12,1,0,1,1,10,2,3,2,8,0,1,1,,,
201027907269,5,3,1,61,9,69.429,2,6,2,2010,14,13,12,1,0,1,1,1,2,1,2,8,0,1,1,,,
201027907271,6,3,1,61,9,138.859,1,6,5,2010,19,13,59,0,0,2,1,1,0,0,1,8,0,2,3,,,
201027907278,5,3,1,61,9,69.429,2,6,7,2010,6,51,12,6,0,2,1,1,1,2,2,8,0,2,1,,,
201027907280,6,3,1,61,9,138.859,1,6,3,2010,7,40,59,0,0,1,1,1,1,1,2,8,0,1,3,,,
201027907287,3,3,10,42,8,22.362,1,5,5,2010,20,25,1,0,0,1,3,1,3,1,2,1,0,1,1,,,
201027907303,4,3,10,42,8,290.701,3,6,4,2010,13,45,12,6,0,2,1,1,0,0,2,1,0,8,1,,,
201027907304,6,3,10,42,8,134.17,2,6,3,2010,7,4,12,2,0,2,1,1,1,3,2,1,0,8,1,,,
201027907312,6,3,6,42,8,131.022,1,6,7,2010,3,10,74,0,0,1,3,10,0,0,1,8,0,1,4,,,
201027907333,6,3,2,42,8,129.152,3,6,4,2010,20,24,12,1,0,1,1,1,1,5,2,8,0,1,1,,,
201027907356,1,3,2,42,8,4.166,1,6,6,2010,11,50,25,0,0,1,1,10,3,2,2,8,0,1,4,,,
201027907368,4,3,2,42,8,295.8,2,6,2,2010,7,51,12,1,0,1,1,1,0,0,2,8,0,1,1,,,
201027907373,1,3,2,42,8,4.166,2,6,7,2010,19,16,12,6,1,5,1,2,3,4,2,8,0,2,1,,,
201027907385,5,3,2,42,8,58.327,1,6,7,2010,1,27,1,0,0,1,3,2,1,4,1,8,0,1,4,,,
201027907438,3,3,4,42,8,16.665,1,6,1,2010,12,30,1,0,0,2,1,1,2,1,2,3,0,2,1,,,
201027907447,6,3,4,42,8,129.152,2,6,3,2010,0,48,12,2,0,1,3,1,1,2,1,3,0,1,1,,,
201027907487,1,3,4,42,8,4.166,1,6,2,2010,0,58,42,0,0,1,3,1,3,1,2,3,0,1,3,,,
201027907509,5,3,1,42,8,58.327,2,6,7,2010,11,55,12,6,0,2,1,1,2,2,2,8,0,3,1,,,
201027907538,3,3,1,42,8,16.665,2,6,6,2010,9,10,12,7,0,1,1,1,2,1,2,8,0,1,2,,,
201027907571,3,3,1,42,8,16.665,2,6,5,2010,15,15,12,6,0,2,1,10,4,1,2,8,0,3,1,,,
201027907584,6,3,1,42,8,129.152,3,5,5,2010,3,10,12,6,0,2,6,1,0,0,2,8,0,2,1,,,
201027907622,5,3,1,61,9,69.429,2,6,5,2010,13,25,12,7,0,1,1,2,1,2,2,8,0,1,1,,,
201027907623,3,3,1,61,9,34.715,2,6,7,2010,19,31,12,1,0,2,5,1,2,1,2,8,0,3,1,,,
201027907625,3,3,1,61,9,34.715,1,6,3,2010,4,49,13,0,0,1,1,10,3,3,2,8,0,1,4,,,
201027907626,6,3,1,61,9,138.859,2,6,2,2010,19,19,12,6,0,2,5,2,1,1,2,8,0,2,1,,,
201027907633,4,3,1,61,9,277.718,2,6,6,2010,7,35,12,1,0,2,1,1,0,0,2,8,0,8,1,,,
201027907634,3,3,1,61,9,34.715,2,6,6,2010,8,40,12,1,0,2,1,10,3,1,2,8,0,8,1,,,
201027907637,5,3,1,61,9,69.429,2,6,6,2010,15,37,12,6,0,2,1,10,2,2,2,8,0,2,1,,,
201027907638,6,3,1,61,9,138.859,1,6,7,2010,14,9,1,0,1,5,1,10,2,1,2,8,0,1,1,,,
201027907640,3,3,1,61,9,34.715,1,6,4,2010,11,45,53,0,0,1,1,1,2,1,2,8,0,1,4,,,
201027907641,5,3,1,61,9,69.429,2,6,5,2010,7,41,12,1,0,1,1,1,2,1,2,8,0,1,1,,,
201027907647,2,3,6,42,8,4.227,1,6,2,2010,3,30,5,0,1,5,3,2,2,1,2,8,0,1,1,,,
201027907663,2,3,2,42,8,4.166,2,6,7,2010,22,30,12,7,1,5,3,10,1,2,2,8,0,8,1,,,
201027907667,1,3,2,42,8,4.166,6,6,3,2010,14,15,12,6,0,1,1,2,3,3,2,8,0,1,1,,,
201027907674,6,3,2,42,8,129.152,2,6,3,2010,15,20,12,6,0,2,1,10,1,2,2,8,0,2,1,,,
201027907731,2,3,2,42,8,4.166,5,6,4,2010,6,47,12,6,1,5,1,1,1,1,2,8,0,2,1,,,
201027907741,3,3,11,42,8,23.804,1,6,2,2010,16,11,21,0,0,1,1,2,3,1,2,2,0,1,1,,,
201027907744,6,3,11,42,8,130.921,1,6,6,2010,21,14,42,0,0,2,3,1,2,2,2,2,0,3,3,,,
201027907750,5,3,11,42,8,59.51,2,6,6,2010,20,3,12,6,0,2,3,10,1,2,2,2,0,3,1,,,
201027907756,3,3,11,42,8,23.804,1,6,2,2010,19,27,21,0,0,2,1,1,3,1,2,2,0,5,1,,,
201027907757,1,3,11,42,8,11.902,3,6,4,2010,16,40,12,6,0,2,1,1,3,5,2,2,0,2,1,,,
201027907794,1,3,3,42,8,4.166,4,6,7,2010,12,28,12,1,0,1,1,1,3,2,2,3,0,1,1,,,
201027907800,4,3,3,42,8,295.8,2,6,1,2010,17,35,12,1,0,1,1,1,0,0,2,3,0,1,1,,,
201027907802,6,3,3,42,8,129.152,2,6,1,2010,21,25,12,6,0,2,3,1,2,1,2,3,0,8,1,,,
201027907806,1,3,3,42,8,4.166,2,6,1,2010,16,1,12,2,0,2,1,1,3,4,2,3,0,2,1,,,
201027907826,3,3,3,42,8,16.665,2,6,6,2010,11,24,12,6,0,2,1,1,2,1,2,3,0,2,1,,,
201027907836,1,3,2,42,8,4.166,2,6,6,2010,15,8,12,1,0,1,1,10,3,1,2,8,0,1,1,,,
201027907840,1,3,1,61,9,34.715,2,6,2,2010,23,43,25,0,0,1,3,10,3,2,2,8,0,1,4,,,
201027907841,1,3,1,61,9,34.715,1,6,3,2010,5,2,42,0,0,1,2,1,3,1,2,8,0,1,3,,,
201027907845,5,3,1,61,9,69.429,2,6,5,2010,16,26,12,1,0,1,1,1,2,3,2,8,0,1,1,,,
201027907849,1,3,1,61,9,34.715,1,6,2,2010,7,36,75,0,0,1,1,1,3,1,2,8,0,1,4,,,
201027907850,5,3,1,61,9,69.429,2,6,2,2010,10,48,12,6,0,2,1,1,2,2,1,8,0,8,1,,,
201027907853,1,3,1,61,9,34.715,2,6,6,2010,19,25,12,2,0,1,1,10,4,2,2,8,0,1,1,,,
201027907854,6,3,1,61,9,138.859,2,6,6,2010,14,36,12,1,0,2,1,1,0,0,2,8,0,2,1,,,
201027907858,4,3,1,61,9,277.718,6,6,3,2010,17,36,12,1,0,2,1,1,0,0,2,8,0,8,1,,,
201027907862,6,3,1,61,9,138.859,1,6,1,2010,18,45,42,0,0,1,1,10,0,0,2,8,0,1,4,,,
201027907869,6,3,1,61,9,138.859,2,6,1,2010,19,27,12,6,0,2,1,1,0,0,2,8,0,2,1,,,
201027907872,2,3,1,61,9,34.715,2,6,2,2010,19,0,12,1,0,1,5,2,0,0,2,8,0,1,1,,,
201027907879,2,3,6,42,8,4.227,2,6,2,2010,6,50,12,6,0,1,4,1,0,0,2,8,0,1,1,,,
201027907882,2,3,6,42,8,4.227,3,6,7,2010,5,59,12,1,0,1,1,1,0,0,2,8,0,1,1,,,
201027907886,4,3,2,42,8,295.8,4,7,5,2010,16,29,12,1,0,1,1,1,0,0,2,8,0,1,1,,,
201027907889,3,3,2,42,8,16.665,2,6,1,2010,18,4,12,1,0,1,1,1,2,1,2,8,0,1,1,,,
201027907902,1,3,2,42,8,4.166,2,6,6,2010,0,35,12,1,0,1,3,10,3,1,1,8,0,1,1,,,
201027907919,3,3,2,42,8,16.665,2,6,2,2010,7,43,12,7,0,1,1,1,3,1,2,8,0,1,1,,,
201027907935,2,3,2,42,8,4.166,2,6,7,2010,7,3,12,6,0,1,1,1,2,1,2,8,0,1,1,,,
201027907940,2,3,2,42,8,4.166,2,6,2,2010,7,42,12,7,0,1,1,1,2,1,2,8,0,1,1,,,
201027907942,6,3,2,42,8,129.152,2,6,5,2010,21,42,12,2,0,2,3,10,0,0,2,8,0,2,1,,,
201027907943,2,3,2,42,8,4.166,2,6,3,2010,20,53,12,6,0,4,3,1,3,2,2,8,0,1,1,,,
201027907980,4,3,4,42,8,295.8,2,6,3,2010,15,12,12,1,0,2,1,1,0,0,2,3,0,8,1,,,
201027908020,4,3,1,42,8,295.8,2,6,3,2010,21,5,12,1,0,1,5,1,0,0,2,8,0,1,1,,,
201027908037,2,3,1,42,8,4.166,2,6,5,2010,15,15,12,1,0,1,1,1,1,1,2,8,0,1,1,,,
201027908038,1,3,1,42,8,4.166,1,6,7,2010,19,49,42,0,0,1,3,1,3,1,2,8,0,1,4,,,