CASENUM,STRATUM,REGION,PJ,PSU,PSUSTRAT,WEIGHT,VE_TOTAL,MONTH,WKDY_IM,YEAR,HOUR_IM,MINUTE_IM,EVENT1_IM,MANCOL_IM,RELJCT1_IM,RELJCT2_IM,LGTCON_IM,WEATHR_IM,MAXSEV_IM,NO_INJ_IM,ALCHL_IM,LAND_USE,PVH_INVL,TYP_INT,REL_ROAD,CF1,CF2,CF3
201027908046,1,3,1,42,8,4.166,2,6,6,2010,8,20,12,6,1,5,1,1,3,3,2,8,0,2,1,,,
201027908088,5,3,1,42,8,58.327,2,6,1,2010,13,40,12,6,0,2,1,1,1,1,2,8,0,2,1,,,
201027908107,2,3,2,42,8,4.166,3,6,3,2010,5,15,12,6,0,1,3,10,0,0,2,8,0,1,1,,,
201027908122,3,3,11,42,8,23.804,1,7,1,2010,18,48,22,0,0,2,1,1,3,1,2,2,0,2,1,,,
201027908127,6,3,1,42,8,129.152,1,6,4,2010,20,27,43,0,0,2,1,1,0,0,2,8,0,3,4,,,
201027908129,1,3,1,42,8,4.166,3,6,3,2010,6,6,12,6,0,2,4,1,4,2,2,8,1,3,1,,,
201027908130,3,3,1,42,8,16.665,2,6,4,2010,19,55,12,2,0,4,5,1,3,1,2,8,0,1,1,,,
201027908168,1,3,1,42,8,4.166,1,6,3,2010,0,25,43,0,0,2,3,1,3,1,2,8,0,3,4,,,
201027908170,3,3,1,42,8,16.665,2,5,7,2010,11,40,12,6,0,2,1,1,2,1,2,8,0,2,1,,,
201027908176,5,3,1,42,8,58.327,1,5,3,2010,19,25,42,0,0,1,1,2,2,1,2,8,0,1,4,,,
201027908185,4,3,1,42,8,295.8,3,6,5,2010,10,14,12,1,0,1,1,10,1,1,2,8,0,1,1,,,
201027908193,1,3,1,42,8,4.166,2,6,1,2010,2,30,25,0,0,1,3,5,3,1,2,8,0,1,10,,,
201027908234,1,3,1,42,8,4.166,2,6,6,2010,13,55,12,6,0,2,1,1,3,2,2,8,0,3,1,,,
201027908241,2,3,1,42,8,4.166,4,7,5,2010,9,52,12,6,0,2,1,1,1,3,2,8,0,3,1,,,
201027908252,6,3,1,42,8,129.152,2,7,5,2010,21,56,12,8,0,1,3,1,2,1,1,8,0,1,1,,,
201027908274,3,3,1,42,8,16.665,1,6,6,2010,9,57,1,0,0,1,1,10,3,1,2,8,0,1,1,,,
201027908346,5,3,3,42,8,58.327,2,7,1,2010,1,35,12,6,0,2,3,10,2,5,2,3,0,2,1,,,
201027908350,3,3,3,42,8,16.665,2,7,1,2010,23,0,12,7,0,1,3,1,2,2,2,3,0,1,1,,,
201027908372,4,3,1,61,9,277.718,2,7,1,2010,10,1,12,1,0,2,1,2,0,0,2,8,0,8,1,,,
201027908373,5,3,1,61,9,69.429,1,7,7,2010,22,13,1,0,1,5,3,10,2,1,2,8,0,1,4,,,
201027908374,1,3,1,61,9,34.715,3,6,2,2010,10,10,12,1,0,1,1,1,3,8,2,8,0,1,1,,,
201027908377,1,3,1,61,9,34.715,2,7,7,2010,20,3,12,6,1,5,3,1,3,1,2,8,0,8,1,,,
201027908378,1,3,1,61,9,34.715,1,7,1,2010,11,20,46,0,0,2,1,2,3,1,2,8,0,2,4,,,
201027908381,3,3,1,61,9,34.715,1,7,1,2010,3,2,21,0,0,1,3,10,2,1,1,8,0,1,1,,,
201027908385,5,3,1,61,9,69.429,1,7,1,2010,1,28,1,0,1,5,3,10,2,1,2,8,0,8,4,,,
201027908386,6,3,1,61,9,138.859,2,6,4,2010,14,10,12,1,0,1,1,2,1,1,2,8,0,1,1,,,
201027908393,4,3,1,61,9,277.718,2,7,3,2010,12,31,12,1,1,5,1,10,1,1,2,8,0,8,1,,,
201027908536,4,3,2,42,8,295.8,3,6,4,2010,17,50,12,1,0,1,1,1,1,1,2,8,0,1,1,,,
201027908551,1,3,2,42,8,4.166,3,7,3,2010,18,0,12,6,0,2,1,10,3,3,2,8,0,2,1,,,
201027908552,2,3,2,42,8,4.166,2,7,6,2010,11,24,12,6,0,1,1,10,0,0,2,8,0,1,1,,,
201027908560,1,3,2,42,8,4.166,2,6,2,2010,21,4,12,6,1,5,3,1,3,4,2,8,0,2,1,,,
201027908594,6,3,2,42,8,129.152,2,7,1,2010,14,50,12,2,0,2,1,2,2,1,2,8,0,2,1,,,
201027908613,5,3,10,42,8,55.904,2,7,1,2010,6,40,12,1,0,2,1,1,3,4,2,1,0,8,1,,,
201027908660,4,3,4,42,8,295.8,2,7,2,2010,17,36,12,6,0,2,1,10,0,0,2,3,0,2,1,,,
201027908665,3,3,4,42,8,16.665,1,7,4,2010,22,48,22,0,0,2,3,10,2,1,2,3,0,2,1,,,
201027908702,5,3,1,42,8,58.327,3,7,4,2010,18,27,12,6,0,2,1,1,2,1,2,8,0,2,1,,,
201027908703,4,3,1,42,8,295.8,2,7,4,2010,20,18,12,1,0,2,5,1,0,0,2,8,0,8,1,,,
201027908751,2,3,1,42,8,4.166,2,7,2,2010,9,57,12,1,0,2,1,1,0,0,2,8,0,8,1,,,
201027908752,6,3,1,42,8,129.152,1,7,5,2010,12,49,38,0,0,1,1,1,0,0,2,8,0,1,5,,,
201027908759,1,3,1,42,8,4.166,1,7,2,2010,22,13,42,0,0,1,3,1,3,1,2,8,0,1,4,,,
201027908766,3,3,1,42,8,16.665,1,6,6,2010,5,55,21,0,0,2,3,1,3,2,2,8,0,3,1,,,
201027908796,2,3,1,42,8,4.166,2,7,6,2010,15,20,12,6,0,2,1,2,0,0,2,8,0,2,1,,,
201027908805,5,3,1,42,8,58.327,1,6,7,2010,14,6,42,0,0,2,1,2,1,1,2,8,0,2,4,,,
201027908813,1,3,1,42,8,4.166,3,7,3,2010,19,28,12,7,0,1,1,1,4,2,2,8,0,1,1,,,
201027908843,1,3,1,42,8,4.166,2,6,4,2010,21,11,12,6,0,2,3,1,4,2,2,8,0,2,1,,,
201027908845,2,3,1,42,8,4.166,2,7,2,2010,15,53,12,6,0,2,1,1,0,0,2,8,0,3,1,,,
201027908870,1,3,1,42,8,4.166,2,7,5,2010,15,7,12,6,0,2,1,1,3,3,2,8,0,3,1,,,
201027908882,3,3,1,42,8,16.665,1,7,2,2010,16,58,22,0,0,2,1,1,2,1,2,8,0,8,1,,,
201027908903,4,3,1,42,8,295.8,2,7,2,2010,22,29,12,1,0,1,2,1,0,0,2,8,0,1,1,,,
201027908905,6,3,1,42,8,129.152,2,7,1,2010,15,0,12,6,0,2,1,1,0,0,2,8,0,3,1,,,
201027908920,1,3,1,42,8,4.166,2,6,6,2010,18,49,12,6,0,2,1,1,3,2,2,8,0,2,1,,,
201027908931,3,3,1,42,8,16.665,1,7,2,2010,9,0,21,0,0,4,1,1,2,1,2,8,0,1,1,,,
201027908934,1,3,1,42,8,4.166,2,6,3,2010,1,5,12,6,0,2,3,1,3,2,2,8,0,2,1,,,
201027908954,3,3,1,61,9,34.715,1,7,6,2010,21,59,42,0,0,1,2,1,2,3,2,8,0,1,4,,,
201027908955,6,3,1,61,9,138.859,1,6,4,2010,14,59,74,0,0,1,1,2,0,0,2,8,0,1,3,,,
201027908964,5,3,1,61,9,69.429,2,7,2,2010,10,50,12,6,0,2,1,10,1,2,2,8,0,2,1,,,
201027908966,1,3,1,61,9,34.715,1,7,1,2010,8,12,25,0,1,5,1,2,3,1,2,8,0,1,3,,,
201027908969,2,3,1,61,9,34.715,1,7,5,2010,7,44,43,0,0,1,1,1,0,0,2,8,0,1,4,,,
201027908974,5,3,1,61,9,69.429,2,7,5,2010,16,39,12,7,0,1,1,1,2,1,2,8,0,1,1,,,
201027908976,6,3,1,61,9,138.859,1,7,1,2010,11,54,1,0,1,5,1,2,1,1,2,8,0,1,4,,,
201027908978,5,3,1,61,9,69.429,3,7,5,2010,16,45,12,6,1,5,1,10,3,3,2,8,0,2,1,,,
201027908984,4,3,1,61,9,277.718,2,7,4,2010,23,12,12,7,0,2,3,1,0,0,2,8,0,2,1,,,
201027908988,5,3,1,61,9,69.429,1,7,5,2010,18,36,1,0,0,1,1,1,1,3,2,8,0,1,4,,,
201027908989,1,3,1,61,9,34.715,1,7,7,2010,19,46,1,0,0,1,1,1,3,1,2,8,0,1,4,,,
201027908991,3,3,1,61,9,34.715,2,7,1,2010,17,51,12,2,0,4,1,1,3,1,2,8,0,1,1,,,
201027908994,6,3,1,61,9,138.859,1,7,7,2010,21,29,18,0,0,1,3,1,1,1,2,8,0,1,5,,,
201027908998,6,3,1,61,9,138.859,2,7,1,2010,17,22,12,6,0,2,1,1,2,1,2,8,0,2,1,,,
201027909003,4,3,1,61,9,277.718,2,7,5,2010,11,32,12,7,0,1,1,1,0,0,2,8,0,1,1,,,
201027909012,5,3,1,61,9,69.429,1,7,3,2010,20,27,42,0,0,1,3,10,2,1,2,8,0,1,3,,,
201027909014,6,3,1,61,9,138.859,3,7,3,2010,6,42,12,1,0,1,4,1,0,0,2,8,0,1,1,,,
201027909025,1,3,3,42,8,4.166,1,7,6,2010,8,36,19,0,0,4,1,1,3,1,2,3,0,1,5,,,
201027909028,4,3,3,42,8,295.8,2,7,2,2010,10,9,12,7,0,2,1,1,0,0,2,3,0,3,1,,,
201027909032,6,3,3,42,8,129.152,2,7,2,2010,22,50,12,6,0,2,3,1,0,0,2,3,0,3,1,,,
201027909085,3,3,6,42,8,16.906,1,7,1,2010,18,15,1,0,0,1,1,10,2,1,2,8,0,1,1,,,
201027909096,3,3,2,42,8,16.665,1,7,5,2010,23,45,21,0,0,2,3,1,3,1,2,8,0,3,1,,,
201027909112,5,3,2,42,8,58.327,4,7,4,2010,22,46,12,0,0,1,3,10,1,5,2,8,0,1,4,,,
201027909146,2,3,2,42,8,4.166,2,7,6,2010,7,50,12,1,0,1,1,1,0,0,2,8,0,1,1,,,
201027909150,1,3,2,42,8,4.166,2,7,3,2010,14,49,12,7,0,1,1,1,3,3,2,8,0,1,1,,,
201027909173,4,3,2,42,8,295.8,2,7,6,2010,11,19,12,7,0,1,1,1,0,0,2,8,0,1,1,,,
201027909202,3,3,4,42,8,16.665,2,7,7,2010,22,9,12,6,0,2,3,10,3,1,1,3,0,2,1,,,
201027909228,6,3,4,42,8,129.152,2,7,4,2010,14,0,12,1,0,1,1,10,0,0,2,3,0,1,1,,,
201027909241,4,3,4,42,8,295.8,2,7,7,2010,0,7,12,6,0,2,3,1,0,0,2,3,0,3,1,,,
201027909279,1,3,1,42,8,4.166,2,7,5,2010,13,54,12,6,0,2,1,1,3,1,2,8,0,2,1,,,
201027909286,2,3,1,42,8,4.166,2,7,4,2010,9,2,12,1,0,1,1,1,2,1,2,8,0,1,1,,,
201027909288,5,3,1,42,8,58.327,2,7,4,2010,19,38,12,2,0,2,1,1,1,2,2,8,0,2,1,,,
201027909294,1,3,1,42,8,4.166,2,7,5,2010,10,45,12,6,1,5,1,1,3,4,2,8,0,2,1,,,
201027909295,6,3,1,42,8,129.152,1,7,5,2010,0,25,18,0,0,1,3,1,0,0,1,8,0,1,4,,,
201027909314,5,3,1,61,9,69.429,1,7,5,2010,2,45,42,0,0,1,3,1,2,1,2,8,0,1,3,,,
201027909315,1,3,1,61,9,34.715,1,7,7,2010,21,40,1,0,0,1,2,1,4,9,2,8,0,1,4,,,
201027909320,4,3,1,61,9,277.718,2,7,2,2010,12,45,12,1,0,2,1,10,1,1,2,8,0,3,1,,,
201027909322,5,3,1,61,9,69.429,2,7,1,2010,23,38,12,6,0,2,3,10,2,2,2,8,0,2,1,,,
201027909323,3,3,1,61,9,34.715,1,7,2,2010,2,33,53,0,0,1,3,1,3,1,2,8,0,1,4,,,
201027909326,2,3,1,61,9,34.715,3,7,3,2010,20,14,12,6,1,5,1,10,3,2,2,8,0,1,1,,,
201027909327,1,3,1,61,9,34.715,1,7,1,2010,20,28,1,0,0,1,2,10,3,2,2,8,0,1,4,,,
201027909329,5,3,1,61,9,69.429,2,7,2,2010,11,51,12,6,0,2,1,1,1,3,2,8,0,3,1,,,
201027909333,1,3,1,61,9,34.715,2,7,1,2010,2,38,12,6,0,2,3,1,3,1,1,8,0,2,1,,,
201027909334,3,3,1,61,9,34.715,1,7,1,2010,15,58,21,0,0,1,1,10,3,1,2,8,0,1,1,,,
201027909338,4,3,1,61,9,277.718,2,7,4,2010,11,50,12,7,0,1,1,1,0,0,2,8,0,1,1,,,
201027909346,5,3,1,61,9,69.429,1,7,3,2010,5,18,42,0,0,1,2,10,0,0,2,8,0,1,3,,,
201027909350,6,3,1,61,9,138.859,2,7,4,2010,10,40,12,6,0,2,1,1,1,2,2,8,0,2,1,,,
201027909359,2,3,1,61,9,34.715,2,7,2,2010,7,16,12,7,0,1,1,1,0,0,2,8,0,1,1,,,
201027909360,2,3,1,61,9,34.715,2,7,2,2010,11,53,12,7,0,1,1,1,1,5,2,8,0,1,1,,,
201027909362,4,3,1,61,9,277.718,2,7,4,2010,14,43,12,1,0,1,1,10,0,0,2,8,0,1,1,,,
201027909365,1,3,6,42,8,4.227,1,7,1,2010,16,54,25,0,0,1,1,10,3,2,2,8,0,1,3,,,
201027909366,2,3,6,42,8,4.227,2,7,5,2010,6,14,12,7,0,1,4,1,0,0,2,8,0,1,1,,,
201027909367,6,3,1,61,9,138.859,1,7,2,2010,21,15,21,0,0,2,3,10,3,2,1,8,0,2,1,,,
201027909375,6,3,6,42,8,131.022,3,7,6,2010,9,14,12,1,0,1,1,2,2,1,2,8,0,1,1,,,
201027909380,6,3,2,42,8,129.152,2,7,6,2010,12,48,12,6,0,2,1,10,1,1,2,8,0,2,1,,,
201027909422,2,3,2,42,8,4.166,4,7,6,2010,12,42,12,6,0,2,1,10,1,3,2,8,0,2,1,,,
201027909468,1,3,2,42,8,4.166,2,7,3,2010,16,54,12,6,0,2,1,1,3,3,2,8,0,2,1,,,
201027909469,2,3,2,42,8,4.166,2,7,4,2010,18,23,74,0,0,1,1,10,2,4,2,8,0,1,3,,,
201027909484,1,3,11,42,8,11.902,2,8,2,2010,15,5,12,6,0,2,1,10,3,2,2,2,0,2,1,,,
201027909486,3,3,11,42,8,23.804,2,7,7,2010,14,53,1,0,0,2,1,1,2,1,2,2,0,3,1,,,
201027909502,1,3,1,42,8,4.166,2,8,1,2010,4,17,12,7,0,1,3,1,4,2,2,8,0,1,1,,,
201027909503,1,3,1,42,8,4.166,2,7,7,2010,18,23,12,6,0,2,1,1,3,2,2,8,0,2,1,,,
201027909509,1,3,1,42,8,4.166,2,7,6,2010,22,25,12,2,0,1,3,1,3,2,1,8,0,1,1,,,
201027909520,3,3,1,42,8,16.665,1,7,5,2010,19,27,1,0,0,2,5,1,3,1,2,8,0,3,1,,,
201027909530,2,3,1,42,8,4.166,2,7,2,2010,6,13,12,1,0,4,4,1,0,0,2,8,0,1,1,,,
201027909539,4,3,1,42,8,295.8,2,7,4,2010,9,15,12,6,0,2,1,1,1,2,2,8,0,3,1,,,
201027909544,1,3,1,42,8,4.166,5,7,3,2010,8,42,12,1,0,2,1,1,3,5,2,8,0,3,1,,,
201027909560,3,3,3,42,8,16.665,2,7,7,2010,2,37,12,6,0,2,3,2,2,2,2,3,0,2,1,,,
201027909583,3,3,3,42,8,16.665,1,7,4,2010,20,19,21,0,0,2,1,1,2,1,2,3,0,2,1,,,
201027909594,2,3,3,42,8,4.166,3,7,7,2010,9,24,12,1,0,1,1,1,2,1,1,3,0,1,1,,,
201027909605,5,3,1,61,9,69.429,2,8,3,2010,9,3,12,6,0,2,1,1,1,1,2,8,0,3,1,,,
201027909609,4,3,1,61,9,277.718,2,8,5,2010,12,13,12,1,0,6,1,1,0,0,2,8,0,1,1,,,
201027909613,5,3,1,61,9,69.429,2,7,7,2010,16,9,12,6,0,2,1,1,2,1,2,8,0,2,1,,,
201027909616,5,3,1,61,9,69.429,1,8,1,2010,13,39,1,0,0,1,1,1,1,1,2,8,0,1,2,,,
201027909619,6,3,1,61,9,138.859,1,7,6,2010,16,25,5,0,0,1,1,1,0,0,2,8,0,1,1,,,
201027909627,6,3,1,61,9,138.859,2,8,3,2010,11,59,12,1,0,2,1,10,0,0,2,8,0,8,1,,,
201027909631,4,3,1,61,9,277.718,2,7,2,2010,17,46,12,1,0,1,1,1,1,1,2,8,0,1,1,,,
201027909632,1,3,1,61,9,34.715,1,7,6,2010,23,21,1,0,0,1,2,10,3,7,2,8,0,1,1,,,
201027909634,6,3,1,61,9,138.859,1,7,4,2010,14,15,1,0,0,1,1,10,0,0,2,8,0,1,4,,,
201027909657,4,3,2,42,8,295.8,2,8,4,2010,12,0,12,1,0,1,1,2,0,0,2,8,0,1,1,,,
201027909674,2,3,2,42,8,4.166,2,8,2,2010,9,19,12,7,0,1,1,1,0,0,2,8,0,1,1,,,
201027909675,2,3,2,42,8,4.166,2,8,3,2010,7,35,12,6,0,4,1,1,1,1,2,8,0,8,1,,,
201027909678,1,3,2,42,8,4.166,1,7,7,2010,1,2,1,0,0,1,3,1,3,1,2,8,0,1,4,,,
201027909684,6,3,2,42,8,129.152,1,7,7,2010,15,25,25,0,0,1,1,1,1,1,2,8,0,1,4,,,
201027909699,1,3,2,42,8,4.166,1,7,7,2010,3,41,42,0,0,1,3,1,4,1,2,8,0,1,4,,,
201027909700,3,3,2,42,8,16.665,1,7,6,2010,6,42,21,0,0,2,4,2,4,1,2,8,0,2,1,,,
201027909712,2,3,2,42,8,4.166,2,7,6,2010,14,43,12,1,0,1,1,1,1,1,2,8,0,1,1,,,
201027909718,5,3,2,42,8,58.327,2,7,5,2010,0,35,12,1,0,1,3,10,2,3,2,8,0,1,1,,,
201027909719,2,3,2,42,8,4.166,3,8,3,2010,15,48,12,1,0,1,1,2,1,3,2,8,0,1,1,,,
201027909723,2,3,2,42,8,4.166,2,7,4,2010,0,42,12,1,0,1,3,10,1,1,1,8,0,1,1,,,
201027909735,2,3,2,42,8,4.166,3,7,6,2010,16,33,12,1,1,5,1,1,2,1,2,8,0,1,1,,,
201027909782,3,3,4,42,8,16.665,1,8,3,2010,13,3,21,0,0,2,1,1,2,1,2,3,0,2,1,,,
201027909823,1,3,1,42,8,4.166,4,8,4,2010,8,42,12,6,0,2,1,1,3,3,2,8,0,2,1,,,
201027909851,5,3,1,42,8,58.327,2,8,1,2010,1,4,12,6,0,2,3,1,1,2,2,8,0,2,1,,,
201027909857,3,3,1,42,8,16.665,1,8,7,2010,17,22,22,0,0,2,1,1,3,1,2,8,0,2,1,,,
201027909883,6,3,1,42,8,129.152,2,7,2,2010,0,20,12,6,0,2,3,1,0,0,2,8,0,2,1,,,
201027909891,3,3,1,42,8,16.665,1,8,4,2010,17,15,1,0,0,2,1,1,2,1,2,8,0,3,1,,,
201027909938,4,3,1,42,8,295.8,2,8,6,2010,9,56,12,1,0,1,1,1,0,0,2,8,0,1,1,,,
201027909943,5,3,1,61,9,69.429,1,8,2,2010,2,24,25,0,0,1,3,10,2,1,2,8,0,1,4,,,
201027909958,6,3,1,61,9,138.859,1,8,1,2010,6,57,42,0,1,5,3,2,0,0,2,8,0,1,3,,,
201027909962,3,3,1,61,9,34.715,1,8,6,2010,7,45,22,0,0,2,1,1,2,1,2,8,0,3,1,,,
201027909964,4,3,1,61,9,277.718,2,8,5,2010,16,59,12,7,0,2,1,10,0,0,2,8,0,3,1,,,
201027909965,3,3,1,61,9,34.715,1,8,5,2010,10,1,1,0,0,1,1,1,3,1,2,8,0,1,1,,,
201027909966,2,3,1,61,9,34.715,2,8,6,2010,8,44,12,1,0,1,1,10,2,1,2,8,0,1,1,,,
201027909968,2,3,1,61,9,34.715,2,8,4,2010,8,36,12,1,0,1,1,2,3,1,2,8,0,1,1,,,
201027909969,6,3,1,61,9,138.859,2,7,3,2010,19,13,12,6,0,2,1,1,1,1,1,8,0,3,1,,,
201027909970,5,3,1,61,9,69.429,1,8,2,2010,11,32,18,0,0,1,1,1,1,1,2,8,0,1,1,,,
201027909980,3,3,1,61,9,34.715,2,8,4,2010,16,13,12,1,0,2,1,2,2,1,2,8,0,8,1,,,
201027909984,5,3,1,61,9,69.429,1,8,3,2010,2,24,42,0,0,1,3,1,2,1,1,8,0,1,4,,,
201027910014,2,3,2,42,8,4.166,2,8,3,2010,11,24,12,7,0,1,1,1,0,0,2,8,0,1,1,,,
201027910019,1,3,2,42,8,4.166,3,8,2,2010,21,25,12,7,0,1,3,1,3,5,2,8,1,1,1,,,
201027910057,4,3,2,42,8,295.8,2,8,4,2010,20,54,12,1,0,1,3,10,1,1,2,8,0,1,1,,,
201027910066,3,3,2,42,8,16.665,2,8,2,2010,22,9,12,6,0,2,3,1,2,2,2,8,0,2,1,,,
201027910068,6,3,2,42,8,129.152,3,8,1,2010,12,24,12,1,0,1,1,2,0,0,2,8,0,1,1,,,
201027910074,1,3,2,42,8,4.166,1,8,6,2010,14,13,34,0,0,1,1,1,3,3,2,8,0,1,4,,,
201027910080,2,3,2,42,8,4.166,4,8,2,2010,13,3,12,1,0,1,1,2,2,2,2,8,0,1,1,,,
201027910109,4,3,3,42,8,295.8,2,8,3,2010,10,8,12,7,0,2,1,1,0,0,2,3,0,2,1,,,
201027910156,6,3,3,42,8,129.152,2,8,1,2010,19,30,12,6,0,2,5,2,0,0,2,3,0,2,1,,,
201027910164,2,3,3,42,8,4.166,3,8,3,2010,8,0,12,7,0,2,1,2,0,0,2,3,0,3,1,,,
201027910182,5,3,3,42,8,58.327,2,8,4,2010,17,6,12,6,0,2,1,1,2,1,2,3,0,2,1,,,
201027910193,3,3,3,42,8,16.665,2,8,7,2010,13,5,12,6,0,2,1,1,2,1,2,3,0,2,1,,,
201027910210,4,3,3,42,8,295.8,2,8,2,2010,13,52,12,6,0,4,1,1,0,0,2,3,0,1,1,,,
201027910239,2,3,11,42,8,11.902,2,8,2,2010,13,21,12,6,0,4,1,1,3,1,2,2,0,1,1,,,
201027910244,4,3,11,42,8,297.548,1,8,4,2010,13,55,38,0,0,1,1,1,0,0,2,2,0,1,5,,,
201027910246,1,3,11,42,8,11.902,1,8,7,2010,11,23,43,0,0,2,1,1,3,1,1,2,0,2,3,,,
201027910247,2,3,11,42,8,11.902,2,8,3,2010,8,3,12,6,0,2,1,1,0,0,2,2,0,2,1,,,
201027910254,1,3,1,61,9,34.715,1,8,1,2010,7,59,30,0,0,1,1,1,3,1,2,8,0,1,5,,,
201027910255,1,3,1,61,9,34.715,2,8,6,2010,22,15,12,6,0,2,3,1,3,2,2,8,0,2,1,,,
201027910259,6,3,1,61,9,138.859,1,8,6,2010,7,51,30,0,0,1,1,1,0,0,2,8,0,1,4,,,
201027910260,5,3,1,61,9,69.429,1,8,7,2010,13,3,42,0,0,1,1,2,1,2,2,8,0,1,4,,,
201027910261,3,3,1,61,9,34.715,1,8,2,2010,18,10,21,0,0,1,1,10,2,1,2,8,0,1,1,,,
201027910265,5,3,1,61,9,69.429,2,8,4,2010,9,27,12,1,0,1,1,1,2,1,2,8,0,1,1,,,
201027910272,6,3,1,61,9,138.859,1,8,7,2010,22,26,1,0,0,1,3,1,0,0,2,8,0,1,4,,,
201027910273,3,3,1,61,9,34.715,1,8,1,2010,1,9,21,0,0,1,2,10,3,2,2,8,0,1,1,,,
201027910275,1,3,1,61,9,34.715,2,8,6,2010,15,11,12,6,0,2,1,1,4,5,2,8,0,2,1,,,
201027910278,2,3,1,61,9,34.715,2,8,4,2010,13,53,12,6,0,1,1,1,4,1,2,8,0,1,1,,,
201027910279,3,3,1,61,9,34.715,1,8,6,2010,18,27,1,0,0,1,1,1,2,1,2,8,0,1,1,,,
201027910282,6,3,1,61,9,138.859,3,8,6,2010,16,45,12,1,0,2,1,1,0,0,2,8,0,8,1,,,
201027910283,3,3,1,61,9,34.715,1,8,4,2010,2,48,21,0,0,1,2,1,3,1,2,8,0,1,1,,,
201027910285,5,3,1,61,9,69.429,1,8,1,2010,18,20,73,0,0,1,1,2,1,1,2,8,0,1,4,,,
201027910287,4,3,1,61,9,277.718,2,8,7,2010,17,39,12,6,0,2,1,1,0,0,2,8,0,2,1,,,
201027910304,1,3,2,42,8,4.166,2,7,5,2010,15,21,12,6,0,2,1,1,3,3,2,8,0,2,1,,,
201027910314,1,3,2,42,8,4.166,2,8,6,2010,6,45,12,6,0,1,1,10,4,4,2,8,0,1,1,,,
201027910336,1,3,2,42,8,4.166,2,8,1,2010,18,45,12,1,0,1,1,2,3,2,2,8,0,1,1,,,
201027910338,1,3,2,42,8,4.166,3,8,4,2010,8,56,12,6,0,2,1,10,3,3,2,8,0,3,1,,,
201027910341,1,3,2,42,8,4.166,2,8,2,2010,22,27,12,7,1,5,3,2,4,2,2,8,0,1,1,,,
201027910375,4,3,2,42,8,295.8,2,8,2,2010,13,40,12,1,0,1,1,10,0,0,2,8,0,1,1,,,
201027910391,6,3,2,42,8,129.152,1,8,1,2010,19,9,74,0,0,1,5,10,0,0,2,8,0,1,4,,,
201027910393,2,3,2,42,8,4.166,2,8,4,2010,8,4,12,1,0,1,1,10,1,3,2,8,0,1,1,,,
201027910405,4,3,4,42,8,295.8,2,8,3,2010,16,40,12,1,0,1,1,2,0,0,2,3,0,1,1,,,
201027910443,3,3,4,42,8,16.665,1,8,5,2010,13,25,22,0,0,2,1,1,2,1,2,3,0,3,1,,,
201027910446,5,3,4,42,8,58.327,2,8,6,2010,3,12,12,1,0,1,3,1,1,2,2,3,0,1,1,,,
201027910497,3,3,1,42,8,16.665,2,8,2,2010,23,31,12,7,0,1,3,1,2,1,2,8,0,1,1,,,
201027910529,5,3,1,42,8,58.327,2,8,7,2010,5,15,12,7,0,1,3,1,2,1,1,8,0,1,1,,,
201027910543,1,3,1,42,8,4.166,1,7,1,2010,5,15,30,0,0,1,2,2,3,2,2,8,0,1,4,,,
201027910548,6,3,1,42,8,129.152,2,7,6,2010,15,20,12,6,0,2,1,1,1,1,2,8,0,2,1,,,
201027910573,1,3,1,61,9,34.715,1,8,5,2010,7,40,42,0,0,1,1,10,3,1,2,8,0,1,3,,,
201027910574,5,3,1,61,9,69.429,2,8,3,2010,16,35,12,6,0,2,1,1,2,2,2,8,0,3,1,,,
201027910581,6,3,1,61,9,138.859,3,8,1,2010,2,36,14,0,0,1,2,1,0,0,1,8,2,1,5,,,
201027910584,5,3,1,61,9,69.429,3,8,2,2010,15,21,12,1,0,2,1,10,2,1,2,8,0,8,1,,,
201027910589,6,3,1,61,9,138.859,1,8,2,2010,15,51,42,0,0,1,1,2,1,1,2,8,0,1,3,,,
201027910591,5,3,1,61,9,69.429,2,8,4,2010,8,16,12,6,0,2,1,10,1,4,2,8,0,2,1,,,
201027910595,4,3,1,61,9,277.718,2,8,2,2010,14,10,12,8,0,1,1,10,0,0,2,8,0,1,1,,,
201027910597,5,3,1,61,9,69.429,1,8,4,2010,10,45,42,0,0,1,1,1,1,1,2,8,0,1,4,,,
201027910635,3,3,2,42,8,16.665,2,8,2,2010,7,30,12,1,0,1,1,10,2,6,2,8,0,1,1,,,
201027910643,2,3,2,42,8,4.166,1,8,4,2010,18,0,1,0,0,1,1,2,0,0,2,8,0,1,1,,,
201027910653,5,3,2,42,8,58.327,1,8,5,2010,8,12,25,0,1,5,1,2,1,1,2,8,0,1,4,,,
201027910674,2,3,2,42,8,4.166,2,8,5,2010,15,40,12,7,0,1,1,1,0,0,2,8,0,1,1,,,
201027910681,6,3,2,42,8,129.152,2,8,4,2010,20,22,12,6,0,2,3,1,0,0,2,8,0,2,1,,,
201027910708,2,3,2,42,8,4.166,2,8,2,2010,15,41,12,7,0,1,1,10,2,2,2,8,0,1,1,,,
201027910720,4,3,1,42,8,295.8,2,8,4,2010,18,48,12,7,0,2,1,2,0,0,2,8,0,2,1,,,
201027910774,1,3,1,42,8,4.166,2,8,7,2010,12,9,12,2,0,2,1,1,3,2,2,8,0,2,1,,,
201027910777,3,3,1,42,8,16.665,2,7,1,2010,0,50,12,6,0,2,2,1,4,1,1,8,0,2,1,,,
201027910789,6,3,1,42,8,129.152,2,8,6,2010,18,50,12,6,0,2,1,1,0,0,2,8,0,2,1,,,