CASENUM,STRATUM,REGION,PJ,PSU,PSUSTRAT,WEIGHT,VE_TOTAL,MONTH,WKDY_IM,YEAR,HOUR_IM,MINUTE_IM,EVENT1_IM,MANCOL_IM,RELJCT1_IM,RELJCT2_IM,LGTCON_IM,WEATHR_IM,MAXSEV_IM,NO_INJ_IM,ALCHL_IM,LAND_USE,PVH_INVL,TYP_INT,REL_ROAD,CF1,CF2,CF3
201027913716,5,3,1,61,9,69.429,1,10,7,2010,8,3,42,0,1,5,1,1,2,1,2,8,0,1,5,,,
201027913718,3,3,1,61,9,34.715,1,10,7,2010,13,46,22,0,0,2,1,1,2,1,2,8,0,3,1,,,
201027913720,3,3,1,61,9,34.715,1,10,4,2010,11,50,22,0,0,2,1,1,3,1,2,8,0,8,1,,,
201027913722,2,3,6,42,8,4.227,1,10,3,2010,7,12,25,0,1,5,4,10,1,1,2,8,0,1,4,,,
201027913732,1,3,6,42,8,4.227,3,10,7,2010,0,30,20,0,0,1,2,1,3,2,2,8,0,1,3,,,
201027913916,3,3,3,42,8,16.665,2,10,5,2010,22,10,12,6,0,2,3,1,2,1,2,3,0,3,1,,,
201027913942,4,3,3,42,8,295.8,3,10,2,2010,11,15,12,1,0,1,1,1,0,0,2,3,0,1,1,,,
201027913979,3,3,3,42,8,16.665,1,10,4,2010,21,15,21,0,0,2,3,10,2,1,2,3,0,2,1,,,
201027914031,4,3,3,42,8,295.8,2,10,3,2010,10,15,12,6,0,2,1,1,0,0,2,3,0,2,1,,,
201027914049,2,3,3,42,8,4.166,2,10,3,2010,15,53,12,7,0,2,1,1,2,1,2,3,0,2,1,,,
201027914108,4,3,3,42,8,295.8,2,10,2,2010,9,35,12,1,0,1,1,1,1,1,2,3,0,1,1,,,
201027914168,3,3,2,42,8,16.665,1,10,2,2010,16,23,21,0,0,1,1,1,3,1,2,8,0,1,1,,,
201027914177,3,3,11,42,8,23.804,2,10,2,2010,17,3,12,6,0,2,1,1,3,1,2,2,0,2,1,,,
201027914179,6,3,11,42,8,130.921,2,10,1,2010,20,55,12,6,0,2,3,1,0,0,2,2,0,2,1,,,
201027914180,5,3,11,42,8,59.51,3,10,1,2010,19,42,12,6,0,2,3,1,1,2,2,2,1,2,1,,,
201027914184,1,3,11,42,8,11.902,1,10,2,2010,13,20,42,0,0,1,1,1,3,2,2,2,0,1,3,,,
201027914187,4,3,1,61,9,277.718,1,10,1,2010,10,45,53,0,0,1,1,1,0,0,2,8,0,1,4,,,
201027914190,6,3,2,42,8,129.152,2,10,2,2010,22,3,12,1,0,2,2,1,1,3,2,8,0,8,1,,,
201027914193,5,3,1,61,9,69.429,1,11,3,2010,12,25,1,0,0,1,1,10,2,1,2,8,0,1,2,,,
201027914202,5,3,1,61,9,69.429,1,10,1,2010,4,50,42,0,0,1,3,1,2,1,1,8,0,1,3,,,
201027914204,3,3,1,61,9,34.715,1,11,2,2010,0,36,22,0,0,1,3,1,3,1,1,8,0,1,2,,,
201027914206,6,3,1,61,9,138.859,2,10,1,2010,2,44,12,1,0,2,3,1,0,0,1,8,0,3,1,,,
201027914212,6,3,1,61,9,138.859,2,10,1,2010,22,0,12,2,0,2,3,1,1,1,2,8,0,2,1,,,
201027914213,3,3,1,61,9,34.715,1,10,1,2010,1,40,21,0,0,1,2,1,4,1,1,8,0,1,1,,,
201027914215,5,3,1,61,9,69.429,1,10,7,2010,2,13,43,0,0,2,2,1,2,1,1,8,0,2,4,,,
201027914216,2,3,1,61,9,34.715,2,10,6,2010,4,15,12,1,0,1,3,1,1,2,2,8,0,1,1,,,
201027914221,4,3,1,61,9,277.718,2,11,4,2010,16,54,12,1,0,1,1,1,0,0,2,8,0,1,1,,,
201027914223,3,3,1,61,9,34.715,2,10,7,2010,19,2,24,0,0,1,2,1,4,2,2,8,0,1,1,,,
201027914225,6,3,1,61,9,138.859,1,10,7,2010,1,38,25,0,0,1,3,1,0,0,2,8,0,1,4,,,
201027914227,5,3,1,61,9,69.429,2,11,4,2010,9,33,12,6,0,2,1,1,2,3,2,8,0,3,1,,,
201027914232,2,3,1,61,9,34.715,3,11,3,2010,7,36,12,7,0,1,4,10,0,0,2,8,0,1,1,,,
201027914234,2,3,1,61,9,34.715,2,11,6,2010,7,56,12,1,0,1,1,10,1,1,2,8,0,1,1,,,
201027914237,6,3,1,61,9,138.859,2,10,6,2010,7,17,12,1,0,2,4,10,1,1,2,8,0,8,1,,,
201027914251,6,3,6,42,8,131.022,1,11,2,2010,17,11,74,0,0,1,1,2,2,1,2,8,0,1,4,,,
201027914252,2,3,6,42,8,4.227,2,10,6,2010,10,6,12,1,1,5,1,1,2,1,2,8,0,1,1,,,
201027914257,2,3,6,42,8,4.227,2,10,4,2010,15,49,25,0,0,1,1,1,2,1,2,8,0,1,3,,,
201027914259,2,3,6,42,8,4.227,1,10,6,2010,18,25,5,0,0,1,1,2,0,0,2,8,0,1,1,,,
201027914275,5,3,2,42,8,58.327,2,10,7,2010,1,33,12,6,0,2,3,1,2,4,2,8,0,2,1,,,
201027914293,3,3,1,42,8,16.665,1,10,2,2010,10,57,22,0,0,2,1,1,2,1,2,8,0,3,1,,,
201027914295,1,3,1,42,8,4.166,1,10,4,2010,2,19,43,0,0,1,3,1,3,2,1,8,0,1,4,,,
201027914297,1,3,1,42,8,4.166,1,10,7,2010,5,20,38,0,0,1,3,1,3,1,2,8,0,1,5,,,
201027914309,5,3,1,42,8,58.327,2,10,4,2010,15,32,12,6,0,2,1,1,2,2,2,8,0,2,1,,,
201027914360,4,3,4,42,8,295.8,2,10,5,2010,11,0,14,0,0,1,1,1,0,0,1,3,1,1,7,,,
201027914381,3,3,4,42,8,16.665,1,10,7,2010,14,26,1,0,0,2,1,1,3,1,2,3,0,2,1,,,
201027914453,4,3,4,42,8,295.8,2,11,2,2010,16,12,12,1,0,2,1,1,0,0,2,3,0,3,1,,,
201027914487,2,3,2,42,8,4.166,2,11,2,2010,17,2,12,6,0,2,1,10,2,1,2,8,0,2,1,,,
201027914505,3,3,2,42,8,16.665,2,10,5,2010,9,43,12,6,0,2,1,10,2,2,2,8,0,2,1,,,
201027914507,1,3,2,42,8,4.166,1,10,5,2010,22,25,59,0,0,1,2,1,3,1,1,8,0,1,8,,,
201027914524,6,3,2,42,8,129.152,2,10,6,2010,21,15,12,6,0,2,3,1,1,3,2,8,0,2,1,,,
201027914527,4,3,2,42,8,295.8,2,10,6,2010,9,4,12,1,1,5,1,1,0,0,2,8,0,1,1,,,
201027914564,3,3,11,42,8,23.804,1,10,6,2010,11,21,21,0,0,1,1,1,2,1,2,2,0,1,1,,,
201027914570,5,3,11,42,8,59.51,2,11,2,2010,17,16,12,6,0,2,1,2,1,1,2,2,0,2,1,,,
201027914590,5,3,11,42,8,59.51,2,11,1,2010,15,39,12,1,0,2,1,1,3,1,2,2,0,3,1,,,
201027914592,3,3,11,42,8,23.804,1,11,7,2010,20,50,33,0,0,2,3,1,3,1,2,2,0,3,4,,,
201027914594,6,3,1,42,8,129.152,1,10,6,2010,16,1,42,0,0,1,1,1,1,1,2,8,0,1,4,,,
201027914610,3,3,1,42,8,16.665,2,11,7,2010,12,16,12,6,0,4,1,1,3,1,2,8,0,1,1,,,
201027914614,4,3,1,42,8,295.8,2,11,4,2010,14,5,12,1,0,1,1,1,0,0,2,8,0,1,1,,,
201027914617,1,3,1,42,8,4.166,1,11,2,2010,4,31,59,0,0,1,3,2,3,1,2,8,0,1,4,,,
201027914631,1,3,1,42,8,4.166,2,10,1,2010,23,14,12,6,0,2,2,1,3,3,2,8,0,3,1,,,
201027914633,1,3,1,42,8,4.166,1,10,7,2010,20,0,30,0,0,1,3,1,3,1,1,8,0,1,4,,,
201027914710,2,3,3,42,8,4.166,2,10,7,2010,2,29,12,6,0,2,3,1,4,3,2,3,0,2,1,,,
201027914714,6,3,3,42,8,129.152,2,10,7,2010,16,24,12,6,0,2,1,1,2,2,2,3,0,2,1,,,
201027914715,5,3,3,42,8,58.327,2,10,7,2010,14,53,12,6,0,2,1,1,3,1,2,3,0,3,1,,,
201027914720,4,3,3,42,8,295.8,2,10,7,2010,17,55,12,8,0,2,5,1,0,0,2,3,0,2,1,,,
201027914738,1,3,3,42,8,4.166,3,11,2,2010,15,21,12,1,0,2,1,2,3,1,2,3,0,3,1,,,
201027914760,3,3,1,61,9,34.715,1,11,7,2010,10,55,21,0,0,2,1,1,3,1,2,8,0,3,1,,,
201027914761,1,3,1,61,9,34.715,1,11,2,2010,14,7,42,0,0,1,1,1,3,1,2,8,0,1,3,,,
201027914772,5,3,1,61,9,69.429,2,11,3,2010,15,9,12,2,0,1,1,1,2,2,2,8,0,1,1,,,
201027914773,4,3,1,61,9,277.718,2,11,3,2010,18,12,12,7,0,1,5,1,0,0,2,8,0,1,1,,,
201027914774,3,3,1,61,9,34.715,1,11,2,2010,14,47,33,0,0,2,1,1,2,1,2,8,0,3,3,,,
201027914784,2,3,6,42,8,4.227,2,11,4,2010,8,45,12,1,0,1,1,1,2,1,2,8,0,1,1,,,
201027914786,3,3,1,61,9,34.715,2,11,4,2010,18,20,12,1,0,2,3,1,2,2,1,8,0,8,1,,,
201027914789,3,3,1,61,9,34.715,1,11,3,2010,10,54,22,0,0,2,1,1,2,1,2,8,0,2,1,,,
201027914790,5,3,1,61,9,69.429,2,11,1,2010,20,36,12,6,0,1,2,1,2,1,2,8,0,1,1,,,
201027914793,6,3,1,61,9,138.859,2,11,2,2010,8,33,12,6,0,2,1,1,0,0,2,8,0,2,1,,,
201027914796,2,3,6,42,8,4.227,2,11,2,2010,11,25,74,0,0,1,1,10,1,1,2,8,0,1,3,,,
201027914809,3,3,6,42,8,16.906,2,11,4,2010,8,10,12,1,1,5,1,1,2,1,2,8,0,1,1,,,
201027914843,1,3,2,42,8,4.166,3,11,6,2010,19,24,12,1,0,1,3,10,3,3,2,8,0,1,1,,,
201027914851,1,3,2,42,8,4.166,2,11,1,2010,2,35,12,1,0,1,3,1,3,2,2,8,0,1,1,,,
201027914863,6,3,2,42,8,129.152,1,11,7,2010,19,32,42,0,0,1,3,1,2,1,2,8,0,1,3,,,
201027914902,3,3,2,42,8,16.665,2,11,2,2010,18,17,12,1,0,1,3,1,3,1,2,8,0,1,1,,,
201027914905,4,3,2,42,8,295.8,2,11,3,2010,20,20,12,1,0,2,3,10,0,0,2,8,0,2,1,,,
201027914954,3,3,3,42,8,16.665,2,11,6,2010,19,36,12,6,0,2,3,1,2,1,2,3,0,3,1,,,
201027914988,3,3,10,42,8,22.362,2,11,4,2010,14,35,12,6,0,2,1,1,2,1,2,1,0,2,1,,,
201027914999,6,3,1,61,9,138.859,2,11,6,2010,23,1,12,1,0,1,2,1,1,1,2,8,0,1,1,,,
201027915007,5,3,1,61,9,69.429,1,11,7,2010,16,22,1,0,0,1,1,1,2,1,2,8,0,1,3,,,
201027915170,6,3,4,42,8,129.152,2,11,6,2010,8,16,12,6,0,2,1,1,0,0,2,3,0,2,1,,,
201027915187,2,3,6,42,8,4.227,1,10,4,2010,8,44,74,0,0,1,1,1,1,1,2,8,0,1,4,,,
201027915204,2,3,2,42,8,4.166,2,11,7,2010,2,1,12,6,0,2,3,10,3,2,2,8,0,2,1,,,
201027915246,3,3,2,42,8,16.665,2,11,7,2010,9,43,12,1,0,1,1,10,3,1,2,8,0,1,1,,,
201027915253,6,3,2,42,8,129.152,2,11,4,2010,15,10,12,1,0,2,1,1,0,0,2,8,0,8,1,,,
201027915279,2,3,2,42,8,4.166,2,11,5,2010,23,2,12,1,0,1,3,1,1,1,1,8,0,1,1,,,
201027915284,1,3,2,42,8,4.166,1,11,1,2010,4,11,1,0,0,1,3,1,3,1,1,8,0,1,4,,,
201027915285,4,3,2,42,8,295.8,2,11,3,2010,18,22,12,1,0,1,3,1,0,0,2,8,0,1,1,,,
201027915338,4,3,1,42,8,295.8,2,11,4,2010,19,43,12,2,0,2,3,1,0,0,2,8,0,2,1,,,
201027915348,3,3,1,42,8,16.665,1,11,3,2010,11,21,22,0,0,2,1,1,2,1,2,8,0,3,1,,,
201027915352,6,3,1,42,8,129.152,2,11,3,2010,22,0,12,6,0,2,3,1,1,2,2,8,0,2,1,,,
201027915358,1,3,1,42,8,4.166,1,11,2,2010,12,0,42,0,0,1,1,10,3,1,2,8,0,1,4,,,
201027915361,1,3,1,42,8,4.166,1,11,2,2010,11,26,43,0,0,2,1,1,3,1,1,8,0,6,4,,,
201027915398,3,3,1,42,8,16.665,1,11,4,2010,10,7,21,0,0,4,1,2,2,1,2,8,0,1,1,,,
201027915412,5,3,1,42,8,58.327,3,11,2,2010,11,9,12,6,0,2,1,10,1,1,2,8,0,3,1,,,
201027915428,4,3,3,42,8,295.8,2,11,6,2010,7,10,12,6,0,2,1,1,0,0,2,3,0,2,1,,,
201027915509,4,3,3,42,8,295.8,2,11,7,2010,17,49,12,8,0,1,3,1,0,0,2,3,0,1,1,,,
201027915572,3,3,3,42,8,16.665,2,11,5,2010,18,46,12,6,0,4,3,10,0,0,2,3,0,1,1,,,
201027915604,3,3,4,42,8,16.665,1,11,5,2010,8,16,21,0,0,2,1,1,2,1,2,3,0,2,1,,,
201027915625,4,3,4,42,8,295.8,2,11,2,2010,6,10,12,7,0,1,1,1,0,0,2,3,0,1,1,,,
201027915634,5,3,4,42,8,58.327,2,10,6,2010,1,43,12,6,0,1,3,1,3,1,2,3,0,1,1,,,
201027915635,3,3,4,42,8,16.665,1,11,3,2010,11,58,1,0,0,1,1,1,2,2,2,3,0,1,1,,,
201027915686,5,3,2,42,8,58.327,2,11,2,2010,13,28,12,2,0,2,1,1,2,2,2,8,0,3,1,,,
201027915718,6,3,2,42,8,129.152,2,11,6,2010,5,47,12,6,0,2,4,1,1,1,2,8,0,2,1,,,
201027915749,3,3,1,61,9,34.715,1,11,6,2010,18,14,21,0,0,2,3,1,2,1,2,8,0,2,1,,,
201027915791,4,3,2,42,8,295.8,2,11,2,2010,16,20,12,1,0,1,1,10,0,0,2,8,0,1,1,,,
201027915801,1,3,2,42,8,4.166,2,11,1,2010,19,44,12,6,0,2,3,1,3,2,2,8,0,2,1,,,
201027915820,3,3,2,42,8,16.665,1,11,1,2010,11,58,1,0,0,1,1,1,3,1,2,8,0,1,4,,,
201027915845,1,3,1,42,8,4.166,1,11,5,2010,21,55,42,0,0,2,6,10,3,1,1,8,0,2,4,,,
201027915848,1,3,1,42,8,4.166,1,11,7,2010,3,27,17,0,0,2,2,1,3,2,2,8,0,3,4,,,
201027915868,2,3,1,42,8,4.166,1,11,3,2010,5,10,25,0,0,1,4,1,2,1,2,8,0,1,4,,,
201027915869,3,3,1,42,8,16.665,1,12,4,2010,18,5,21,0,0,2,2,1,4,1,2,8,0,2,1,,,
201027915891,4,3,1,42,8,295.8,2,11,4,2010,19,5,12,6,0,2,3,1,1,1,2,8,0,3,1,,,
201027915904,6,3,1,42,8,129.152,1,11,1,2010,15,20,42,0,0,1,1,1,0,0,2,8,0,1,4,,,
201027915940,1,3,1,42,8,4.166,4,11,6,2010,5,14,12,1,0,2,3,2,3,3,2,8,0,2,1,,,
201027915943,1,3,1,42,8,4.166,2,11,4,2010,15,0,12,6,0,2,1,1,3,3,2,8,0,3,1,,,
201027915999,3,3,1,42,8,16.665,2,11,1,2010,3,42,12,1,0,2,3,1,2,1,2,8,0,8,1,,,
201027916002,1,3,1,42,8,4.166,1,11,5,2010,3,28,42,0,0,1,2,1,3,1,2,8,0,1,4,,,
201027916003,5,3,1,42,8,58.327,2,11,7,2010,9,0,12,6,0,2,1,1,1,3,2,8,0,2,1,,,
201027916009,4,3,1,42,8,295.8,2,11,2,2010,20,5,12,6,0,2,3,1,0,0,2,8,0,2,1,,,
201027916012,3,3,11,42,8,23.804,1,11,7,2010,10,40,13,0,0,1,1,1,3,1,2,2,0,1,1,,,
201027916015,4,3,11,42,8,297.548,1,12,4,2010,1,3,38,0,0,1,3,1,0,0,2,2,0,1,5,,,
201027916043,6,3,2,42,8,129.152,2,11,3,2010,21,57,12,6,0,2,2,1,1,4,2,8,0,2,1,,,
201027916061,2,3,2,42,8,4.166,3,12,4,2010,20,13,12,7,0,1,3,1,1,1,2,8,0,1,1,,,
201027916105,6,3,3,42,8,129.152,2,11,5,2010,16,0,12,6,0,2,1,1,0,0,2,3,0,2,1,,,
201027916109,4,3,3,42,8,295.8,2,11,5,2010,20,23,12,6,0,2,3,1,0,0,2,3,0,2,1,,,
201027916142,1,3,3,42,8,4.166,2,11,3,2010,10,56,12,2,0,2,1,10,3,2,2,3,0,2,1,,,
201027916157,3,3,3,42,8,16.665,3,11,4,2010,10,40,12,1,0,2,1,2,2,1,2,3,0,3,1,,,
201027916203,4,3,3,42,8,295.8,2,11,2,2010,18,4,12,6,0,2,3,1,0,0,2,3,0,8,1,,,
201027916256,4,3,2,42,8,295.8,2,12,4,2010,19,37,12,7,0,1,3,1,0,0,2,8,0,1,1,,,
201027916284,6,3,1,42,8,129.152,1,11,1,2010,15,15,33,0,0,2,1,1,0,0,1,8,0,6,4,,,
201027916314,3,3,1,42,8,16.665,2,11,1,2010,10,28,12,6,0,4,1,1,2,1,2,8,0,1,1,,,
201027916340,2,3,1,42,8,4.166,2,12,4,2010,9,8,12,6,0,2,1,1,2,1,2,8,0,2,1,,,
201027916363,6,3,1,42,8,129.152,3,12,6,2010,18,29,12,6,0,2,3,1,1,1,2,8,0,3,1,,,
201027916366,1,3,1,42,8,4.166,2,12,2,2010,19,5,12,2,0,2,3,1,3,3,2,8,0,3,1,,,
201027916393,2,3,1,42,8,4.166,1,11,5,2010,16,39,34,0,0,2,1,1,0,0,2,8,0,2,4,,,
201027916427,4,3,1,42,8,295.8,2,12,4,2010,20,0,12,6,0,2,2,1,1,3,2,8,0,3,1,,,
201027916434,6,3,10,42,8,134.17,2,12,1,2010,4,5,12,1,0,1,3,1,1,3,2,1,0,1,1,,,
201027916461,3,3,2,42,8,16.665,2,12,7,2010,14,55,12,1,0,1,1,10,2,1,2,8,0,1,1,,,
201027916468,2,3,2,42,8,4.166,2,11,2,2010,16,29,12,7,0,1,1,10,2,1,2,8,0,1,1,,,
201027916469,2,3,2,42,8,4.166,3,11,3,2010,7,29,12,7,0,1,1,1,3,1,2,8,0,1,1,,,
201027916471,1,3,6,42,8,4.227,3,11,1,2010,18,30,14,0,0,1,3,1,3,1,2,8,2,1,2,,,
201027916495,3,3,1,42,8,16.665,2,12,7,2010,12,40,12,7,0,2,1,1,3,1,2,8,0,2,1,,,
201027916498,5,3,1,42,8,58.327,2,12,5,2010,18,6,12,6,0,4,3,1,2,2,2,8,0,1,1,,,
201027916538,2,3,1,42,8,4.166,2,12,2,2010,14,52,12,6,0,2,1,1,3,1,2,8,0,3,1,,,
201027916548,3,3,1,42,8,16.665,1,12,7,2010,0,35,21,0,0,1,2,1,3,2,2,8,0,1,4,,,
201027916576,1,3,1,42,8,4.166,1,12,7,2010,5,10,43,0,0,1,3,1,3,1,1,8,0,1,3,,,
201027916583,6,3,1,42,8,129.152,2,12,3,2010,8,57,12,6,0,2,1,1,2,3,2,8,0,2,1,,,
201027916598,5,3,1,42,8,58.327,2,12,6,2010,18,54,12,6,0,2,3,1,2,1,2,8,0,3,1,,,
201027916643,3,3,4,42,8,16.665,2,12,7,2010,16,5,12,6,0,2,1,1,2,1,2,3,0,3,1,,,
201027916673,4,3,4,42,8,295.8,2,12,7,2010,23,2,12,1,0,2,3,1,0,0,2,3,0,2,1,,,
201027916690,3,3,3,42,8,16.665,1,12,6,2010,12,25,21,0,0,2,1,1,2,1,2,3,0,2,1,,,
201027916718,4,3,3,42,8,295.8,2,12,1,2010,20,9,12,6,0,4,2,10,0,0,2,3,0,1,1,,,
201027916749,1,3,3,42,8,4.166,1,12,3,2010,16,53,59,0,0,1,1,1,3,1,2,3,0,1,4,,,
201027916772,6,3,3,42,8,129.152,1,12,6,2010,9,3,31,0,0,1,1,1,0,0,2,3,0,1,4,,,
201027916807,4,3,3,42,8,295.8,2,12,1,2010,19,5,12,1,0,2,5,2,0,0,2,3,0,8,1,,,
201027916810,5,3,3,42,8,58.327,1,12,1,2010,23,49,19,0,0,2,3,1,2,1,2,3,0,3,5,,,
201027916874,1,3,3,42,8,4.166,2,12,7,2010,6,55,12,2,0,1,1,1,3,2,2,3,0,1,1,,,
201027916900,4,3,3,42,8,295.8,2,12,1,2010,13,40,12,6,0,2,1,1,0,0,2,3,0,2,1,,,
201027916920,1,3,11,42,8,11.902,1,12,7,2010,22,0,43,0,0,1,3,1,4,6,1,2,0,1,3,,,
201027916941,4,3,1,42,8,295.8,1,12,1,2010,10,0,39,0,0,1,1,1,0,0,2,8,0,1,5,,,
201027916951,1,3,1,42,8,4.166,1,12,7,2010,5,7,42,0,0,1,3,1,4,2,2,8,0,1,4,,,
201027916992,1,3,1,42,8,4.166,1,10,6,2010,18,25,30,0,0,1,3,10,3,2,2,8,0,1,4,,,
201027916993,5,3,11,42,8,59.51,2,12,2,2010,15,47,12,2,0,4,1,1,1,7,2,2,0,1,1,,,
201027917040,6,3,4,42,8,129.152,3,12,1,2010,22,36,12,1,0,1,3,1,0,0,2,3,0,1,1,,,
201027917054,3,3,4,42,8,16.665,1,12,5,2010,10,18,15,0,0,4,1,1,3,1,2,3,0,1,1,,,
201027917112,3,3,1,42,8,16.665,1,11,5,2010,18,52,21,0,0,2,3,10,3,1,2,8,0,2,1,,,
201027917132,6,3,1,42,8,129.152,3,12,3,2010,19,0,12,1,0,2,3,1,0,0,2,8,0,8,1,,,
201027917190,5,3,1,42,8,58.327,2,12,4,2010,19,47,12,6,0,2,3,1,2,2,2,8,0,2,1,,,
201027917203,4,3,1,42,8,295.8,2,12,2,2010,17,15,12,1,0,1,1,1,0,0,2,8,0,1,1,,,
201027917206,1,3,1,42,8,4.166,6,12,6,2010,23,14,12,7,0,1,3,1,3,2,2,8,0,1,1,,,
201027917215,3,3,1,42,8,16.665,1,12,5,2010,12,43,21,0,0,2,1,1,3,1,2,8,0,2,1,,,
201027917282,6,3,3,42,8,129.152,2,12,2,2010,12,15,12,6,0,2,1,1,0,0,2,3,0,2,1,,,
201027917292,3,3,3,42,8,16.665,1,12,5,2010,19,32,1,0,0,1,3,1,2,1,2,3,0,1,1,,,
201027917320,4,3,3,42,8,295.8,2,12,3,2010,11,31,12,1,0,1,1,1,0,0,2,3,0,1,1,,,
201027917371,3,3,1,42,8,16.665,1,12,4,2010,18,30,21,0,0,2,3,1,2,1,2,8,0,8,1,,,
201027917381,6,3,1,42,8,129.152,1,11,4,2010,23,0,25,0,0,1,3,1,0,0,1,8,0,1,4,,,
201027917551,5,3,1,42,8,58.327,3,11,6,2010,20,20,12,7,0,1,3,1,0,0,2,8,0,1,1,,,
201027919705,4,3,1,61,9,277.718,2,12,6,2010,20,15,12,1,0,2,3,1,1,1,2,8,0,2,1,,,
201027919710,1,3,1,61,9,34.715,1,12,5,2010,9,11,1,0,1,5,1,1,4,1,2,8,0,1,8,,,
201027919711,6,3,1,61,9,138.859,2,12,4,2010,7,36,12,7,0,2,1,1,1,1,2,8,0,3,1,,,
201027919910,3,3,1,61,9,34.715,2,12,3,2010,16,5,12,1,0,2,1,1,2,1,2,8,0,2,1,,,
201027919920,6,3,6,42,8,131.022,3,12,5,2010,19,4,12,1,0,1,2,1,1,10,2,8,0,1,1,,,
201027919923,1,3,6,42,8,4.227,1,11,1,2010,13,15,76,0,0,1,1,1,3,2,2,8,0,1,4,,,
201027919930,1,3,1,61,9,34.715,2,12,5,2010,10,55,12,6,0,2,1,10,3,2,2,8,0,2,1,,,
201027919979,6,3,1,61,9,138.859,2,12,6,2010,12,39,12,6,0,4,1,10,0,0,2,8,0,1,1,,,
201027919980,1,3,1,61,9,34.715,2,12,3,2010,19,55,12,2,0,1,3,1,4,1,2,8,0,1,1,,,
201027920488,3,3,1,61,9,34.715,2,12,3,2010,14,53,12,1,0,2,1,1,2,1,2,8,0,8,1,,,
201027920490,5,3,1,61,9,69.429,2,11,6,2010,10,21,12,1,0,1,1,1,2,1,2,8,0,1,1,,,
201027920491,4,3,1,61,9,277.718,2,11,3,2010,17,50,12,1,0,2,1,1,1,1,2,8,0,2,1,,,
201027920492,3,3,1,61,9,34.715,3,11,7,2010,16,30,12,1,0,2,1,1,2,1,2,8,0,8,1,,,
201027920496,3,3,1,61,9,34.715,1,11,6,2010,14,10,22,0,0,2,1,1,2,1,2,8,0,3,1,,,
201027920500,3,3,1,61,9,34.715,2,11,6,2010,0,0,12,1,0,1,3,1,3,1,2,8,0,1,1,,,
201027920505,4,3,1,61,9,277.718,2,12,3,2010,14,34,12,7,0,1,1,1,0,0,2,8,0,1,1,,,
201027920507,5,3,1,61,9,69.429,1,12,5,2010,11,7,1,0,0,1,1,1,2,1,2,8,0,1,4,,,
201027920508,3,3,1,61,9,34.715,2,11,7,2010,14,16,12,7,0,1,1,1,3,1,2,8,0,1,1,,,
201027920511,3,3,1,61,9,34.715,1,11,1,2010,14,0,21,0,0,1,1,1,2,1,1,8,0,1,1,,,
201027920512,6,3,1,61,9,138.859,2,12,2,2010,9,14,12,6,0,2,1,1,1,1,2,8,0,2,1,,,
201027920513,2,3,1,61,9,34.715,2,12,6,2010,9,32,12,1,0,1,1,1,0,0,2,8,0,1,1,,,
201027920517,3,3,1,61,9,34.715,1,12,1,2010,12,25,1,0,0,1,1,10,2,1,2,8,0,1,1,,,
201027920518,5,3,1,61,9,69.429,2,12,2,2010,12,15,12,6,0,2,1,1,2,1,2,8,0,2,1,,,
201027920519,3,3,1,61,9,34.715,1,11,3,2010,8,20,21,0,0,2,1,1,2,1,2,8,0,3,1,,,
201027920521,2,3,1,61,9,34.715,2,12,2,2010,5,50,12,7,0,1,2,1,0,0,2,8,0,1,1,,,
201027920523,3,3,1,61,9,34.715,1,11,5,2010,7,5,21,0,0,2,1,1,2,1,2,8,0,3,1,,,
201027920524,5,3,1,61,9,69.429,3,11,6,2010,12,0,12,1,0,2,1,10,2,1,2,8,0,8,1,,,
201027920527,5,3,1,61,9,69.429,2,12,4,2010,10,23,12,6,0,2,1,1,2,3,2,8,0,2,1,,,
201027920529,3,3,1,61,9,34.715,1,12,4,2010,16,5,22,0,0,2,1,1,3,1,2,8,0,3,1,,,
201027920534,4,3,1,61,9,277.718,2,12,5,2010,18,20,12,1,0,2,3,1,0,0,2,8,0,2,1,,,
201027920535,1,3,6,42,8,4.227,1,11,7,2010,19,26,74,0,0,1,3,10,3,1,2,8,0,1,4,,,
201027920549,5,3,1,61,9,69.429,2,12,6,2010,16,10,12,6,0,2,1,1,1,3,2,8,0,3,1,,,
201027920551,6,3,1,61,9,138.859,3,12,1,2010,17,0,12,1,0,2,5,1,0,0,2,8,0,2,1,,,
201027920557,5,3,1,61,9,69.429,3,12,5,2010,17,39,12,1,0,1,3,1,2,1,2,8,0,1,1,,,
201027920558,1,3,1,61,9,34.715,2,12,6,2010,14,0,12,6,0,2,1,1,3,2,2,8,0,2,1,,,
201027920559,4,3,1,61,9,277.718,2,12,7,2010,17,15,12,1,0,2,3,1,0,0,2,8,0,2,1,,,
201027920561,5,3,1,61,9,69.429,2,12,7,2010,14,0,12,6,0,2,1,1,2,1,2,8,0,2,1,,,
201027920562,1,3,1,61,9,34.715,1,12,1,2010,20,0,1,0,0,1,2,1,3,1,2,8,0,1,4,,,
201027920565,6,3,1,61,9,138.859,3,12,3,2010,10,43,12,6,0,1,1,1,0,0,1,8,0,1,1,,,
201027920570,6,3,1,61,9,138.859,2,12,1,2010,22,30,12,1,0,2,3,2,1,1,1,8,0,8,1,,,
201027920576,1,3,1,61,9,34.715,4,11,1,2010,16,20,12,7,0,2,1,1,4,4,1,8,0,2,1,,,