CASENUM,STRATUM,REGION,PJ,PSU,PSUSTRAT,WEIGHT,VE_TOTAL,MONTH,WKDY_IM,YEAR,HOUR_IM,MINUTE_IM,EVENT1_IM,MANCOL_IM,RELJCT1_IM,RELJCT2_IM,LGTCON_IM,WEATHR_IM,MAXSEV_IM,NO_INJ_IM,ALCHL_IM,LAND_USE,PVH_INVL,TYP_INT,REL_ROAD,CF1,CF2,CF3
201027920578,1,3,6,42,8,4.227,1,11,1,2010,8,25,75,0,0,1,1,1,3,1,2,8,0,1,4,,,
201027920580,5,3,1,61,9,69.429,3,11,2,2010,19,20,12,1,0,2,3,1,2,2,1,8,0,8,1,,,
201027920583,3,3,1,61,9,34.715,1,12,5,2010,10,33,33,0,0,1,1,1,2,1,2,8,0,1,3,,,
201027920584,3,3,1,61,9,34.715,5,11,6,2010,10,21,12,1,0,1,1,1,2,3,2,8,0,1,1,,,
201027920586,3,3,1,61,9,34.715,1,11,1,2010,14,30,22,0,0,2,1,1,2,1,2,8,0,3,1,,,
201027920588,3,3,1,61,9,34.715,1,11,2,2010,17,25,22,0,0,2,1,10,2,1,2,8,0,3,1,,,
201027920589,4,3,1,61,9,277.718,2,11,7,2010,17,35,12,1,0,1,5,1,0,0,2,8,0,1,1,,,
201027920590,3,3,1,61,9,34.715,2,11,1,2010,17,30,12,1,0,2,1,1,2,1,2,8,0,8,1,,,
201027920593,5,3,1,61,9,69.429,2,12,2,2010,6,50,12,1,0,1,1,10,2,2,2,8,0,1,1,,,
201027920595,3,3,1,61,9,34.715,1,12,2,2010,7,20,22,0,0,2,1,1,2,1,2,8,0,3,1,,,
201027920596,1,3,1,61,9,34.715,2,12,2,2010,12,40,14,0,0,2,1,1,3,1,2,8,1,3,5,,,
201027920601,1,3,1,61,9,34.715,2,12,3,2010,13,19,12,6,0,2,1,1,4,2,2,8,0,2,1,,,
201027920604,5,3,1,61,9,69.429,2,12,4,2010,17,36,12,6,0,2,3,1,1,1,2,8,0,3,1,,,
201027920608,5,3,1,61,9,69.429,2,12,7,2010,13,40,12,6,0,2,1,1,1,1,2,8,0,2,1,,,
201027920611,6,3,1,61,9,138.859,3,11,3,2010,11,49,12,1,0,2,1,1,1,1,2,8,0,8,1,,,
201027920612,4,3,1,61,9,277.718,1,11,2,2010,7,42,21,0,0,2,1,1,1,1,2,8,0,3,1,,,
201027920613,2,3,1,61,9,34.715,2,11,3,2010,10,22,76,0,0,1,1,1,0,0,2,8,0,1,3,,,
201027920619,1,3,1,61,9,34.715,1,11,1,2010,20,33,18,0,0,1,2,1,3,1,2,8,0,1,3,,,
201027920620,1,3,1,61,9,34.715,2,11,2,2010,12,45,12,1,0,2,1,1,3,3,2,8,0,2,1,,,
201027920621,1,3,1,61,9,34.715,4,11,7,2010,16,1,12,2,0,1,1,10,3,7,2,8,0,1,1,,,
201027920623,3,3,1,61,9,34.715,2,12,1,2010,14,0,12,1,0,1,1,1,2,3,2,8,0,1,1,,,
201027920625,5,3,1,61,9,69.429,1,12,4,2010,14,45,1,0,0,1,1,1,1,1,2,8,0,1,3,,,
201027920626,3,3,1,61,9,34.715,1,12,7,2010,14,11,22,0,0,4,1,10,2,1,2,8,0,1,4,,,
201027920633,1,3,6,42,8,4.227,2,12,6,2010,0,51,12,6,0,1,3,1,3,1,2,8,0,1,1,,,
201027920634,6,3,1,61,9,138.859,2,11,2,2010,18,0,12,1,0,1,2,1,0,0,2,8,0,1,1,,,
201027920638,5,3,1,61,9,69.429,3,12,4,2010,12,12,12,6,0,2,1,1,1,1,2,8,0,2,1,,,
201027920639,6,3,1,61,9,138.859,2,12,2,2010,12,5,12,6,0,2,1,1,0,0,2,8,0,2,1,,,
201027920645,6,3,2,42,8,129.152,2,11,7,2010,18,59,12,1,0,1,3,2,0,0,2,8,0,1,1,,,
201027920652,1,3,2,42,8,4.166,2,11,7,2010,13,25,43,0,0,1,1,1,3,2,2,8,0,1,3,,,
201027920654,5,3,2,42,8,58.327,2,12,2,2010,15,22,12,2,0,2,1,1,1,3,2,8,0,2,1,,,
201027920657,3,3,2,42,8,16.665,3,12,3,2010,19,56,12,7,0,1,3,1,2,3,2,8,0,1,1,,,
201027920658,2,3,2,42,8,4.166,1,12,6,2010,13,50,43,0,0,1,1,1,1,1,2,8,0,1,3,,,
201027920669,2,3,2,42,8,4.166,2,11,2,2010,11,20,12,7,0,1,1,10,1,1,2,8,0,1,1,,,
201027920690,4,3,2,42,8,295.8,2,11,2,2010,11,24,12,1,1,5,1,10,0,0,2,8,0,1,1,,,
201027920693,3,3,2,42,8,16.665,3,11,5,2010,12,47,12,1,0,1,1,10,2,1,2,8,0,1,1,,,
201027920696,2,3,2,42,8,4.166,2,12,1,2010,1,0,12,1,0,1,3,1,2,2,2,8,0,1,1,,,
201027920697,4,3,1,61,9,277.718,3,11,1,2010,8,25,12,1,0,2,1,1,1,2,2,8,0,4,1,,,
201027920698,1,3,1,61,9,34.715,3,11,5,2010,19,45,12,6,0,2,3,1,3,3,2,8,0,2,1,,,
201027920701,3,3,1,61,9,34.715,1,12,5,2010,11,50,1,0,0,1,1,1,3,1,2,8,0,1,1,,,
201027920702,3,3,1,61,9,34.715,2,12,4,2010,16,45,12,6,0,2,1,1,3,3,2,8,0,3,1,,,
201027920707,1,3,1,61,9,34.715,1,11,2,2010,6,55,33,0,0,1,1,5,4,1,2,8,0,1,5,,,
201027920711,2,3,1,61,9,34.715,2,11,5,2010,9,30,12,6,0,2,1,1,3,1,2,8,0,2,1,,,
201027920712,3,3,1,61,9,34.715,1,11,5,2010,6,27,1,0,0,1,1,5,3,1,2,8,0,1,4,,,
201027920714,3,3,1,61,9,34.715,2,11,5,2010,9,41,12,6,0,2,1,10,3,1,2,8,0,3,1,,,
201027920715,5,3,1,61,9,69.429,4,11,6,2010,8,12,12,1,0,1,1,1,3,2,2,8,0,1,1,,,
201027920723,2,3,1,61,9,34.715,2,11,3,2010,11,6,12,1,0,1,1,1,2,1,2,8,0,1,1,,,
201027920724,5,3,1,61,9,69.429,3,11,2,2010,8,22,12,1,0,1,1,1,2,2,2,8,0,1,1,,,
201027920727,3,3,1,61,9,34.715,2,12,7,2010,1,11,12,8,0,1,6,1,2,1,2,8,0,1,1,,,
201027920728,5,3,1,61,9,69.429,2,12,5,2010,18,18,12,1,0,1,3,1,2,1,2,8,0,1,1,,,
201027920729,6,3,1,61,9,138.859,3,12,4,2010,18,0,12,1,0,1,5,1,0,0,1,8,0,1,1,,,
201027920731,5,3,1,61,9,69.429,2,12,5,2010,16,3,12,6,0,2,5,1,2,1,2,8,0,2,1,,,
201027920732,3,3,1,61,9,34.715,1,11,6,2010,17,3,42,0,0,1,1,1,3,1,2,8,0,1,5,,,
201027920737,3,3,1,61,9,34.715,1,12,7,2010,2,30,21,0,0,2,3,1,2,1,1,8,0,2,1,,,
201027920740,5,3,1,61,9,69.429,2,12,6,2010,14,35,12,6,0,2,1,1,2,1,2,8,0,2,1,,,
201027920741,4,3,1,61,9,277.718,2,11,6,2010,9,25,12,7,0,2,1,1,0,0,2,8,0,2,1,,,
201027920744,1,3,1,61,9,34.715,1,11,6,2010,6,30,34,0,0,1,2,1,3,1,2,8,0,1,5,,,
201027920746,6,3,1,61,9,138.859,2,11,4,2010,16,56,12,6,0,4,1,1,0,0,2,8,0,1,1,,,
201027920753,5,3,1,61,9,69.429,2,12,6,2010,16,15,12,2,0,1,1,1,2,4,1,8,0,1,1,,,
201027920762,1,3,2,42,8,4.166,1,12,1,2010,6,29,33,0,0,1,4,1,4,2,2,8,0,1,4,,,
201027920765,6,3,1,61,9,138.859,2,12,4,2010,18,10,12,1,0,1,3,1,0,0,2,8,0,1,1,,,
201027920773,4,3,1,61,9,277.718,2,11,1,2010,10,32,12,1,0,1,1,1,0,0,2,8,0,1,1,,,
201027920775,3,3,1,61,9,34.715,2,11,7,2010,8,15,12,1,0,1,1,1,2,1,2,8,0,1,1,,,
201027920778,6,3,1,61,9,138.859,3,12,5,2010,16,51,12,1,0,1,1,1,0,0,2,8,0,1,1,,,
201027920779,5,3,1,61,9,69.429,2,11,1,2010,8,41,12,1,0,1,1,1,2,2,2,8,0,1,1,,,
201027920780,1,3,1,61,9,34.715,4,12,7,2010,14,46,12,1,0,1,1,1,3,1,2,8,0,1,1,,,
201027920785,5,3,1,61,9,69.429,2,12,7,2010,20,30,12,1,0,1,3,10,0,0,2,8,0,1,1,,,
201027920787,5,3,1,61,9,69.429,2,12,6,2010,16,13,12,1,1,5,1,1,2,1,2,8,0,1,1,,,
201027920792,6,3,1,61,9,138.859,2,12,6,2010,18,13,12,1,0,1,2,1,0,0,2,8,0,1,1,,,
201027920798,2,3,1,61,9,34.715,1,11,6,2010,1,25,1,0,0,1,2,1,2,1,2,8,0,1,2,,,
201027920809,1,3,6,42,8,4.227,2,11,1,2010,6,9,12,1,0,5,4,1,3,1,2,8,0,1,1,,,
201027920817,4,3,1,61,9,277.718,2,11,6,2010,4,12,12,1,0,1,3,10,1,2,2,8,0,1,1,,,
201027920818,2,3,1,61,9,34.715,2,12,6,2010,22,40,12,7,0,1,2,1,0,0,1,8,0,1,1,,,
201027920820,5,3,1,61,9,69.429,1,12,7,2010,22,31,74,0,0,1,2,10,2,1,2,8,0,1,4,,,
201027920821,3,3,1,61,9,34.715,2,11,4,2010,23,41,12,7,0,1,3,1,2,2,2,8,0,1,1,,,
201027920822,2,3,2,42,8,4.166,2,12,6,2010,8,42,12,7,1,5,1,1,0,0,2,8,0,1,1,,,
201027920845,2,3,6,42,8,4.227,2,12,4,2010,14,20,12,7,0,1,1,1,0,0,2,8,0,1,1,,,
201027920851,3,3,6,42,8,16.906,2,12,6,2010,14,20,12,1,1,5,1,1,2,1,2,8,0,1,1,,,
201027920854,4,3,6,42,8,295.855,2,12,4,2010,20,15,12,1,0,1,3,1,0,0,2,8,0,1,1,,,
201027920856,2,3,6,42,8,4.227,3,12,6,2010,0,0,12,7,0,1,3,1,0,0,2,8,0,1,1,,,
201027920862,6,3,1,61,9,138.859,1,11,4,2010,1,48,42,0,0,1,3,1,0,0,2,8,0,1,5,,,
201027920864,5,3,1,61,9,69.429,2,11,7,2010,2,40,12,6,0,2,3,5,2,2,2,8,0,2,1,,,
201027920885,3,3,1,61,9,34.715,3,12,3,2010,9,15,12,1,0,1,1,1,2,2,2,8,0,1,1,,,
201027920887,3,3,1,61,9,34.715,2,12,2,2010,0,7,12,1,0,1,6,1,2,1,2,8,0,1,1,,,
201027920892,1,3,2,42,8,4.166,2,12,2,2010,0,0,12,1,0,1,3,1,3,1,2,8,0,1,1,,,
201027920900,3,3,2,42,8,16.665,2,12,7,2010,23,5,12,1,0,1,6,10,3,3,2,8,0,1,1,,,
201027920904,1,3,2,42,8,4.166,1,12,1,2010,3,18,31,0,0,1,6,2,3,2,2,8,0,1,8,,,
201027920919,6,3,2,42,8,129.152,3,12,5,2010,9,59,12,1,0,1,3,1,1,2,2,8,0,1,1,,,
201027920938,3,3,2,42,8,16.665,1,12,1,2010,23,25,1,0,0,1,2,1,3,1,2,8,0,1,4,,,
201027920968,4,3,2,42,8,295.8,2,12,2,2010,17,56,12,1,0,1,3,10,0,0,2,8,0,1,1,,,
201027920983,2,3,2,42,8,4.166,2,12,2,2010,19,7,12,6,0,2,3,1,0,0,2,8,0,2,1,,,
201027920992,2,3,2,42,8,4.166,2,12,3,2010,0,0,12,7,0,1,3,1,2,1,2,8,0,1,1,,,
201027920999,1,3,2,42,8,4.166,2,12,3,2010,18,16,30,0,0,1,5,1,3,2,2,8,0,1,4,,,
201027921000,3,3,1,61,9,34.715,1,12,3,2010,10,2,1,0,0,1,1,1,2,1,2,8,0,1,1,,,
201027921025,2,3,2,42,8,4.166,2,12,2,2010,7,28,12,6,0,2,1,1,1,1,2,8,0,3,1,,,
201027921034,3,3,2,42,8,16.665,1,12,3,2010,7,59,22,0,0,2,1,10,2,1,2,8,0,2,1,,,
201027921064,2,3,2,42,8,4.166,1,12,7,2010,13,15,1,0,1,5,1,2,0,0,2,8,0,1,1,,,
201027921068,6,3,2,42,8,129.152,3,12,5,2010,18,5,12,1,0,1,3,10,0,0,2,8,0,1,1,,,
201027921073,5,3,2,42,8,58.327,2,12,6,2010,16,30,12,6,0,2,1,1,1,1,2,8,0,2,1,,,
201027921076,2,3,2,42,8,4.166,2,12,1,2010,6,46,42,0,0,1,2,1,0,0,2,8,0,1,4,,,
201027921079,1,3,6,42,8,4.227,1,12,1,2010,11,10,25,0,0,1,1,1,3,2,2,8,0,1,3,,,
201027921086,4,3,2,42,8,295.8,2,12,7,2010,14,15,12,7,0,1,1,2,0,0,2,8,0,1,1,,,
201027921107,5,3,6,42,8,59.171,1,12,1,2010,21,5,74,0,0,1,3,10,2,1,2,8,0,1,3,,,
201027921119,2,3,2,42,8,4.166,2,12,2,2010,15,25,12,0,0,1,1,1,0,0,2,8,0,1,1,,,
201028000354,4,3,1,28,9,323.242,1,1,6,2010,20,0,24,0,0,1,2,10,0,0,2,3,0,1,1,,,
201028000356,5,3,1,28,9,161.621,1,1,3,2010,11,15,31,0,0,1,1,4,1,2,2,3,0,1,6,,,
201028000357,4,3,1,28,9,323.242,1,1,3,2010,14,0,34,0,0,1,1,4,0,0,2,3,0,1,4,,,
201028000359,6,3,1,28,9,161.621,1,1,3,2010,21,0,42,0,0,1,2,1,0,0,2,3,0,1,4,,,
201028000360,5,3,1,28,9,161.621,2,1,4,2010,11,45,12,2,0,1,1,2,1,1,2,3,0,1,1,,,
201028000361,5,3,1,28,9,161.621,1,1,6,2010,18,0,34,0,0,1,2,10,2,2,2,3,0,1,4,,,
201028000362,4,3,2,28,9,323.242,2,1,7,2010,10,30,12,8,0,1,1,4,0,0,2,8,0,1,1,,,
201028000364,4,3,2,28,9,323.242,2,1,5,2010,20,15,12,2,0,1,2,4,0,0,2,8,0,1,1,,,
201028000365,6,3,3,28,9,161.621,1,1,6,2010,16,30,34,0,0,1,1,1,0,0,2,8,0,1,4,,,
201028000366,4,3,3,28,9,323.242,2,1,7,2010,16,30,12,2,0,1,1,1,0,0,2,8,0,1,1,,,
201028000367,6,3,3,28,9,161.621,1,1,2,2010,13,46,35,0,0,1,1,4,0,0,2,8,0,1,4,,,
201028000368,6,3,3,28,9,161.621,1,1,4,2010,12,46,42,0,0,1,1,1,2,1,2,8,0,1,4,,,
201028000369,1,3,3,28,9,161.621,1,1,1,2010,11,55,35,0,0,1,1,1,3,1,1,8,0,1,4,,,
201028000370,6,3,3,28,9,161.621,1,1,3,2010,6,0,42,0,0,1,1,4,0,0,2,8,0,1,4,,,
201028000371,4,3,5,28,9,458.041,2,1,2,2010,15,15,12,1,0,1,1,4,0,0,2,1,0,1,1,,,
201028000372,3,3,5,28,9,458.041,1,1,4,2010,17,31,75,0,0,1,1,10,2,1,2,1,0,1,4,,,
201028000373,6,3,5,28,9,458.041,1,1,1,2010,23,10,74,0,0,1,2,4,0,0,2,1,0,1,4,,,
201028000374,4,3,5,28,9,458.041,1,1,2,2010,13,58,1,0,0,1,1,10,1,1,2,1,0,1,5,,,
201028000375,4,3,1,28,9,323.242,2,1,5,2010,15,42,12,8,0,1,1,1,0,0,2,3,0,1,1,,,
201028000377,6,3,2,28,9,161.621,1,1,5,2010,17,0,34,0,0,1,5,11,0,0,2,8,0,1,4,,,
201028000380,4,3,3,28,9,323.242,1,1,6,2010,22,0,17,0,0,1,3,4,1,1,2,8,0,1,1,,,
201028000381,5,3,3,28,9,161.621,1,1,7,2010,12,15,35,0,0,1,1,4,1,1,2,8,0,1,4,,,
201028000383,6,3,3,28,9,161.621,2,1,7,2010,17,0,12,8,0,1,2,1,0,0,2,8,0,1,1,,,
201028000384,3,3,3,28,9,161.621,1,1,2,2010,17,0,1,0,0,1,1,1,3,2,2,8,0,1,1,,,
201028000385,4,3,3,28,9,323.242,2,1,3,2010,17,30,12,1,0,1,2,1,0,0,2,8,0,1,1,,,
201028000386,5,3,1,28,9,161.621,2,1,6,2010,16,0,12,6,0,2,1,1,1,3,2,3,0,3,1,,,
201028000387,4,3,1,28,9,323.242,1,1,5,2010,23,30,74,0,0,1,2,2,0,0,2,3,0,1,4,,,
201028000389,4,3,1,28,9,323.242,1,1,2,2010,11,0,24,0,0,1,1,2,0,0,2,3,0,1,1,,,
201028000391,4,3,1,28,9,323.242,2,1,3,2010,7,50,12,1,0,1,4,10,0,0,2,3,0,1,1,,,
201028000392,3,3,1,28,9,161.621,1,1,4,2010,23,42,1,0,0,2,2,1,2,1,1,3,0,3,5,,,
201028000394,1,3,3,28,9,161.621,1,1,7,2010,22,30,35,0,0,1,2,1,3,1,2,8,0,1,4,,,
201028000396,4,3,1,28,9,323.242,3,2,2,2010,11,18,12,1,0,2,1,10,0,0,2,3,0,3,1,,,
201028000397,5,3,1,28,9,161.621,2,2,3,2010,6,50,12,2,0,1,1,1,1,4,2,3,0,1,1,,,
201028000398,6,3,1,28,9,161.621,1,2,5,2010,7,15,74,0,0,1,4,10,0,0,2,3,0,1,4,,,
201028000399,4,3,2,28,9,323.242,2,1,5,2010,17,0,12,8,0,2,1,1,0,0,2,8,0,8,1,,,
201028000400,4,3,5,28,9,458.041,2,1,5,2010,12,15,12,1,0,2,1,1,0,0,2,1,0,8,1,,,
201028000401,4,3,5,28,9,458.041,1,2,2,2010,10,5,25,0,0,1,1,1,0,0,2,1,0,1,3,,,
201028000402,3,3,1,28,9,161.621,1,2,2,2010,8,15,21,0,0,1,1,1,1,1,2,3,0,1,1,,,
201028000403,5,3,1,28,9,161.621,1,2,3,2010,5,30,42,0,0,1,2,4,1,1,2,3,0,1,4,,,
201028000404,2,3,1,28,9,161.621,3,2,3,2010,8,20,12,2,0,1,1,1,1,1,2,3,0,1,1,,,
201028000405,2,3,1,28,9,161.621,2,2,6,2010,11,25,12,6,0,4,1,2,0,0,2,3,0,1,1,,,
201028000406,5,3,1,28,9,161.621,2,2,1,2010,15,40,12,8,0,1,1,10,1,2,2,3,0,1,1,,,
201028000409,4,3,3,28,9,323.242,1,1,3,2010,22,0,1,0,0,4,2,1,0,0,2,8,0,1,4,,,
201028000411,4,3,3,28,9,323.242,2,1,5,2010,18,20,12,1,0,2,2,1,0,0,2,8,0,8,1,,,
201028000412,6,3,3,28,9,161.621,1,1,7,2010,12,30,74,0,0,1,1,1,0,0,2,8,0,1,4,,,
201028000413,5,3,3,28,9,161.621,1,1,1,2010,11,0,30,0,0,1,1,10,1,1,2,8,0,1,4,,,
201028000414,1,3,3,28,9,161.621,2,1,2,2010,14,49,12,6,0,2,1,2,3,2,2,8,0,2,1,,,
201028000415,2,3,3,28,9,161.621,1,1,2,2010,23,30,1,0,0,1,2,10,0,0,2,8,0,1,4,,,
201028000417,4,3,3,28,9,323.242,1,2,3,2010,6,30,74,0,0,1,2,3,0,0,2,8,0,1,4,,,
201028000418,3,3,3,28,9,161.621,2,2,3,2010,12,31,12,7,0,1,1,2,4,1,2,8,0,1,1,,,
201028000421,6,3,3,28,9,161.621,1,2,5,2010,8,51,34,0,0,1,1,10,0,0,2,8,0,1,4,,,
201028000423,6,3,5,28,9,458.041,1,2,1,2010,0,44,74,0,0,1,3,3,0,0,2,1,0,1,4,,,
201028000424,4,3,1,28,9,323.242,1,2,4,2010,8,0,35,0,0,1,1,4,1,1,2,3,0,1,4,,,
201028000426,4,3,1,28,9,323.242,1,2,3,2010,19,30,34,0,0,1,2,4,0,0,1,3,0,1,4,,,
201028000428,4,3,1,28,9,323.242,1,2,6,2010,0,20,24,0,0,1,2,1,0,0,2,3,0,1,1,,,
201028000429,6,3,3,28,9,161.621,1,2,1,2010,8,15,35,0,0,1,1,1,0,0,2,8,0,1,4,,,
201028000430,6,3,3,28,9,161.621,1,2,2,2010,8,39,42,0,0,1,1,10,0,0,2,8,0,1,6,,,
201028000431,5,3,3,28,9,161.621,2,2,5,2010,13,18,12,8,0,6,1,10,2,2,2,8,0,3,1,,,
201028000434,4,3,1,28,9,323.242,1,2,6,2010,7,30,34,0,0,1,4,1,0,0,2,3,0,1,4,,,
201028000436,4,3,1,28,9,323.242,1,2,7,2010,20,15,24,0,0,1,2,1,0,0,2,3,0,1,1,,,
201028000438,6,3,2,28,9,161.621,1,2,6,2010,8,40,35,0,0,1,1,4,0,0,2,8,0,1,6,,,
201028000439,6,3,2,28,9,161.621,2,2,1,2010,21,0,12,1,0,2,2,10,0,0,2,8,0,8,1,,,
201028000441,6,3,2,28,9,161.621,1,2,5,2010,7,30,35,0,0,1,1,10,0,0,2,8,0,1,6,,,
201028000442,6,3,2,28,9,161.621,2,2,3,2010,22,9,12,2,0,1,2,1,0,0,2,8,0,1,1,,,
201028000443,6,3,2,28,9,161.621,2,2,4,2010,16,45,12,6,0,2,1,4,0,0,2,8,0,8,1,,,
201028000444,4,3,3,28,9,323.242,1,1,5,2010,23,0,34,0,0,1,2,2,0,0,2,8,0,1,4,,,
201028000446,4,3,3,28,9,323.242,1,2,4,2010,8,45,35,0,0,1,1,2,0,0,2,8,0,1,4,,,
201028000448,4,3,3,28,9,323.242,2,2,5,2010,12,54,12,7,0,1,1,10,0,0,2,8,0,1,1,,,
201028000449,6,3,3,28,9,161.621,1,2,5,2010,15,20,35,0,0,1,1,10,0,0,2,8,0,1,6,,,
201028000451,4,3,1,28,9,323.242,3,2,4,2010,20,20,12,6,0,1,2,4,0,0,2,3,0,1,1,,,
201028000453,6,3,1,28,9,161.621,1,2,7,2010,15,25,1,0,0,1,1,1,0,0,2,3,0,1,6,,,
201028000454,6,3,1,28,9,161.621,1,2,1,2010,5,0,74,0,0,1,2,10,0,0,1,3,0,1,4,,,
201028000455,4,3,1,28,9,323.242,1,3,3,2010,20,0,24,0,0,1,2,4,0,0,2,3,0,1,1,,,
201028000456,4,3,3,28,9,323.242,2,2,3,2010,18,50,12,6,0,1,2,10,0,0,2,8,0,1,1,,,
201028000458,5,3,3,28,9,161.621,1,3,3,2010,21,30,74,0,0,1,2,11,2,1,2,8,0,1,2,,,
201028000460,4,3,1,28,9,323.242,2,3,4,2010,14,58,12,1,0,2,1,1,0,0,2,3,0,8,1,,,
201028000462,4,3,1,28,9,323.242,2,3,7,2010,14,30,12,9,0,1,1,1,0,0,2,3,0,1,1,,,
201028000463,6,3,1,28,9,161.621,2,3,5,2010,18,52,12,6,0,2,2,1,0,0,2,3,0,8,1,,,
201028000464,5,3,2,28,9,161.621,1,2,6,2010,23,0,1,0,0,1,2,8,1,1,2,8,0,1,4,,,
201028000465,4,3,2,28,9,323.242,1,2,1,2010,20,0,24,0,0,1,2,1,0,0,2,8,0,1,1,,,
201028000466,5,3,2,28,9,161.621,1,2,7,2010,11,0,34,0,0,1,1,4,1,1,2,8,0,1,4,,,
201028000467,6,3,2,28,9,161.621,1,3,4,2010,18,30,35,0,0,1,5,4,0,0,2,8,0,1,4,,,
201028000468,4,3,3,28,9,323.242,1,2,5,2010,17,30,35,0,0,1,1,1,1,1,2,8,0,1,4,,,
201028000469,5,3,3,28,9,161.621,1,2,7,2010,2,15,35,0,0,1,2,1,2,1,1,8,0,1,4,,,
201028000470,3,3,3,28,9,161.621,1,2,5,2010,21,55,34,0,0,1,2,1,3,1,1,8,0,1,4,,,
201028000471,3,3,3,28,9,161.621,1,2,1,2010,6,30,42,0,0,1,2,10,2,1,2,8,0,1,6,,,
201028000473,6,3,3,28,9,161.621,1,3,3,2010,15,11,43,0,1,18,1,10,0,0,2,8,0,1,5,,,
201028000474,5,3,3,28,9,161.621,1,3,4,2010,8,35,35,0,0,1,1,10,0,0,2,8,0,1,4,,,
201028000475,6,3,3,28,9,161.621,1,3,4,2010,10,0,34,0,0,1,1,1,0,0,1,8,0,1,4,,,
201028000477,4,3,1,28,9,323.242,1,3,6,2010,10,0,38,0,0,1,1,10,0,0,2,3,0,1,5,,,
201028000478,6,3,1,28,9,161.621,2,3,6,2010,16,0,12,6,0,2,1,10,0,0,2,3,0,8,1,,,
201028000479,6,3,1,28,9,161.621,1,3,1,2010,9,22,35,0,0,1,1,10,0,0,2,3,0,1,4,,,
201028000480,6,3,1,28,9,161.621,1,3,3,2010,11,0,19,0,0,1,1,2,0,0,2,3,0,1,5,,,
201028000482,6,3,1,28,9,161.621,1,3,5,2010,18,25,30,0,0,1,1,1,0,0,2,3,0,1,6,,,
201028000483,4,3,1,28,9,323.242,2,3,5,2010,14,0,12,1,0,1,1,1,0,0,2,3,0,1,1,,,
201028000485,5,3,1,28,9,161.621,1,3,7,2010,5,30,40,0,0,1,2,1,1,1,2,3,0,1,4,,,
201028000486,4,3,1,28,9,323.242,2,3,7,2010,14,18,12,6,0,2,1,1,1,1,2,3,0,8,1,,,
201028000487,6,3,1,28,9,161.621,2,3,2,2010,15,5,12,6,0,4,1,2,0,0,2,3,0,1,1,,,
201028000490,4,3,2,28,9,323.242,1,3,4,2010,21,0,24,0,0,1,2,10,0,0,2,8,0,1,1,,,
201028000492,6,3,2,28,9,161.621,1,3,1,2010,15,3,35,0,0,1,1,10,1,1,2,8,0,1,4,,,
201028000494,4,3,3,28,9,323.242,1,3,6,2010,7,35,34,0,0,1,1,10,0,0,2,8,0,1,4,,,
201028000495,6,3,3,28,9,161.621,1,3,6,2010,9,22,35,0,0,1,1,10,0,0,2,8,0,1,4,,,
201028000496,5,3,3,28,9,161.621,1,3,6,2010,14,29,30,0,0,1,1,10,2,1,2,8,0,1,4,,,
201028000498,2,3,3,28,9,161.621,2,3,3,2010,15,30,12,8,0,1,1,1,3,2,2,8,0,1,1,,,
201028000499,4,3,3,28,9,323.242,2,3,6,2010,16,20,12,7,0,1,1,1,0,0,2,8,0,1,1,,,
201028000500,5,3,3,28,9,161.621,2,3,1,2010,13,15,12,2,0,1,1,1,1,3,2,8,0,1,1,,,
201028000502,4,3,1,28,9,323.242,2,3,7,2010,18,55,12,6,0,2,1,1,0,0,2,3,0,4,1,,,
201028000504,4,3,3,28,9,323.242,2,3,6,2010,8,55,12,6,0,2,1,1,1,1,2,8,0,3,1,,,
201028000506,6,3,3,28,9,161.621,1,3,3,2010,12,50,1,0,0,1,1,10,0,0,2,8,0,1,4,,,
201028000507,3,3,3,28,9,161.621,1,3,4,2010,23,0,35,0,0,1,2,10,3,1,2,8,0,1,4,,,
201028000508,6,3,3,28,9,161.621,1,3,5,2010,19,30,35,0,0,1,5,1,0,0,2,8,0,1,4,,,
201028000509,5,3,3,28,9,161.621,2,3,7,2010,16,20,12,2,0,1,1,1,2,5,2,8,0,1,1,,,
201028000510,4,3,3,28,9,323.242,2,3,2,2010,16,30,12,1,0,1,1,10,0,0,2,8,0,1,1,,,
201028000511,6,3,3,28,9,161.621,2,3,3,2010,12,15,35,0,0,2,1,10,0,0,2,8,0,4,4,,,
201028000513,6,3,5,28,9,458.041,1,2,6,2010,1,21,33,0,0,1,2,4,0,0,2,1,0,1,4,,,
201028000514,4,3,5,28,9,458.041,2,3,5,2010,12,25,12,8,0,1,1,10,0,0,2,1,0,1,1,,,
201028000515,4,3,5,28,9,458.041,2,3,5,2010,15,31,12,2,0,2,1,1,0,0,2,1,0,3,1,,,
201028000516,4,3,5,28,9,458.041,2,3,7,2010,17,55,12,1,0,2,1,10,0,0,2,1,0,8,1,,,
201028000517,4,3,5,28,9,458.041,2,3,4,2010,15,30,12,6,0,2,1,1,0,0,2,1,0,2,1,,,
201028000518,6,3,1,28,9,161.621,2,3,4,2010,15,0,12,6,0,4,1,2,0,0,2,3,0,1,1,,,
201028000519,6,3,2,28,9,161.621,1,3,5,2010,21,45,31,0,0,1,2,2,0,0,2,8,0,1,5,,,