CASENUM,STRATUM,REGION,PJ,PSU,PSUSTRAT,WEIGHT,VE_TOTAL,MONTH,WKDY_IM,YEAR,HOUR_IM,MINUTE_IM,EVENT1_IM,MANCOL_IM,RELJCT1_IM,RELJCT2_IM,LGTCON_IM,WEATHR_IM,MAXSEV_IM,NO_INJ_IM,ALCHL_IM,LAND_USE,PVH_INVL,TYP_INT,REL_ROAD,CF1,CF2,CF3
201028100997,4,2,2,31,6,307.622,1,2,6,2010,14,19,48,0,0,1,1,4,0,0,2,8,0,1,4,,,
201028100998,6,2,2,31,6,123.049,1,2,6,2010,18,7,30,0,0,1,2,4,0,0,2,8,0,1,4,,,
201028101000,6,2,2,31,6,123.049,1,2,7,2010,22,5,1,0,0,1,2,2,0,0,2,8,0,1,4,,,
201028101002,5,2,2,31,6,61.524,1,2,6,2010,20,0,30,0,0,1,2,6,2,1,1,8,0,1,5,,,
201028101003,5,2,2,31,6,61.524,2,3,2,2010,12,55,12,6,0,2,1,10,1,1,2,8,0,2,1,,,
201028101008,6,2,2,31,6,123.049,2,3,5,2010,16,15,12,6,0,4,1,1,0,0,2,8,0,1,1,,,
201028101009,4,2,2,31,6,307.622,1,3,6,2010,19,40,24,0,0,1,2,1,0,0,2,8,0,1,1,,,
201028101013,6,2,2,31,6,123.049,1,3,1,2010,3,44,34,0,0,1,2,2,0,0,2,8,0,1,5,,,
201028101016,4,2,2,31,6,307.622,1,3,2,2010,20,35,24,0,0,1,2,2,0,0,2,8,0,1,1,,,
201028101028,4,2,5,29,5,307.814,2,3,2,2010,16,11,14,0,0,1,1,10,0,0,2,1,1,1,7,,,
201028101035,6,2,5,29,5,131.92,3,3,5,2010,15,55,12,1,0,2,1,2,0,0,2,1,0,3,1,,,
201028101036,4,2,5,29,5,307.814,2,3,3,2010,9,27,12,1,0,2,1,1,0,0,2,1,0,8,1,,,
201028101043,4,2,5,29,5,307.814,2,4,3,2010,12,4,14,0,0,1,1,1,0,0,2,1,1,1,7,,,
201028101044,5,2,5,29,5,43.973,2,4,4,2010,8,26,12,1,0,2,1,1,3,1,2,1,0,3,1,,,
201028101045,3,2,5,29,5,43.973,1,3,3,2010,15,5,21,0,0,1,1,1,3,1,2,1,0,1,1,,,
201028101046,5,2,5,29,5,43.973,2,4,6,2010,15,42,12,6,0,2,1,1,2,1,2,1,0,2,1,,,
201028101051,5,2,5,29,5,43.973,3,4,3,2010,9,3,12,6,0,2,1,1,2,4,2,1,0,2,1,,,
201028101053,6,2,5,29,5,131.92,2,4,7,2010,22,17,12,2,0,2,3,1,1,3,2,1,0,2,1,,,
201028101058,4,2,5,29,5,307.814,2,4,7,2010,13,30,12,1,0,2,1,1,1,2,2,1,0,2,1,,,
201028101061,6,2,5,29,5,131.92,2,4,4,2010,9,44,12,6,0,2,1,1,1,1,2,1,0,2,1,,,
201028101063,5,2,5,29,5,43.973,2,4,5,2010,19,55,12,6,0,2,5,1,1,2,2,1,0,3,1,,,
201028101066,5,2,5,29,5,43.973,3,4,4,2010,21,41,12,1,0,2,1,1,1,3,2,1,0,8,1,,,
201028101067,6,2,10,29,5,121.606,1,3,2,2010,19,55,3,0,0,4,3,1,0,0,2,8,0,1,5,,,
201028101069,4,2,10,29,5,243.213,2,3,4,2010,20,23,12,7,1,2,3,1,0,0,1,8,0,2,1,,,
201028101070,6,2,10,29,5,121.606,1,3,4,2010,22,15,38,0,0,1,2,1,0,0,2,8,0,1,5,,,
201028101072,4,2,10,29,5,243.213,2,3,4,2010,12,0,12,1,0,2,1,1,0,0,2,8,0,2,1,,,
201028101073,5,2,10,29,5,121.606,2,3,5,2010,21,2,12,2,0,2,3,1,1,1,2,8,0,3,1,,,
201028101074,6,2,10,29,5,121.606,1,3,6,2010,20,55,59,0,0,1,2,1,0,0,1,8,0,1,3,,,
201028101075,6,2,10,29,5,121.606,1,3,6,2010,15,57,42,0,0,1,1,1,2,1,2,8,0,1,5,,,
201028101077,4,2,10,29,5,243.213,2,3,7,2010,16,50,12,6,0,2,1,1,0,0,2,8,0,2,1,,,
201028101079,4,2,10,29,5,243.213,1,3,2,2010,21,0,24,0,0,2,2,2,0,0,2,8,0,2,1,,,
201028101081,5,2,10,29,5,121.606,4,3,3,2010,17,6,12,1,0,1,1,1,1,1,2,8,0,1,1,,,
201028101082,4,2,10,29,5,243.213,2,3,3,2010,6,50,12,1,0,2,2,10,0,0,2,8,0,2,1,,,
201028101083,6,2,10,29,5,121.606,2,3,4,2010,9,33,12,1,0,2,1,10,0,0,2,8,0,2,1,,,
201028101085,6,2,10,29,5,121.606,2,3,4,2010,20,15,12,1,0,2,3,1,1,1,2,8,0,2,1,,,
201028101086,6,2,10,29,5,121.606,2,3,5,2010,14,23,12,6,1,2,1,2,1,1,2,8,0,2,1,,,
201028101087,4,2,10,29,5,243.213,1,3,5,2010,19,25,24,0,0,2,5,2,0,0,2,8,0,3,1,,,
201028101089,4,2,10,29,5,243.213,2,3,6,2010,21,40,12,1,0,2,3,1,0,0,2,8,0,2,1,,,
201028101091,6,2,10,29,5,121.606,1,3,6,2010,11,53,30,0,0,1,1,1,0,0,2,8,0,1,4,,,
201028101092,2,2,10,29,5,121.606,2,3,6,2010,3,15,12,7,0,1,2,4,0,0,2,8,0,1,1,,,
201028101093,4,2,10,29,5,243.213,1,3,7,2010,20,58,24,0,0,1,2,1,0,0,2,8,0,1,1,,,
201028101095,4,2,10,29,5,243.213,1,3,7,2010,3,18,24,0,0,1,2,1,0,0,2,8,0,1,1,,,
201028101096,6,2,10,29,5,121.606,1,3,1,2010,18,26,34,0,0,1,1,2,1,1,2,8,0,1,5,,,
201028101098,5,2,10,29,5,121.606,1,3,2,2010,18,54,34,0,0,1,1,10,1,1,2,8,0,1,5,,,
201028101099,2,2,10,29,5,121.606,1,3,3,2010,10,15,30,0,0,1,1,1,0,0,2,8,0,1,4,,,
201028101100,5,2,10,29,5,121.606,2,3,3,2010,20,49,12,6,0,2,2,1,3,3,2,8,0,3,1,,,
201028101101,4,2,10,29,5,243.213,3,4,5,2010,16,54,12,1,0,1,1,1,0,0,2,8,0,1,1,,,
201028101103,4,2,10,29,5,243.213,2,4,5,2010,15,45,12,1,0,2,1,1,0,0,2,8,0,2,1,,,
201028101105,4,2,10,29,5,243.213,2,4,5,2010,8,45,12,1,0,2,1,1,0,0,2,8,0,2,1,,,
201028101106,6,2,10,29,5,121.606,1,4,5,2010,0,27,24,0,0,1,2,1,0,0,2,8,0,1,1,,,
201028101107,6,2,10,29,5,121.606,3,4,5,2010,14,38,12,1,1,2,1,1,0,0,2,8,0,2,1,,,
201028101109,6,2,10,29,5,121.606,3,4,6,2010,14,20,12,1,0,1,1,1,1,3,2,8,0,1,1,,,
201028101110,4,2,10,29,5,243.213,2,4,6,2010,19,32,12,1,0,2,1,10,0,0,2,8,0,3,1,,,
201028101111,6,2,10,29,5,121.606,3,4,7,2010,12,45,12,1,0,2,1,1,1,2,2,8,0,2,1,,,
201028101113,6,2,10,29,5,121.606,1,4,1,2010,22,46,30,0,0,1,2,10,0,0,2,8,0,1,4,,,
201028101114,4,2,10,29,5,243.213,2,4,1,2010,10,34,14,0,0,1,1,1,0,0,2,8,1,1,2,,,
201028101116,6,2,10,29,5,121.606,1,4,3,2010,19,10,1,0,0,4,1,1,0,0,2,8,0,1,5,,,
201028101117,6,2,10,29,5,121.606,2,4,3,2010,20,29,12,1,0,4,2,1,1,1,2,8,0,1,1,,,
201028101118,4,2,10,29,5,243.213,1,4,4,2010,19,7,53,0,0,1,1,1,0,0,2,8,0,1,5,,,
201028101120,4,2,10,29,5,243.213,1,4,6,2010,2,56,42,0,1,19,2,1,0,0,1,8,0,1,4,,,
201028101122,6,2,10,29,5,121.606,2,4,2,2010,14,22,12,6,0,2,1,1,0,0,2,8,0,3,1,,,
201028101123,6,2,10,29,5,121.606,1,4,2,2010,7,15,34,0,0,1,1,1,0,0,2,8,0,1,4,,,
201028101124,4,2,10,29,5,243.213,2,4,3,2010,16,33,12,1,0,2,1,1,0,0,2,8,0,2,1,,,
201028101126,5,2,10,29,5,121.606,4,4,3,2010,17,5,12,1,0,2,1,10,2,2,2,8,0,2,1,,,
201028101127,6,2,10,29,5,121.606,2,4,3,2010,17,42,12,1,0,2,1,1,0,0,2,8,0,2,1,,,
201028101129,5,2,10,29,5,121.606,1,4,4,2010,13,45,42,0,0,1,1,1,2,1,2,8,0,1,5,,,
201028101130,4,2,10,29,5,243.213,1,4,5,2010,11,51,24,0,0,1,1,1,0,0,2,8,0,1,1,,,
201028101131,3,2,10,29,5,121.606,2,4,5,2010,7,22,12,1,0,1,1,1,2,1,2,8,0,1,1,,,
201028101133,4,2,10,29,5,243.213,2,4,5,2010,20,45,14,0,0,4,3,1,0,0,2,8,1,1,7,,,
201028101134,5,2,10,29,5,121.606,1,4,6,2010,19,25,53,0,0,1,1,1,2,3,2,8,0,1,4,,,
201028101135,5,2,10,29,5,121.606,2,4,6,2010,16,37,12,6,0,2,1,2,2,1,2,8,0,2,1,,,
201028101137,4,2,10,29,5,243.213,2,4,2,2010,23,30,14,0,0,1,2,1,0,0,2,8,1,1,7,,,
201028101139,6,2,10,29,5,121.606,2,4,2,2010,15,51,12,7,0,1,1,1,0,0,2,8,0,1,1,,,
201028101140,6,2,10,29,5,121.606,3,4,2,2010,17,4,12,6,0,2,1,1,0,0,2,8,0,3,1,,,
201028101141,4,2,10,29,5,243.213,1,4,3,2010,5,19,24,0,0,1,2,1,0,0,2,8,0,1,1,,,
201028101143,5,2,2,31,6,61.524,1,3,3,2010,10,46,31,0,0,1,1,1,1,1,2,8,0,1,4,,,
201028101144,4,2,2,31,6,307.622,2,3,7,2010,14,6,12,1,0,4,1,1,0,0,2,8,0,1,1,,,
201028101145,5,2,2,31,6,61.524,2,3,6,2010,16,30,12,6,0,2,1,1,1,1,2,8,0,3,1,,,
201028101146,6,2,2,31,6,123.049,1,3,5,2010,23,32,38,0,0,1,2,4,0,0,2,8,0,1,5,,,
201028101148,6,2,2,31,6,123.049,1,3,5,2010,21,30,30,0,0,1,2,4,0,0,2,8,0,1,4,,,
201028101151,6,2,2,31,6,123.049,1,3,6,2010,17,45,42,0,0,1,1,1,0,0,2,8,0,1,4,,,
201028101156,6,2,2,31,6,123.049,1,4,5,2010,20,14,24,0,0,1,5,1,0,0,2,8,0,1,1,,,
201028101158,6,2,2,31,6,123.049,1,4,6,2010,22,42,43,0,0,1,2,1,0,0,2,8,0,1,5,,,
201028101159,3,2,2,31,6,61.524,2,4,3,2010,14,16,12,6,0,4,1,1,2,1,1,8,0,1,1,,,
201028101160,4,2,2,31,6,307.622,2,4,3,2010,18,0,12,8,0,1,1,1,0,0,2,8,0,1,1,,,
201028101161,1,2,2,31,6,61.524,1,4,7,2010,2,11,34,0,0,1,2,1,3,1,2,8,0,1,4,,,
201028101162,5,2,2,31,6,61.524,3,4,1,2010,11,57,12,6,0,2,1,1,1,1,2,8,0,2,1,,,
201028101165,5,2,3,31,6,61.524,2,3,5,2010,10,58,12,6,0,2,1,10,1,3,2,1,0,2,1,,,
201028101166,4,2,3,31,6,307.622,3,3,2,2010,14,14,12,1,0,1,1,1,0,0,2,1,0,1,1,,,
201028101170,3,2,3,31,6,61.524,1,4,5,2010,14,33,24,0,0,1,1,1,2,1,2,1,0,1,1,,,
201028101172,4,2,3,31,6,307.622,3,4,6,2010,14,37,14,0,0,1,1,1,0,0,2,1,2,1,5,,,
201028101177,4,2,3,31,6,307.622,2,4,4,2010,9,33,12,1,0,2,1,10,0,0,2,1,0,2,1,,,
201028101180,5,2,3,31,6,61.524,1,4,5,2010,20,53,43,0,0,1,5,10,1,1,1,1,0,1,5,,,
201028101182,6,2,3,31,6,123.049,1,4,7,2010,1,15,18,0,0,1,2,1,8,0,2,1,0,1,4,,,
201028101184,4,2,3,31,6,307.622,2,4,1,2010,15,46,12,6,0,2,1,1,0,0,2,1,0,2,1,,,
201028101189,4,2,3,31,6,307.622,2,4,6,2010,9,23,12,1,0,4,1,1,0,0,2,1,0,1,1,,,
201028101194,3,2,3,31,6,61.524,1,4,1,2010,13,55,1,0,0,1,1,1,2,1,2,1,0,1,1,,,
201028101195,4,2,3,31,6,307.622,2,4,2,2010,7,29,12,9,0,4,1,1,0,0,2,1,0,1,1,,,
201028101196,3,2,3,31,6,61.524,1,4,3,2010,23,30,22,0,0,1,2,1,2,1,2,1,0,1,2,,,
201028101201,4,2,3,31,6,307.622,2,4,4,2010,11,2,12,7,0,1,1,1,0,0,2,1,0,1,1,,,
201028101204,4,2,4,31,6,307.622,1,3,3,2010,10,45,24,0,0,1,1,10,0,0,2,8,0,1,1,,,
201028101209,4,2,4,31,6,307.622,1,4,1,2010,3,45,53,0,0,1,2,1,0,0,2,8,0,1,4,,,
201028101214,4,2,4,31,6,307.622,1,4,4,2010,18,10,24,0,0,1,1,1,0,0,2,8,0,1,1,,,
201028101217,5,2,6,31,6,354.819,2,4,7,2010,15,6,12,2,0,2,1,10,2,4,2,8,0,3,1,,,
201028101220,4,2,4,29,5,311.852,2,4,7,2010,16,13,12,1,0,2,1,1,0,0,2,8,0,2,1,,,
201028101222,5,2,4,29,5,38.981,1,4,4,2010,0,18,34,0,0,1,2,1,2,1,2,8,0,1,4,,,
201028101228,4,2,5,29,5,307.814,2,4,1,2010,16,58,12,6,0,2,1,2,0,0,2,1,0,2,1,,,
201028101230,5,2,5,29,5,43.973,3,4,5,2010,21,41,12,1,0,2,6,1,1,2,2,1,0,3,1,,,
201028101236,6,2,5,29,5,131.92,3,4,6,2010,13,4,12,1,0,1,1,1,1,3,2,1,0,1,1,,,
201028101237,4,2,5,29,5,307.814,2,5,7,2010,13,45,12,1,0,2,1,10,0,0,2,1,0,2,1,,,
201028101244,6,2,5,29,5,131.92,2,5,3,2010,16,10,12,6,0,2,1,1,0,0,2,1,0,2,1,,,
201028101247,3,2,5,29,5,43.973,2,5,6,2010,17,20,12,1,0,2,1,1,2,1,2,1,0,3,1,,,
201028101250,4,2,5,29,5,307.814,2,5,5,2010,17,5,12,6,0,2,1,1,0,0,2,1,0,3,1,,,
201028101257,6,2,10,29,5,121.606,1,4,6,2010,17,22,30,0,0,1,1,10,0,0,2,8,0,1,4,,,
201028101258,5,2,10,29,5,121.606,2,4,6,2010,17,15,12,1,0,1,1,2,2,1,2,8,0,1,1,,,
201028101260,4,2,10,29,5,243.213,2,4,4,2010,18,29,12,1,0,1,1,1,0,0,2,8,0,1,1,,,
201028101262,4,2,10,29,5,243.213,2,4,5,2010,16,20,12,1,0,2,1,1,0,0,2,8,0,2,1,,,
201028101263,6,2,10,29,5,121.606,2,4,5,2010,18,10,12,6,0,4,1,2,1,2,2,8,0,1,1,,,
201028101265,4,2,10,29,5,243.213,2,4,6,2010,16,16,12,1,0,2,1,10,1,1,2,8,0,2,1,,,
201028101266,5,2,10,29,5,121.606,2,4,6,2010,7,4,12,6,0,2,1,10,1,2,2,8,0,2,1,,,
201028101268,4,2,10,29,5,243.213,2,4,6,2010,16,50,12,1,0,2,1,10,0,0,2,8,0,2,1,,,
201028101269,6,2,10,29,5,121.606,2,4,6,2010,6,50,12,6,0,2,4,10,0,0,2,8,0,2,1,,,
201028101270,6,2,10,29,5,121.606,2,4,7,2010,13,59,12,6,1,2,1,10,0,0,2,8,0,2,1,,,
201028101272,6,2,10,29,5,121.606,1,4,2,2010,21,40,24,0,0,1,2,1,0,0,2,8,0,1,1,,,
201028101273,4,2,10,29,5,243.213,1,4,2,2010,19,15,34,0,0,1,5,10,0,0,2,8,0,1,4,,,
201028101275,4,2,10,29,5,243.213,1,4,3,2010,22,53,34,0,0,1,2,1,0,0,2,8,0,1,4,,,
201028101277,6,2,10,29,5,121.606,2,4,4,2010,18,0,12,1,0,1,1,1,0,0,2,8,0,1,1,,,
201028101278,3,2,10,29,5,121.606,1,4,4,2010,23,33,34,0,0,1,2,1,2,1,2,8,0,1,4,,,
201028101279,5,2,10,29,5,121.606,1,4,4,2010,4,35,34,0,0,1,2,5,0,0,2,8,0,1,4,,,
201028101280,6,2,10,29,5,121.606,1,4,4,2010,6,55,24,0,0,1,1,1,0,0,2,8,0,1,1,,,
201028101281,6,2,10,29,5,121.606,2,4,5,2010,17,19,12,6,0,4,1,1,0,0,2,8,0,1,1,,,
201028101282,4,2,10,29,5,243.213,2,4,5,2010,19,7,12,1,0,2,1,1,0,0,2,8,0,3,1,,,
201028101283,6,2,10,29,5,121.606,1,4,5,2010,22,39,53,0,0,1,2,1,0,0,1,8,0,1,4,,,
201028101285,6,2,10,29,5,121.606,2,4,6,2010,6,43,12,6,0,4,1,1,0,0,2,8,0,1,1,,,
201028101286,6,2,10,29,5,121.606,2,4,6,2010,17,59,12,1,0,2,1,1,0,0,2,8,0,3,1,,,
201028101287,6,2,10,29,5,121.606,2,4,6,2010,14,51,12,1,0,1,1,1,0,0,2,8,0,1,1,,,
201028101288,4,2,10,29,5,243.213,2,4,6,2010,23,27,12,1,0,2,2,1,0,0,2,8,0,2,1,,,
201028101290,4,2,10,29,5,243.213,2,4,6,2010,15,11,12,6,0,2,1,1,0,0,2,8,0,2,1,,,
201028101291,6,2,10,29,5,121.606,2,5,7,2010,13,36,12,9,0,4,1,10,0,0,2,8,0,1,1,,,
201028101292,6,2,10,29,5,121.606,2,5,7,2010,23,10,14,0,0,1,2,10,0,0,2,8,1,1,7,,,
201028101293,6,2,10,29,5,121.606,2,5,1,2010,21,44,12,6,0,2,2,2,0,0,2,8,0,3,1,,,
201028101295,4,2,10,29,5,243.213,2,5,1,2010,17,0,12,1,0,2,1,2,0,0,2,8,0,2,1,,,
201028101297,4,2,10,29,5,243.213,1,5,2,2010,12,40,24,0,0,1,1,1,0,0,2,8,0,1,1,,,
201028101299,3,2,10,29,5,121.606,2,5,4,2010,17,0,12,8,0,1,1,1,2,1,2,8,0,1,1,,,
201028101300,6,2,10,29,5,121.606,2,5,5,2010,16,53,12,6,0,2,1,1,0,0,2,8,0,2,1,,,
201028101301,4,2,10,29,5,243.213,2,5,5,2010,8,45,12,8,0,1,1,1,0,0,2,8,0,1,1,,,
201028101302,6,2,10,29,5,121.606,2,5,1,2010,17,52,12,6,0,2,1,1,1,2,2,8,0,2,1,,,
201028101304,1,2,10,29,5,121.606,2,5,6,2010,9,47,12,6,0,2,1,1,3,2,2,8,0,2,1,,,
201028101305,4,2,10,29,5,243.213,2,5,6,2010,15,38,12,6,0,2,1,1,0,0,2,8,0,2,1,,,
201028101306,2,2,10,29,5,121.606,3,5,6,2010,17,12,12,6,0,2,1,1,2,1,2,8,0,2,1,,,
201028101308,3,2,10,29,5,121.606,1,5,7,2010,17,51,59,0,0,1,1,10,3,1,2,8,0,1,4,,,
201028101309,6,2,10,29,5,121.606,1,5,7,2010,1,35,30,0,0,1,2,1,1,1,2,8,0,1,4,,,
201028101310,6,2,10,29,5,121.606,1,5,7,2010,21,10,42,0,0,2,2,10,0,0,2,8,0,3,6,,,
201028101311,1,2,10,29,5,121.606,1,5,7,2010,19,43,42,0,0,1,1,10,3,1,1,8,0,1,6,,,
201028101312,6,2,10,29,5,121.606,2,5,1,2010,13,29,12,6,0,4,1,10,0,0,2,8,0,1,1,,,
201028101313,5,2,10,29,5,121.606,1,5,2,2010,20,30,33,0,0,2,5,1,1,1,2,8,0,3,3,,,
201028101314,4,2,10,29,5,243.213,2,5,2,2010,10,45,12,1,0,1,1,1,2,1,2,8,0,1,1,,,
201028101315,6,2,10,29,5,121.606,1,5,3,2010,19,55,19,0,0,1,1,1,0,0,1,8,0,1,5,,,
201028101317,4,2,10,29,5,243.213,2,5,4,2010,17,26,12,1,0,2,1,1,0,0,2,8,0,2,1,,,
201028101319,6,2,10,29,5,121.606,1,5,4,2010,6,35,24,0,0,5,1,10,0,0,2,8,0,1,1,,,
201028101320,4,2,10,29,5,243.213,1,5,4,2010,18,0,24,0,0,1,1,10,0,0,2,8,0,1,1,,,
201028101322,4,2,10,29,5,243.213,3,5,6,2010,17,7,12,1,0,2,1,10,0,0,2,8,0,3,1,,,
201028101324,4,2,10,29,5,243.213,2,5,1,2010,14,30,12,6,0,4,1,1,0,0,2,8,0,1,1,,,
201028101326,6,2,10,29,5,121.606,2,5,1,2010,16,19,12,6,0,2,1,2,0,0,2,8,0,3,1,,,
201028101327,4,2,10,29,5,243.213,1,5,2,2010,17,28,33,0,0,1,1,10,0,0,2,8,0,1,4,,,
201028101329,6,2,10,29,5,121.606,1,5,2,2010,10,59,42,0,0,1,1,2,0,0,2,8,0,1,6,,,
201028101330,4,2,10,29,5,243.213,2,5,3,2010,19,35,12,1,0,2,1,2,0,0,2,8,0,2,1,,,
201028101332,4,2,10,29,5,243.213,2,5,4,2010,12,55,12,6,1,2,1,10,0,0,2,8,0,2,1,,,
201028101333,1,2,10,29,5,121.606,1,5,5,2010,0,40,34,0,0,1,2,10,3,1,1,8,0,1,4,,,
201028101335,1,2,2,31,6,61.524,2,3,2,2010,15,8,12,2,0,1,1,1,3,2,2,8,0,1,1,,,
201028101339,4,2,2,31,6,307.622,1,4,3,2010,7,1,24,0,0,1,1,1,0,0,2,8,0,1,1,,,
201028101340,6,2,2,31,6,123.049,1,4,4,2010,10,17,53,0,0,1,1,1,0,0,2,8,0,1,4,,,
201028101345,6,2,2,31,6,123.049,1,5,2,2010,8,20,42,0,0,1,1,1,0,0,2,8,0,1,4,,,
201028101348,4,2,2,31,6,307.622,1,5,5,2010,21,36,24,0,0,1,2,1,0,0,2,8,0,1,1,,,
201028101349,6,2,2,31,6,123.049,2,5,7,2010,12,55,12,1,0,1,1,10,0,0,2,8,0,1,1,,,
201028101350,5,2,2,31,6,61.524,1,5,1,2010,0,35,34,0,0,2,2,1,2,1,2,8,0,2,4,,,
201028101356,4,2,2,31,6,307.622,1,5,5,2010,8,2,24,0,0,1,1,10,0,0,2,8,0,1,1,,,
201028101357,5,2,2,31,6,61.524,1,5,4,2010,16,24,74,0,0,1,1,10,1,1,2,8,0,1,4,,,
201028101359,5,2,2,31,6,61.524,2,5,2,2010,12,55,12,6,0,2,1,2,2,1,2,8,0,2,1,,,
201028101360,5,2,2,31,6,61.524,2,5,2,2010,16,0,12,6,0,2,1,2,2,3,2,8,0,2,1,,,
201028101361,5,2,2,31,6,61.524,1,5,2,2010,19,25,34,0,0,1,1,10,1,2,2,8,0,1,4,,,
201028101366,4,2,3,31,6,307.622,1,5,1,2010,2,16,24,0,0,1,3,1,0,0,2,1,0,1,1,,,
201028101369,6,2,3,31,6,123.049,3,5,3,2010,17,11,12,1,0,2,1,1,0,0,2,1,0,3,1,,,
201028101370,5,2,3,31,6,61.524,3,5,4,2010,17,19,12,1,0,2,1,1,2,5,2,1,0,3,1,,,
201028101375,4,2,3,31,6,307.622,2,5,7,2010,15,35,14,0,0,1,1,10,0,0,2,1,1,1,7,,,
201028101380,5,2,3,31,6,61.524,2,5,4,2010,8,17,12,1,0,2,1,10,2,3,2,1,0,3,1,,,
201028101383,4,2,3,31,6,307.622,2,5,6,2010,9,12,12,1,0,2,1,1,0,0,2,1,0,2,1,,,
201028101385,6,2,3,31,6,123.049,2,5,6,2010,19,8,12,1,0,2,1,1,2,2,1,1,0,3,1,,,
201028101388,6,2,3,31,6,123.049,2,5,2,2010,15,37,12,2,0,2,1,2,0,0,2,1,0,2,1,,,
201028101389,5,2,3,31,6,61.524,2,5,3,2010,11,42,12,6,0,2,1,10,1,2,2,1,0,2,1,,,
201028101390,5,2,3,31,6,61.524,2,5,4,2010,10,29,12,1,0,2,1,10,1,3,2,1,0,8,1,,,
201028101393,4,2,3,31,6,307.622,2,5,5,2010,18,12,14,0,0,4,1,1,0,0,2,1,1,1,7,,,
201028101396,5,2,3,31,6,61.524,2,5,7,2010,18,59,12,2,0,2,1,1,1,2,2,1,0,2,1,,,
201028101400,6,2,3,31,6,123.049,2,5,2,2010,14,28,12,6,0,2,1,1,0,0,2,1,0,2,1,,,
201028101401,4,2,3,31,6,307.622,2,5,2,2010,22,2,14,0,0,1,6,1,0,0,2,1,1,1,7,,,
201028101402,3,2,3,31,6,61.524,1,5,2,2010,23,19,22,0,1,2,3,1,2,1,2,1,0,3,1,,,
201028101406,4,2,4,31,6,307.622,1,4,2,2010,15,11,53,0,0,1,1,2,1,1,2,8,0,1,4,,,
201028101410,6,2,4,31,6,123.049,1,5,1,2010,23,48,32,0,0,1,2,1,0,0,2,8,0,1,4,,,
201028101413,4,2,4,31,6,307.622,1,5,5,2010,19,45,24,0,0,1,1,1,0,0,2,8,0,1,1,,,
201028101415,5,2,4,31,6,61.524,2,5,1,2010,20,28,12,8,0,1,1,1,1,1,2,8,0,1,1,,,
201028101419,3,2,4,29,5,38.981,1,5,4,2010,17,4,22,0,0,2,1,10,2,1,2,8,0,3,1,,,
201028101420,3,2,4,29,5,38.981,1,5,7,2010,22,7,21,0,0,1,2,1,2,1,1,8,0,1,1,,,
201028101421,5,2,4,29,5,38.981,2,5,1,2010,8,49,12,6,0,2,1,1,1,1,2,8,0,2,1,,,
201028101422,6,2,5,29,5,131.92,1,5,7,2010,16,21,30,0,0,1,1,1,1,1,2,1,0,1,4,,,
201028101423,4,2,5,29,5,307.814,2,5,7,2010,19,44,54,0,1,5,1,1,0,0,2,1,0,1,1,,,
201028101426,5,2,5,29,5,43.973,1,5,3,2010,11,16,38,0,0,1,1,1,1,1,2,1,0,1,5,,,
201028101433,4,2,5,29,5,307.814,2,6,6,2010,11,41,12,1,0,2,1,1,0,0,2,1,0,2,1,,,
201028101438,6,2,5,29,5,131.92,3,6,6,2010,17,7,12,1,0,1,1,1,0,0,2,1,0,1,1,,,
201028101445,4,2,10,29,5,243.213,3,5,6,2010,18,0,12,1,0,1,1,2,1,1,2,8,0,1,1,,,
201028101447,4,2,10,29,5,243.213,2,5,7,2010,20,35,12,1,0,2,1,1,0,0,2,8,0,2,1,,,
201028101449,4,2,10,29,5,243.213,1,5,2,2010,16,50,74,0,0,1,1,1,0,0,2,8,0,1,4,,,
201028101451,4,2,10,29,5,243.213,2,5,3,2010,17,20,59,0,0,1,1,1,0,0,1,8,1,1,4,,,
201028101453,5,2,10,29,5,121.606,2,5,3,2010,15,48,12,1,0,2,1,1,2,2,2,8,0,2,1,,,
201028101454,6,2,10,29,5,121.606,1,5,4,2010,5,13,24,0,0,1,4,1,0,0,2,8,0,1,1,,,
201028101456,6,2,10,29,5,121.606,1,5,4,2010,17,10,34,0,0,1,1,1,0,0,2,8,0,1,4,,,
201028101457,6,2,10,29,5,121.606,2,5,5,2010,8,58,54,0,0,1,1,1,0,0,2,8,0,1,1,,,
201028101458,3,2,10,29,5,121.606,1,5,5,2010,16,33,34,0,0,1,1,1,2,2,2,8,0,1,4,,,
201028101460,4,2,10,29,5,243.213,2,5,6,2010,7,21,12,6,0,1,1,1,0,0,2,8,0,1,1,,,
201028101461,5,2,10,29,5,121.606,2,5,6,2010,10,59,12,1,0,1,1,10,2,1,2,8,0,1,1,,,
201028101463,6,2,10,29,5,121.606,2,5,7,2010,12,24,12,8,0,1,1,1,0,0,2,8,0,1,1,,,
201028101464,4,2,10,29,5,243.213,2,5,7,2010,13,35,12,1,1,2,1,1,0,0,2,8,0,2,1,,,
201028101466,4,2,10,29,5,243.213,2,5,2,2010,13,15,54,11,0,1,1,1,0,0,2,8,0,1,1,,,
201028101468,4,2,10,29,5,243.213,2,6,3,2010,18,4,12,1,0,2,1,1,1,2,2,8,0,2,1,,,