CASENUM,STRATUM,REGION,PJ,PSU,PSUSTRAT,WEIGHT,VE_TOTAL,MONTH,WKDY_IM,YEAR,HOUR_IM,MINUTE_IM,EVENT1_IM,MANCOL_IM,RELJCT1_IM,RELJCT2_IM,LGTCON_IM,WEATHR_IM,MAXSEV_IM,NO_INJ_IM,ALCHL_IM,LAND_USE,PVH_INVL,TYP_INT,REL_ROAD,CF1,CF2,CF3
201028102834,5,2,10,29,5,121.606,2,12,4,2010,16,10,12,2,0,1,1,4,2,1,2,8,0,1,1,,,
201028102835,6,2,10,29,5,121.606,3,12,4,2010,17,9,12,1,0,2,5,10,0,0,2,8,0,2,1,,,
201028102836,4,2,10,29,5,243.213,1,12,4,2010,16,44,25,0,1,18,5,4,0,0,2,8,0,1,3,,,
201028102838,4,2,10,29,5,243.213,1,12,5,2010,20,6,24,0,0,1,2,1,0,0,2,8,0,1,1,,,
201028102840,5,2,10,29,5,121.606,1,12,5,2010,19,45,34,0,0,1,2,10,2,1,2,8,0,1,4,,,
201028102841,4,2,10,29,5,243.213,2,12,6,2010,19,9,12,6,0,2,3,1,0,0,2,8,0,2,1,,,
201028102843,4,2,10,29,5,243.213,4,12,6,2010,15,58,12,1,0,1,1,1,0,0,2,8,0,1,1,,,
201028102844,6,2,10,29,5,121.606,3,12,6,2010,18,25,12,1,0,2,3,10,1,1,2,8,0,2,1,,,
201028102846,4,2,10,29,5,243.213,1,12,6,2010,18,34,74,0,0,2,2,1,0,0,2,8,0,2,4,,,
201028102848,6,2,10,29,5,121.606,2,12,7,2010,19,15,12,6,0,1,2,4,0,0,2,8,0,1,1,,,
201028102849,6,2,10,29,5,121.606,1,12,7,2010,21,32,42,0,0,1,2,4,0,0,2,8,0,1,6,,,
201028102850,6,2,10,29,5,121.606,1,12,7,2010,17,26,73,0,1,18,5,4,0,0,2,8,0,1,4,,,
201028102851,3,2,10,29,5,121.606,2,12,7,2010,18,0,12,1,0,1,2,4,2,1,2,8,0,1,1,,,
201028102852,4,2,10,29,5,243.213,1,12,7,2010,20,24,39,0,0,1,2,4,0,0,2,8,0,1,5,,,
201028102854,6,2,10,29,5,121.606,1,12,7,2010,20,35,34,0,0,1,2,4,0,0,2,8,0,1,4,,,
201028102855,4,2,10,29,5,243.213,2,12,7,2010,20,33,12,6,0,1,2,4,0,0,2,8,0,1,6,,,
201028102856,6,2,10,29,5,121.606,1,12,7,2010,18,25,42,0,0,1,2,4,0,0,2,8,0,1,6,,,
201028102858,4,2,10,29,5,243.213,2,12,7,2010,12,20,12,6,0,2,1,4,0,0,2,8,0,3,1,,,
201028102859,6,2,10,29,5,121.606,2,12,7,2010,10,0,12,1,0,2,1,4,0,0,2,8,0,8,1,,,
201028102861,4,2,10,29,5,243.213,2,12,7,2010,20,40,12,1,0,2,3,4,0,0,2,8,0,2,1,,,
201028102862,6,2,10,29,5,121.606,1,12,7,2010,22,10,42,0,0,1,2,4,0,0,2,8,0,1,4,,,
201028102863,6,2,10,29,5,121.606,1,12,7,2010,23,13,30,0,0,1,2,4,2,1,1,8,0,1,4,,,
201028102865,6,2,10,29,5,121.606,1,12,7,2010,19,45,59,0,0,2,2,4,0,0,2,8,0,2,4,,,
201028102866,4,2,10,29,5,243.213,1,12,1,2010,0,52,43,0,0,1,2,10,0,0,2,8,0,1,4,,,
201028102868,4,2,10,29,5,243.213,2,12,2,2010,7,4,12,1,0,2,4,10,0,0,2,8,0,3,1,,,
201028102870,6,2,10,29,5,121.606,1,12,2,2010,11,19,74,0,0,1,1,4,0,0,2,8,0,1,4,,,
201028102871,4,2,10,29,5,243.213,2,12,3,2010,16,5,12,1,0,2,1,10,0,0,2,8,0,3,1,,,
201028102872,5,2,10,29,5,121.606,1,12,3,2010,8,11,30,0,0,2,1,10,2,1,2,8,0,3,4,,,
201028102873,6,2,10,29,5,121.606,2,12,3,2010,6,30,12,6,1,2,2,4,0,0,2,8,0,3,1,,,
201028102875,6,2,10,29,5,121.606,2,12,4,2010,8,42,12,6,0,4,1,1,0,0,2,8,0,1,1,,,
201028102876,4,2,10,29,5,243.213,2,12,4,2010,8,11,12,1,0,2,1,1,0,0,2,8,0,2,1,,,
201028102878,4,2,10,29,5,243.213,1,12,4,2010,6,37,24,0,0,1,2,1,0,0,2,8,0,1,1,,,
201028102879,5,2,10,29,5,121.606,1,12,4,2010,23,0,75,0,0,1,2,1,2,1,2,8,0,1,4,,,
201028102881,4,2,10,29,5,243.213,2,12,5,2010,13,0,12,1,0,2,1,1,1,1,2,8,0,2,1,,,
201028102882,6,2,10,29,5,121.606,2,12,5,2010,17,45,12,1,0,1,2,10,0,0,2,8,0,1,1,,,
201028102883,6,2,10,29,5,121.606,1,12,6,2010,1,35,1,0,0,1,2,1,0,0,2,8,0,1,4,,,
201028102884,6,2,10,29,5,121.606,2,12,6,2010,12,46,12,1,0,2,1,1,0,0,2,8,0,2,1,,,
201028102885,6,2,10,29,5,121.606,2,12,6,2010,14,40,12,6,0,4,1,1,0,0,2,8,0,1,1,,,
201028102887,4,2,10,29,5,243.213,1,12,6,2010,21,15,24,0,0,1,2,1,0,0,2,8,0,1,1,,,
201028102889,4,2,10,29,5,243.213,2,12,6,2010,16,45,12,1,0,2,1,1,0,0,2,8,0,3,1,,,
201028102891,4,2,10,29,5,243.213,2,12,6,2010,17,18,12,1,0,2,5,1,0,0,2,8,0,2,1,,,
201028102892,6,2,10,29,5,121.606,1,12,6,2010,18,9,25,0,0,1,2,1,0,0,2,8,0,1,4,,,
201028102893,6,2,10,29,5,121.606,1,12,7,2010,13,10,24,0,0,1,1,1,0,0,2,8,0,1,1,,,
201028102895,4,2,10,29,5,243.213,2,12,1,2010,16,29,12,7,0,2,3,4,0,0,2,8,0,3,1,,,
201028102896,2,2,10,29,5,121.606,2,12,1,2010,17,10,12,6,0,1,2,4,0,0,2,8,0,1,1,,,
201028102898,4,2,10,29,5,243.213,2,12,1,2010,19,39,12,7,0,1,2,4,0,0,2,8,0,1,1,,,
201028102899,6,2,10,29,5,121.606,1,12,1,2010,15,40,31,0,0,2,1,4,0,0,2,8,0,2,4,,,
201028102900,6,2,10,29,5,121.606,1,12,1,2010,17,10,30,0,0,1,1,4,0,0,2,8,0,1,4,,,
201028102902,4,2,10,29,5,243.213,2,12,1,2010,10,5,14,0,0,4,1,4,0,0,2,8,1,1,7,,,
201028102904,4,2,10,29,5,243.213,1,12,1,2010,17,30,53,0,0,1,2,4,0,0,2,8,0,1,4,,,
201028102906,4,2,10,29,5,243.213,2,12,1,2010,20,44,12,6,0,2,3,4,0,0,2,8,0,2,1,,,
201028102908,4,2,10,29,5,243.213,1,12,1,2010,16,35,30,0,0,1,1,4,0,0,2,8,0,1,4,,,
201028102909,3,2,10,29,5,121.606,2,12,1,2010,16,7,12,1,0,2,1,4,2,1,2,8,0,2,1,,,
201028102910,1,2,10,29,5,121.606,1,12,1,2010,17,42,34,0,0,1,2,4,3,1,2,8,0,1,5,,,
201028102911,6,2,10,29,5,121.606,2,12,2,2010,19,9,12,6,0,2,3,1,0,0,2,8,0,2,1,,,
201028102913,6,2,10,29,5,121.606,2,12,2,2010,17,54,12,1,0,1,3,1,0,0,2,8,0,1,1,,,
201028102914,4,2,10,29,5,243.213,2,12,2,2010,16,9,12,7,0,1,1,1,0,0,2,8,0,1,1,,,
201028102915,5,2,10,29,5,121.606,1,12,2,2010,11,13,30,0,0,1,1,11,2,1,2,8,0,1,6,,,
201028102916,6,2,10,29,5,121.606,3,12,3,2010,17,44,12,1,0,2,2,1,0,0,2,8,0,2,1,,,
201028102918,4,2,10,29,5,243.213,2,12,3,2010,15,27,12,6,0,4,1,1,0,0,2,8,0,1,1,,,
201028102920,6,2,10,29,5,121.606,1,12,4,2010,21,0,75,0,0,1,2,10,2,2,1,8,0,1,5,,,
201028102921,4,2,10,29,5,243.213,2,12,4,2010,14,53,12,1,0,2,1,1,0,0,2,8,0,2,1,,,
201028102923,4,2,10,29,5,243.213,1,12,5,2010,10,30,42,0,0,1,1,4,0,0,2,8,0,1,4,,,
201028102924,2,2,10,29,5,121.606,2,12,5,2010,10,45,12,1,0,1,1,4,2,2,2,8,0,1,1,,,
201028102925,6,2,10,29,5,121.606,1,12,5,2010,16,13,35,0,0,1,1,4,0,0,2,8,0,1,4,,,
201028102927,6,2,10,29,5,121.606,2,12,5,2010,16,20,12,6,0,2,1,10,0,0,2,8,0,3,1,,,
201028102928,5,2,10,29,5,121.606,1,12,5,2010,14,0,33,0,0,1,1,10,2,1,2,8,0,1,4,,,
201028102931,5,2,5,29,5,43.973,2,11,6,2010,16,44,12,6,0,2,1,1,1,1,2,1,0,2,1,,,
201028102932,5,2,5,29,5,43.973,2,11,2,2010,13,9,12,6,0,4,1,1,1,1,2,1,0,1,1,,,
201028102934,4,2,5,29,5,307.814,1,11,4,2010,17,52,24,0,0,2,3,1,0,0,2,1,0,3,1,,,
201028102938,6,2,5,29,5,131.92,3,11,4,2010,17,31,12,1,0,1,5,1,0,0,2,1,0,1,1,,,
201028102943,4,2,5,29,5,307.814,2,12,4,2010,8,38,14,0,0,1,1,10,0,0,2,1,1,1,7,,,
201028102949,5,2,5,29,5,43.973,1,12,4,2010,16,37,74,0,0,1,1,4,1,1,2,1,0,1,3,,,
201028102951,5,2,5,29,5,43.973,2,12,6,2010,19,11,12,6,0,2,3,1,1,1,2,1,0,2,1,,,
201028102953,6,2,5,29,5,131.92,2,12,7,2010,16,7,12,2,0,2,1,4,0,0,2,1,0,2,1,,,
201028102956,4,2,5,29,5,307.814,3,12,4,2010,14,31,12,6,0,2,1,1,0,0,2,1,0,2,1,,,
201028102958,6,2,5,29,5,131.92,1,12,6,2010,17,27,75,0,1,5,5,1,0,0,1,1,0,1,4,,,
201028102963,5,2,5,29,5,43.973,2,12,3,2010,17,32,12,6,0,4,5,1,1,1,2,1,0,1,1,,,
201028102965,4,2,5,29,5,307.814,2,12,1,2010,11,40,12,1,0,4,1,1,0,0,2,1,0,1,1,,,
201028102970,2,2,5,29,5,43.973,2,12,3,2010,7,45,12,1,0,2,1,4,2,1,2,1,0,2,1,,,
201028102977,6,2,4,29,5,116.944,2,11,3,2010,15,15,12,8,0,2,1,2,0,0,2,8,0,4,1,,,
201028102978,5,2,4,29,5,38.981,1,11,6,2010,15,0,42,0,0,1,1,1,2,2,2,8,0,1,4,,,
201028102982,5,2,2,31,6,61.524,1,11,5,2010,11,0,34,0,0,1,1,2,5,1,2,8,0,1,4,,,
201028102984,4,2,2,31,6,307.622,1,11,2,2010,20,9,24,0,0,1,2,1,0,0,2,8,0,1,1,,,
201028102986,6,2,2,31,6,123.049,1,11,7,2010,14,30,74,0,0,1,1,1,0,0,2,8,0,1,4,,,
201028102991,4,2,2,31,6,307.622,1,11,3,2010,0,56,24,0,0,1,2,2,0,0,2,8,0,1,1,,,
201028102994,6,2,2,31,6,123.049,1,11,6,2010,17,55,24,0,0,1,2,10,0,0,2,8,0,1,1,,,
201028102998,6,2,2,31,6,123.049,1,12,4,2010,20,56,30,0,0,1,2,4,0,0,2,8,0,1,4,,,
201028103000,6,2,2,31,6,123.049,1,12,5,2010,1,15,34,0,0,1,2,4,0,0,2,8,0,1,4,,,
201028103001,4,2,2,31,6,307.622,1,12,5,2010,17,50,24,0,0,1,2,1,0,0,2,8,0,1,1,,,
201028103004,5,2,2,31,6,61.524,1,12,7,2010,17,59,19,0,0,1,2,4,1,1,2,8,0,1,5,,,
201028103005,6,2,2,31,6,123.049,1,12,7,2010,20,11,1,0,0,1,2,4,0,0,2,8,0,1,4,,,
201028103007,5,2,2,31,6,61.524,1,12,1,2010,8,35,35,0,0,1,1,1,2,1,2,8,0,1,4,,,
201028103008,6,2,2,31,6,123.049,1,12,2,2010,10,45,34,0,0,1,1,10,0,0,2,8,0,1,4,,,
201028103009,5,2,2,31,6,61.524,1,12,2,2010,18,30,34,0,0,1,2,4,2,2,2,8,0,1,4,,,
201028103013,6,2,2,31,6,123.049,1,12,1,2010,18,19,30,0,0,1,2,4,0,0,2,8,0,1,4,,,
201028103017,5,2,3,31,6,61.524,2,11,4,2010,22,17,12,1,0,2,3,2,1,2,1,1,0,2,1,,,
201028103019,3,2,3,31,6,61.524,2,11,6,2010,11,10,12,1,0,1,1,1,2,1,2,1,0,1,1,,,
201028103020,4,2,3,31,6,307.622,2,11,6,2010,14,26,14,0,0,1,1,1,0,0,2,1,1,1,7,,,
201028103021,6,2,3,31,6,123.049,2,11,7,2010,9,6,12,6,0,4,1,1,0,0,2,1,0,1,1,,,
201028103027,4,2,3,31,6,307.622,2,12,4,2010,16,41,12,6,0,2,1,4,0,0,2,1,0,3,1,,,
201028103032,4,2,3,31,6,307.622,1,12,6,2010,8,38,33,0,0,2,1,1,0,0,2,1,0,2,4,,,
201028103037,4,2,3,31,6,307.622,2,12,4,2010,11,13,14,0,0,1,1,1,0,0,2,1,1,1,7,,,
201028103040,5,2,3,31,6,61.524,1,12,6,2010,10,10,33,0,0,1,1,1,2,1,2,1,0,1,4,,,
201028103043,4,2,3,31,6,307.622,2,12,1,2010,7,25,12,6,0,2,4,4,0,0,2,1,0,2,1,,,
201028103048,4,2,3,31,6,307.622,2,12,2,2010,16,58,12,1,0,2,1,1,0,0,2,1,0,2,1,,,
201028103049,6,2,3,31,6,123.049,1,12,2,2010,22,19,33,0,0,1,2,1,0,0,2,1,0,1,4,,,
201028103051,2,2,3,31,6,61.524,2,12,2,2010,12,18,12,1,0,1,1,10,3,1,2,1,0,1,1,,,
201028103052,5,2,4,31,6,61.524,1,11,3,2010,22,20,42,0,0,1,2,2,2,1,2,8,0,1,6,,,
201028103053,4,2,4,31,6,307.622,1,11,6,2010,22,37,24,0,0,1,2,1,0,0,2,8,0,1,1,,,
201028103059,4,2,4,31,6,307.622,2,11,6,2010,9,15,12,6,0,2,1,1,0,0,2,8,0,2,1,,,
201028103062,6,2,4,31,6,123.049,1,11,3,2010,3,19,74,0,0,1,2,2,0,0,2,8,0,1,4,,,
201028103065,5,2,4,31,6,61.524,2,12,4,2010,15,36,12,2,0,1,1,4,2,4,2,8,0,1,1,,,
201028103066,5,2,4,31,6,61.524,1,12,4,2010,15,59,34,0,0,1,1,4,2,1,2,8,0,1,4,,,
201028103067,4,2,4,31,6,307.622,1,12,4,2010,15,48,59,0,0,1,1,1,0,0,2,8,0,1,4,,,
201028103073,6,2,4,31,6,123.049,1,12,6,2010,19,25,24,0,0,1,2,1,0,0,2,8,0,1,1,,,
201028103074,4,2,4,31,6,307.622,1,12,7,2010,19,28,24,0,0,1,2,1,0,0,2,8,0,1,1,,,
201028103080,4,2,4,31,6,307.622,2,12,3,2010,16,31,12,9,0,4,1,1,0,0,2,8,0,1,1,,,
201028103081,6,2,4,31,6,123.049,1,12,4,2010,5,35,59,0,0,1,2,1,0,0,2,8,0,1,4,,,
201028103084,5,2,4,31,6,61.524,1,12,5,2010,11,40,42,0,0,1,1,1,1,1,2,8,0,1,6,,,
201028103087,6,2,4,31,6,123.049,1,12,6,2010,3,43,42,0,0,1,2,4,0,0,2,8,0,1,6,,,
201028103090,6,2,4,31,6,123.049,1,12,1,2010,9,19,30,0,0,1,1,4,0,0,2,8,0,1,4,,,
201028103091,4,2,4,31,6,307.622,1,12,7,2010,20,55,24,0,0,1,1,2,0,0,2,8,0,1,1,,,
201028103093,6,2,4,31,6,123.049,1,12,1,2010,21,0,38,0,0,1,2,4,1,1,1,8,0,1,5,,,
201028103094,4,2,6,31,6,354.819,1,12,5,2010,15,45,59,0,0,1,1,10,0,0,2,8,0,1,4,,,
201028103099,6,2,4,29,5,116.944,1,12,7,2010,8,55,34,0,0,1,1,4,0,0,2,8,0,1,4,,,
201028103104,4,2,4,29,5,311.852,2,12,7,2010,9,5,12,8,0,1,1,10,0,0,2,8,0,1,1,,,
201028103108,6,2,4,29,5,116.944,1,12,7,2010,22,18,30,0,0,1,2,1,0,0,2,8,0,1,4,,,
201028103112,3,2,5,29,5,43.973,1,12,6,2010,5,59,21,0,0,4,3,1,2,1,2,1,0,1,5,,,
201028103113,4,2,5,29,5,307.814,2,12,7,2010,9,52,14,0,0,4,1,1,0,0,2,1,1,1,7,,,
201028103116,6,2,5,29,5,131.92,2,12,2,2010,8,39,12,6,0,2,1,10,0,0,2,1,0,3,1,,,
201028103122,4,2,5,29,5,307.814,1,12,4,2010,1,53,24,0,0,1,2,1,0,0,2,1,0,1,1,,,
201028103125,5,2,5,29,5,43.973,3,12,5,2010,15,21,12,1,0,1,1,1,1,2,2,1,0,1,1,,,
201028103126,4,2,10,29,5,243.213,2,12,6,2010,17,24,30,0,0,1,3,4,0,0,2,8,1,1,4,,,
201028103128,6,2,10,29,5,121.606,2,12,6,2010,19,39,12,6,0,2,2,1,2,2,2,8,0,2,1,,,
201028103129,4,2,10,29,5,243.213,2,12,6,2010,16,28,12,1,0,2,1,10,1,1,2,8,0,2,1,,,
201028103131,6,2,10,29,5,121.606,3,12,7,2010,12,33,12,1,0,2,1,10,0,0,2,8,0,2,1,,,
201028103132,4,2,10,29,5,243.213,2,12,7,2010,18,31,12,6,0,2,5,1,0,0,2,8,0,2,1,,,
201028103134,4,2,10,29,5,243.213,2,12,7,2010,15,15,12,6,0,4,1,10,0,0,2,8,0,1,1,,,
201028103135,6,2,10,29,5,121.606,2,12,7,2010,20,41,12,6,0,4,2,1,0,0,1,8,0,1,1,,,
201028103136,6,2,10,29,5,121.606,1,12,1,2010,21,36,24,0,0,1,2,10,0,0,2,8,0,1,1,,,
201028103137,6,2,10,29,5,121.606,2,12,1,2010,10,21,12,8,0,1,1,10,0,0,2,8,0,1,1,,,
201028103139,4,2,10,29,5,243.213,3,12,2,2010,13,49,12,1,0,2,1,1,1,1,2,8,0,2,1,,,
201028103141,4,2,10,29,5,243.213,2,12,3,2010,15,47,12,6,0,2,1,10,0,0,2,8,0,8,1,,,
201028103142,6,2,10,29,5,121.606,1,12,3,2010,11,20,34,0,0,1,1,10,0,0,2,8,0,1,4,,,
201028103144,4,2,10,29,5,243.213,2,12,3,2010,11,59,12,1,0,2,1,10,0,0,2,8,0,3,1,,,
201028103145,6,2,10,29,5,121.606,1,12,4,2010,19,18,24,0,0,1,2,10,0,0,2,8,0,1,1,,,
201028103147,4,2,10,29,5,243.213,2,12,4,2010,11,5,12,7,0,2,1,10,0,0,2,8,0,3,1,,,
201028103148,6,2,10,29,5,121.606,1,12,4,2010,6,59,34,0,0,1,2,3,0,0,2,8,0,1,4,,,
201028103150,6,2,10,29,5,121.606,1,12,4,2010,20,5,24,0,0,1,2,10,0,0,2,8,0,1,1,,,
201028103151,4,2,10,29,5,243.213,2,12,5,2010,17,13,12,1,0,2,5,1,0,0,2,8,0,3,1,,,
201028103152,6,2,10,29,5,121.606,2,12,5,2010,15,22,12,1,0,1,1,1,0,0,2,8,0,1,1,,,
201028103154,4,2,10,29,5,243.213,1,12,6,2010,6,30,24,0,0,1,3,10,0,0,2,8,0,1,1,,,
201028103156,4,2,10,29,5,243.213,2,12,6,2010,18,0,12,1,0,2,2,1,0,0,2,8,0,2,1,,,
201028103158,3,2,10,29,5,121.606,1,12,7,2010,4,5,34,0,0,1,2,4,2,1,2,8,0,1,4,,,
201028103159,5,2,10,29,5,121.606,2,12,7,2010,12,24,12,6,0,2,1,10,2,4,2,8,0,2,1,,,
201028103160,4,2,10,29,5,243.213,1,12,1,2010,23,15,24,0,0,1,2,1,0,0,2,8,0,1,1,,,
201028103161,6,2,10,29,5,121.606,1,12,1,2010,9,43,34,0,0,1,1,4,0,0,2,8,0,1,4,,,
201028103163,4,2,10,29,5,243.213,1,12,2,2010,9,36,30,0,0,1,1,10,0,0,2,8,0,1,4,,,
201028103165,4,2,10,29,5,243.213,2,12,5,2010,13,0,12,1,0,2,1,1,0,0,2,8,0,3,1,,,
201028103167,4,2,10,29,5,243.213,2,12,5,2010,13,50,12,1,0,1,1,10,0,0,2,8,0,1,1,,,
201028103168,6,2,10,29,5,121.606,2,12,6,2010,18,16,12,6,0,2,3,2,2,1,2,8,0,2,1,,,
201028103169,5,2,10,29,5,121.606,2,12,6,2010,11,9,12,6,0,2,1,10,1,1,2,8,0,2,1,,,
201028103170,6,2,10,29,5,121.606,1,12,6,2010,21,40,32,0,0,1,2,1,0,0,2,8,0,1,4,,,
201028103243,5,2,2,31,6,61.524,2,12,6,2010,8,37,12,6,0,2,1,1,1,2,2,8,0,2,1,,,
201028103244,4,2,2,31,6,307.622,1,12,6,2010,23,35,24,0,0,1,2,10,0,0,2,8,0,1,1,,,
201028103247,6,2,2,31,6,123.049,1,12,1,2010,17,55,1,0,0,1,2,11,0,0,2,8,0,1,4,,,
201028103251,4,2,2,31,6,307.622,1,12,4,2010,15,20,74,0,0,1,1,1,0,0,2,8,0,1,4,,,
201028103252,5,2,2,31,6,61.524,1,12,5,2010,6,0,53,0,0,1,2,10,2,1,2,8,0,1,4,,,
201028103253,6,2,2,31,6,123.049,1,12,5,2010,10,10,74,0,0,1,1,10,0,0,2,8,0,1,4,,,
201028103256,6,2,2,31,6,123.049,1,12,6,2010,10,9,30,0,0,1,1,10,0,0,2,8,0,1,4,,,
201028103258,6,2,2,31,6,123.049,1,12,7,2010,12,0,1,0,0,1,1,1,0,0,2,8,0,1,4,,,
201028103261,6,2,2,31,6,123.049,1,12,7,2010,22,10,1,0,0,1,2,1,1,4,2,8,0,1,4,,,
201028103263,6,2,2,31,6,123.049,1,12,1,2010,16,44,43,0,0,4,1,10,0,0,2,8,0,1,5,,,
201028103266,4,2,2,31,6,307.622,1,12,2,2010,18,13,24,0,0,1,2,10,0,0,2,8,0,1,1,,,
201028103272,4,2,2,31,6,307.622,1,12,4,2010,19,27,24,0,0,1,2,1,0,0,2,8,0,1,1,,,
201028103273,1,2,3,31,6,61.524,2,12,2,2010,14,30,12,2,0,1,1,1,3,1,2,1,0,1,1,,,
201028103274,5,2,3,31,6,61.524,2,12,3,2010,7,8,12,6,0,1,4,10,2,1,2,1,0,1,1,,,
201028103276,5,2,3,31,6,61.524,2,12,3,2010,14,38,12,6,0,2,1,10,2,1,2,1,0,2,1,,,
201028103279,4,2,3,31,6,307.622,2,12,4,2010,14,49,14,0,0,1,1,1,0,0,2,1,1,1,7,,,
201028103285,4,2,3,31,6,307.622,2,12,2,2010,17,35,14,0,0,4,3,10,0,0,2,1,1,1,7,,,
201028103290,4,2,3,31,6,307.622,2,12,1,2010,12,8,12,1,1,18,1,4,0,0,2,1,0,1,1,,,
201028103291,6,2,3,31,6,123.049,1,12,1,2010,17,49,74,0,0,1,5,10,0,0,2,1,0,1,4,,,
201028103297,6,2,3,31,6,123.049,2,12,5,2010,15,59,12,6,0,2,1,1,0,0,2,1,0,2,1,,,
201028103298,4,2,3,31,6,307.622,1,12,6,2010,14,50,59,0,1,5,1,10,0,0,2,1,0,1,4,,,
201028103299,1,2,3,31,6,61.524,2,12,6,2010,21,30,12,1,0,1,3,10,3,4,2,1,0,1,1,,,
201028103304,6,2,4,31,6,123.049,1,12,4,2010,9,20,30,0,0,1,1,1,0,0,2,8,0,1,4,,,
201028103306,5,2,4,31,6,61.524,2,12,5,2010,15,13,12,6,0,1,1,10,2,2,2,8,0,1,1,,,
201028103307,4,2,4,31,6,307.622,1,12,5,2010,15,30,30,0,0,1,1,10,0,0,2,8,0,1,4,,,
201028103310,5,2,4,31,6,61.524,2,12,5,2010,13,13,12,6,0,2,1,10,2,1,2,8,0,3,1,,,
201028103314,6,2,4,31,6,123.049,1,12,5,2010,22,40,42,0,0,1,2,10,0,0,2,8,0,1,4,,,
201028103315,4,2,4,31,6,307.622,1,12,7,2010,18,43,24,0,0,1,2,10,0,0,2,8,0,1,1,,,
201028103321,4,2,4,31,6,307.622,1,12,2,2010,18,3,24,0,0,1,2,10,0,0,2,8,0,1,1,,,
201028103326,5,2,4,31,6,61.524,2,12,7,2010,15,51,12,6,0,2,1,4,2,2,2,8,0,2,1,,,
201028103327,6,2,4,31,6,123.049,2,12,1,2010,18,9,14,0,0,1,2,11,0,0,2,8,1,1,4,,,
201028103329,6,2,4,31,6,123.049,1,12,1,2010,18,9,30,0,0,1,2,4,0,0,2,8,0,1,4,,,
201028103330,4,2,4,31,6,307.622,1,12,2,2010,10,24,30,0,0,1,1,1,0,0,2,8,0,1,4,,,
201028103336,6,2,4,31,6,123.049,1,12,5,2010,7,32,34,0,0,1,1,3,0,0,2,8,0,1,4,,,
201028103338,4,2,4,31,6,307.622,1,12,5,2010,6,50,24,0,0,1,1,2,0,0,2,8,0,1,1,,,
201028200369,6,2,1,29,5,137.468,1,1,3,2010,8,38,72,0,0,1,1,10,0,0,2,8,0,1,4,,,
201028200374,5,2,1,29,5,51.55,1,1,3,2010,20,43,34,0,0,1,2,1,2,1,2,8,0,1,4,,,
201028200379,4,2,1,29,5,292.12,2,1,5,2010,12,47,12,1,1,2,1,4,1,1,2,8,0,2,1,,,
201028200394,1,2,2,29,5,17.183,1,1,6,2010,5,0,34,0,0,1,2,1,3,1,1,8,0,1,4,,,
201028200405,5,2,2,29,5,51.55,1,1,2,2010,19,51,53,0,0,1,2,4,2,1,2,8,0,1,4,,,
201028200410,6,2,2,29,5,137.468,1,1,4,2010,7,39,34,0,0,1,1,10,0,0,2,8,0,1,4,,,
201028200417,6,2,1,31,6,123.049,1,1,7,2010,15,48,35,0,0,1,1,4,0,0,2,8,0,1,4,,,
201028200418,4,2,1,31,6,307.622,1,1,7,2010,15,58,59,0,0,2,1,4,0,0,2,8,0,3,4,,,
201028200422,6,2,1,31,6,123.049,1,1,2,2010,5,50,34,0,0,1,2,4,0,0,2,8,0,1,3,,,
201028200426,6,2,1,31,6,123.049,1,1,2,2010,11,39,74,0,0,1,1,4,0,0,2,8,0,1,4,,,
201028200427,4,2,1,31,6,307.622,1,1,2,2010,14,1,34,0,0,1,1,4,0,0,2,8,0,1,4,,,
201028200430,5,2,1,31,6,61.524,1,1,2,2010,21,45,53,0,0,1,2,4,2,1,2,8,0,1,4,,,
201028200431,6,2,1,31,6,123.049,2,1,3,2010,8,43,12,1,0,1,1,4,0,0,2,8,0,1,1,,,
201028200432,3,2,1,31,6,61.524,1,1,3,2010,17,30,42,0,0,1,2,4,2,1,2,8,0,1,4,,,
201028200433,5,2,1,31,6,61.524,1,1,3,2010,22,25,38,0,0,1,2,4,2,1,1,8,0,1,5,,,
201028200434,5,2,1,30,4,56.597,1,1,6,2010,2,10,40,0,0,1,2,10,2,1,1,8,0,1,4,,,
201028200445,1,2,1,30,4,11.319,3,1,1,2010,3,48,12,8,0,1,3,11,3,5,2,8,0,1,1,,,
201028200447,4,2,1,30,4,294.303,3,1,1,2010,15,0,12,1,0,1,1,10,0,0,2,8,0,1,1,,,
201028200457,6,2,1,30,4,124.513,1,1,1,2010,7,30,30,0,0,1,4,4,0,0,2,8,0,1,4,,,
201028200467,3,2,1,30,4,22.639,2,1,7,2010,14,45,12,2,0,2,1,10,2,2,2,8,0,3,1,,,
201028200488,4,2,1,30,4,294.303,2,1,2,2010,7,45,14,0,0,1,1,4,0,0,2,8,1,1,7,,,