CASENUM,STRATUM,REGION,PJ,PSU,PSUSTRAT,WEIGHT,VE_TOTAL,MONTH,WKDY_IM,YEAR,HOUR_IM,MINUTE_IM,EVENT1_IM,MANCOL_IM,RELJCT1_IM,RELJCT2_IM,LGTCON_IM,WEATHR_IM,MAXSEV_IM,NO_INJ_IM,ALCHL_IM,LAND_USE,PVH_INVL,TYP_INT,REL_ROAD,CF1,CF2,CF3
201028205530,6,2,1,30,4,124.513,1,6,4,2010,14,38,25,0,0,1,1,1,0,0,2,8,0,1,3,,,
201028205559,6,2,1,30,4,124.513,2,6,7,2010,17,16,12,6,0,2,1,10,0,0,2,8,0,2,1,,,
201028205562,5,2,1,30,4,56.597,2,6,7,2010,3,24,12,6,0,1,3,1,2,2,1,8,0,1,1,,,
201028205566,3,2,1,30,4,22.639,2,6,6,2010,15,44,12,1,0,2,1,1,2,1,2,8,0,2,1,,,
201028205576,4,2,1,30,4,294.303,2,6,6,2010,23,25,12,1,0,1,3,1,0,0,2,8,0,1,1,,,
201028205592,2,2,3,30,4,3.399,2,6,2,2010,12,25,12,7,0,1,1,1,0,0,2,8,0,1,1,,,
201028205593,6,2,3,30,4,129.17,2,6,7,2010,17,52,12,7,0,1,1,10,1,1,2,8,0,1,1,,,
201028205594,1,2,3,30,4,3.399,2,6,5,2010,7,35,20,0,1,19,1,1,3,2,2,8,0,1,8,,,
201028205603,6,2,1,31,6,123.049,2,6,2,2010,17,50,12,6,0,2,1,1,0,0,2,8,0,4,1,,,
201028205605,6,2,1,31,6,123.049,3,6,3,2010,18,32,12,1,0,4,1,2,2,1,2,8,0,1,1,,,
201028205606,2,2,1,31,6,61.524,2,6,4,2010,6,0,12,6,0,1,3,2,3,1,2,8,0,1,1,,,
201028205607,5,2,1,31,6,61.524,2,6,7,2010,9,57,12,6,1,2,1,10,2,1,2,8,0,2,1,,,
201028205609,2,2,1,31,6,61.524,1,6,7,2010,18,25,1,0,0,1,1,10,2,1,2,8,0,1,4,,,
201028205610,3,2,1,31,6,61.524,1,6,7,2010,23,50,30,0,0,1,2,2,2,1,2,8,0,1,4,,,
201028205612,6,2,1,31,6,123.049,1,6,2,2010,5,45,24,0,0,1,2,2,2,1,2,8,0,1,1,,,
201028205614,5,2,1,31,6,61.524,2,6,3,2010,16,23,12,6,0,2,1,1,1,2,2,8,0,2,1,,,
201028205615,1,2,1,31,6,61.524,2,6,3,2010,16,18,12,6,0,2,1,1,3,2,2,8,0,2,1,,,
201028205618,4,2,1,31,6,307.622,1,6,3,2010,22,15,18,0,0,1,2,2,0,0,2,8,0,1,1,,,
201028205634,4,2,1,29,5,292.12,2,6,7,2010,10,53,12,1,0,2,1,2,0,0,2,8,0,3,1,,,
201028205635,3,2,1,29,5,17.183,2,6,7,2010,12,15,12,1,0,2,1,10,2,3,2,8,0,2,1,,,
201028205643,6,2,1,29,5,137.468,2,6,3,2010,17,50,12,1,0,2,1,1,0,0,2,8,0,8,1,,,
201028205648,3,2,1,29,5,17.183,2,6,6,2010,19,30,12,1,0,1,1,1,2,3,1,8,0,1,1,,,
201028205650,6,2,2,29,5,137.468,1,6,5,2010,18,10,42,0,0,1,1,1,0,0,2,8,0,1,4,,,
201028205660,1,2,2,29,5,17.183,1,6,3,2010,17,5,43,0,0,1,1,10,3,1,2,8,0,1,4,,,
201028205739,1,2,2,30,4,3.399,4,6,7,2010,20,47,12,1,0,4,2,10,4,5,1,8,1,1,1,,,
201028205767,6,2,1,30,4,124.513,2,6,2,2010,12,12,12,6,0,4,1,1,0,0,2,8,0,1,1,,,
201028205776,5,2,1,30,4,56.597,3,6,4,2010,12,8,12,2,0,2,1,2,2,2,2,8,0,3,1,,,
201028205782,4,2,1,30,4,294.303,2,6,4,2010,18,6,12,1,1,17,1,1,0,0,2,8,0,1,1,,,
201028205796,3,2,1,30,4,22.639,1,6,2,2010,12,50,21,0,0,1,1,1,2,1,2,8,0,1,1,,,
201028205813,6,2,1,30,4,124.513,1,6,1,2010,17,19,33,0,1,19,1,1,0,0,2,8,0,1,8,,,
201028205825,4,2,1,30,4,294.303,2,6,5,2010,14,7,14,0,0,4,1,1,0,0,2,8,1,1,7,,,
201028205834,3,2,1,30,4,22.639,2,6,5,2010,8,30,12,1,0,1,1,1,2,1,2,8,0,1,1,,,
201028205838,5,2,1,30,4,56.597,2,6,4,2010,18,36,12,6,0,2,1,1,2,4,2,8,0,2,1,,,
201028205844,6,2,1,30,4,124.513,1,6,4,2010,23,15,42,0,0,1,2,1,0,0,1,8,0,1,5,,,
201028205869,4,2,1,30,4,294.303,2,6,7,2010,12,58,14,0,0,1,1,10,0,0,2,8,1,1,7,,,
201028205870,3,2,1,30,4,22.639,2,6,7,2010,12,27,12,1,0,2,1,2,2,1,2,8,0,2,1,,,
201028205878,5,2,1,30,4,56.597,1,6,1,2010,4,7,30,0,0,1,3,10,2,1,2,8,0,1,5,,,
201028205890,1,2,1,30,4,11.319,2,6,1,2010,8,59,12,6,0,2,1,10,3,2,2,8,0,2,1,,,
201028205897,6,2,1,30,4,124.513,2,6,7,2010,16,48,12,1,0,1,1,1,1,2,2,8,0,1,1,,,
201028205902,3,2,1,30,4,22.639,2,6,6,2010,12,0,12,1,0,1,1,2,2,2,2,8,0,1,1,,,
201028205911,4,2,1,30,4,294.303,2,6,2,2010,12,15,12,1,1,2,1,10,0,0,2,8,0,3,1,,,
201028205930,3,2,1,31,6,61.524,1,6,6,2010,13,7,34,0,0,1,1,10,3,1,2,8,0,1,4,,,
201028205932,3,2,1,31,6,61.524,1,6,1,2010,20,5,34,0,0,1,1,1,2,1,2,8,0,1,4,,,
201028205935,5,2,1,31,6,61.524,1,6,5,2010,1,3,34,0,0,1,2,1,2,1,2,8,0,1,4,,,
201028205937,6,2,1,31,6,123.049,1,6,5,2010,22,5,24,0,0,1,2,1,0,0,2,8,0,1,1,,,
201028205944,3,2,1,29,5,17.183,1,6,1,2010,13,45,1,0,0,1,1,1,2,1,2,8,0,1,4,,,
201028205945,1,2,1,29,5,17.183,1,6,2,2010,5,40,32,0,0,1,4,1,3,1,2,8,0,1,4,,,
201028205949,1,2,1,29,5,17.183,1,6,2,2010,23,15,42,0,0,1,2,1,3,2,2,8,0,1,4,,,
201028205954,4,2,1,29,5,292.12,2,6,3,2010,15,55,12,1,0,1,1,1,0,0,2,8,0,1,1,,,
201028205965,3,2,1,30,4,22.639,1,6,4,2010,13,19,15,0,0,2,1,1,2,1,2,8,0,2,1,,,
201028205968,1,2,1,30,4,11.319,3,6,4,2010,19,55,12,6,0,2,1,1,3,1,2,8,1,2,1,,,
201028205977,6,2,1,30,4,124.513,1,6,4,2010,23,10,33,0,0,1,6,1,0,0,2,8,0,1,4,,,
201028205981,4,2,1,30,4,294.303,2,6,3,2010,23,15,14,0,0,1,2,1,0,0,2,8,1,1,7,,,
201028206001,3,2,1,30,4,22.639,2,6,5,2010,12,10,12,1,0,2,1,1,2,4,2,8,0,8,1,,,
201028206008,6,2,1,30,4,124.513,2,6,4,2010,11,55,12,8,0,1,1,10,0,0,2,8,0,1,1,,,
201028206021,4,2,1,30,4,294.303,2,6,7,2010,5,21,12,6,0,4,1,1,0,0,2,8,0,1,1,,,
201028206037,3,2,1,30,4,22.639,2,6,5,2010,14,16,12,1,0,2,1,1,2,1,2,8,0,3,1,,,
201028206055,5,2,1,30,4,56.597,2,6,2,2010,12,17,12,6,0,2,1,1,1,1,2,8,0,2,1,,,
201028206058,4,2,1,30,4,294.303,2,6,1,2010,19,30,14,0,0,1,1,1,0,0,2,8,1,1,7,,,
201028206064,6,2,1,30,4,124.513,1,6,7,2010,23,12,18,0,0,1,3,10,0,0,2,8,0,1,1,,,
201028206091,3,2,1,30,4,22.639,1,6,6,2010,10,50,21,0,0,2,1,1,2,1,2,8,0,2,1,,,
201028206102,6,2,1,29,5,137.468,1,6,4,2010,17,10,8,0,1,18,1,1,0,0,2,8,0,1,1,,,
201028206107,5,2,1,29,5,51.55,1,6,6,2010,15,15,34,0,0,1,1,1,2,1,2,8,0,1,4,,,
201028206121,3,2,1,29,5,17.183,2,6,2,2010,19,10,1,0,0,1,1,1,2,1,2,8,0,1,1,,,
201028206127,4,2,1,31,6,307.622,2,6,7,2010,14,30,12,8,0,1,1,1,0,0,2,8,0,1,1,,,
201028206131,5,2,1,31,6,61.524,1,6,1,2010,2,0,30,0,0,1,2,1,2,1,1,8,0,1,4,,,
201028206133,4,2,1,31,6,307.622,1,6,2,2010,10,0,43,0,0,1,1,10,0,0,2,8,0,1,4,,,
201028206138,6,2,1,31,6,123.049,2,6,4,2010,15,30,12,1,0,2,1,1,0,0,2,8,0,2,1,,,
201028206139,1,2,1,31,6,61.524,1,6,4,2010,20,35,34,0,0,1,1,1,3,2,1,8,0,1,5,,,
201028206145,4,2,1,30,4,294.303,1,6,3,2010,11,30,22,0,0,4,1,1,1,1,2,8,0,1,1,,,
201028206160,1,2,1,30,4,11.319,1,6,2,2010,21,38,30,0,0,1,2,1,3,1,2,8,0,1,4,,,
201028206175,6,2,1,30,4,124.513,4,6,3,2010,17,1,12,6,0,1,1,1,0,0,2,8,0,1,1,,,
201028206182,4,2,1,30,4,294.303,2,6,3,2010,18,41,12,7,0,1,1,1,0,0,2,8,0,1,1,,,
201028206188,3,2,1,30,4,22.639,2,6,5,2010,12,20,12,1,0,2,1,10,2,2,2,8,0,3,1,,,
201028206209,3,2,1,30,4,22.639,3,6,7,2010,12,42,12,1,1,2,1,1,2,1,2,8,0,2,1,,,
201028206214,6,2,1,30,4,124.513,2,6,7,2010,6,13,14,0,0,1,1,1,0,0,2,8,1,1,7,,,
201028206224,4,2,1,30,4,294.303,2,6,6,2010,18,11,12,6,0,2,1,1,0,0,2,8,0,3,1,,,
201028206233,1,2,1,30,4,11.319,1,6,7,2010,3,37,58,0,0,2,2,1,4,2,1,8,0,3,5,,,
201028206237,5,2,1,30,4,56.597,2,6,1,2010,2,25,14,0,0,1,3,1,2,1,1,8,1,1,7,,,
201028206244,3,2,1,30,4,22.639,2,6,7,2010,16,5,30,0,0,2,1,1,2,1,2,8,0,2,4,,,
201028206264,6,2,1,30,4,124.513,1,6,6,2010,9,4,59,0,1,5,1,1,0,0,2,8,0,1,8,,,
201028206268,2,2,1,30,4,11.319,2,6,4,2010,21,14,12,7,0,1,5,1,0,0,2,8,0,1,1,,,
201028206269,4,2,1,30,4,294.303,2,6,4,2010,9,25,12,1,0,4,1,1,0,0,2,8,0,1,1,,,
201028206275,3,2,1,30,4,22.639,1,6,2,2010,20,0,22,0,0,1,1,10,2,1,2,8,0,1,1,,,
201028206300,5,2,1,30,4,56.597,2,6,2,2010,8,42,12,6,0,2,1,10,1,2,2,8,0,3,1,,,
201028206304,1,2,1,30,4,11.319,2,7,5,2010,17,48,12,6,0,1,1,1,4,3,2,8,0,1,1,,,
201028206307,6,2,1,30,4,124.513,2,6,4,2010,9,0,12,6,1,2,1,1,0,0,2,8,0,2,1,,,
201028206310,4,2,1,30,4,294.303,2,6,4,2010,14,22,14,0,0,4,1,1,0,0,2,8,1,1,7,,,
201028206315,1,2,1,30,4,11.319,4,6,2,2010,3,29,30,0,0,1,3,2,3,1,2,8,3,1,4,,,
201028206329,2,2,2,30,4,3.399,2,6,3,2010,1,41,12,6,0,1,3,10,2,2,1,8,0,1,1,,,
201028206334,1,2,2,30,4,3.399,1,7,5,2010,18,20,42,0,0,1,1,1,3,1,2,8,0,1,6,,,
201028206337,4,2,2,30,4,295.73,1,7,6,2010,2,50,34,0,0,1,2,1,0,0,2,8,0,1,4,,,
201028206343,1,2,2,30,4,3.399,3,7,3,2010,15,28,12,2,0,1,1,1,3,2,2,8,0,1,1,,,
201028206347,3,2,2,30,4,16.996,1,7,5,2010,21,45,1,0,0,1,5,2,2,1,2,8,0,1,1,,,
201028206348,1,2,2,30,4,3.399,1,7,1,2010,13,50,42,0,0,1,1,10,4,1,1,8,0,1,4,,,
201028206358,1,2,2,30,4,3.399,1,7,5,2010,17,21,30,0,0,2,1,1,3,1,2,8,0,2,4,,,
201028206361,2,2,2,30,4,3.399,3,7,5,2010,15,30,12,1,0,1,1,1,0,0,2,8,0,1,1,,,
201028206371,1,2,1,31,6,61.524,1,7,6,2010,16,33,34,0,0,1,1,1,3,1,2,8,0,1,4,,,
201028206372,3,2,1,31,6,61.524,1,7,6,2010,22,42,34,0,0,1,2,1,3,1,1,8,0,1,4,,,
201028206373,4,2,1,31,6,307.622,2,7,7,2010,15,26,12,1,0,2,1,1,0,0,2,8,0,2,1,,,
201028206374,6,2,1,31,6,123.049,2,7,7,2010,15,58,12,1,0,1,1,1,2,1,2,8,0,1,1,,,
201028206378,3,2,1,31,6,61.524,1,7,2,2010,12,0,1,0,0,1,1,1,2,1,2,8,0,1,4,,,
201028206379,6,2,1,31,6,123.049,2,7,3,2010,17,35,12,1,0,4,1,1,0,0,2,8,0,1,1,,,
201028206382,4,2,1,31,6,307.622,2,7,6,2010,12,16,12,1,0,4,1,2,0,0,2,8,0,1,1,,,
201028206384,1,2,1,31,6,61.524,1,6,1,2010,20,50,35,0,0,1,5,2,3,1,1,8,0,1,4,,,
201028206387,6,2,1,31,6,123.049,1,7,6,2010,4,13,24,0,0,1,2,1,0,0,2,8,0,1,1,,,
201028206390,4,2,1,31,6,307.622,1,7,5,2010,10,30,8,0,1,18,1,1,0,0,2,8,0,1,8,,,
201028206392,4,2,1,29,5,292.12,1,6,3,2010,19,45,24,0,0,1,1,1,0,0,2,8,0,1,1,,,
201028206394,5,2,1,29,5,51.55,2,6,4,2010,3,50,12,7,0,1,2,1,2,2,2,8,0,1,1,,,
201028206402,6,2,1,29,5,137.468,1,7,1,2010,10,50,32,0,0,1,1,1,1,1,2,8,0,1,4,,,
201028206405,5,2,1,29,5,51.55,2,7,1,2010,20,5,14,0,0,1,1,1,2,1,1,8,1,1,7,,,
201028206412,2,2,1,29,5,17.183,1,7,4,2010,5,0,18,0,0,1,2,1,0,0,2,8,0,1,1,,,
201028206413,3,2,1,29,5,17.183,2,7,5,2010,13,30,12,1,0,1,1,1,2,1,2,8,0,1,1,,,
201028206421,4,2,2,29,5,292.12,1,6,6,2010,4,56,24,0,0,1,2,1,0,0,2,8,0,1,1,,,
201028206423,3,2,2,29,5,17.183,1,6,6,2010,21,18,35,0,0,1,2,1,3,2,2,8,0,1,4,,,
201028206438,2,2,1,30,4,11.319,2,6,4,2010,9,38,12,7,0,1,1,1,1,2,2,8,0,1,1,,,
201028206462,3,2,1,30,4,22.639,2,7,7,2010,18,11,21,0,0,2,1,1,2,1,2,8,0,2,1,,,
201028206468,6,2,1,30,4,124.513,2,7,6,2010,11,26,12,6,0,2,1,1,0,0,2,8,0,2,1,,,
201028206475,4,2,1,30,4,294.303,2,7,6,2010,11,26,12,1,0,2,1,1,1,1,2,8,0,2,1,,,
201028206484,3,2,1,30,4,22.639,2,7,7,2010,18,59,12,1,0,1,1,1,2,1,2,8,0,1,1,,,
201028206486,1,2,1,30,4,11.319,1,7,7,2010,15,14,42,0,0,1,1,1,3,2,2,8,0,1,4,,,
201028206507,3,2,1,30,4,22.639,2,7,6,2010,17,30,12,6,0,2,1,1,2,2,2,8,0,3,1,,,
201028206508,6,2,1,30,4,124.513,2,7,6,2010,23,42,12,1,0,2,3,1,0,0,2,8,0,3,1,,,
201028206522,4,2,1,30,4,294.303,3,6,4,2010,23,6,14,0,0,1,3,1,0,0,2,8,2,1,7,,,
201028206537,5,2,1,30,4,56.597,1,7,3,2010,7,44,30,0,0,2,1,1,1,1,2,8,0,2,4,,,
201028206546,1,2,1,30,4,11.319,3,7,6,2010,21,15,12,7,1,5,3,1,3,2,2,8,0,1,1,,,
201028206549,2,2,1,30,4,11.319,2,7,5,2010,15,9,12,1,0,1,1,1,2,1,2,8,0,1,1,,,
201028206555,6,2,1,30,4,124.513,1,7,3,2010,17,15,59,0,0,1,1,1,0,0,2,8,0,1,5,,,
201028206559,4,2,1,30,4,294.303,2,7,3,2010,17,35,12,1,0,2,1,1,0,0,2,8,0,2,1,,,
201028206563,3,2,1,30,4,22.639,2,7,4,2010,16,46,12,6,0,2,1,1,2,1,2,8,0,3,1,,,
201028206580,4,2,3,30,4,295.73,2,7,3,2010,8,35,12,1,1,5,1,10,0,0,2,8,0,1,1,,,
201028206582,1,2,3,30,4,3.399,4,7,5,2010,8,3,73,0,0,1,1,1,3,2,2,8,0,1,4,,,
201028206583,1,2,3,30,4,3.399,1,7,6,2010,3,34,20,0,1,18,3,1,3,1,1,8,0,1,8,,,
201028206597,6,2,1,31,6,123.049,1,7,1,2010,11,49,74,0,0,1,1,1,0,0,2,8,0,1,3,,,
201028206598,5,2,1,31,6,61.524,1,7,2,2010,12,31,1,0,0,1,1,1,1,2,2,8,0,1,4,,,
201028206599,4,2,1,31,6,307.622,1,7,6,2010,17,0,74,0,0,1,1,2,0,0,2,8,0,1,4,,,
201028206600,2,2,1,31,6,61.524,2,7,5,2010,20,20,12,8,0,1,5,2,0,0,2,8,0,1,1,,,
201028206603,3,2,1,31,6,61.524,1,7,1,2010,16,53,24,0,0,1,1,1,3,1,2,8,0,1,1,,,
201028206608,5,2,1,29,5,51.55,1,7,1,2010,21,58,1,0,0,1,2,1,2,1,2,8,0,1,4,,,
201028206609,3,2,1,29,5,17.183,2,7,7,2010,23,40,12,1,0,1,3,1,2,2,2,8,0,1,1,,,
201028206611,4,2,1,29,5,292.12,1,7,2,2010,8,27,53,0,0,1,1,1,0,0,2,8,0,1,4,,,
201028206623,6,2,2,29,5,137.468,1,7,7,2010,18,40,75,0,0,1,1,10,0,0,2,8,0,1,4,,,
201028206625,3,2,2,29,5,17.183,1,7,1,2010,13,48,31,0,0,1,1,1,2,1,2,8,0,1,4,,,
201028206632,5,2,2,29,5,51.55,1,7,4,2010,22,0,30,0,0,4,2,10,1,1,2,8,0,1,4,,,
201028206633,2,2,1,31,6,61.524,2,7,4,2010,13,0,18,0,0,1,1,1,0,0,2,8,0,1,1,,,
201028206634,2,2,1,31,6,61.524,2,7,2,2010,14,40,1,0,0,1,1,1,2,2,2,8,0,1,1,,,
201028206635,1,2,1,31,6,61.524,1,7,3,2010,16,18,35,0,0,1,1,1,3,1,1,8,0,1,4,,,
201028206637,1,2,1,31,6,61.524,1,7,3,2010,21,30,1,0,0,1,2,1,3,2,2,8,0,1,4,,,
201028206638,6,2,1,31,6,123.049,1,7,4,2010,7,55,34,0,0,1,1,1,0,0,2,8,0,1,5,,,
201028206641,4,2,1,31,6,307.622,1,7,4,2010,2,6,24,0,0,1,2,1,0,0,2,8,0,1,1,,,
201028206642,5,2,1,31,6,61.524,1,7,6,2010,7,35,34,0,0,1,1,1,2,1,2,8,0,1,4,,,
201028206644,5,2,1,31,6,61.524,2,7,6,2010,15,20,12,6,0,2,1,1,1,1,2,8,0,2,1,,,
201028206645,5,2,1,31,6,61.524,1,7,1,2010,21,17,42,0,0,1,2,1,2,1,2,8,0,1,4,,,
201028206646,5,2,1,31,6,61.524,2,7,1,2010,22,33,12,8,0,1,2,1,2,1,1,8,0,1,1,,,
201028206647,6,2,1,31,6,123.049,1,7,4,2010,22,30,34,0,0,1,2,5,0,0,2,8,0,1,4,,,
201028206648,5,2,1,31,6,61.524,1,7,3,2010,13,40,32,0,0,1,1,1,2,2,2,8,0,1,4,,,
201028206665,5,2,2,30,4,57.786,1,7,5,2010,11,15,53,0,0,1,1,1,2,1,2,8,0,1,4,,,
201028206673,6,2,2,30,4,129.17,2,7,3,2010,17,10,12,6,0,2,1,2,2,1,2,8,0,3,1,,,
201028206714,3,2,1,30,4,22.639,2,7,6,2010,18,30,12,1,0,1,1,2,2,1,2,8,0,1,1,,,
201028206725,3,2,1,30,4,22.639,2,7,5,2010,13,15,12,2,0,2,1,1,2,1,2,8,0,3,1,,,
201028206729,6,2,1,30,4,124.513,2,7,5,2010,13,56,12,1,0,1,1,1,0,0,2,8,0,1,1,,,
201028206738,4,2,1,30,4,294.303,2,7,4,2010,2,0,14,0,0,1,3,1,0,0,2,8,1,1,7,,,
201028206749,3,2,1,30,4,22.639,1,7,6,2010,14,42,22,0,0,2,1,10,2,1,2,8,0,2,1,,,
201028206757,3,2,1,30,4,22.639,1,7,1,2010,20,31,1,0,0,2,1,1,2,1,2,8,0,2,1,,,
201028206775,5,2,1,30,4,56.597,2,7,2,2010,8,40,12,6,0,2,1,2,3,1,2,8,0,2,1,,,
201028206777,1,2,1,30,4,11.319,1,7,2,2010,0,42,30,0,0,1,3,1,3,1,1,8,0,1,4,,,
201028206780,4,2,1,30,4,294.303,2,7,1,2010,20,47,14,0,0,2,1,1,0,0,2,8,1,3,5,,,
201028206790,1,2,1,30,4,11.319,1,7,7,2010,23,10,42,0,0,1,2,1,3,1,2,8,0,1,4,,,
201028206795,3,2,1,30,4,22.639,2,7,6,2010,11,9,12,1,0,2,1,2,2,1,2,8,0,3,1,,,
201028206799,2,2,1,30,4,11.319,2,7,6,2010,22,15,12,7,0,1,3,1,2,1,2,8,0,1,1,,,
201028206814,6,2,1,30,4,124.513,2,7,5,2010,18,0,12,1,1,18,1,1,0,0,2,8,0,1,1,,,
201028206818,3,2,1,30,4,22.639,1,7,3,2010,9,46,22,0,0,2,1,10,2,1,2,8,0,2,1,,,
201028206825,4,2,1,30,4,294.303,2,7,2,2010,15,58,12,1,0,2,1,2,0,0,2,8,0,2,1,,,
201028206835,2,2,1,30,4,11.319,3,7,3,2010,15,9,25,0,1,19,1,2,2,3,2,8,0,1,3,,,
201028206855,3,2,1,30,4,22.639,1,7,4,2010,22,47,21,0,0,1,2,1,2,1,1,8,0,1,1,,,
201028206856,6,2,1,30,4,124.513,2,7,4,2010,17,28,12,6,1,2,1,1,0,0,2,8,0,2,1,,,
201028206864,5,2,1,30,4,56.597,3,7,3,2010,16,12,12,6,0,2,1,2,2,2,2,8,0,2,1,,,
201028206873,4,2,1,30,4,294.303,2,7,6,2010,17,9,12,6,0,2,1,1,0,0,2,8,0,2,1,,,
201028206886,5,2,1,29,5,51.55,2,7,7,2010,17,35,12,6,0,2,1,10,1,2,2,8,0,2,1,,,
201028206888,3,2,1,29,5,17.183,1,7,1,2010,10,15,74,0,0,1,1,1,4,1,2,8,0,1,4,,,
201028206892,1,2,1,29,5,17.183,1,7,2,2010,20,23,59,0,0,1,1,1,3,1,2,8,0,1,4,,,
201028206897,6,2,1,29,5,137.468,1,7,5,2010,2,20,30,0,0,1,3,1,2,1,2,8,0,1,4,,,
201028206901,4,2,1,29,5,292.12,2,7,7,2010,20,53,12,6,1,2,1,1,0,0,2,8,0,2,1,,,
201028206906,3,2,1,30,4,22.639,1,7,5,2010,18,25,22,0,0,2,1,1,2,1,2,8,0,2,1,,,
201028206917,3,2,1,30,4,22.639,2,7,7,2010,15,17,12,6,0,2,1,1,3,1,2,8,0,2,1,,,
201028206919,5,2,1,30,4,56.597,1,7,7,2010,3,9,1,0,0,1,3,1,2,1,1,8,0,1,4,,,
201028206932,4,2,1,30,4,294.303,2,7,1,2010,10,34,12,6,1,2,1,1,0,0,2,8,0,3,1,,,
201028206936,6,2,1,30,4,124.513,1,7,1,2010,18,18,25,0,1,18,1,1,2,1,2,8,0,1,3,,,
201028206965,3,2,1,30,4,22.639,1,7,2,2010,19,54,1,0,0,2,1,1,2,1,2,8,0,3,1,,,
201028206972,4,2,1,30,4,294.303,2,7,4,2010,10,5,14,0,0,1,1,1,8,0,2,8,1,1,7,,,
201028206975,6,2,1,30,4,124.513,2,7,3,2010,17,35,12,1,0,1,1,1,0,0,2,8,0,1,1,,,
201028207007,4,2,1,30,4,294.303,2,7,3,2010,19,0,12,6,0,2,1,10,0,0,2,8,0,2,1,,,
201028207010,2,2,1,30,4,11.319,3,7,6,2010,11,50,12,7,1,18,1,1,2,4,2,8,0,1,1,,,
201028207018,2,2,1,30,4,11.319,2,7,5,2010,17,44,12,7,0,1,1,1,0,0,2,8,0,1,1,,,
201028207021,5,2,1,30,4,56.597,2,7,5,2010,14,48,12,6,0,4,1,1,2,2,2,8,0,1,1,,,
201028207031,6,2,1,30,4,124.513,2,7,2,2010,15,45,12,6,1,2,1,1,1,1,2,8,0,2,1,,,
201028207038,3,2,1,30,4,22.639,2,7,6,2010,19,24,12,6,0,2,1,1,2,1,2,8,0,2,1,,,
201028207058,1,2,1,30,4,11.319,2,7,7,2010,13,39,12,2,0,1,1,1,3,5,2,8,0,1,1,,,
201028207063,3,2,1,30,4,22.639,1,7,7,2010,20,5,7,0,0,4,1,1,2,1,2,8,0,1,1,,,
201028207070,6,2,1,30,4,124.513,2,7,2,2010,17,55,12,1,0,1,1,1,0,0,2,8,0,1,1,,,
201028207085,5,2,1,30,4,56.597,2,7,2,2010,18,59,12,6,0,2,1,1,2,2,2,8,0,3,1,,,
201028207091,4,2,1,30,4,294.303,2,7,1,2010,13,9,12,6,0,4,1,1,0,0,2,8,0,1,1,,,
201028207124,3,2,3,30,4,16.996,2,7,6,2010,13,9,12,1,0,1,1,1,2,1,2,8,0,1,1,,,
201028207127,2,2,3,30,4,3.399,2,7,6,2010,11,51,12,7,0,1,1,1,0,0,2,8,0,1,1,,,
201028207160,3,2,2,30,4,16.996,1,7,7,2010,18,30,34,0,0,1,1,1,3,2,2,8,0,1,4,,,
201028207164,1,2,2,30,4,3.399,1,7,2,2010,19,0,38,0,0,1,1,1,3,1,2,8,0,1,5,,,
201028207182,1,2,2,30,4,3.399,1,8,1,2010,1,20,1,0,0,1,3,1,3,1,1,8,0,1,3,,,
201028207188,2,2,2,30,4,3.399,2,7,6,2010,15,17,12,7,0,2,1,10,0,0,2,8,0,3,1,,,
201028207189,2,2,2,30,4,3.399,2,8,4,2010,0,26,12,7,0,1,2,1,3,1,2,8,0,1,1,,,
201028207192,1,2,2,30,4,3.399,1,8,4,2010,6,22,53,0,0,1,4,1,3,1,2,8,0,1,5,,,
201028207205,2,2,2,30,4,3.399,2,8,4,2010,11,36,12,6,0,2,1,1,3,3,2,8,0,2,1,,,
201028207206,2,2,2,30,4,3.399,3,8,4,2010,5,46,12,6,0,2,2,2,3,3,2,8,0,2,1,,,
201028207211,2,2,2,30,4,3.399,1,8,5,2010,17,15,71,0,0,1,1,1,0,0,2,8,0,1,1,,,
201028207221,1,2,2,30,4,3.399,2,8,7,2010,15,24,12,2,0,1,1,1,3,5,2,8,0,1,1,,,
201028207222,6,2,1,31,6,123.049,1,7,1,2010,2,6,74,0,0,1,2,10,0,0,2,8,0,1,4,,,
201028207223,5,2,1,31,6,61.524,1,7,1,2010,14,2,34,0,0,1,1,10,1,1,2,8,0,1,4,,,
201028207224,3,2,1,31,6,61.524,2,7,2,2010,14,0,12,1,0,2,1,1,2,1,2,8,0,3,1,,,
201028207226,3,2,1,31,6,61.524,1,7,6,2010,5,15,24,0,0,1,1,10,3,1,2,8,0,1,1,,,
201028207229,4,2,1,31,6,307.622,1,7,6,2010,18,0,34,0,0,1,1,10,0,0,2,8,0,1,4,,,
201028207230,1,2,1,31,6,61.524,2,7,6,2010,18,13,12,6,0,2,1,1,3,1,2,8,0,2,1,,,
201028207231,5,2,1,31,6,61.524,1,7,7,2010,23,21,1,0,0,1,3,1,2,1,2,8,0,1,1,,,
201028207235,3,2,1,31,6,61.524,2,8,2,2010,11,20,12,1,0,2,1,1,2,1,2,8,0,3,1,,,
201028207236,6,2,1,31,6,123.049,2,8,3,2010,9,50,12,1,0,2,1,2,0,0,2,8,0,3,1,,,
201028207238,5,2,1,31,6,61.524,1,8,3,2010,14,35,30,0,0,1,1,2,2,1,2,8,0,1,4,,,
201028207241,6,2,1,31,6,123.049,2,7,6,2010,14,15,54,11,0,1,1,1,2,1,2,8,0,1,1,,,
201028207247,3,2,1,29,5,17.183,2,7,2,2010,17,15,12,1,0,1,1,1,2,1,2,8,0,1,1,,,