CASENUM,STRATUM,REGION,PJ,PSU,PSUSTRAT,WEIGHT,VE_TOTAL,MONTH,WKDY_IM,YEAR,HOUR_IM,MINUTE_IM,EVENT1_IM,MANCOL_IM,RELJCT1_IM,RELJCT2_IM,LGTCON_IM,WEATHR_IM,MAXSEV_IM,NO_INJ_IM,ALCHL_IM,LAND_USE,PVH_INVL,TYP_INT,REL_ROAD,CF1,CF2,CF3
201028210539,6,2,1,31,6,123.049,1,11,7,2010,5,45,24,0,0,1,2,5,0,0,2,8,0,1,1,,,
201028210541,4,2,1,31,6,307.622,1,11,2,2010,18,1,24,0,0,1,2,1,0,0,2,8,0,1,1,,,
201028210553,4,2,2,29,5,292.12,1,11,2,2010,20,17,24,0,0,1,2,1,0,0,2,8,0,1,1,,,
201028210557,2,2,2,29,5,17.183,1,11,4,2010,11,30,1,0,0,1,1,1,0,0,2,8,0,1,4,,,
201028210560,5,2,2,29,5,51.55,1,11,5,2010,1,37,34,0,0,1,2,1,2,1,1,8,0,1,4,,,
201028210567,2,2,1,29,5,17.183,2,11,7,2010,20,15,12,7,1,18,2,10,0,0,2,8,0,1,1,,,
201028210568,5,2,1,29,5,51.55,1,11,1,2010,2,15,1,0,0,1,2,10,2,1,1,8,0,1,5,,,
201028210584,5,2,1,29,5,51.55,2,11,5,2010,10,40,12,1,0,1,1,10,2,1,2,8,0,1,1,,,
201028210587,6,2,1,29,5,137.468,1,11,5,2010,14,40,24,0,0,1,1,1,0,0,2,8,0,1,1,,,
201028210590,2,2,1,29,5,17.183,1,11,7,2010,9,47,20,0,0,1,1,10,2,1,2,8,0,1,5,,,
201028210592,4,2,1,29,5,292.12,2,11,7,2010,13,30,12,1,0,2,1,10,0,0,2,8,0,8,1,,,
201028210608,2,2,3,30,4,3.399,2,11,4,2010,7,40,12,1,0,1,1,1,0,0,2,8,0,1,1,,,
201028210633,2,2,2,30,4,3.399,1,11,5,2010,3,30,24,0,0,1,3,1,0,0,2,8,0,1,1,,,
201028210682,6,2,2,30,4,129.17,1,11,6,2010,14,12,42,0,1,5,1,10,0,0,2,8,0,1,4,,,
201028210687,3,2,2,30,4,16.996,1,11,2,2010,18,22,1,0,0,2,3,1,4,1,2,8,0,2,3,,,
201028210690,5,2,1,30,4,56.597,3,10,6,2010,18,10,12,6,0,2,1,1,1,1,2,8,0,2,1,,,
201028210691,4,2,1,30,4,294.303,2,10,6,2010,22,30,12,1,0,1,3,1,1,1,2,8,0,1,1,,,
201028210698,2,2,1,30,4,11.319,2,10,6,2010,13,13,12,7,0,4,1,1,0,0,2,8,0,1,1,,,
201028210700,1,2,1,30,4,11.319,2,10,6,2010,15,38,12,6,0,4,1,1,3,2,1,8,0,1,1,,,
201028210704,2,2,1,30,4,11.319,2,10,6,2010,15,32,12,1,0,1,1,1,1,1,2,8,0,1,1,,,
201028210715,6,2,1,30,4,124.513,2,11,2,2010,9,6,12,6,0,2,1,1,0,0,2,8,0,2,1,,,
201028210718,3,2,1,30,4,22.639,2,11,2,2010,11,45,12,1,0,1,1,1,2,1,2,8,0,1,1,,,
201028210728,3,2,1,30,4,22.639,1,11,2,2010,7,28,21,0,0,2,2,1,2,1,2,8,0,2,1,,,
201028210729,4,2,1,30,4,294.303,1,11,2,2010,6,7,38,0,0,2,3,1,0,0,2,8,0,3,5,,,
201028210752,3,2,1,30,4,22.639,1,11,4,2010,8,19,21,0,0,2,1,1,2,1,2,8,0,2,1,,,
201028210764,3,2,1,30,4,22.639,2,11,3,2010,15,17,12,1,0,1,1,1,2,2,2,8,0,1,1,,,
201028210769,6,2,1,30,4,124.513,1,11,3,2010,0,41,75,0,0,1,3,1,5,1,2,8,0,1,3,,,
201028210775,2,2,1,30,4,11.319,4,11,5,2010,21,35,74,0,1,18,3,2,3,3,1,8,0,1,4,,,
201028210776,4,2,1,30,4,294.303,2,11,5,2010,17,43,12,1,0,1,1,10,0,0,2,8,0,1,1,,,
201028210788,5,2,1,30,4,56.597,3,11,5,2010,17,0,12,2,0,2,1,1,2,1,2,8,0,2,1,,,
201028210793,3,2,1,30,4,22.639,1,11,5,2010,10,30,21,0,0,1,1,1,2,1,2,8,0,1,1,,,
201028210815,4,2,1,30,4,294.303,2,11,6,2010,12,55,12,6,0,4,1,1,0,0,2,8,0,1,1,,,
201028210818,1,2,1,30,4,11.319,1,11,6,2010,20,0,1,0,1,18,3,1,3,2,2,8,0,1,1,,,
201028210824,6,2,1,30,4,124.513,2,11,1,2010,3,28,12,2,0,1,3,1,2,4,2,8,0,1,1,,,
201028210837,2,2,1,30,4,11.319,1,11,6,2010,18,57,1,0,1,5,3,10,2,2,2,8,0,1,4,,,
201028210846,3,2,1,30,4,22.639,1,11,2,2010,10,50,21,0,0,1,1,1,2,1,2,8,0,1,1,,,
201028210857,6,2,1,30,4,124.513,2,11,7,2010,19,35,12,1,0,1,3,1,1,1,2,8,0,1,1,,,
201028210858,4,2,1,30,4,294.303,2,11,7,2010,13,30,12,7,0,1,1,1,0,0,2,8,0,1,1,,,
201028210866,3,2,1,30,4,22.639,2,11,6,2010,1,40,12,1,1,18,3,2,4,2,2,8,0,1,1,,,
201028210874,5,2,1,30,4,56.597,2,11,3,2010,8,15,12,1,0,1,1,1,1,1,2,8,0,1,1,,,
201028210895,4,2,1,30,4,294.303,2,11,3,2010,11,0,12,1,1,17,1,1,0,0,2,8,0,1,1,,,
201028210906,6,2,1,31,6,123.049,1,11,2,2010,21,32,30,0,0,1,2,10,0,0,2,8,0,1,4,,,
201028210908,6,2,1,31,6,123.049,2,11,4,2010,17,35,12,1,0,2,3,2,1,1,2,8,0,3,1,,,
201028210911,6,2,1,31,6,123.049,1,11,7,2010,19,13,24,0,0,1,2,1,0,0,2,8,0,1,1,,,
201028210913,2,2,1,31,6,61.524,4,11,2,2010,8,0,12,7,1,18,1,10,2,2,2,8,0,1,1,,,
201028210924,6,2,1,29,5,137.468,2,11,3,2010,21,15,54,0,0,1,2,1,0,0,2,8,0,1,1,,,
201028210936,6,2,2,29,5,137.468,1,11,6,2010,5,50,24,0,0,1,2,10,0,0,2,8,0,1,1,,,
201028210938,1,2,2,29,5,17.183,1,11,7,2010,21,51,53,0,0,1,2,1,3,1,1,8,0,1,4,,,
201028210952,1,2,1,30,4,11.319,2,11,2,2010,15,1,14,0,1,5,1,1,3,3,2,8,1,1,2,,,
201028210966,6,2,1,30,4,124.513,2,11,4,2010,18,16,12,6,0,2,1,1,0,0,2,8,0,2,1,,,
201028210980,3,2,1,30,4,22.639,3,11,2,2010,8,18,12,1,0,1,1,1,2,3,2,8,0,1,1,,,
201028210984,4,2,1,30,4,294.303,1,11,3,2010,16,52,21,0,0,2,1,2,1,1,2,8,0,2,1,,,
201028210986,2,2,1,30,4,11.319,1,11,5,2010,23,30,74,0,0,1,3,2,0,0,2,8,0,1,4,,,
201028211003,6,2,1,30,4,124.513,3,11,1,2010,13,1,12,1,0,1,1,1,0,0,2,8,0,1,1,,,
201028211012,2,2,1,30,4,11.319,3,11,7,2010,6,37,12,7,0,1,4,1,0,0,2,8,0,1,1,,,
201028211016,3,2,1,30,4,22.639,2,11,7,2010,13,30,12,1,0,2,1,1,2,1,2,8,0,2,1,,,
201028211032,3,2,1,30,4,22.639,1,11,5,2010,23,24,30,0,0,1,3,1,2,1,2,8,0,1,4,,,
201028211033,6,2,1,30,4,124.513,2,11,6,2010,11,22,12,6,0,2,1,1,0,0,2,8,0,2,1,,,
201028211036,4,2,1,30,4,294.303,2,11,7,2010,14,39,14,0,0,1,1,1,0,0,2,8,1,1,7,,,
201028211045,5,2,1,30,4,56.597,1,11,4,2010,17,32,25,0,0,1,2,1,2,1,2,8,0,1,3,,,
201028211054,2,2,1,30,4,11.319,2,11,7,2010,4,34,30,0,0,1,3,1,0,0,2,8,0,1,4,,,
201028211071,2,2,3,30,4,3.399,2,11,6,2010,7,3,12,1,0,1,4,1,2,1,2,8,0,1,1,,,
201028211093,2,2,2,30,4,3.399,2,11,1,2010,20,52,12,7,1,18,3,1,2,1,2,8,0,1,1,,,
201028211098,1,2,2,30,4,3.399,2,11,2,2010,21,40,14,0,1,5,3,1,3,2,2,8,1,1,2,,,
201028211100,1,2,2,30,4,3.399,2,11,4,2010,8,23,12,6,0,2,1,10,3,4,2,8,0,2,1,,,
201028211121,4,2,2,30,4,295.73,2,11,6,2010,16,0,12,7,0,1,1,10,0,0,2,8,0,1,1,,,
201028211142,1,2,2,30,4,3.399,1,11,7,2010,23,35,34,0,0,1,2,1,3,4,2,8,0,1,5,,,
201028211158,1,2,2,30,4,3.399,1,12,5,2010,8,19,32,0,0,1,1,10,3,1,2,8,0,1,6,,,
201028211174,1,2,1,30,4,11.319,1,11,3,2010,22,56,30,0,0,2,3,2,4,1,2,8,0,2,4,,,
201028211176,6,2,1,30,4,124.513,1,11,3,2010,13,49,74,0,1,5,1,2,0,0,2,8,0,1,4,,,
201028211185,4,2,1,30,4,294.303,2,11,2,2010,11,19,12,1,0,1,1,1,0,0,2,8,0,1,1,,,
201028211212,5,2,1,30,4,56.597,2,11,4,2010,14,32,12,2,0,2,1,1,2,1,2,8,0,3,1,,,
201028211218,6,2,1,30,4,124.513,1,11,3,2010,22,50,38,0,1,2,2,2,0,0,2,8,0,3,5,,,
201028211227,4,2,1,30,4,294.303,2,11,6,2010,15,41,12,1,0,2,1,1,0,0,2,8,0,2,1,,,
201028211234,3,2,1,30,4,22.639,1,11,5,2010,17,46,21,0,0,1,2,1,3,1,2,8,0,1,1,,,
201028211235,5,2,1,30,4,56.597,1,11,5,2010,13,20,25,0,0,1,1,10,3,1,2,8,0,1,3,,,
201028211255,2,2,1,30,4,11.319,2,11,6,2010,14,35,12,8,0,1,1,1,3,2,2,8,0,1,1,,,
201028211257,2,2,1,30,4,11.319,2,11,3,2010,15,15,12,7,1,18,1,2,3,1,2,8,0,1,1,,,
201028211260,6,2,1,30,4,124.513,1,11,5,2010,21,54,25,0,1,19,2,10,0,0,2,8,0,1,3,,,
201028211272,6,2,3,30,4,129.17,1,11,5,2010,10,45,25,0,1,2,1,2,0,0,2,8,0,3,3,,,
201028211273,6,2,1,31,6,123.049,1,11,1,2010,6,50,24,0,0,1,2,1,0,0,2,8,0,1,1,,,
201028211274,4,2,1,31,6,307.622,1,11,2,2010,9,5,24,0,0,1,1,1,0,0,2,8,0,1,1,,,
201028211276,2,2,1,31,6,61.524,2,11,2,2010,14,48,12,1,0,1,1,1,1,1,2,8,0,1,1,,,
201028211278,3,2,1,31,6,61.524,2,11,3,2010,21,54,12,1,0,2,3,2,2,1,2,8,0,3,1,,,
201028211279,2,2,1,31,6,61.524,2,12,4,2010,16,8,5,0,0,1,1,4,2,2,2,8,0,1,1,,,
201028211283,2,2,1,31,6,61.524,4,11,2,2010,12,40,12,1,0,1,1,1,2,5,2,8,0,1,1,,,
201028211284,4,2,1,31,6,307.622,2,11,2,2010,13,41,12,1,1,18,1,1,0,0,2,8,0,1,1,,,
201028211287,5,2,1,31,6,61.524,2,12,4,2010,21,31,14,0,0,1,2,4,2,2,2,8,1,1,4,,,
201028211293,6,2,1,29,5,137.468,2,11,1,2010,15,30,12,1,0,1,1,1,1,1,2,8,0,1,1,,,
201028211300,2,2,1,29,5,17.183,1,11,2,2010,22,48,75,0,0,1,2,2,0,0,2,8,0,1,4,,,
201028211301,4,2,1,29,5,292.12,2,11,3,2010,17,55,12,1,0,1,2,2,1,1,2,8,0,1,1,,,
201028211315,1,2,1,30,4,11.319,4,11,7,2010,18,22,12,1,0,2,3,1,3,4,2,8,0,2,1,,,
201028211320,4,2,1,30,4,294.303,2,11,7,2010,15,37,12,6,0,2,1,10,1,1,2,8,0,3,1,,,
201028211344,2,2,1,30,4,11.319,3,11,3,2010,8,39,12,1,1,18,1,10,2,2,2,8,0,1,1,,,
201028211346,2,2,1,30,4,11.319,2,11,3,2010,8,0,8,0,0,1,1,2,0,0,2,8,0,1,1,,,
201028211357,3,2,1,30,4,22.639,1,11,3,2010,23,0,21,0,0,4,3,1,3,1,1,8,0,1,1,,,
201028211360,6,2,1,30,4,124.513,1,11,3,2010,7,38,74,0,1,5,1,10,0,0,2,8,0,1,4,,,
201028211361,4,2,1,30,4,294.303,2,11,5,2010,23,29,14,0,0,1,2,2,0,0,2,8,1,1,7,,,
201028211363,2,2,1,30,4,11.319,3,11,2,2010,8,0,12,1,0,1,1,10,2,1,2,8,0,1,1,,,
201028211398,6,2,1,30,4,124.513,2,11,4,2010,17,10,12,1,0,1,5,2,1,1,2,8,0,1,1,,,
201028211401,4,2,1,30,4,294.303,2,11,4,2010,12,14,12,6,0,4,1,1,0,0,2,8,0,1,1,,,
201028211412,1,2,1,30,4,11.319,2,11,4,2010,20,24,12,6,0,4,3,2,3,1,1,8,0,1,1,,,
201028211422,2,2,1,30,4,11.319,1,11,3,2010,2,40,74,0,1,19,3,2,2,1,2,8,0,1,4,,,
201028211429,5,2,1,30,4,56.597,2,11,5,2010,19,29,12,7,0,1,3,2,3,2,2,8,0,1,1,,,
201028211445,6,2,1,30,4,124.513,2,11,5,2010,1,56,12,6,0,2,3,2,2,2,2,8,0,2,1,,,
201028211448,3,2,1,30,4,22.639,2,11,5,2010,23,2,12,6,0,4,3,2,2,1,2,8,0,1,1,,,
201028211450,4,2,1,30,4,294.303,1,11,5,2010,13,20,30,0,1,5,1,2,0,0,2,8,0,1,4,,,
201028211454,3,2,1,30,4,22.639,1,11,1,2010,2,42,21,0,0,1,2,1,2,2,2,8,0,1,1,,,
201028211455,5,2,1,30,4,56.597,2,11,7,2010,19,6,12,6,0,2,3,1,2,3,2,8,0,2,1,,,
201028211461,1,2,3,30,4,3.399,1,12,2,2010,6,40,32,0,1,5,2,4,3,1,2,8,0,1,4,,,
201028211470,4,2,3,30,4,295.73,1,12,2,2010,15,0,18,0,0,1,1,10,0,0,2,8,0,1,1,,,
201028211475,4,2,1,31,6,307.622,2,11,3,2010,15,52,12,6,0,2,1,2,0,0,2,8,0,2,1,,,
201028211476,6,2,1,31,6,123.049,1,12,4,2010,15,42,25,0,0,1,1,4,2,2,2,8,0,1,4,,,
201028211480,1,2,1,31,6,61.524,2,12,4,2010,18,45,12,6,0,2,3,4,3,2,2,8,0,2,1,,,
201028211483,6,2,1,31,6,123.049,1,12,5,2010,9,20,1,0,0,1,1,1,0,0,2,8,0,1,4,,,
201028211485,6,2,1,31,6,123.049,1,12,5,2010,17,45,8,0,0,1,2,1,0,0,2,8,0,1,1,,,
201028211486,4,2,1,31,6,307.622,1,12,5,2010,17,40,24,0,0,1,2,10,0,0,2,8,0,1,1,,,
201028211488,6,2,1,31,6,123.049,2,12,6,2010,8,10,24,0,0,1,1,1,0,0,2,8,0,1,1,,,
201028211492,5,2,1,31,6,61.524,1,12,7,2010,15,15,74,0,0,1,1,4,2,1,2,8,0,1,4,,,
201028211493,6,2,1,31,6,123.049,1,12,7,2010,16,50,42,0,0,1,1,4,0,0,2,8,0,1,5,,,
201028211496,5,2,1,31,6,61.524,1,12,1,2010,15,50,34,0,0,1,1,10,2,1,2,8,0,1,4,,,
201028211498,4,2,1,31,6,307.622,2,12,6,2010,6,5,12,1,1,5,3,10,0,0,2,8,0,1,1,,,
201028211499,6,2,1,31,6,123.049,1,12,2,2010,6,5,74,0,0,1,2,4,0,0,2,8,0,1,4,,,
201028211501,5,2,1,31,6,61.524,1,12,3,2010,15,25,30,0,0,1,1,10,2,1,2,8,0,1,4,,,
201028211504,2,2,1,31,6,61.524,2,12,6,2010,8,45,12,1,0,1,1,1,1,1,2,8,0,1,1,,,
201028211505,2,2,1,31,6,61.524,1,12,5,2010,21,0,59,0,1,17,3,1,0,0,2,8,0,1,8,,,
201028211506,3,2,1,31,6,61.524,1,12,7,2010,18,57,21,0,0,1,3,4,2,1,2,8,0,1,1,,,
201028211507,2,2,1,31,6,61.524,2,12,7,2010,19,24,12,6,0,2,3,10,2,1,2,8,0,10,1,,,
201028211508,5,2,1,31,6,61.524,1,12,1,2010,23,27,35,0,0,1,2,4,2,3,2,8,0,1,4,,,
201028211510,6,2,1,31,6,123.049,2,12,2,2010,16,32,12,6,0,2,1,10,0,0,2,8,0,2,1,,,
201028211512,2,2,1,31,6,61.524,2,12,3,2010,14,33,12,7,0,1,1,1,0,0,2,8,0,1,1,,,
201028211516,2,2,2,29,5,17.183,2,11,3,2010,17,53,12,6,1,2,3,1,2,1,2,8,0,4,1,,,
201028211517,4,2,2,29,5,292.12,1,11,3,2010,19,45,24,0,0,1,1,10,0,0,2,8,0,1,1,,,
201028211520,6,2,2,29,5,137.468,1,12,6,2010,13,35,30,0,0,1,1,1,0,0,2,8,0,1,5,,,
201028211522,2,2,2,29,5,17.183,2,12,6,2010,22,53,14,0,0,1,2,10,2,3,1,8,1,1,5,,,
201028211523,1,2,2,29,5,17.183,1,12,7,2010,3,50,34,0,0,1,2,4,3,1,1,8,0,1,4,,,
201028211542,6,2,2,30,4,129.17,1,12,6,2010,4,39,30,0,0,1,2,10,0,0,1,8,0,1,4,,,
201028211563,2,2,2,30,4,3.399,2,12,1,2010,14,12,20,0,0,1,1,4,3,2,2,8,0,1,4,,,
201028211579,1,2,2,30,4,3.399,1,12,3,2010,11,45,32,0,0,1,1,10,3,1,2,8,0,1,4,,,
201028211586,1,2,2,30,4,3.399,2,12,3,2010,22,43,12,6,1,2,3,1,3,2,2,8,0,2,1,,,
201028211614,6,2,2,30,4,129.17,1,12,1,2010,16,0,25,0,0,1,1,4,0,0,2,8,0,1,3,,,
201028211621,1,2,2,30,4,3.399,3,12,2,2010,16,45,12,1,0,1,5,1,3,1,2,8,0,1,1,,,
201028211638,1,2,3,30,4,3.399,3,12,2,2010,18,20,20,0,0,1,2,1,3,3,2,8,0,1,4,,,
201028211642,2,2,1,30,4,11.319,1,11,5,2010,7,1,18,0,1,18,4,2,0,0,2,8,0,1,1,,,
201028211660,2,2,1,30,4,11.319,2,11,7,2010,17,13,12,1,0,1,1,1,0,0,2,8,0,1,1,,,
201028211669,4,2,1,30,4,294.303,2,11,5,2010,3,15,12,7,0,1,3,2,0,0,2,8,0,1,1,,,
201028211676,6,2,1,30,4,124.513,2,11,3,2010,8,55,12,1,0,1,1,10,0,0,2,8,0,1,1,,,
201028211682,3,2,1,30,4,22.639,2,11,3,2010,20,0,12,6,0,2,3,2,2,2,2,8,0,2,1,,,
201028211693,2,2,1,30,4,11.319,1,11,3,2010,4,16,25,0,1,19,3,2,0,0,2,8,0,1,3,,,
201028211712,2,2,1,30,4,11.319,1,11,5,2010,6,48,74,0,1,5,3,2,0,0,2,8,0,1,4,,,
201028211713,6,2,1,30,4,124.513,2,11,1,2010,6,38,14,0,0,1,3,1,0,0,2,8,1,1,7,,,
201028211714,2,2,1,30,4,11.319,2,12,5,2010,0,15,25,0,1,18,3,4,0,0,1,8,0,1,3,,,
201028211717,3,2,1,30,4,22.639,3,12,4,2010,11,55,12,1,0,1,1,10,2,2,2,8,0,1,1,,,
201028211719,4,2,1,30,4,294.303,2,12,4,2010,19,20,12,6,0,2,3,4,0,0,2,8,0,2,1,,,
201028211727,5,2,1,30,4,56.597,2,12,4,2010,23,0,12,1,1,5,3,4,2,1,2,8,0,1,1,,,
201028211732,1,2,1,30,4,11.319,1,12,3,2010,0,21,46,0,0,1,2,10,3,1,2,8,0,1,4,,,
201028211742,6,2,1,30,4,124.513,2,12,7,2010,9,35,12,6,0,2,1,10,0,0,2,8,0,2,1,,,
201028211759,1,2,1,30,4,11.319,2,12,5,2010,23,6,12,6,0,2,3,1,3,1,2,8,0,2,1,,,
201028211763,3,2,1,30,4,22.639,2,12,5,2010,16,0,12,1,0,2,1,1,2,1,2,8,0,3,1,,,
201028211767,4,2,1,30,4,294.303,2,11,1,2010,12,45,12,6,0,2,1,1,0,0,2,8,0,2,1,,,
201028211775,6,2,1,30,4,124.513,2,12,7,2010,21,48,12,1,0,2,3,4,0,0,1,8,0,2,1,,,
201028211794,5,2,1,30,4,56.597,2,12,5,2010,9,39,12,6,0,2,1,10,2,3,2,8,0,2,1,,,
201028211808,1,2,1,30,4,11.319,5,11,3,2010,7,31,25,0,1,5,3,2,3,3,2,8,0,1,3,,,
201028211811,4,2,1,30,4,294.303,2,11,1,2010,15,13,12,1,0,1,1,1,0,0,2,8,0,1,1,,,
201028211825,6,2,1,30,4,124.513,2,12,2,2010,16,8,12,6,0,4,1,10,0,0,2,8,0,1,1,,,
201028211838,2,2,1,30,4,11.319,1,11,3,2010,16,29,31,0,0,1,1,2,1,1,2,8,0,1,5,,,
201028211848,6,2,1,30,4,124.513,1,12,3,2010,7,34,25,0,1,19,1,10,2,1,2,8,0,1,10,,,
201028211854,4,2,1,31,6,307.622,1,12,7,2010,0,12,24,0,0,1,2,10,0,0,2,8,0,1,1,,,
201028211856,5,2,1,31,6,61.524,2,12,1,2010,9,0,12,2,0,2,1,4,2,1,2,8,0,3,1,,,
201028211857,2,2,1,31,6,61.524,1,12,1,2010,10,19,34,0,0,1,1,4,0,0,2,8,0,1,3,,,
201028211860,5,2,1,31,6,61.524,2,12,2,2010,13,20,12,1,0,2,1,1,2,1,2,8,0,3,1,,,
201028211861,6,2,1,31,6,123.049,2,12,3,2010,7,30,12,6,0,2,1,1,0,0,2,8,0,2,1,,,
201028211864,6,2,1,31,6,123.049,1,12,4,2010,8,30,42,0,0,1,1,4,0,0,2,8,0,1,4,,,
201028211866,4,2,1,31,6,307.622,1,12,6,2010,8,0,42,0,0,1,1,4,0,0,2,8,0,1,4,,,
201028211871,5,2,1,31,6,61.524,2,12,1,2010,9,10,12,6,0,2,1,4,2,2,2,8,0,2,1,,,
201028211872,6,2,1,31,6,123.049,2,12,1,2010,12,40,12,6,0,2,1,4,2,1,2,8,0,2,1,,,
201028211873,1,2,1,31,6,61.524,1,12,2,2010,4,58,35,0,0,1,2,4,3,1,2,8,0,1,4,,,
201028211874,2,2,1,31,6,61.524,1,12,2,2010,7,16,5,0,0,1,1,10,0,0,2,8,0,1,2,,,
201028211876,6,2,1,31,6,123.049,1,12,2,2010,9,0,74,0,0,1,1,1,0,0,2,8,0,1,4,,,
201028211877,2,2,1,31,6,61.524,2,12,2,2010,11,0,12,1,0,1,1,1,2,1,2,8,0,1,1,,,
201028211878,4,2,1,31,6,307.622,1,12,2,2010,15,30,53,0,0,1,1,1,0,0,2,8,0,1,4,,,
201028211880,6,2,1,31,6,123.049,1,12,2,2010,22,30,34,0,0,1,2,10,0,0,2,8,0,1,4,,,
201028211886,4,2,1,31,6,307.622,1,12,7,2010,3,55,24,0,0,1,2,1,0,0,2,8,0,1,1,,,
201028211888,5,2,1,29,5,51.55,2,12,6,2010,7,40,12,6,0,4,4,10,2,2,2,8,0,1,1,,,
201028211889,2,2,1,29,5,17.183,3,12,6,2010,14,10,12,0,0,1,1,10,1,1,2,8,0,1,1,,,
201028211891,2,2,1,29,5,17.183,2,12,7,2010,9,4,12,7,0,1,1,4,1,1,2,8,0,1,1,,,
201028211893,3,2,1,29,5,17.183,2,12,7,2010,12,10,12,1,0,1,1,4,2,1,2,8,0,1,1,,,
201028211895,3,2,1,29,5,17.183,1,12,7,2010,16,15,25,0,0,1,1,4,2,1,2,8,0,1,3,,,
201028211898,5,2,1,29,5,51.55,1,12,7,2010,18,10,74,0,0,1,2,4,2,1,2,8,0,1,4,,,
201028211905,6,2,1,29,5,137.468,2,12,1,2010,12,21,12,1,0,1,1,10,0,0,2,8,0,1,1,,,
201028211912,2,2,1,29,5,17.183,2,12,3,2010,5,40,25,0,0,1,2,4,2,2,2,8,0,1,4,,,
201028211915,2,2,1,29,5,17.183,2,12,3,2010,7,12,12,7,0,1,2,1,0,0,2,8,0,1,1,,,
201028211917,1,2,1,29,5,17.183,2,12,3,2010,11,30,12,6,0,4,1,10,3,1,2,8,0,1,1,,,
201028211920,4,2,1,29,5,292.12,2,12,5,2010,6,30,12,1,0,2,4,1,0,0,2,8,0,2,1,,,
201028211921,2,2,1,29,5,17.183,1,12,5,2010,22,50,25,0,0,1,2,1,0,0,2,8,0,1,3,,,
201028211922,2,2,1,29,5,17.183,2,12,6,2010,1,1,12,1,0,1,3,1,3,1,2,8,0,1,1,,,
201028211929,6,2,1,29,5,137.468,1,12,7,2010,10,26,25,0,0,1,1,10,0,0,1,8,0,1,3,,,
201028211941,2,2,1,29,5,17.183,2,12,1,2010,16,10,12,6,0,1,1,4,2,1,2,8,0,1,1,,,
201028211943,6,2,1,29,5,137.468,2,12,1,2010,21,11,12,1,0,1,2,4,0,0,2,8,0,1,1,,,
201028211947,3,2,1,29,5,17.183,2,12,2,2010,0,41,12,7,0,1,2,4,2,1,2,8,0,1,1,,,
201028211948,2,2,1,29,5,17.183,2,12,2,2010,8,10,12,6,0,1,1,1,0,0,2,8,0,1,1,,,
201028211950,5,2,1,29,5,51.55,3,12,2,2010,8,15,12,1,0,1,1,10,3,2,2,8,0,1,1,,,
201028211959,6,2,2,29,5,137.468,1,12,6,2010,11,40,30,0,0,1,1,1,0,0,2,8,0,1,4,,,
201028211975,6,2,2,29,5,137.468,1,12,4,2010,5,45,42,0,0,1,2,1,0,0,2,8,0,1,4,,,
201028211981,2,2,1,29,5,17.183,2,12,5,2010,5,18,25,0,0,1,2,4,0,0,2,8,0,1,3,,,
201028211983,4,2,1,29,5,292.12,2,12,5,2010,8,48,12,7,0,1,1,4,0,0,2,8,0,1,1,,,
201028211984,2,2,1,29,5,17.183,1,12,5,2010,7,28,34,0,0,1,2,4,2,1,2,8,0,1,3,,,
201028211986,2,2,1,29,5,17.183,2,12,5,2010,9,30,12,1,0,1,1,4,0,0,2,8,0,1,1,,,
201028211987,2,2,1,29,5,17.183,2,12,5,2010,10,30,12,1,0,1,1,4,0,0,2,8,0,1,1,,,
201028211992,6,2,1,29,5,137.468,1,12,5,2010,15,17,42,0,0,1,1,1,0,0,2,8,0,1,4,,,
201028212007,1,2,1,29,5,17.183,1,12,3,2010,2,55,42,0,0,1,2,10,3,2,1,8,0,1,4,,,
201028212013,4,2,1,29,5,292.12,1,12,4,2010,8,10,53,0,0,1,1,2,0,0,2,8,0,1,4,,,
201028212016,5,2,1,29,5,51.55,1,12,4,2010,15,0,30,0,0,2,1,10,2,2,2,8,0,3,4,,,
201028212023,4,2,2,29,5,292.12,1,12,7,2010,9,10,24,0,0,1,1,1,0,0,2,8,0,1,1,,,
201028212034,6,2,2,29,5,137.468,1,12,3,2010,23,15,72,0,0,1,2,1,0,0,2,8,0,1,3,,,
201028212042,4,2,1,31,6,307.622,1,12,3,2010,1,27,24,0,0,1,2,1,0,0,2,8,0,1,1,,,
201028212044,6,2,1,31,6,123.049,1,12,4,2010,5,40,34,0,0,1,2,3,0,0,2,8,0,1,4,,,
201028212045,2,2,1,31,6,61.524,1,12,4,2010,17,15,32,0,0,1,5,10,2,1,2,8,0,1,4,,,
201028212048,1,2,1,31,6,61.524,3,12,6,2010,21,15,12,7,0,1,3,1,2,3,2,8,0,1,1,,,
201028212050,6,2,1,31,6,123.049,2,12,7,2010,19,1,12,6,1,2,2,10,2,1,2,8,0,2,1,,,
201028212052,4,2,1,31,6,307.622,1,12,3,2010,2,26,24,0,0,1,2,10,0,0,2,8,0,1,1,,,
201028212056,6,2,1,31,6,123.049,2,12,5,2010,14,46,12,6,0,2,1,10,0,0,2,8,0,2,1,,,
201028212069,4,2,1,30,4,294.303,2,12,6,2010,17,15,14,0,0,1,3,10,0,0,2,8,1,1,7,,,