CASENUM,STRATUM,REGION,PJ,PSU,PSUSTRAT,WEIGHT,VE_TOTAL,MONTH,WKDY_IM,YEAR,HOUR_IM,MINUTE_IM,EVENT1_IM,MANCOL_IM,RELJCT1_IM,RELJCT2_IM,LGTCON_IM,WEATHR_IM,MAXSEV_IM,NO_INJ_IM,ALCHL_IM,LAND_USE,PVH_INVL,TYP_INT,REL_ROAD,CF1,CF2,CF3
201028300749,1,3,2,51,9,79.655,2,2,2,2010,18,30,12,6,0,2,1,1,3,1,2,8,0,2,1,,,
201028300751,4,3,2,51,9,318.62,2,2,5,2010,7,45,12,1,0,2,1,1,1,1,2,8,0,3,1,,,
201028300752,2,3,2,51,9,79.655,2,2,2,2010,18,30,12,6,0,2,1,1,0,0,2,8,0,2,1,,,
201028300753,6,3,2,51,9,159.31,2,2,4,2010,2,30,12,6,0,2,3,1,0,0,2,8,0,3,1,,,
201028300754,2,3,2,51,9,79.655,2,2,3,2010,17,27,12,1,0,4,1,1,2,1,2,8,0,1,1,,,
201028300758,4,3,1,51,9,318.62,2,3,6,2010,8,6,12,1,0,2,1,1,0,0,2,3,0,4,1,,,
201028300763,5,3,1,51,9,79.655,1,3,7,2010,7,24,30,0,0,1,1,1,2,1,2,3,0,1,4,,,
201028300764,4,3,1,51,9,318.62,2,3,7,2010,11,9,12,1,0,4,1,10,0,0,2,3,0,1,1,,,
201028300768,4,3,1,51,9,318.62,2,3,1,2010,15,13,12,6,0,4,1,10,0,0,2,3,0,1,1,,,
201028300769,5,3,1,51,9,79.655,2,2,5,2010,22,45,12,6,0,4,3,1,1,1,2,3,0,1,1,,,
201028300770,3,3,1,51,9,79.655,2,3,6,2010,10,24,12,6,0,2,1,1,2,1,2,3,0,2,1,,,
201028300772,6,3,1,51,9,159.31,2,3,7,2010,6,46,12,6,0,2,1,10,0,0,2,3,0,2,1,,,
201028300775,2,3,1,51,9,79.655,2,2,6,2010,23,41,12,6,0,4,3,1,1,2,1,3,0,1,1,,,
201028300776,6,3,1,51,9,159.31,2,3,5,2010,0,1,12,8,0,2,3,1,1,2,1,3,0,2,1,,,
201028300778,6,3,1,51,9,159.31,2,3,5,2010,13,13,12,6,0,2,1,1,0,0,2,3,0,2,1,,,
201028300780,4,3,1,51,9,318.62,2,3,4,2010,16,25,12,6,0,2,1,1,0,0,2,3,0,2,1,,,
201028300783,6,3,1,51,9,159.31,2,2,6,2010,15,15,12,1,0,4,1,1,0,0,2,3,0,1,1,,,
201028300785,6,3,1,51,9,159.31,3,3,2,2010,13,29,12,6,0,2,1,10,2,1,2,3,0,2,1,,,
201028300789,5,3,1,51,9,79.655,2,3,3,2010,10,25,12,1,0,1,1,1,2,1,2,3,0,1,1,,,
201028300790,4,3,1,51,9,318.62,3,3,3,2010,12,40,12,1,0,2,1,1,0,0,2,3,0,3,1,,,
201028300792,6,3,1,51,9,159.31,1,2,3,2010,12,0,42,0,0,1,1,10,1,1,2,3,0,1,4,,,
201028300793,5,3,1,51,9,79.655,2,2,6,2010,16,20,12,6,0,2,1,1,1,2,2,3,0,2,1,,,
201028300797,6,3,1,51,9,159.31,2,3,3,2010,18,22,12,1,0,2,1,1,0,0,2,3,0,8,1,,,
201028300798,4,3,1,51,9,318.62,2,3,4,2010,8,10,12,7,0,1,1,1,0,0,2,3,0,1,1,,,
201028300801,3,3,1,51,9,79.655,2,3,4,2010,14,55,12,6,0,4,1,1,2,2,2,3,0,1,1,,,
201028300803,4,3,1,51,9,318.62,2,3,4,2010,16,50,12,7,0,1,1,1,0,0,2,3,0,1,1,,,
201028300805,3,3,1,51,9,79.655,2,3,5,2010,7,51,12,6,0,2,1,1,3,1,2,3,0,3,1,,,
201028300809,4,3,1,51,9,318.62,2,2,7,2010,12,20,12,1,0,1,1,1,0,0,2,3,0,1,1,,,
201028300812,6,3,1,51,9,159.31,3,2,6,2010,11,30,12,6,0,2,1,1,1,2,2,3,0,2,1,,,
201028300813,5,3,1,51,9,79.655,2,2,6,2010,12,45,12,6,0,4,1,1,1,1,2,3,0,1,1,,,
201028300815,4,3,1,51,9,318.62,3,2,6,2010,16,39,12,1,0,1,1,1,0,0,2,3,0,1,1,,,
201028300817,6,3,1,51,9,159.31,2,2,7,2010,1,35,12,7,0,1,6,2,0,0,1,3,0,1,1,,,
201028300822,4,3,1,51,9,318.62,2,2,7,2010,19,25,12,6,0,2,2,1,0,0,2,3,0,2,1,,,
201028300826,4,3,1,51,9,318.62,2,3,2,2010,18,47,14,0,0,1,3,1,0,0,2,3,1,1,7,,,
201028300828,2,3,2,51,9,79.655,2,2,1,2010,22,0,12,6,0,4,2,5,0,0,2,8,0,1,1,,,
201028300829,6,3,2,51,9,159.31,2,3,2,2010,6,53,12,1,0,1,1,1,0,0,2,8,0,1,1,,,
201028300830,5,3,2,51,9,79.655,1,3,2,2010,4,54,1,0,0,1,2,2,2,1,2,8,0,1,6,,,
201028300832,6,3,2,51,9,159.31,1,3,7,2010,1,30,38,0,0,1,2,10,0,0,2,8,0,1,5,,,
201028300833,5,3,2,51,9,79.655,2,3,5,2010,14,41,12,6,0,1,1,1,2,1,2,8,0,1,1,,,
201028300836,1,3,2,51,9,79.655,1,2,7,2010,8,2,30,0,0,1,1,1,3,2,2,8,0,1,5,,,
201028300839,2,3,2,51,9,79.655,2,2,3,2010,12,57,12,7,0,1,1,4,0,0,2,8,0,1,1,,,
201028300840,3,3,2,51,9,79.655,1,3,7,2010,16,30,38,0,0,1,1,1,2,1,2,8,0,1,5,,,
201028300841,4,3,2,51,9,318.62,1,3,7,2010,14,50,1,0,0,1,1,1,0,0,2,8,0,1,4,,,
201028300843,5,3,2,51,9,79.655,1,3,7,2010,22,55,74,0,0,1,3,2,2,1,2,8,0,1,3,,,
201028300845,6,3,1,51,9,159.31,2,3,6,2010,23,50,12,6,0,2,2,1,1,2,1,3,0,8,1,,,
201028300849,6,3,1,51,9,159.31,2,3,6,2010,15,40,12,6,0,2,1,1,0,0,1,3,0,2,1,,,
201028300850,2,3,1,51,9,79.655,1,3,7,2010,7,47,1,0,0,2,1,1,1,1,2,3,0,2,1,,,
201028300852,4,3,1,51,9,318.62,2,3,7,2010,16,25,12,6,0,2,1,1,1,1,2,3,0,2,1,,,
201028300856,6,3,1,51,9,159.31,2,3,7,2010,22,46,14,0,0,1,2,1,0,0,1,3,1,1,7,,,
201028300858,4,3,1,51,9,318.62,2,3,1,2010,13,31,12,6,0,4,1,1,5,1,2,3,0,1,1,,,
201028300861,3,3,1,51,9,79.655,2,3,4,2010,19,57,12,6,0,2,1,10,4,1,1,3,0,3,1,,,
201028300863,5,3,1,51,9,79.655,2,3,6,2010,19,34,12,1,0,2,2,1,2,1,2,3,0,8,1,,,
201028300864,5,3,1,51,9,79.655,2,3,4,2010,15,4,12,6,0,2,1,1,2,2,2,3,0,2,1,,,
201028300865,4,3,1,51,9,318.62,2,3,5,2010,8,1,12,6,0,2,1,1,0,0,2,3,0,2,1,,,
201028300868,5,3,1,51,9,79.655,1,3,5,2010,14,58,1,0,0,1,1,1,2,1,2,3,0,1,4,,,
201028300871,4,3,1,51,9,318.62,2,3,5,2010,15,51,12,6,0,2,6,1,0,0,2,3,0,2,1,,,
201028300872,5,3,1,51,9,79.655,2,3,4,2010,15,25,14,0,0,1,1,1,2,1,2,3,1,1,7,,,
201028300873,3,3,1,51,9,79.655,2,3,6,2010,15,50,12,6,0,4,1,1,2,2,2,3,0,1,1,,,
201028300874,6,3,1,51,9,159.31,2,3,4,2010,12,16,12,1,0,1,1,1,1,1,2,3,0,1,1,,,
201028300878,4,3,1,51,9,318.62,2,3,2,2010,20,0,14,0,0,1,5,1,0,0,2,3,1,1,7,,,
201028300881,6,3,1,51,9,159.31,2,3,4,2010,0,12,14,0,0,1,2,1,2,1,1,3,1,1,7,,,
201028300884,6,3,1,51,9,159.31,2,3,3,2010,7,33,12,6,0,2,1,1,0,0,2,3,0,2,1,,,
201028300887,4,3,1,51,9,318.62,2,3,3,2010,15,39,12,1,0,2,1,1,1,1,2,3,0,8,1,,,
201028300891,4,3,1,51,9,318.62,2,3,4,2010,7,42,12,1,0,2,1,1,0,0,2,3,0,8,1,,,
201028300893,6,3,1,51,9,159.31,2,3,2,2010,9,31,12,6,0,2,1,1,0,0,2,3,0,2,1,,,
201028300898,6,3,2,51,9,159.31,1,3,4,2010,3,55,38,0,0,2,2,1,0,0,1,8,0,3,6,,,
201028300899,5,3,2,51,9,79.655,2,3,3,2010,8,25,12,1,0,2,2,1,2,1,2,8,0,3,1,,,
201028300903,6,3,1,51,9,159.31,4,3,4,2010,18,4,12,1,0,1,1,1,0,0,2,3,0,1,1,,,
201028300905,4,3,1,51,9,318.62,2,3,5,2010,12,9,12,6,0,2,1,1,0,0,2,3,0,3,1,,,
201028300907,3,3,1,51,9,79.655,2,3,3,2010,18,11,12,1,0,2,1,10,3,2,2,3,0,8,1,,,
201028300910,3,3,1,51,9,79.655,2,3,6,2010,19,57,12,6,0,2,3,1,4,1,1,3,0,3,1,,,
201028300911,4,3,1,51,9,318.62,2,3,6,2010,17,40,12,1,0,1,1,1,0,0,2,3,0,1,1,,,
201028300915,6,3,1,51,9,159.31,2,3,2,2010,13,21,14,0,0,1,1,2,0,0,2,3,1,1,7,,,
201028300916,4,3,1,51,9,318.62,2,3,2,2010,17,52,12,6,0,4,1,2,0,0,2,3,0,1,1,,,
201028300920,6,3,1,51,9,159.31,1,3,7,2010,21,24,30,0,0,2,3,2,0,0,2,3,0,2,4,,,
201028300922,4,3,1,51,9,318.62,2,3,4,2010,15,53,12,1,0,2,1,1,1,1,2,3,0,2,1,,,
201028300927,4,3,1,51,9,318.62,2,3,6,2010,11,50,12,1,0,2,1,1,1,1,2,3,0,8,1,,,
201028300929,3,3,1,51,9,79.655,1,3,6,2010,16,0,21,0,0,1,1,1,2,1,2,3,0,1,1,,,
201028300932,4,3,1,51,9,318.62,2,3,7,2010,18,21,12,1,1,5,1,1,0,0,2,3,0,3,1,,,
201028300933,5,3,1,51,9,79.655,2,3,2,2010,12,27,12,6,0,2,1,2,2,3,2,3,0,2,1,,,
201028300934,5,3,1,51,9,79.655,3,3,2,2010,15,44,12,1,0,2,1,2,2,4,2,3,0,8,1,,,
201028300936,3,3,1,51,9,79.655,1,3,2,2010,17,31,21,0,0,2,1,10,3,1,2,3,0,2,1,,,
201028300939,4,3,1,51,9,318.62,1,3,2,2010,23,34,30,0,0,1,2,2,0,0,2,3,0,1,4,,,
201028300940,1,3,1,51,9,79.655,2,3,6,2010,16,11,12,6,0,2,1,1,3,1,2,3,0,2,1,,,
201028300942,4,3,2,51,9,318.62,2,3,3,2010,17,25,12,6,0,4,5,10,0,0,2,8,0,1,1,,,
201028300946,6,3,1,51,9,159.31,1,2,5,2010,1,18,42,0,0,2,2,10,0,0,1,3,0,2,5,,,
201028300948,5,3,1,51,9,79.655,2,3,3,2010,6,30,12,6,0,2,2,1,1,1,2,3,0,2,1,,,
201028300950,4,3,1,51,9,318.62,2,3,6,2010,10,29,12,6,0,4,1,1,0,0,2,3,0,1,1,,,
201028300955,4,3,1,51,9,318.62,2,3,7,2010,13,36,12,7,0,2,1,1,0,0,2,3,0,8,1,,,
201028300959,4,3,1,51,9,318.62,2,3,1,2010,12,5,12,6,0,2,1,1,0,0,2,3,0,2,1,,,
201028300960,6,3,1,51,9,159.31,2,3,1,2010,1,23,14,0,0,1,3,1,0,0,2,3,1,1,7,,,
201028300964,4,3,1,51,9,318.62,2,3,2,2010,8,13,12,8,0,2,1,1,0,0,2,3,0,2,1,,,
201028300966,5,3,1,51,9,79.655,2,3,3,2010,13,26,12,6,0,1,1,1,2,2,1,3,0,1,1,,,
201028300969,4,3,1,51,9,318.62,2,3,3,2010,16,22,12,1,0,2,1,1,1,1,2,3,0,2,1,,,
201028300972,6,3,1,51,9,159.31,3,3,6,2010,19,19,12,6,0,2,1,1,0,0,2,3,0,2,1,,,
201028300976,4,3,1,51,9,318.62,2,3,4,2010,17,4,12,6,0,4,1,1,0,0,2,3,0,1,1,,,
201028300979,6,3,1,51,9,159.31,2,3,7,2010,17,55,12,6,0,2,1,1,0,0,2,3,0,2,1,,,
201028300982,6,3,1,51,9,159.31,2,3,4,2010,18,35,12,6,0,2,1,1,0,0,2,3,0,2,1,,,
201028300984,6,3,1,51,9,159.31,2,3,5,2010,10,59,12,1,0,2,1,1,0,0,2,3,0,2,1,,,
201028300985,4,3,1,51,9,318.62,2,3,5,2010,12,25,12,6,0,2,1,1,1,1,2,3,0,2,1,,,
201028300989,3,3,1,51,9,79.655,1,3,5,2010,22,44,1,0,0,2,3,1,2,1,2,3,0,2,1,,,
201028300991,4,3,1,51,9,318.62,2,3,2,2010,16,5,12,1,0,2,1,1,1,1,2,3,0,8,1,,,
201028300993,6,3,1,51,9,159.31,3,3,3,2010,8,18,12,6,0,2,1,1,0,0,2,3,1,2,1,,,
201028300997,4,3,1,51,9,318.62,2,3,6,2010,10,38,12,1,0,2,1,10,1,2,2,3,0,2,1,,,
201028300999,5,3,1,51,9,79.655,2,3,5,2010,8,29,12,6,0,2,1,1,1,2,2,3,0,2,1,,,
201028301000,6,3,1,51,9,159.31,2,3,3,2010,21,56,12,6,0,2,2,1,1,2,2,3,0,2,1,,,
201028301003,6,3,1,51,9,159.31,3,3,7,2010,18,45,12,1,0,2,1,1,2,1,2,3,0,2,1,,,
201028301004,5,3,1,51,9,79.655,2,3,1,2010,20,45,12,6,0,2,3,1,2,2,2,3,0,2,1,,,
201028301007,4,3,1,51,9,318.62,2,3,2,2010,16,43,12,6,0,2,1,1,0,0,2,3,0,2,1,,,
201028301008,6,3,1,51,9,159.31,2,3,2,2010,17,7,12,1,0,2,1,1,0,0,2,3,0,2,1,,,
201028301012,4,3,1,51,9,318.62,2,3,5,2010,5,5,12,6,0,2,1,1,0,0,2,3,0,2,1,,,
201028301014,5,3,1,51,9,79.655,2,3,6,2010,22,24,12,6,0,2,3,1,1,2,2,3,0,2,1,,,
201028301015,5,3,1,51,9,79.655,2,3,6,2010,23,8,12,2,0,2,3,10,2,1,1,3,0,2,1,,,
201028301019,6,3,1,51,9,159.31,1,3,1,2010,0,6,38,0,0,1,3,1,0,0,1,3,0,1,5,,,
201028301020,4,3,1,51,9,318.62,2,3,1,2010,17,34,12,1,0,2,1,1,0,0,2,3,0,2,1,,,
201028301023,3,3,1,51,9,79.655,3,3,4,2010,15,29,12,1,0,1,1,1,2,8,2,3,0,1,1,,,
201028301025,3,3,1,51,9,79.655,2,3,6,2010,11,44,12,6,0,2,1,10,2,1,2,3,0,3,1,,,
201028301027,6,3,1,51,9,159.31,2,3,6,2010,13,45,12,1,0,1,1,1,1,1,2,3,0,1,1,,,
201028301029,5,3,1,51,9,79.655,2,3,2,2010,9,40,12,1,0,2,1,1,2,1,2,3,0,8,1,,,
201028301030,6,3,2,51,9,159.31,2,3,2,2010,14,45,12,2,0,4,1,1,2,1,2,8,0,1,1,,,
201028301033,3,3,2,51,9,79.655,2,3,4,2010,19,50,12,1,0,1,1,1,2,3,2,8,0,1,1,,,
201028301034,6,3,1,51,9,159.31,1,3,6,2010,11,46,30,0,0,2,1,1,2,1,2,3,0,2,4,,,
201028301035,2,3,1,51,9,79.655,2,3,2,2010,15,27,12,6,0,4,1,2,0,0,2,3,0,1,1,,,
201028301036,4,3,1,51,9,318.62,1,4,5,2010,10,30,43,0,0,2,1,1,0,0,2,3,0,2,1,,,
201028301040,4,3,1,51,9,318.62,2,4,6,2010,12,51,12,1,0,2,1,1,0,0,2,3,0,2,1,,,
201028301043,5,3,1,51,9,79.655,2,4,5,2010,17,58,12,6,0,2,1,1,2,1,2,3,0,3,1,,,
201028301046,4,3,1,51,9,318.62,2,3,3,2010,18,0,12,1,0,2,1,1,1,1,2,3,0,2,1,,,
201028301047,3,3,1,51,9,79.655,2,4,5,2010,20,45,12,1,0,1,3,1,2,1,2,3,0,1,1,,,
201028301048,5,3,1,51,9,79.655,1,4,6,2010,5,50,30,0,0,1,3,1,1,1,2,3,0,1,4,,,
201028301052,6,3,1,51,9,159.31,2,4,7,2010,12,21,12,6,0,2,1,1,0,0,2,3,0,8,1,,,
201028301053,4,3,1,51,9,318.62,1,4,1,2010,9,0,43,0,0,2,1,1,0,0,2,3,0,2,4,,,
201028301057,4,3,1,51,9,318.62,2,3,2,2010,11,50,12,6,0,2,1,2,0,0,2,3,0,2,1,,,
201028301061,5,3,1,51,9,79.655,2,3,4,2010,17,27,12,1,0,1,1,1,1,1,2,3,0,1,1,,,
201028301063,4,3,1,51,9,318.62,2,3,2,2010,16,17,12,6,0,2,1,1,0,0,2,3,0,8,1,,,
201028301064,5,3,1,51,9,79.655,2,3,3,2010,8,4,12,6,0,2,1,1,3,1,2,3,0,3,1,,,
201028301065,6,3,1,51,9,159.31,2,3,3,2010,11,55,12,6,0,4,1,1,0,0,2,3,0,1,1,,,
201028301069,4,3,1,51,9,318.62,2,3,3,2010,18,19,12,7,0,2,1,1,0,0,2,3,0,2,1,,,
201028301073,5,3,1,51,9,79.655,2,3,3,2010,13,47,12,6,0,4,1,1,1,1,2,3,0,1,1,,,
201028301074,4,3,2,51,9,318.62,2,4,4,2010,2,20,14,0,0,1,2,1,0,0,2,8,1,1,7,,,
201028301076,5,3,2,51,9,79.655,2,4,2,2010,12,40,12,6,0,2,1,1,2,3,2,8,0,3,1,,,
201028301078,4,3,1,51,9,318.62,3,4,5,2010,20,44,12,2,0,2,3,1,1,2,1,3,0,2,1,,,
201028301083,4,3,1,51,9,318.62,2,4,5,2010,22,15,12,6,0,4,3,1,0,0,2,3,0,1,1,,,
201028301084,6,3,1,51,9,159.31,2,4,6,2010,10,1,12,6,0,2,1,1,0,0,2,3,0,8,1,,,
201028301088,6,3,1,51,9,159.31,2,4,7,2010,14,14,12,1,0,4,1,1,1,1,2,3,0,1,1,,,
201028301091,4,3,1,51,9,318.62,2,4,1,2010,15,25,12,6,0,4,1,1,0,0,2,3,0,1,1,,,
201028301094,3,3,1,51,9,79.655,2,4,1,2010,18,6,12,6,0,2,1,1,2,2,2,3,0,8,1,,,
201028301096,4,3,1,51,9,318.62,2,4,4,2010,16,17,12,6,0,2,1,1,0,0,2,3,0,2,1,,,
201028301097,6,3,1,51,9,159.31,2,4,5,2010,18,14,12,6,0,2,1,1,0,0,2,3,0,2,1,,,
201028301101,6,3,1,51,9,159.31,2,4,5,2010,14,1,12,6,0,2,1,1,0,0,2,3,0,2,1,,,
201028301103,4,3,1,51,9,318.62,2,4,5,2010,7,46,12,1,0,4,1,1,0,0,2,3,0,1,1,,,
201028301104,1,3,1,51,9,79.655,2,4,4,2010,16,3,12,6,0,4,1,1,3,4,2,3,0,1,1,,,
201028301109,4,3,1,51,9,318.62,2,4,1,2010,14,8,12,7,0,2,1,1,0,0,2,3,0,2,1,,,
201028301110,6,3,1,51,9,159.31,2,4,2,2010,16,24,12,6,0,4,1,1,0,0,2,3,0,1,1,,,
201028301112,3,3,1,51,9,79.655,2,4,3,2010,11,30,12,8,0,1,1,1,3,1,2,3,0,1,1,,,
201028301116,4,3,1,51,9,318.62,1,4,4,2010,0,15,31,0,1,18,3,1,0,0,2,3,0,1,8,,,
201028301117,6,3,1,51,9,159.31,2,4,4,2010,11,25,38,0,0,1,1,1,0,0,2,3,0,1,5,,,
201028301119,3,3,1,51,9,79.655,2,4,5,2010,7,48,12,1,0,1,1,1,2,2,2,3,0,1,1,,,
201028301123,4,3,1,51,9,318.62,2,4,2,2010,12,1,12,1,0,2,1,1,0,0,2,3,0,8,1,,,
201028301124,6,3,1,51,9,159.31,2,4,2,2010,12,14,12,6,0,2,1,1,0,0,2,3,0,2,1,,,
201028301128,4,3,1,51,9,318.62,2,4,3,2010,12,29,12,6,0,4,1,1,0,0,2,3,0,1,1,,,
201028301132,4,3,1,51,9,318.62,2,4,5,2010,18,0,12,1,0,4,1,1,0,0,2,3,0,1,1,,,
201028301137,6,3,1,51,9,159.31,1,4,6,2010,0,45,1,0,0,1,2,1,0,0,2,3,0,1,3,,,
201028301139,6,3,1,51,9,159.31,2,4,2,2010,18,12,12,1,0,1,1,1,0,0,2,3,0,1,1,,,
201028301141,5,3,1,51,9,79.655,3,4,5,2010,22,12,12,6,0,2,3,1,1,2,2,3,0,2,1,,,
201028301142,4,3,1,51,9,318.62,2,4,5,2010,11,48,12,7,0,1,1,2,0,0,2,3,0,1,1,,,
201028301145,6,3,1,51,9,159.31,1,4,6,2010,7,10,43,0,0,1,1,2,0,0,2,3,0,1,4,,,
201028301148,6,3,1,51,9,159.31,1,4,6,2010,12,39,19,0,0,1,1,1,0,0,2,3,0,1,5,,,
201028301149,4,3,1,51,9,318.62,2,4,7,2010,1,57,12,6,0,2,3,2,0,0,2,3,0,3,1,,,
201028301151,6,3,1,51,9,159.31,1,4,6,2010,22,35,33,0,0,1,3,2,0,0,2,3,0,1,4,,,
201028301152,5,3,1,51,9,79.655,2,4,6,2010,14,25,12,6,0,4,1,10,2,2,2,3,0,1,1,,,
201028301155,5,3,1,51,9,79.655,2,4,1,2010,16,48,12,2,0,1,1,1,1,2,2,3,0,1,1,,,
201028301157,3,3,1,51,9,79.655,1,4,3,2010,0,40,30,0,0,4,3,1,2,1,2,3,0,1,5,,,
201028301159,6,3,1,51,9,159.31,2,4,4,2010,20,20,12,6,0,2,3,10,1,1,2,3,0,2,1,,,
201028301160,4,3,1,51,9,318.62,2,4,5,2010,21,33,12,1,0,2,3,2,1,1,1,3,0,2,1,,,
201028301163,6,3,1,51,9,159.31,3,4,4,2010,8,7,12,1,0,1,1,2,0,0,2,3,0,1,1,,,
201028301167,4,3,1,51,9,318.62,2,4,5,2010,11,16,12,6,0,2,1,2,0,0,2,3,0,2,1,,,
201028301170,6,3,1,51,9,159.31,2,4,5,2010,16,2,12,6,0,2,1,1,0,0,2,3,0,2,1,,,
201028301172,4,3,1,51,9,318.62,5,4,4,2010,7,48,12,1,0,1,1,2,1,1,2,3,0,1,1,,,
201028301176,6,3,1,51,9,159.31,2,4,7,2010,11,50,12,1,0,5,1,1,0,0,2,3,0,1,1,,,
201028301178,2,3,1,51,9,79.655,2,4,1,2010,15,34,12,6,0,2,1,1,0,0,2,3,0,2,1,,,
201028301179,4,3,1,51,9,318.62,2,4,2,2010,18,46,12,6,0,2,1,10,1,1,2,3,0,3,1,,,
201028301183,4,3,1,51,9,318.62,2,3,4,2010,11,21,12,6,0,2,1,1,0,0,2,3,0,2,1,,,
201028301187,4,3,1,51,9,318.62,2,4,3,2010,14,48,12,6,0,2,1,1,0,0,2,3,0,3,1,,,
201028301191,4,3,1,51,9,318.62,2,4,3,2010,13,0,12,6,0,4,1,1,0,0,2,3,0,1,1,,,
201028301195,4,3,1,51,9,318.62,2,4,6,2010,18,43,12,6,0,4,1,1,0,0,2,3,0,1,1,,,
201028301197,5,3,1,51,9,79.655,2,4,1,2010,19,37,12,2,0,2,1,1,2,2,2,3,0,2,1,,,
201028301199,5,3,1,51,9,79.655,2,4,2,2010,8,12,12,6,0,2,1,10,3,1,2,3,0,2,1,,,
201028301203,6,3,2,51,9,159.31,2,4,6,2010,22,35,12,6,0,2,2,2,0,0,2,8,0,3,1,,,
201028301205,4,3,2,51,9,318.62,2,4,6,2010,18,11,12,6,0,2,1,1,0,0,2,8,0,4,1,,,
201028301206,6,3,2,51,9,159.31,1,4,7,2010,8,34,25,0,0,1,1,2,0,0,2,8,0,1,3,,,
201028301210,5,3,2,51,9,79.655,1,4,6,2010,6,11,25,0,0,1,6,2,2,1,2,8,0,1,4,,,
201028301212,4,3,2,51,9,318.62,2,4,7,2010,1,45,12,8,0,2,3,1,0,0,2,8,0,2,1,,,
201028301213,6,3,2,51,9,159.31,2,4,6,2010,17,20,12,8,0,1,1,1,0,0,2,8,0,1,1,,,
201028301215,5,3,2,51,9,79.655,2,4,4,2010,17,0,12,6,0,2,1,1,1,2,2,8,0,2,1,,,
201028301216,4,3,1,51,9,318.62,3,4,5,2010,17,31,12,1,0,2,1,1,1,2,2,3,0,8,1,,,
201028301221,4,3,1,51,9,318.62,2,4,7,2010,13,2,12,6,0,4,1,1,0,0,2,3,0,1,1,,,
201028301222,5,3,1,51,9,79.655,2,4,7,2010,15,54,12,2,0,4,1,1,2,1,2,3,0,1,1,,,
201028301224,6,3,1,51,9,159.31,2,4,4,2010,8,0,12,6,0,2,1,1,2,2,2,3,0,2,1,,,
201028301227,4,3,1,51,9,318.62,2,4,6,2010,20,8,12,9,0,4,5,1,0,0,2,3,0,1,1,,,
201028301230,6,3,1,51,9,159.31,2,4,3,2010,7,51,14,0,0,1,1,1,0,0,2,3,1,1,2,,,
201028301234,4,3,1,51,9,318.62,2,4,2,2010,3,18,12,6,0,2,3,10,0,0,2,3,0,2,1,,,
201028301237,6,3,1,51,9,159.31,2,4,3,2010,17,25,12,6,0,2,1,1,0,0,2,3,0,3,1,,,
201028301239,4,3,1,51,9,318.62,2,4,4,2010,7,45,12,6,0,4,1,1,0,0,2,3,0,1,1,,,
201028301243,4,3,1,51,9,318.62,2,4,4,2010,12,36,12,1,0,2,1,1,0,0,2,3,0,8,1,,,
201028301248,4,3,1,51,9,318.62,2,4,3,2010,12,38,14,0,0,1,1,1,0,0,2,3,1,1,7,,,
201028301252,4,3,1,51,9,318.62,2,4,3,2010,19,26,12,7,1,5,1,1,0,0,2,3,0,3,1,,,
201028301254,3,3,1,51,9,79.655,2,4,5,2010,17,31,12,1,0,1,1,10,2,2,2,3,0,1,1,,,
201028301255,6,3,1,51,9,159.31,1,4,6,2010,1,16,34,0,0,1,3,2,0,0,1,3,0,1,6,,,
201028301257,5,3,1,51,9,79.655,1,4,4,2010,7,33,33,0,0,1,1,10,1,1,2,3,0,1,4,,,
201028301260,4,3,1,51,9,318.62,2,4,5,2010,18,7,12,1,0,2,1,10,0,0,2,3,0,2,1,,,
201028301261,6,3,1,51,9,159.31,2,4,5,2010,14,2,12,6,0,2,1,2,0,0,2,3,0,2,1,,,
201028301266,6,3,1,51,9,159.31,4,4,5,2010,4,25,14,0,0,1,3,10,0,0,2,3,3,1,7,,,
201028301267,4,3,1,51,9,318.62,2,4,2,2010,18,15,12,1,0,2,1,1,0,0,2,3,0,8,1,,,
201028301273,5,3,2,51,9,79.655,1,4,6,2010,7,30,24,0,0,1,1,1,1,1,2,8,0,1,1,,,
201028301274,6,3,2,51,9,159.31,2,4,5,2010,18,47,12,1,0,2,1,2,0,0,2,8,0,2,1,,,
201028301275,1,3,2,51,9,79.655,1,4,4,2010,9,43,43,0,0,1,1,1,4,1,2,8,0,1,6,,,
201028301277,2,3,2,51,9,79.655,2,4,5,2010,8,45,12,1,0,1,1,2,0,0,2,8,0,1,1,,,
201028301279,5,3,2,51,9,79.655,1,4,5,2010,11,22,25,0,0,1,1,2,2,1,2,8,0,1,3,,,
201028301280,4,3,2,51,9,318.62,3,4,5,2010,12,17,12,1,0,2,1,2,0,0,2,8,0,3,1,,,
201028301283,1,3,1,51,9,79.655,1,4,1,2010,1,30,72,0,0,2,3,1,3,1,1,3,0,2,4,,,
201028301284,4,3,1,51,9,318.62,2,4,4,2010,13,1,12,6,0,2,1,1,0,0,2,3,0,2,1,,,
201028301288,6,3,1,51,9,159.31,2,5,7,2010,11,41,12,6,0,4,1,10,1,1,2,3,0,1,1,,,
201028301289,3,3,1,51,9,79.655,2,5,7,2010,12,38,12,6,0,2,1,1,2,1,2,3,0,2,1,,,
201028301291,4,3,1,51,9,318.62,2,5,7,2010,14,33,12,6,0,4,1,1,0,0,2,3,0,1,1,,,
201028301294,6,3,1,51,9,159.31,2,5,7,2010,15,54,12,6,0,2,1,1,0,0,2,3,0,2,1,,,
201028301297,4,3,1,51,9,318.62,1,5,1,2010,10,40,59,0,0,1,1,1,0,0,2,3,0,1,4,,,
201028301299,3,3,1,51,9,79.655,1,5,1,2010,16,47,1,0,0,1,1,1,2,1,2,3,0,1,1,,,