CASENUM,STRATUM,REGION,PJ,PSU,PSUSTRAT,WEIGHT,VE_TOTAL,MONTH,WKDY_IM,YEAR,HOUR_IM,MINUTE_IM,EVENT1_IM,MANCOL_IM,RELJCT1_IM,RELJCT2_IM,LGTCON_IM,WEATHR_IM,MAXSEV_IM,NO_INJ_IM,ALCHL_IM,LAND_USE,PVH_INVL,TYP_INT,REL_ROAD,CF1,CF2,CF3
201028301849,4,3,1,51,9,318.62,2,6,2,2010,10,5,12,6,0,4,1,1,0,0,2,3,0,1,1,,,
201028301850,3,3,1,51,9,79.655,2,6,2,2010,14,53,12,6,0,4,1,1,2,1,2,3,0,1,11,,,
201028301852,5,3,1,51,9,79.655,2,6,2,2010,9,40,12,2,0,2,1,1,2,2,2,3,0,3,1,,,
201028301853,6,3,1,51,9,159.31,3,6,2,2010,17,22,12,6,0,2,1,10,0,0,2,3,0,2,1,,,
201028301856,4,3,1,51,9,318.62,2,6,1,2010,14,15,12,1,0,1,1,1,0,0,2,3,0,1,1,,,
201028301858,5,3,1,51,9,79.655,2,6,2,2010,19,12,19,0,0,2,1,10,2,1,1,3,1,3,5,,,
201028301860,6,3,1,51,9,159.31,2,6,3,2010,8,4,12,6,0,2,1,2,0,0,2,3,0,2,1,,,
201028301863,4,3,1,51,9,318.62,2,6,4,2010,17,34,12,1,0,2,1,1,0,0,2,3,0,2,1,,,
201028301864,4,3,2,51,9,318.62,1,7,5,2010,19,20,25,0,0,1,1,2,0,0,2,8,0,1,3,,,
201028301865,5,3,2,51,9,79.655,1,6,2,2010,18,15,38,0,0,1,1,1,1,1,2,8,0,1,5,,,
201028301866,6,3,2,51,9,159.31,1,6,2,2010,12,30,38,0,0,1,1,1,0,0,2,8,0,1,5,,,
201028301870,4,3,2,51,9,318.62,1,7,2,2010,21,30,38,0,0,1,3,1,1,1,2,8,0,1,5,,,
201028301873,3,3,2,51,9,79.655,2,6,2,2010,11,45,12,1,0,2,1,1,2,3,2,8,0,3,1,,,
201028301874,5,3,2,51,9,79.655,1,7,4,2010,8,55,1,0,0,1,1,1,1,2,2,8,0,1,5,,,
201028301879,5,3,1,51,9,79.655,2,7,2,2010,9,51,12,6,0,2,1,10,2,1,2,3,0,2,1,,,
201028301883,4,3,1,51,9,318.62,2,7,6,2010,11,40,12,1,0,1,1,1,0,0,2,3,0,1,1,,,
201028301884,3,3,1,51,9,79.655,2,7,6,2010,12,8,12,1,0,1,1,1,2,1,2,3,0,1,1,,,
201028301888,4,3,1,51,9,318.62,2,7,5,2010,12,19,12,7,0,1,1,10,0,0,2,3,0,1,1,,,
201028301892,6,3,1,51,9,159.31,2,7,6,2010,11,57,12,6,0,2,1,10,2,1,2,3,0,3,1,,,
201028301893,4,3,1,51,9,318.62,2,7,6,2010,15,36,12,1,0,1,1,2,0,0,2,3,0,1,1,,,
201028301898,4,3,1,51,9,318.62,2,7,6,2010,18,54,12,6,0,2,1,10,0,0,2,3,0,2,1,,,
201028301900,6,3,1,51,9,159.31,1,7,7,2010,5,39,25,0,0,1,3,2,0,0,1,3,0,1,3,,,
201028301902,3,3,1,51,9,79.655,1,7,1,2010,1,30,46,0,0,1,3,1,2,2,1,3,0,1,4,,,
201028301904,6,3,1,51,9,159.31,2,7,1,2010,12,35,12,8,0,1,1,1,0,0,2,3,0,1,1,,,
201028301907,4,3,1,51,9,318.62,2,7,2,2010,8,4,12,1,0,2,1,10,0,0,2,3,0,2,1,,,
201028301909,5,3,1,51,9,79.655,2,7,3,2010,10,42,12,6,0,2,1,1,2,2,2,3,0,2,1,,,
201028301911,2,3,1,51,9,79.655,2,7,3,2010,16,22,12,6,0,2,1,1,0,0,2,3,0,8,1,,,
201028301913,4,3,1,51,9,318.62,2,7,3,2010,19,50,31,0,0,1,1,1,1,1,2,3,0,1,3,,,
201028301915,6,3,1,51,9,159.31,2,7,4,2010,17,45,12,6,0,4,1,1,1,1,2,3,0,1,1,,,
201028301916,5,3,1,51,9,79.655,2,7,4,2010,10,29,12,6,0,2,1,1,2,2,2,3,0,3,1,,,
201028301920,4,3,1,51,9,318.62,2,7,4,2010,16,37,12,1,0,4,1,1,0,0,2,3,0,1,1,,,
201028301922,6,3,1,51,9,159.31,3,6,1,2010,14,3,12,6,0,2,1,1,0,0,1,3,0,2,1,,,
201028301925,4,3,1,51,9,318.62,2,6,7,2010,22,10,14,0,0,1,2,2,0,0,2,3,1,1,7,,,
201028301930,4,3,1,51,9,318.62,2,7,5,2010,17,53,12,1,0,2,1,1,1,1,2,3,0,8,1,,,
201028301932,5,3,1,51,9,79.655,2,7,6,2010,2,12,12,1,0,1,2,2,2,1,2,3,0,1,1,,,
201028301933,6,3,1,51,9,159.31,2,7,6,2010,9,18,12,6,0,2,1,1,0,0,2,3,0,3,1,,,
201028301934,3,3,1,51,9,79.655,2,7,6,2010,9,55,12,7,0,1,1,2,2,1,2,3,0,1,1,,,
201028301936,3,3,1,51,9,79.655,2,7,6,2010,15,5,12,6,0,2,1,2,2,1,1,3,0,2,1,,,
201028301939,6,3,1,51,9,159.31,5,7,7,2010,0,14,14,0,0,1,2,2,0,0,2,3,4,1,7,,,
201028301941,4,3,1,51,9,318.62,2,7,7,2010,11,4,12,1,0,2,1,1,0,0,2,3,0,8,1,,,
201028301942,6,3,1,51,9,159.31,1,7,7,2010,11,19,30,0,0,1,1,2,0,0,2,3,0,1,4,,,
201028301944,5,3,1,51,9,79.655,2,7,7,2010,14,36,12,6,0,2,1,2,2,3,2,3,0,3,1,,,
201028301948,3,3,1,51,9,79.655,1,7,1,2010,22,53,21,0,0,1,6,10,2,1,2,3,0,1,1,,,
201028301949,4,3,1,51,9,318.62,2,7,6,2010,17,16,12,1,0,2,1,2,0,0,2,3,0,8,1,,,
201028301950,5,3,1,51,9,79.655,2,7,2,2010,10,58,12,6,0,2,1,1,1,2,2,3,0,2,1,,,
201028301952,1,3,2,51,9,79.655,1,7,3,2010,13,15,1,0,0,1,1,1,3,1,2,8,0,1,4,,,
201028301953,3,3,2,51,9,79.655,1,7,4,2010,18,25,1,0,0,1,1,1,2,1,2,8,0,1,1,,,
201028301954,6,3,1,51,9,159.31,2,7,1,2010,12,8,12,1,0,2,1,1,0,0,2,3,0,2,1,,,
201028301957,6,3,1,51,9,159.31,2,7,4,2010,18,10,12,2,0,4,1,1,0,0,2,3,0,1,1,,,
201028301960,4,3,1,51,9,318.62,2,7,5,2010,12,44,12,6,0,2,1,1,0,0,2,3,0,2,1,,,
201028301962,6,3,1,51,9,159.31,2,7,5,2010,16,54,12,6,0,2,1,1,0,0,2,3,0,3,1,,,
201028301964,6,3,1,51,9,159.31,2,7,3,2010,17,40,12,1,0,2,1,1,0,0,2,3,0,8,1,,,
201028301967,4,3,1,51,9,318.62,2,7,4,2010,13,5,12,6,0,4,1,1,0,0,2,3,0,1,11,,,
201028301969,6,3,1,51,9,159.31,3,7,2,2010,1,42,12,2,0,2,3,10,0,0,2,3,0,8,1,,,
201028301973,4,3,1,51,9,318.62,2,7,5,2010,6,54,12,6,0,2,1,1,0,0,2,3,0,2,1,,,
201028301977,4,3,1,51,9,318.62,2,7,3,2010,8,9,12,6,0,4,1,1,0,0,2,3,0,1,1,,,
201028301981,2,3,1,51,9,79.655,2,7,7,2010,7,40,12,1,0,1,1,10,0,0,1,3,0,1,1,,,
201028301983,4,3,1,51,9,318.62,2,7,2,2010,15,31,12,6,0,1,1,1,0,0,2,3,0,1,1,,,
201028301985,4,3,2,51,9,318.62,1,7,5,2010,18,38,30,0,0,2,1,10,0,0,2,8,0,3,4,,,
201028301986,5,3,2,51,9,79.655,2,7,2,2010,18,5,12,2,0,2,1,1,1,3,2,8,0,3,1,,,
201028301989,5,3,2,51,9,79.655,2,7,6,2010,17,20,54,11,0,1,1,1,2,1,2,8,0,1,1,,,
201028301990,5,3,2,51,9,79.655,2,7,7,2010,11,55,12,6,0,2,1,1,2,3,2,8,0,2,1,,,
201028301991,2,3,2,51,9,79.655,1,7,2,2010,18,25,1,0,0,5,1,1,0,0,2,8,0,1,4,,,
201028301992,6,3,2,51,9,159.31,2,7,3,2010,10,0,12,6,0,2,1,1,0,0,2,8,0,2,1,,,
201028301995,6,3,2,51,9,159.31,2,7,7,2010,0,15,14,0,0,2,2,1,0,0,2,8,1,3,5,,,
201028301996,4,3,2,51,9,318.62,1,7,1,2010,8,30,25,0,0,1,1,10,0,0,2,8,0,1,3,,,
201028301997,5,3,2,51,9,79.655,2,7,3,2010,7,58,12,6,0,2,1,10,3,1,2,8,0,2,1,,,
201028301999,6,3,2,51,9,159.31,1,7,7,2010,5,5,1,0,0,1,2,2,2,1,2,8,0,1,5,,,
201028302003,6,3,2,51,9,159.31,1,5,3,2010,16,35,30,0,0,1,1,1,0,0,2,8,0,1,4,,,
201028302004,6,3,1,51,9,159.31,2,7,5,2010,16,11,12,6,0,2,1,1,0,0,2,3,0,2,1,,,
201028302007,6,3,1,51,9,159.31,2,7,5,2010,16,48,12,6,0,2,1,1,0,0,2,3,0,2,1,,,
201028302009,5,3,1,51,9,79.655,2,7,5,2010,21,20,12,6,0,2,3,1,2,1,2,3,0,2,1,,,
201028302010,6,3,1,51,9,159.31,2,7,5,2010,22,15,12,1,0,2,3,1,1,1,2,3,0,2,1,,,
201028302012,4,3,1,51,9,318.62,1,7,6,2010,9,4,33,0,0,1,6,10,0,0,2,3,0,1,4,,,
201028302014,5,3,1,51,9,79.655,1,7,7,2010,1,50,30,0,0,2,3,1,2,1,2,3,0,2,4,,,
201028302018,6,3,1,51,9,159.31,2,7,2,2010,8,50,12,6,0,2,1,1,2,2,2,3,0,2,1,,,
201028302019,4,3,1,51,9,318.62,2,7,2,2010,11,38,12,6,0,2,1,1,0,0,2,3,0,2,1,,,
201028302020,5,3,1,51,9,79.655,2,7,7,2010,13,35,12,6,0,2,1,10,2,2,1,3,0,2,1,,,
201028302024,4,3,1,51,9,318.62,2,7,3,2010,17,35,12,7,0,2,1,1,0,0,2,3,0,2,1,,,
201028302026,6,3,1,51,9,159.31,2,7,2,2010,3,23,14,0,0,1,2,1,0,0,2,3,1,1,7,,,
201028302030,3,3,1,51,9,79.655,2,7,3,2010,14,25,12,6,0,2,1,1,2,1,2,3,0,2,1,,,
201028302032,4,3,1,51,9,318.62,2,7,3,2010,6,44,12,2,0,2,1,10,0,0,2,3,0,2,1,,,
201028302034,6,3,1,51,9,159.31,3,7,2,2010,6,39,12,6,0,2,1,1,1,1,2,3,0,2,1,,,
201028302037,5,3,1,51,9,79.655,2,6,7,2010,21,15,14,0,0,1,3,1,1,2,2,3,1,1,7,,,
201028302038,4,3,1,51,9,318.62,2,7,3,2010,17,18,12,6,0,4,1,10,0,0,2,3,0,1,1,,,
201028302042,4,3,1,51,9,318.62,2,7,2,2010,17,10,12,6,0,2,1,1,0,0,2,3,0,2,1,,,
201028302047,4,3,1,51,9,318.62,2,7,5,2010,12,35,12,6,0,4,1,1,0,0,2,3,0,1,1,,,
201028302049,6,3,1,51,9,159.31,2,7,5,2010,21,47,12,6,0,4,3,1,0,0,2,3,0,1,1,,,
201028302051,5,3,1,51,9,79.655,2,7,7,2010,15,13,12,6,0,2,1,1,2,3,2,3,0,2,1,,,
201028302054,5,3,1,51,9,79.655,2,7,1,2010,0,39,12,6,0,2,3,1,1,2,2,3,0,2,1,,,
201028302055,4,3,1,51,9,318.62,2,7,1,2010,2,6,12,1,0,4,3,1,0,0,2,3,0,1,1,,,
201028302056,6,3,1,51,9,159.31,1,7,1,2010,10,15,30,0,0,1,1,1,0,0,2,3,0,1,3,,,
201028302057,5,3,1,51,9,79.655,3,7,1,2010,10,50,33,0,0,1,1,1,2,1,2,3,0,1,3,,,
201028302061,5,3,2,51,9,79.655,1,8,2,2010,8,17,35,0,0,1,1,1,2,1,2,8,0,1,10,,,
201028302062,5,3,2,51,9,79.655,1,7,2,2010,22,16,59,0,0,1,2,10,2,1,2,8,0,1,4,,,
201028302065,5,3,2,51,9,79.655,2,7,1,2010,16,26,12,6,0,2,1,10,2,3,2,8,0,2,1,,,
201028302066,5,3,2,51,9,79.655,2,7,2,2010,16,34,12,6,0,2,1,10,2,2,2,8,0,2,1,,,
201028302068,4,3,1,51,9,318.62,3,7,7,2010,2,44,14,0,0,4,6,1,0,0,2,3,2,1,5,,,
201028302070,6,3,1,51,9,159.31,2,7,5,2010,2,10,12,1,0,2,6,1,0,0,2,3,0,2,1,,,
201028302071,5,3,1,51,9,79.655,2,7,5,2010,16,22,12,6,0,4,1,1,2,2,2,3,0,1,1,,,
201028302073,6,3,1,51,9,159.31,4,7,6,2010,3,2,14,0,0,1,3,1,0,0,1,3,3,1,7,,,
201028302076,4,3,1,51,9,318.62,1,7,7,2010,8,24,1,0,0,4,1,1,0,0,2,3,0,1,1,,,
201028302080,4,3,1,51,9,318.62,2,8,1,2010,13,59,12,6,0,2,1,10,0,0,2,3,0,2,1,,,
201028302084,6,3,1,51,9,159.31,3,7,6,2010,16,23,12,1,0,2,1,10,1,1,2,3,0,8,1,,,
201028302086,1,3,1,51,9,79.655,3,7,6,2010,16,22,12,1,0,2,1,1,3,1,2,3,0,2,1,,,
201028302087,4,3,1,51,9,318.62,2,8,2,2010,8,27,12,1,1,5,1,1,0,0,2,3,0,1,1,,,
201028302091,6,3,1,51,9,159.31,2,8,2,2010,14,4,12,1,0,4,1,1,0,0,2,3,0,1,1,,,
201028302093,4,3,1,51,9,318.62,2,7,3,2010,13,50,12,6,0,2,1,1,0,0,2,3,0,8,1,,,
201028302097,4,3,1,51,9,318.62,2,7,2,2010,16,35,12,6,0,4,1,1,0,0,2,3,0,1,1,,,
201028302101,4,3,1,51,9,318.62,2,7,5,2010,0,4,12,1,0,2,2,1,0,0,1,3,0,8,1,,,
201028302103,5,3,1,51,9,79.655,1,7,2,2010,18,45,1,0,1,18,1,1,2,1,2,3,0,1,1,,,
201028302106,4,3,1,51,9,318.62,2,7,3,2010,17,33,12,1,0,1,1,1,0,0,2,3,0,1,1,,,
201028302108,5,3,1,51,9,79.655,2,7,5,2010,19,12,12,6,0,2,5,1,1,2,2,3,0,3,1,,,
201028302112,4,3,2,51,9,318.62,1,8,1,2010,13,43,74,0,0,1,1,10,1,1,2,8,0,1,4,,,
201028302115,1,3,2,51,9,79.655,2,7,2,2010,2,20,12,6,0,2,3,1,3,4,1,8,0,2,1,,,
201028302117,2,3,2,51,9,79.655,2,6,3,2010,9,47,12,6,0,2,1,2,0,0,2,8,0,2,1,,,
201028302118,3,3,2,51,9,79.655,1,8,3,2010,10,50,38,0,0,2,1,1,2,1,2,8,0,3,5,,,
201028302122,4,3,1,51,9,318.62,2,8,2,2010,17,12,12,1,0,2,1,1,0,0,2,3,0,4,1,,,
201028302124,6,3,1,51,9,159.31,1,8,7,2010,3,59,33,0,0,2,3,1,0,0,2,3,0,3,4,,,
201028302127,4,3,1,51,9,318.62,2,8,1,2010,17,45,12,1,0,1,1,1,0,0,2,3,0,1,1,,,
201028302130,3,3,1,51,9,79.655,1,8,7,2010,15,38,1,0,0,2,1,1,2,1,2,3,0,3,1,,,
201028302133,5,3,1,51,9,79.655,2,7,7,2010,19,29,12,6,0,2,1,1,2,1,2,3,0,3,1,,,
201028302134,6,3,1,51,9,159.31,1,7,5,2010,5,45,40,0,0,1,2,1,0,0,2,3,0,1,4,,,
201028302136,4,3,1,51,9,318.62,2,8,2,2010,12,26,12,6,0,2,1,1,0,0,2,3,0,3,1,,,
201028302137,6,3,1,51,9,159.31,2,8,2,2010,23,7,12,6,0,2,3,1,0,0,2,3,0,2,1,,,
201028302142,5,3,1,51,9,79.655,2,8,3,2010,14,2,12,6,0,2,1,1,2,2,2,3,0,2,1,,,
201028302143,6,3,1,51,9,159.31,3,7,4,2010,18,45,12,1,0,1,1,1,0,0,2,3,0,1,1,,,
201028302144,4,3,1,51,9,318.62,2,8,1,2010,13,50,12,6,0,2,1,1,0,0,2,3,0,2,1,,,
201028302148,6,3,1,51,9,159.31,2,8,3,2010,14,40,12,6,0,2,1,1,3,1,2,3,0,2,1,,,
201028302150,4,3,1,51,9,318.62,2,7,7,2010,12,47,12,1,0,2,1,1,0,0,2,3,0,8,1,,,
201028302152,6,3,1,51,9,159.31,1,8,2,2010,1,25,72,0,0,1,3,1,2,1,1,3,0,1,4,,,
201028302153,5,3,1,51,9,79.655,2,8,3,2010,13,37,12,6,0,2,1,1,2,1,2,3,0,2,1,,,
201028302155,3,3,1,51,9,79.655,2,8,4,2010,7,15,12,1,0,1,1,1,2,1,2,3,0,1,1,,,
201028302157,3,3,1,51,9,79.655,3,7,4,2010,17,4,12,1,0,1,1,1,2,1,2,3,0,1,1,,,
201028302160,6,3,1,51,9,159.31,1,8,3,2010,18,30,1,0,1,5,1,1,0,0,2,3,0,1,1,,,
201028302161,4,3,1,51,9,318.62,2,8,1,2010,7,15,14,0,0,1,1,1,2,1,2,3,1,1,7,,,
201028302162,6,3,2,51,9,159.31,2,8,7,2010,11,35,12,6,0,2,1,1,0,0,2,8,0,3,1,,,
201028302163,4,3,2,51,9,318.62,2,8,6,2010,9,58,12,1,0,2,1,10,0,0,2,8,0,4,1,,,
201028302167,5,3,1,51,9,79.655,2,8,4,2010,19,48,12,6,0,2,1,1,1,1,2,3,0,2,1,,,
201028302171,4,3,1,51,9,318.62,2,8,6,2010,12,25,12,7,0,1,1,1,0,0,2,3,0,1,1,,,
201028302172,3,3,1,51,9,79.655,2,8,7,2010,14,30,12,1,0,2,1,1,2,1,2,3,0,3,1,,,
201028302173,3,3,1,51,9,79.655,2,8,7,2010,19,55,12,1,0,1,1,1,2,1,2,3,0,1,1,,,
201028302177,6,3,1,51,9,159.31,2,8,3,2010,5,50,12,6,0,2,3,10,0,0,2,3,0,2,1,,,
201028302178,4,3,1,51,9,318.62,3,8,3,2010,17,20,12,1,0,2,1,1,0,0,2,3,0,8,1,,,
201028302183,6,3,1,51,9,159.31,1,8,1,2010,15,46,30,0,0,2,1,1,1,2,2,3,0,2,4,,,
201028302184,5,3,1,51,9,79.655,2,8,4,2010,12,6,12,1,0,2,1,1,1,5,2,3,0,8,1,,,
201028302185,4,3,1,51,9,318.62,2,8,6,2010,8,20,12,6,0,2,1,1,0,0,2,3,0,8,1,,,
201028302186,2,3,1,51,9,79.655,2,8,6,2010,12,19,1,0,0,1,1,1,3,1,2,3,0,1,1,,,
201028302190,5,3,1,51,9,79.655,2,8,3,2010,7,35,12,6,0,2,1,1,1,1,2,3,0,3,1,,,
201028302192,4,3,1,51,9,318.62,2,8,3,2010,11,9,12,6,0,2,1,1,1,1,2,3,0,3,1,,,
201028302195,5,3,1,51,9,79.655,2,8,6,2010,17,6,12,1,0,2,1,1,1,1,2,3,0,3,1,,,
201028302197,4,3,1,51,9,318.62,2,8,6,2010,19,25,12,1,0,2,1,1,0,0,2,3,0,3,1,,,
201028302199,6,3,1,51,9,159.31,3,8,6,2010,12,29,12,1,0,1,1,1,0,0,2,3,0,1,1,,,
201028302202,3,3,1,51,9,79.655,1,8,6,2010,6,0,22,0,0,2,3,1,2,1,2,3,0,2,1,,,
201028302203,6,3,1,51,9,159.31,2,8,6,2010,13,52,12,1,0,1,1,1,1,3,2,3,0,1,1,,,
201028302205,4,3,1,51,9,318.62,2,8,6,2010,18,29,12,1,0,2,1,1,0,0,2,3,0,3,1,,,
201028302206,5,3,1,51,9,79.655,2,8,1,2010,12,0,12,6,0,4,1,1,2,2,2,3,0,1,1,,,
201028302210,4,3,1,51,9,318.62,2,8,3,2010,8,32,14,0,0,1,1,1,0,0,2,3,1,1,7,,,
201028302214,4,3,1,51,9,318.62,2,8,5,2010,10,13,12,6,0,4,1,1,0,0,2,3,0,1,1,,,
201028302217,6,3,1,51,9,159.31,2,8,6,2010,7,34,14,0,0,1,1,1,0,0,2,3,1,1,7,,,
201028302220,4,3,1,51,9,318.62,2,8,6,2010,12,25,12,1,0,1,1,1,0,0,2,3,0,1,1,,,
201028302222,5,3,2,51,9,79.655,3,8,3,2010,19,7,12,6,0,2,5,1,1,1,2,8,0,3,1,,,
201028302224,5,3,2,51,9,79.655,1,8,1,2010,4,56,30,0,0,2,3,1,2,1,1,8,0,3,4,,,
201028302225,5,3,2,51,9,79.655,2,8,5,2010,19,20,12,8,0,1,1,1,2,2,2,8,0,1,1,,,
201028302227,3,3,2,51,9,79.655,1,8,7,2010,1,0,1,0,0,1,2,1,2,1,1,8,0,1,1,,,
201028302228,2,3,2,51,9,79.655,3,8,5,2010,14,30,12,6,0,4,1,1,2,2,2,8,1,1,1,,,
201028302229,4,3,2,51,9,318.62,1,8,7,2010,7,50,30,0,0,1,1,1,0,0,2,8,0,1,4,,,
201028302235,5,3,1,51,9,79.655,2,8,4,2010,17,10,12,6,0,2,1,1,1,1,2,3,0,2,1,,,
201028302236,4,3,1,51,9,318.62,2,8,5,2010,4,30,14,0,0,1,3,1,0,0,2,3,1,1,7,,,
201028302240,3,3,1,51,9,79.655,1,8,1,2010,12,24,22,0,0,1,1,1,2,1,2,3,0,1,1,,,
201028302242,3,3,1,51,9,79.655,1,8,6,2010,16,5,22,0,0,2,1,1,2,1,2,3,0,2,1,,,
201028302243,6,3,1,51,9,159.31,2,8,6,2010,17,18,12,6,0,4,1,1,0,0,2,3,0,1,1,,,
201028302244,2,3,1,51,9,79.655,2,8,7,2010,7,58,12,6,0,2,1,1,2,4,2,3,0,2,1,,,
201028302245,4,3,1,51,9,318.62,2,8,7,2010,10,5,12,6,0,4,1,1,0,0,2,3,0,1,1,,,
201028302249,2,3,1,51,9,79.655,2,8,3,2010,16,35,12,6,0,2,1,1,2,2,2,3,0,2,1,,,
201028302250,1,3,1,51,9,79.655,2,8,4,2010,12,35,12,6,0,2,1,1,3,1,2,3,0,2,1,,,
201028302251,4,3,1,51,9,318.62,2,8,4,2010,17,12,12,1,0,2,1,1,0,0,2,3,0,3,1,,,
201028302254,5,3,1,51,9,79.655,2,8,5,2010,22,34,12,2,0,2,3,1,1,2,2,3,0,2,1,,,
201028302257,3,3,1,51,9,79.655,1,8,4,2010,7,59,22,0,0,1,1,1,2,1,2,3,0,1,1,,,
201028302258,4,3,1,51,9,318.62,2,8,4,2010,15,45,14,0,0,1,1,1,0,0,2,3,1,1,5,,,
201028302260,3,3,1,51,9,79.655,1,8,5,2010,18,0,30,0,0,1,1,1,2,1,2,3,0,1,4,,,
201028302261,6,3,1,51,9,159.31,2,8,3,2010,10,33,12,6,0,2,1,1,0,0,2,3,0,2,1,,,
201028302264,6,3,1,51,9,159.31,2,8,4,2010,16,40,12,6,0,2,1,1,0,0,2,3,0,2,1,,,
201028302265,5,3,1,51,9,79.655,4,8,4,2010,17,21,12,1,0,1,1,1,1,5,2,3,0,1,1,,,
201028302268,6,3,1,51,9,159.31,1,8,1,2010,12,42,74,0,0,1,1,1,0,0,2,3,0,1,3,,,
201028302269,4,3,1,51,9,318.62,2,8,6,2010,12,14,12,6,0,4,1,1,0,0,2,3,0,1,1,,,
201028302273,3,3,1,51,9,79.655,2,8,3,2010,8,20,12,6,0,2,1,1,2,2,2,3,0,2,1,,,
201028302274,4,3,1,51,9,318.62,2,8,3,2010,8,45,12,7,0,1,1,1,0,0,2,3,0,1,1,,,
201028302279,4,3,1,51,9,318.62,2,8,4,2010,7,54,12,1,0,2,1,1,0,0,2,3,0,2,1,,,
201028302280,6,3,1,51,9,159.31,2,8,3,2010,17,23,12,1,0,1,1,1,2,1,2,3,0,1,1,,,
201028302283,6,3,1,51,9,159.31,2,8,4,2010,12,26,12,1,0,1,1,1,2,3,2,3,0,1,1,,,
201028302285,6,3,1,51,9,159.31,3,8,4,2010,17,5,12,6,0,2,1,1,0,0,2,3,0,2,1,,,
201028302288,4,3,1,51,9,318.62,2,8,6,2010,12,29,12,6,0,4,1,1,0,0,2,3,0,1,1,,,
201028302291,5,3,1,51,9,79.655,2,8,6,2010,18,16,12,6,0,4,1,1,2,2,2,3,0,1,1,,,
201028302294,4,3,1,51,9,318.62,2,8,2,2010,11,35,12,1,0,2,1,1,1,1,2,3,0,2,1,,,
201028302295,6,3,1,51,9,159.31,2,8,2,2010,13,30,12,1,0,1,1,1,0,0,2,3,0,1,1,,,
201028302296,1,3,1,51,9,79.655,1,8,3,2010,3,38,42,0,0,1,3,1,4,1,1,3,0,1,6,,,
201028302297,6,3,2,51,9,159.31,1,8,6,2010,16,55,38,0,0,1,1,1,0,0,2,8,0,1,5,,,
201028302298,4,3,2,51,9,318.62,2,8,4,2010,17,40,12,1,0,4,1,1,0,0,2,8,0,1,1,,,
201028302300,5,3,2,51,9,79.655,1,8,3,2010,0,49,59,0,1,5,2,1,2,1,1,8,0,1,5,,,
201028302301,1,3,2,51,9,79.655,1,8,2,2010,16,8,1,0,0,1,1,1,4,1,2,8,0,1,3,,,
201028302304,4,3,2,51,9,318.62,1,8,2,2010,17,30,1,0,0,1,1,1,0,0,2,8,0,1,4,,,
201028302307,6,3,2,51,9,159.31,2,8,1,2010,9,25,12,1,0,4,1,1,0,0,2,8,0,1,1,,,
201028302308,5,3,2,51,9,79.655,2,8,2,2010,17,0,12,6,0,2,1,1,1,2,2,8,0,3,1,,,
201028302310,5,3,1,51,9,79.655,2,8,4,2010,15,4,12,6,0,2,1,1,2,1,2,3,0,3,1,,,
201028302311,5,3,1,51,9,79.655,2,8,4,2010,15,11,12,6,0,4,1,1,2,1,2,3,0,1,1,,,
201028302315,6,3,1,51,9,159.31,2,8,2,2010,16,54,12,6,0,2,1,1,0,0,2,3,0,2,1,,,
201028302316,4,3,1,51,9,318.62,2,8,3,2010,16,40,12,6,0,2,1,1,0,0,2,3,0,2,1,,,
201028302317,5,3,1,51,9,79.655,6,8,2,2010,22,55,14,0,0,1,6,1,2,3,2,3,5,1,5,,,
201028302320,6,3,1,51,9,159.31,3,8,4,2010,11,0,12,1,0,2,1,1,2,3,2,3,0,4,1,,,
201028302324,4,3,1,51,9,318.62,2,8,4,2010,14,0,12,6,0,2,1,1,0,0,2,3,0,3,1,,,
201028302327,6,3,1,51,9,159.31,3,8,2,2010,7,50,12,1,0,1,1,1,0,0,2,3,0,1,1,,,
201028302328,3,3,1,51,9,79.655,2,8,2,2010,8,3,12,1,0,2,1,1,2,1,2,3,0,3,1,,,
201028302330,4,3,1,51,9,318.62,2,8,2,2010,11,51,12,1,0,1,1,1,1,1,2,3,0,1,1,,,
201028302335,4,3,1,51,9,318.62,2,8,2,2010,15,45,12,1,0,2,1,1,1,2,2,3,0,8,1,,,
201028302339,6,3,1,51,9,159.31,2,8,3,2010,7,40,12,6,0,4,1,1,1,1,2,3,0,1,1,,,
201028302340,4,3,1,51,9,318.62,2,8,1,2010,21,0,14,0,0,1,3,1,0,0,2,3,1,1,7,,,
201028302343,5,3,2,51,9,79.655,2,8,2,2010,17,0,12,6,0,2,1,1,3,2,2,8,0,3,1,,,
201028302347,6,3,1,51,9,159.31,2,9,6,2010,14,23,12,6,0,4,1,1,0,0,2,3,0,1,1,,,
201028302348,4,3,1,51,9,318.62,2,9,6,2010,17,4,12,6,0,2,1,1,0,0,2,3,0,2,1,,,
201028302353,6,3,1,51,9,159.31,1,9,7,2010,15,19,38,0,0,1,1,1,2,3,2,3,0,1,5,,,
201028302354,4,3,1,51,9,318.62,2,9,7,2010,16,48,12,6,0,2,1,1,1,1,2,3,0,2,1,,,
201028302356,3,3,1,51,9,79.655,2,9,1,2010,15,44,12,6,0,4,1,1,2,2,2,3,0,1,1,,,
201028302358,6,3,1,51,9,159.31,2,9,5,2010,17,38,12,1,0,2,1,1,0,0,2,3,0,2,1,,,
201028302361,4,3,1,51,9,318.62,2,9,4,2010,21,20,12,6,0,2,3,1,0,0,2,3,0,2,1,,,
201028302363,5,3,1,51,9,79.655,2,9,4,2010,17,18,12,6,0,4,1,1,2,3,2,3,0,1,1,,,
201028302364,6,3,1,51,9,159.31,2,9,4,2010,17,25,12,6,0,4,1,1,0,0,2,3,0,1,1,,,