CASENUM,STRATUM,REGION,PJ,PSU,PSUSTRAT,WEIGHT,VE_TOTAL,MONTH,WKDY_IM,YEAR,HOUR_IM,MINUTE_IM,EVENT1_IM,MANCOL_IM,RELJCT1_IM,RELJCT2_IM,LGTCON_IM,WEATHR_IM,MAXSEV_IM,NO_INJ_IM,ALCHL_IM,LAND_USE,PVH_INVL,TYP_INT,REL_ROAD,CF1,CF2,CF3
201028302365,3,3,1,51,9,79.655,2,9,4,2010,17,23,12,6,0,2,1,1,3,1,2,3,0,2,1,,,
201028302366,3,3,1,51,9,79.655,2,9,1,2010,21,48,12,1,0,1,3,1,2,2,2,3,0,1,1,,,
201028302368,5,3,1,51,9,79.655,2,9,2,2010,15,49,12,6,0,2,1,1,2,2,2,3,0,2,1,,,
201028302370,6,3,1,51,9,159.31,2,9,3,2010,7,45,12,6,0,2,1,1,0,0,2,3,0,2,1,,,
201028302372,5,3,1,51,9,79.655,2,9,3,2010,9,6,12,6,0,2,1,10,1,1,2,3,0,2,1,,,
201028302375,6,3,1,51,9,159.31,2,9,3,2010,16,23,12,1,0,1,1,10,0,0,2,3,0,1,1,,,
201028302376,4,3,1,51,9,318.62,2,9,3,2010,15,41,12,1,0,1,1,10,1,1,2,3,0,1,1,,,
201028302379,6,3,1,51,9,159.31,2,9,3,2010,13,45,12,6,0,2,1,2,0,0,2,3,0,2,1,,,
201028302382,4,3,1,51,9,318.62,2,9,3,2010,17,37,12,7,0,1,1,10,0,0,2,3,0,1,1,,,
201028302387,6,3,1,51,9,159.31,2,8,1,2010,2,20,12,6,0,2,3,1,0,0,1,3,0,2,1,,,
201028302388,4,3,1,51,9,318.62,2,9,4,2010,8,15,12,1,0,2,1,1,0,0,2,3,0,2,1,,,
201028302393,6,3,1,51,9,159.31,2,9,5,2010,14,2,12,6,0,2,1,1,0,0,2,3,0,3,1,,,
201028302394,4,3,1,51,9,318.62,2,9,5,2010,15,5,12,1,0,2,1,1,0,0,2,3,0,2,1,,,
201028302397,3,3,1,51,9,79.655,2,9,6,2010,8,25,12,7,0,1,1,1,2,1,2,3,0,1,1,,,
201028302399,4,3,1,51,9,318.62,2,9,6,2010,15,52,12,6,0,4,1,1,0,0,2,3,0,1,1,,,
201028302402,5,3,1,51,9,79.655,2,9,7,2010,8,49,12,2,0,2,1,1,2,1,2,3,0,2,1,,,
201028302405,4,3,1,51,9,318.62,2,9,7,2010,17,47,12,1,0,2,1,1,1,1,2,3,0,3,1,,,
201028302406,6,3,1,51,9,159.31,2,9,7,2010,22,31,12,1,0,2,3,1,0,0,2,3,0,2,1,,,
201028302409,1,3,1,51,9,79.655,5,9,1,2010,11,57,12,6,0,2,1,1,3,2,2,3,0,2,1,,,
201028302410,3,3,1,51,9,79.655,2,9,1,2010,15,2,12,6,0,4,1,1,2,2,2,3,0,1,1,,,
201028302413,4,3,1,51,9,318.62,2,8,4,2010,15,8,43,0,0,2,1,1,0,0,2,3,0,8,,,,
201028302416,6,3,1,51,9,159.31,3,8,2,2010,17,47,12,6,0,2,1,1,0,0,2,3,1,3,1,,,
201028302418,4,3,1,51,9,318.62,2,8,3,2010,23,10,14,0,0,4,3,1,0,0,1,3,1,1,7,,,
201028302422,4,3,1,51,9,318.62,2,8,2,2010,8,8,14,0,0,1,1,1,0,0,2,3,1,1,7,,,
201028302424,6,3,1,51,9,159.31,3,8,1,2010,6,14,12,6,0,2,2,1,1,1,2,3,0,2,1,,,
201028302429,4,3,1,51,9,318.62,2,8,5,2010,10,8,12,6,0,2,1,1,0,0,2,3,0,2,1,,,
201028302431,1,3,1,51,9,79.655,4,8,2,2010,19,23,12,6,0,2,1,1,3,3,2,3,0,2,1,,,
201028302434,6,3,1,51,9,159.31,2,8,3,2010,13,58,12,7,0,1,1,1,2,1,2,3,0,1,1,,,
201028302436,4,3,1,51,9,318.62,2,8,3,2010,15,11,12,1,0,2,1,1,0,0,2,3,0,8,1,,,
201028302440,4,3,1,51,9,318.62,3,8,4,2010,17,53,12,6,0,2,1,1,0,0,2,3,0,2,1,,,
201028302441,5,3,1,51,9,79.655,2,9,4,2010,7,38,12,1,0,2,1,1,2,4,2,3,0,2,1,,,
201028302444,6,3,1,51,9,159.31,2,8,6,2010,15,56,14,0,0,1,1,1,0,0,2,3,1,1,5,,,
201028302446,4,3,1,51,9,318.62,2,8,6,2010,22,3,12,6,0,2,3,1,0,0,2,3,0,3,1,,,
201028302451,4,3,1,51,9,318.62,2,8,7,2010,21,38,12,1,0,1,3,1,0,0,2,3,0,1,1,,,
201028302454,3,3,1,51,9,79.655,2,8,1,2010,14,28,12,6,0,2,1,1,2,1,2,3,0,2,1,,,
201028302456,4,3,1,51,9,318.62,2,8,2,2010,15,0,12,6,0,2,1,1,0,0,2,3,0,2,1,,,
201028302458,6,3,1,51,9,159.31,2,8,7,2010,12,6,12,6,0,2,1,1,0,0,2,3,0,2,1,,,
201028302461,4,3,1,51,9,318.62,2,8,6,2010,11,38,12,6,0,4,1,1,0,0,2,3,0,1,1,,,
201028302464,5,3,1,51,9,79.655,2,8,7,2010,13,45,12,6,0,2,1,1,1,4,2,3,0,7,1,,,
201028302466,6,3,1,51,9,159.31,2,8,7,2010,16,49,14,0,0,2,1,1,0,0,2,3,1,8,7,,,
201028302468,4,3,1,51,9,318.62,2,8,2,2010,16,14,12,1,0,2,1,1,0,0,2,3,0,8,1,,,
201028302470,6,3,2,51,9,159.31,1,9,6,2010,6,30,25,0,0,1,1,1,0,0,2,8,0,1,3,,,
201028302472,3,3,2,51,9,79.655,2,9,4,2010,16,2,12,1,0,1,1,1,2,1,2,8,0,1,1,,,
201028302473,3,3,2,51,9,79.655,1,8,5,2010,18,4,1,0,0,1,1,1,2,1,2,8,0,1,4,,,
201028302478,5,3,1,51,9,79.655,1,9,3,2010,19,50,42,0,0,1,1,1,1,2,1,3,0,1,6,,,
201028302479,6,3,1,51,9,159.31,2,9,4,2010,18,7,12,6,0,4,1,1,0,0,2,3,0,1,1,,,
201028302480,4,3,1,51,9,318.62,2,8,2,2010,23,36,12,1,0,2,2,1,0,0,2,3,0,2,1,,,
201028302482,5,3,1,51,9,79.655,2,9,7,2010,20,8,12,7,0,1,5,1,2,1,2,3,0,1,1,,,
201028302486,4,3,1,51,9,318.62,2,9,4,2010,8,29,12,6,0,2,1,1,1,1,2,3,0,3,1,,,
201028302490,6,3,1,51,9,159.31,1,9,5,2010,1,41,30,0,0,1,3,10,0,0,2,3,0,1,3,,,
201028302491,4,3,1,51,9,318.62,2,9,5,2010,13,54,12,6,0,2,1,1,0,0,2,3,0,2,1,,,
201028302495,4,3,1,51,9,318.62,2,9,6,2010,13,10,12,1,0,2,1,1,0,0,2,3,0,2,1,,,
201028302498,5,3,1,51,9,79.655,2,9,7,2010,14,50,12,7,0,2,1,1,2,1,2,3,0,3,1,,,
201028302500,4,3,1,51,9,318.62,2,9,7,2010,17,44,12,6,0,2,1,1,0,0,2,3,0,2,1,,,
201028302504,4,3,1,51,9,318.62,2,9,5,2010,16,5,12,6,0,2,1,1,0,0,2,3,0,3,1,,,
201028302508,5,3,2,51,9,79.655,2,9,7,2010,12,48,12,6,0,2,1,10,2,1,2,8,0,2,1,,,
201028302509,5,3,2,51,9,79.655,1,9,2,2010,20,12,1,0,0,1,2,10,2,1,2,8,0,1,4,,,
201028302510,2,3,2,51,9,79.655,2,9,3,2010,12,45,71,0,0,1,1,1,0,0,2,8,0,1,1,,,
201028302511,4,3,2,51,9,318.62,2,8,3,2010,15,48,12,6,0,2,1,1,0,0,2,8,0,2,1,,,
201028302512,1,3,2,51,9,79.655,1,9,2,2010,0,36,1,0,0,1,2,1,3,1,1,8,0,1,4,,,
201028302513,1,3,2,51,9,79.655,1,9,5,2010,1,27,38,0,1,19,3,10,4,1,2,8,0,1,5,,,
201028302514,6,3,2,51,9,159.31,1,9,3,2010,8,0,1,0,0,1,1,2,0,0,2,8,0,1,4,,,
201028302515,5,3,2,51,9,79.655,1,9,1,2010,3,30,1,0,0,1,2,1,1,1,1,8,0,1,3,,,
201028302517,5,3,2,51,9,79.655,2,9,4,2010,7,0,12,1,0,1,2,1,2,1,1,8,0,1,1,,,
201028302519,6,3,2,51,9,159.31,2,9,6,2010,15,50,12,6,0,2,1,1,0,0,2,8,0,3,1,,,
201028302523,4,3,1,51,9,318.62,2,9,6,2010,8,0,12,6,0,2,1,10,1,2,2,3,0,2,1,,,
201028302527,4,3,1,51,9,318.62,2,9,2,2010,13,25,12,1,0,2,1,10,0,0,2,3,0,2,1,,,
201028302531,4,3,1,51,9,318.62,2,9,3,2010,7,44,12,1,0,1,1,10,0,0,2,3,0,1,1,,,
201028302532,6,3,1,51,9,159.31,2,9,3,2010,12,2,54,11,0,1,1,1,0,0,2,3,0,1,1,,,
201028302535,6,3,1,51,9,159.31,2,9,3,2010,18,12,12,6,0,2,1,1,0,0,2,3,0,2,1,,,
201028302539,3,3,1,51,9,79.655,1,9,5,2010,21,3,21,0,0,2,6,1,3,1,2,3,0,2,1,,,
201028302540,4,3,1,51,9,318.62,2,9,3,2010,7,30,12,1,0,2,1,1,0,0,2,3,0,4,1,,,
201028302544,4,3,1,51,9,318.62,2,9,4,2010,17,35,12,6,0,2,1,1,0,0,2,3,0,2,1,,,
201028302548,6,3,1,51,9,159.31,2,9,7,2010,17,33,14,0,0,1,1,1,0,0,2,3,1,1,7,,,
201028302549,4,3,1,51,9,318.62,2,9,1,2010,14,34,12,6,0,2,1,1,0,0,2,3,0,8,1,,,
201028302554,4,3,1,51,9,318.62,4,9,6,2010,2,13,14,0,0,1,2,1,0,0,1,3,3,1,7,,,
201028302557,6,3,1,51,9,159.31,2,9,2,2010,18,45,12,6,0,2,1,1,0,0,2,3,0,2,1,,,
201028302559,4,3,1,51,9,318.62,2,9,1,2010,19,50,12,2,0,4,1,1,0,0,2,3,0,1,1,,,
201028302562,5,3,1,51,9,79.655,2,9,7,2010,11,37,12,6,0,2,1,1,2,1,2,3,0,8,1,,,
201028302565,4,3,1,51,9,318.62,2,9,1,2010,10,3,12,6,0,2,1,1,1,1,2,3,0,2,1,,,
201028302566,6,3,1,51,9,159.31,2,9,1,2010,15,55,45,0,0,1,1,1,1,1,2,3,1,1,5,,,
201028302567,5,3,1,51,9,79.655,2,9,1,2010,16,11,45,0,0,1,1,10,1,1,2,3,1,1,5,,,
201028302571,4,3,1,51,9,318.62,2,9,7,2010,11,30,12,1,0,1,1,1,0,0,2,3,0,1,1,,,
201028302572,2,3,1,51,9,79.655,2,9,7,2010,12,25,12,6,0,2,1,1,0,0,2,3,0,2,1,,,
201028302577,4,3,1,51,9,318.62,2,9,2,2010,15,34,12,6,0,1,1,1,0,0,2,3,0,1,1,,,
201028302581,3,3,2,51,9,79.655,2,9,6,2010,8,8,12,1,0,1,1,10,2,1,2,8,0,1,1,,,
201028302585,6,3,1,51,9,159.31,1,9,2,2010,4,34,59,0,0,1,3,1,0,0,2,3,0,1,4,,,
201028302587,3,3,1,51,9,79.655,1,9,4,2010,22,48,1,0,0,2,6,1,2,1,2,3,0,8,1,,,
201028302588,4,3,1,51,9,318.62,2,10,6,2010,23,34,12,6,0,2,3,1,0,0,2,3,0,8,1,,,
201028302590,6,3,1,51,9,159.31,1,10,7,2010,6,43,59,0,0,1,3,1,0,0,2,3,0,1,4,,,
201028302592,6,3,1,51,9,159.31,2,10,7,2010,8,52,12,6,0,2,1,1,0,0,2,3,0,2,1,,,
201028302597,4,3,1,51,9,318.62,2,9,7,2010,20,59,12,1,0,4,3,1,0,0,2,3,0,1,1,,,
201028302598,6,3,1,51,9,159.31,2,9,1,2010,17,25,12,1,0,2,1,1,0,0,2,3,0,8,1,,,
201028302602,1,3,1,51,9,79.655,3,9,6,2010,15,15,12,6,0,2,1,1,3,1,2,3,1,2,1,,,
201028302604,4,3,1,51,9,318.62,2,9,6,2010,16,54,12,1,0,4,1,1,1,3,2,3,0,1,1,,,
201028302608,4,3,1,51,9,318.62,2,9,3,2010,16,26,14,0,0,4,1,1,0,0,2,3,1,1,5,,,
201028302612,4,3,1,51,9,318.62,2,9,6,2010,16,58,12,1,0,2,1,1,0,0,2,3,0,4,1,,,
201028302614,3,3,1,51,9,79.655,2,9,7,2010,21,42,12,6,0,2,2,1,2,1,2,3,0,2,1,,,
201028302615,6,3,1,51,9,159.31,2,9,7,2010,21,48,12,7,0,2,3,10,0,0,1,3,0,8,1,,,
201028302617,6,3,1,51,9,159.31,2,9,3,2010,20,50,12,6,0,2,2,1,2,2,1,3,0,2,1,,,
201028302620,4,3,1,51,9,318.62,2,9,2,2010,16,4,12,7,0,1,1,1,0,0,2,3,0,1,1,,,
201028302621,5,3,1,51,9,79.655,2,9,3,2010,7,27,12,1,1,2,1,1,3,1,2,3,0,8,1,,,
201028302622,3,3,1,51,9,79.655,1,9,4,2010,7,38,22,0,0,1,1,1,2,1,2,3,0,1,1,,,
201028302627,4,3,1,51,9,318.62,1,9,1,2010,21,56,33,0,1,19,3,10,0,0,2,3,0,1,4,,,
201028302631,4,3,1,51,9,318.62,2,9,4,2010,12,0,12,6,0,4,1,1,0,0,2,3,0,1,1,,,
201028302632,6,3,1,51,9,159.31,2,9,4,2010,18,29,12,1,0,1,1,1,0,0,2,3,0,1,1,,,
201028302635,3,3,1,51,9,79.655,1,9,2,2010,20,51,18,0,0,2,2,10,0,0,2,3,0,2,1,,,
201028302637,4,3,1,51,9,318.62,1,9,4,2010,23,0,38,0,0,2,2,1,0,0,2,3,0,3,4,,,
201028302641,6,3,1,51,9,159.31,2,9,3,2010,16,20,12,1,0,1,1,1,0,0,2,3,0,1,1,,,
201028302643,4,3,1,51,9,318.62,2,9,3,2010,14,50,12,1,1,2,1,1,0,0,2,3,0,8,1,,,
201028302644,5,3,1,51,9,79.655,3,9,3,2010,12,1,12,6,0,2,1,1,1,1,2,3,0,2,1,,,
201028302648,6,3,1,51,9,159.31,2,9,4,2010,17,16,12,1,0,2,1,1,0,0,2,3,0,3,1,,,
201028302649,2,3,1,51,9,79.655,3,9,4,2010,17,0,12,1,0,2,1,1,1,1,2,3,0,3,1,,,
201028302651,4,3,1,51,9,318.62,2,9,6,2010,13,5,12,1,0,2,1,1,0,0,2,3,0,8,1,,,
201028302655,3,3,1,51,9,79.655,1,9,5,2010,19,11,1,0,0,1,1,1,2,1,2,3,0,1,1,,,
201028302656,5,3,1,51,9,79.655,1,9,4,2010,20,50,42,0,0,1,3,1,1,1,1,3,0,1,4,,,
201028302657,3,3,2,51,9,79.655,2,9,5,2010,20,20,12,6,0,2,2,1,2,1,2,8,0,2,1,,,
201028302658,6,3,2,51,9,159.31,2,10,7,2010,4,15,12,1,0,2,3,1,0,0,2,8,0,2,1,,,
201028302662,6,3,1,51,9,159.31,1,10,5,2010,1,5,30,0,0,1,3,1,0,0,2,3,0,1,4,,,
201028302663,1,3,1,51,9,79.655,3,10,3,2010,0,39,12,2,0,1,2,1,4,7,1,3,0,1,1,,,
201028302664,4,3,1,51,9,318.62,2,10,2,2010,15,46,12,6,0,2,1,1,0,0,2,3,0,2,1,,,
201028302669,4,3,1,51,9,318.62,2,10,6,2010,7,58,12,6,0,2,1,1,1,1,2,3,0,3,1,,,
201028302670,3,3,1,51,9,79.655,1,10,6,2010,8,12,22,0,0,2,1,1,2,1,2,3,0,3,1,,,
201028302673,2,3,1,51,9,79.655,2,10,2,2010,17,33,12,1,0,2,1,10,0,0,2,3,0,2,1,,,
201028302675,4,3,1,51,9,318.62,2,10,4,2010,8,12,12,7,1,18,1,1,0,0,2,3,0,1,1,,,
201028302676,6,3,1,51,9,159.31,2,10,6,2010,16,37,12,1,0,2,1,1,0,0,2,3,0,8,1,,,
201028302680,1,3,1,51,9,79.655,2,9,7,2010,20,33,12,6,0,2,3,1,3,1,2,3,0,8,1,,,
201028302681,2,3,1,51,9,79.655,2,9,5,2010,5,43,12,1,0,1,2,1,2,1,2,3,0,1,1,,,
201028302682,6,3,1,51,9,159.31,1,10,2,2010,22,49,1,0,0,1,2,1,1,1,2,3,0,1,4,,,
201028302684,4,3,1,51,9,318.62,2,10,4,2010,1,51,14,0,0,1,3,1,0,0,2,3,1,1,5,,,
201028302688,4,3,1,51,9,318.62,2,10,4,2010,8,51,12,6,0,2,1,1,1,1,2,3,0,2,1,,,
201028302693,5,3,1,51,9,79.655,2,9,5,2010,18,3,12,1,0,2,1,1,2,3,2,3,0,3,1,,,
201028302694,6,3,1,51,9,159.31,2,9,5,2010,20,49,12,6,0,2,3,1,0,0,2,3,0,2,1,,,
201028302695,4,3,1,51,9,318.62,2,9,5,2010,18,35,12,1,0,2,1,1,0,0,2,3,0,8,1,,,
201028302696,5,3,1,51,9,79.655,2,10,6,2010,7,45,12,6,0,2,1,1,2,1,2,3,0,2,1,,,
201028302701,6,3,1,51,9,159.31,2,10,6,2010,17,26,12,1,0,1,1,1,0,0,2,3,0,1,1,,,
201028302702,4,3,1,51,9,318.62,2,10,6,2010,17,44,12,6,0,2,1,1,0,0,2,3,0,2,1,,,
201028302705,6,3,1,51,9,159.31,2,10,2,2010,12,12,12,6,0,2,1,10,0,0,2,3,0,2,1,,,
201028302709,6,3,1,51,9,159.31,2,10,6,2010,19,11,12,1,0,2,1,1,1,2,2,3,0,8,1,,,
201028302711,6,3,1,51,9,159.31,3,10,3,2010,21,11,14,0,0,1,2,1,0,0,2,3,2,1,7,,,
201028302712,4,3,1,51,9,318.62,2,10,6,2010,9,46,12,6,0,4,1,1,0,0,2,3,0,1,1,,,
201028302717,6,3,1,51,9,159.31,2,10,1,2010,18,26,12,2,0,2,1,1,1,1,2,3,0,2,1,,,
201028302718,4,3,1,51,9,318.62,2,10,1,2010,23,10,14,0,0,1,2,1,0,0,2,3,1,1,7,,,
201028302719,1,3,1,51,9,79.655,2,10,5,2010,16,14,12,6,0,2,1,1,3,1,1,3,0,2,1,,,
201028302724,4,3,1,51,9,318.62,2,10,3,2010,17,39,12,1,0,1,1,1,0,0,2,3,0,1,1,,,
201028302726,6,3,1,51,9,159.31,2,10,7,2010,23,0,14,0,0,1,3,1,2,1,1,3,1,1,7,,,
201028302727,1,3,1,51,9,79.655,2,10,7,2010,20,30,12,6,0,2,3,1,3,2,2,3,0,2,1,,,
201028302730,1,3,1,51,9,79.655,1,10,7,2010,5,51,33,0,0,1,3,1,4,1,1,3,0,1,4,,,
201028302732,4,3,1,51,9,318.62,2,9,4,2010,18,39,12,6,0,2,1,1,0,0,2,3,0,3,1,,,
201028302736,6,3,1,51,9,159.31,2,10,5,2010,6,57,12,6,0,4,1,1,1,1,2,3,0,1,1,,,
201028302737,4,3,1,51,9,318.62,2,10,5,2010,8,5,12,1,0,1,1,1,0,0,2,3,0,1,1,,,
201028302740,2,3,1,51,9,79.655,2,10,5,2010,14,3,12,6,1,18,1,1,0,0,2,3,0,1,1,,,
201028302742,4,3,1,51,9,318.62,2,10,5,2010,16,6,12,1,0,2,1,1,0,0,2,3,0,8,1,,,
201028302747,4,3,1,51,9,318.62,1,10,6,2010,12,54,21,0,0,2,1,1,1,1,2,3,0,2,1,,,
201028302751,4,3,1,51,9,318.62,2,10,2,2010,17,40,12,7,0,1,1,1,0,0,2,3,0,1,1,,,
201028302752,6,3,1,51,9,159.31,2,10,3,2010,8,27,14,0,0,1,1,1,0,0,2,3,1,1,7,,,
201028302753,5,3,1,51,9,79.655,2,10,6,2010,12,16,12,1,0,2,1,1,1,2,2,3,0,3,1,,,
201028302757,5,3,1,51,9,79.655,2,10,6,2010,20,30,12,6,0,2,3,1,2,2,2,3,0,2,1,,,
201028302758,4,3,1,51,9,318.62,2,10,7,2010,11,27,12,6,0,2,1,1,0,0,2,3,0,3,1,,,
201028302762,4,3,1,51,9,318.62,1,10,7,2010,20,1,33,0,0,4,2,1,1,2,2,3,0,1,3,,,
201028302763,4,3,2,51,9,318.62,2,10,4,2010,21,46,12,1,0,2,2,1,1,1,2,8,0,2,1,,,
201028302767,3,3,2,51,9,79.655,1,10,1,2010,3,45,1,0,0,1,3,1,2,1,1,8,0,1,1,,,
201028302768,3,3,2,51,9,79.655,1,10,5,2010,11,5,1,0,0,1,1,1,3,1,2,8,0,1,1,,,
201028302769,4,3,2,51,9,318.62,1,10,1,2010,6,0,43,0,0,1,2,1,0,0,2,8,0,1,4,,,
201028302774,4,3,2,51,9,318.62,1,10,3,2010,16,37,38,0,0,2,1,1,0,0,1,8,0,3,5,,,
201028302775,5,3,2,51,9,79.655,3,10,2,2010,23,2,12,1,0,1,2,10,1,2,2,8,0,1,1,,,
201028302777,5,3,1,51,9,79.655,2,10,3,2010,9,36,12,6,0,4,1,1,2,1,2,3,0,1,1,,,
201028302781,4,3,1,51,9,318.62,2,10,3,2010,16,5,12,7,0,2,1,2,0,0,2,3,0,2,1,,,
201028302783,5,3,1,51,9,79.655,2,10,3,2010,16,45,12,6,0,2,1,1,2,1,2,3,0,2,1,,,
201028302786,6,3,1,51,9,159.31,2,10,4,2010,11,57,12,1,0,4,1,1,0,0,2,3,0,1,1,,,
201028302788,6,3,1,51,9,159.31,2,10,4,2010,13,35,12,6,0,2,1,1,0,0,2,3,0,3,1,,,
201028302791,5,3,1,51,9,79.655,2,10,5,2010,11,25,12,1,0,2,1,1,2,2,2,3,0,2,1,,,
201028302792,6,3,1,51,9,159.31,2,10,5,2010,14,41,12,6,0,2,1,1,0,0,2,3,0,2,1,,,
201028302794,4,3,1,51,9,318.62,2,10,5,2010,17,3,12,1,1,19,1,1,0,0,2,3,0,2,1,,,
201028302798,4,3,1,51,9,318.62,2,10,5,2010,15,30,12,6,0,2,1,1,0,0,2,3,0,2,1,,,
201028302801,6,3,1,51,9,159.31,2,10,6,2010,14,14,12,1,0,1,1,1,0,0,2,3,0,1,1,,,
201028302803,1,3,1,51,9,79.655,1,10,1,2010,3,18,34,0,0,1,3,10,4,1,2,3,0,1,4,,,
201028302804,4,3,1,51,9,318.62,2,10,2,2010,9,10,12,7,0,4,1,1,0,0,2,3,0,1,1,,,
201028302808,6,3,1,51,9,159.31,3,10,6,2010,16,20,12,1,0,1,1,1,1,1,2,3,0,1,1,,,
201028302810,4,3,1,51,9,318.62,2,10,7,2010,12,57,12,2,0,4,1,1,0,0,2,3,0,1,1,,,
201028302811,5,3,1,51,9,79.655,2,10,7,2010,13,44,12,6,0,1,1,1,2,4,2,3,0,1,1,,,
201028302812,3,3,1,51,9,79.655,1,10,1,2010,11,9,1,0,0,1,1,1,4,1,2,3,0,1,1,,,
201028302817,6,3,1,51,9,159.31,2,10,3,2010,8,7,12,6,0,4,1,1,1,1,2,3,0,1,1,,,
201028302818,3,3,1,51,9,79.655,3,10,3,2010,8,7,12,1,0,1,1,1,2,2,2,3,0,1,1,,,
201028302819,4,3,1,51,9,318.62,2,10,2,2010,10,29,12,6,0,2,1,1,0,0,2,3,0,8,1,,,
201028302823,4,3,1,51,9,318.62,2,10,3,2010,15,12,14,0,0,1,1,1,0,0,2,3,1,1,7,,,
201028302826,6,3,1,51,9,159.31,2,10,4,2010,14,51,12,6,0,2,1,1,0,0,2,3,0,3,1,,,
201028302829,5,3,1,51,9,79.655,2,10,4,2010,17,48,12,6,0,2,1,1,2,1,2,3,0,2,1,,,
201028302831,2,3,1,51,9,79.655,2,10,6,2010,8,31,12,6,0,1,1,1,0,0,2,3,0,1,5,,,
201028302832,6,3,1,51,9,159.31,2,10,6,2010,11,40,12,1,0,2,1,1,0,0,2,3,0,8,1,,,
201028302833,4,3,1,51,9,318.62,2,10,6,2010,12,11,12,6,0,2,1,1,0,0,2,3,0,2,1,,,
201028302834,5,3,2,51,9,79.655,2,10,1,2010,15,42,14,0,0,1,1,1,2,2,2,8,1,1,2,,,
201028302835,5,3,2,51,9,79.655,2,10,1,2010,14,12,12,6,0,2,1,1,2,1,2,8,0,2,1,,,
201028302836,6,3,2,51,9,159.31,1,10,1,2010,22,56,74,0,0,1,2,10,0,0,2,8,0,1,4,,,
201028302840,6,3,2,51,9,159.31,2,10,6,2010,6,25,12,6,0,2,1,1,2,2,2,8,0,3,1,,,
201028302842,2,3,2,51,9,79.655,1,10,7,2010,21,20,25,0,0,1,2,1,1,1,2,8,0,1,4,,,
201028302843,2,3,2,51,9,79.655,2,10,2,2010,12,40,12,6,0,2,1,1,2,1,2,8,0,2,1,,,
201028302845,2,3,1,51,9,79.655,2,10,5,2010,2,56,12,6,0,2,3,1,4,4,2,3,0,2,1,,,
201028302849,4,3,1,51,9,318.62,2,10,5,2010,9,40,30,0,0,2,1,1,0,0,2,3,0,2,4,,,
201028302853,3,3,1,51,9,79.655,3,10,5,2010,17,41,12,1,0,1,1,1,2,3,2,3,0,1,1,,,
201028302855,6,3,1,51,9,159.31,2,10,6,2010,8,31,12,1,0,1,1,1,0,0,2,3,0,1,1,,,
201028302856,4,3,1,51,9,318.62,3,10,5,2010,8,27,12,1,0,1,1,1,5,1,2,3,0,1,1,,,
201028302861,5,3,1,51,9,79.655,2,10,6,2010,17,44,12,6,0,2,1,1,0,0,2,3,0,2,1,,,
201028302862,4,3,1,51,9,318.62,2,10,6,2010,22,33,12,6,0,2,3,1,0,0,2,3,0,2,1,,,
201028302864,6,3,1,51,9,159.31,2,10,7,2010,21,49,12,1,0,2,3,1,0,0,2,3,0,3,1,,,
201028302868,4,3,1,51,9,318.62,2,11,2,2010,7,1,12,2,0,2,3,1,0,0,2,3,0,2,1,,,
201028302869,6,3,1,51,9,159.31,3,11,2,2010,8,5,12,6,0,2,1,1,0,0,2,3,0,2,1,,,
201028302873,4,3,1,51,9,318.62,2,10,5,2010,7,55,12,1,0,2,1,1,0,0,2,3,0,8,1,,,
201028302876,3,3,1,51,9,79.655,1,10,2,2010,20,18,21,0,0,1,3,1,3,1,2,3,0,1,1,,,
201028302877,5,3,1,51,9,79.655,2,10,3,2010,7,45,12,6,0,2,1,1,1,1,2,3,0,2,1,,,
201028302879,6,3,1,51,9,159.31,2,10,3,2010,12,49,12,6,0,2,1,1,0,0,2,3,0,3,1,,,
201028302882,4,3,1,51,9,318.62,2,10,4,2010,14,12,12,1,0,2,1,1,0,0,2,3,0,2,1,,,
201028302884,5,3,1,51,9,79.655,2,10,4,2010,16,19,12,6,0,2,1,1,2,2,2,3,0,2,1,,,
201028302885,6,3,1,51,9,159.31,2,10,4,2010,16,40,12,1,0,2,1,1,0,0,2,3,0,4,1,,,
201028302888,5,3,1,51,9,79.655,2,10,5,2010,9,25,12,2,0,2,1,1,2,2,2,3,0,4,1,,,
201028302890,4,3,1,51,9,318.62,2,10,5,2010,16,41,12,1,0,1,1,1,0,0,2,3,0,1,1,,,
201028302894,4,3,1,51,9,318.62,5,10,3,2010,17,34,12,1,0,2,1,1,1,1,2,3,0,8,1,,,
201028302895,6,3,1,51,9,159.31,3,10,3,2010,8,8,12,1,0,1,1,1,1,2,2,3,0,1,1,,,
201028302900,4,3,1,51,9,318.62,2,10,5,2010,16,13,12,1,0,1,1,1,0,0,2,3,0,1,1,,,
201028302904,4,3,1,51,9,318.62,2,10,6,2010,19,5,14,0,0,1,2,1,0,0,2,3,1,1,7,,,
201028302906,6,3,1,51,9,159.31,2,10,6,2010,22,20,12,2,0,4,3,1,0,0,2,3,0,1,1,,,
201028302908,6,3,1,51,9,159.31,2,10,7,2010,13,10,12,6,0,2,1,1,0,0,2,3,0,2,1,,,
201028302912,4,3,1,51,9,318.62,2,10,1,2010,15,55,12,6,0,2,1,1,0,0,2,3,0,2,1,,,
201028302915,3,3,1,51,9,79.655,1,10,4,2010,16,35,21,0,0,1,1,1,2,1,2,3,0,1,1,,,
201028302917,5,3,2,51,9,79.655,3,10,1,2010,14,49,12,2,0,2,1,1,2,3,2,8,0,3,1,,,
201028302918,6,3,2,51,9,159.31,2,11,2,2010,7,58,12,6,0,2,1,1,1,2,2,8,0,2,1,,,