CASENUM,STRATUM,REGION,PJ,PSU,PSUSTRAT,WEIGHT,VE_TOTAL,MONTH,WKDY_IM,YEAR,HOUR_IM,MINUTE_IM,EVENT1_IM,MANCOL_IM,RELJCT1_IM,RELJCT2_IM,LGTCON_IM,WEATHR_IM,MAXSEV_IM,NO_INJ_IM,ALCHL_IM,LAND_USE,PVH_INVL,TYP_INT,REL_ROAD,CF1,CF2,CF3
201028401487,5,3,4,62,8,49.106,1,3,6,2010,22,0,32,0,0,1,2,10,2,2,2,8,0,1,4,,,
201028401491,6,3,4,62,8,122.765,2,3,5,2010,7,13,12,6,0,2,1,1,0,0,2,8,0,2,1,,,
201028401494,6,3,5,62,8,122.765,2,3,7,2010,13,30,12,6,0,2,1,2,0,0,2,1,0,3,1,,,
201028401502,4,3,6,62,8,280.205,2,3,2,2010,8,2,12,1,0,1,1,1,0,0,2,1,0,1,1,,,
201028401510,3,3,1,62,8,24.553,3,3,7,2010,17,9,12,1,0,6,1,1,2,1,1,1,0,2,1,,,
201028401511,3,3,1,62,8,24.553,1,3,1,2010,19,36,1,0,0,1,2,1,3,1,2,1,0,1,4,,,
201028401514,5,3,1,62,8,49.106,2,3,4,2010,8,42,12,6,0,2,1,2,2,1,2,1,0,2,1,,,
201028401515,6,3,1,62,8,122.765,2,3,2,2010,8,13,45,0,0,1,1,1,1,1,2,1,1,1,5,,,
201028401521,4,3,1,62,8,294.636,1,3,3,2010,5,20,38,0,0,1,2,5,0,0,2,1,0,1,5,,,
201028401528,3,3,2,62,8,24.553,1,3,2,2010,17,8,21,0,0,1,1,1,2,1,2,1,0,1,1,,,
201028401536,4,3,2,62,8,294.636,2,3,2,2010,16,21,12,1,0,1,1,1,0,0,2,1,0,1,1,,,
201028401538,3,3,2,62,8,24.553,2,3,1,2010,17,28,12,1,0,1,1,1,2,2,1,1,0,1,1,,,
201028401551,4,3,2,62,8,294.636,2,3,2,2010,6,49,12,1,0,2,1,1,0,0,2,1,0,8,1,,,
201028401554,6,3,2,62,8,122.765,2,3,5,2010,17,55,12,1,0,1,1,1,0,0,2,1,0,1,1,,,
201028401563,3,3,3,62,8,24.553,1,3,2,2010,17,0,22,0,0,2,1,1,3,1,2,1,0,2,1,,,
201028401576,4,3,3,62,8,294.636,2,4,2,2010,20,58,12,2,0,2,3,1,1,1,2,1,0,2,1,,,
201028401578,4,3,4,62,8,294.636,2,3,2,2010,19,18,12,1,0,1,1,1,0,0,2,8,0,1,2,,,
201028401591,3,3,4,62,8,24.553,2,3,5,2010,22,35,12,1,0,1,2,1,2,1,2,8,0,1,1,,,
201028401600,3,3,6,62,8,40.029,3,3,7,2010,13,36,12,6,0,2,1,2,2,1,2,1,0,2,1,,,
201028401602,4,3,6,62,8,280.205,2,3,6,2010,17,2,12,1,0,2,1,1,0,0,2,1,0,3,1,,,
201028401615,5,3,1,63,7,55.848,1,1,7,2010,23,15,1,0,0,1,2,1,1,1,2,8,0,1,4,,,
201028401618,6,3,1,63,7,125.658,2,1,1,2010,2,25,14,0,0,1,3,1,0,0,2,8,1,1,7,,,
201028401623,1,3,1,62,8,24.553,1,3,7,2010,19,25,43,0,0,1,1,10,4,1,1,1,0,1,4,,,
201028401627,1,3,1,62,8,24.553,3,3,7,2010,11,9,12,6,0,2,1,10,3,3,2,1,0,3,1,,,
201028401629,1,3,1,62,8,24.553,2,3,1,2010,13,10,12,6,0,2,1,10,3,4,2,1,0,2,1,,,
201028401630,4,3,1,62,8,294.636,1,3,1,2010,1,45,42,0,0,2,2,10,0,0,1,1,0,4,5,,,
201028401638,4,3,2,62,8,294.636,2,4,3,2010,14,11,12,6,0,2,1,10,0,0,2,1,0,8,1,,,
201028401643,5,3,2,62,8,49.106,2,4,1,2010,9,17,12,6,0,2,1,10,2,1,2,1,0,2,1,,,
201028401652,5,3,2,62,8,49.106,3,4,5,2010,9,35,12,1,0,2,1,1,2,2,2,1,0,8,1,,,
201028401653,4,3,2,62,8,294.636,2,4,5,2010,13,11,12,1,0,2,1,1,0,0,2,1,0,2,1,,,
201028401662,6,3,3,62,8,122.765,2,4,5,2010,18,9,12,6,0,2,1,1,0,0,2,1,0,2,1,,,
201028401668,6,3,3,62,8,122.765,2,4,6,2010,12,43,12,1,0,1,1,10,0,0,2,1,0,1,1,,,
201028401671,1,3,3,62,8,24.553,2,4,5,2010,19,15,12,6,0,4,1,1,3,3,2,1,0,1,1,,,
201028401673,3,3,3,62,8,24.553,3,4,6,2010,15,1,12,1,0,2,1,1,2,4,2,1,0,3,1,,,
201028401686,6,3,5,62,8,122.765,2,3,2,2010,5,16,12,7,0,1,2,1,0,0,2,1,0,1,1,,,
201028401697,4,3,5,62,8,294.636,2,4,6,2010,16,9,12,1,0,1,1,2,0,0,2,1,0,1,1,,,
201028401698,5,3,6,62,8,40.029,2,4,1,2010,16,52,12,6,0,4,1,1,1,2,2,1,0,1,1,,,
201028401699,6,3,6,62,8,120.088,1,4,7,2010,0,28,34,0,0,1,3,1,1,1,2,1,0,1,4,,,
201028401704,4,3,6,62,8,280.205,2,4,2,2010,16,37,12,6,0,4,1,1,0,0,2,1,0,1,1,,,
201028401707,4,3,8,62,8,283.393,2,3,4,2010,10,35,12,1,0,2,1,2,0,0,2,1,0,8,1,,,
201028401708,5,3,8,62,8,70.848,2,3,3,2010,23,39,12,8,0,1,3,1,1,2,2,1,0,1,1,,,
201028401709,6,3,8,62,8,141.696,3,4,7,2010,16,21,12,1,0,1,1,1,1,1,2,1,0,1,1,,,
201028401715,5,3,1,62,8,49.106,2,4,1,2010,16,0,12,6,0,1,1,1,1,4,2,1,0,1,1,,,
201028401718,1,3,1,62,8,24.553,1,4,1,2010,21,0,42,0,0,1,2,1,3,1,1,1,0,1,4,,,
201028401721,6,3,1,62,8,122.765,2,4,4,2010,9,45,12,6,0,2,1,1,0,0,2,1,0,2,1,,,
201028401725,4,3,1,62,8,294.636,1,4,2,2010,6,20,24,0,0,1,2,1,0,0,2,1,0,1,1,,,
201028401730,3,3,3,62,8,24.553,1,4,4,2010,2,23,22,0,0,2,6,1,3,1,2,1,0,2,1,,,
201028401740,5,3,3,62,8,49.106,3,4,2,2010,13,45,12,6,0,2,1,10,2,3,2,1,0,2,1,,,
201028401743,6,3,4,62,8,122.765,3,4,6,2010,15,55,12,1,0,2,1,2,1,3,2,8,0,8,1,,,
201028401744,4,3,4,62,8,294.636,2,4,6,2010,21,37,12,1,0,2,2,1,0,0,1,8,0,3,1,,,
201028401749,5,3,4,62,8,49.106,1,4,4,2010,7,7,42,0,0,1,1,1,2,1,2,8,0,1,6,,,
201028401761,6,3,6,62,8,120.088,1,4,5,2010,18,34,34,0,0,1,1,1,1,1,2,1,0,1,4,,,
201028401767,4,3,6,62,8,280.205,2,4,1,2010,16,0,12,1,0,2,1,2,1,2,2,1,0,2,1,,,
201028401777,6,3,8,62,8,141.696,4,4,2,2010,15,38,12,1,0,1,1,1,0,0,2,1,0,1,1,,,
201028401784,6,3,2,62,8,122.765,1,4,1,2010,20,40,38,0,0,1,3,1,0,0,2,1,0,1,5,,,
201028401788,4,3,2,62,8,294.636,2,4,7,2010,15,18,12,1,0,2,1,1,0,0,2,1,0,2,1,,,
201028401802,4,3,2,62,8,294.636,2,4,2,2010,16,35,12,6,0,2,1,1,0,0,2,1,0,2,1,,,
201028401805,6,3,2,62,8,122.765,2,4,2,2010,9,54,12,6,0,2,1,2,0,0,2,1,0,2,1,,,
201028401818,4,3,2,62,8,294.636,2,4,5,2010,15,8,12,6,0,4,1,10,0,0,2,1,0,1,1,,,
201028401831,4,3,2,62,8,294.636,2,4,7,2010,14,19,12,6,0,4,1,1,0,0,2,1,0,1,1,,,
201028401844,4,3,2,62,8,294.636,2,4,4,2010,11,5,14,0,0,4,1,1,0,0,2,1,1,1,7,,,
201028401847,4,3,3,62,8,294.636,2,4,4,2010,21,23,12,1,0,2,3,1,0,0,1,1,0,2,1,,,
201028401859,4,3,4,62,8,294.636,2,3,3,2010,11,15,12,1,0,2,1,2,0,0,2,8,0,2,1,,,
201028401860,6,3,4,62,8,122.765,1,3,4,2010,8,15,34,0,0,2,1,1,0,0,2,8,0,3,4,,,
201028401863,5,3,4,62,8,49.106,1,3,7,2010,1,58,53,0,0,1,2,1,2,1,2,8,0,1,4,,,
201028401882,3,3,5,62,8,24.553,1,4,2,2010,0,0,31,0,0,2,6,2,2,1,2,1,0,3,4,,,
201028401885,6,3,5,62,8,122.765,2,4,7,2010,17,25,12,2,0,2,1,1,0,0,2,1,0,3,1,,,
201028401888,4,3,6,62,8,280.205,2,4,4,2010,22,10,12,1,0,2,3,1,0,0,2,1,0,2,1,,,
201028401891,6,3,6,62,8,120.088,2,4,3,2010,14,2,12,1,0,2,1,1,0,0,2,1,0,2,1,,,
201028401897,5,3,6,62,8,40.029,2,4,4,2010,6,41,12,1,0,1,4,1,2,2,2,1,0,1,1,,,
201028401899,1,3,8,62,8,70.848,2,4,5,2010,17,28,12,6,0,1,1,1,3,1,2,1,0,1,1,,,
201028401902,5,3,1,62,8,49.106,2,3,2,2010,17,0,12,8,0,1,1,1,1,3,2,1,0,1,1,,,
201028401903,3,3,1,62,8,24.553,2,4,5,2010,5,43,12,1,0,1,2,10,3,1,2,1,0,1,2,,,
201028401912,1,3,1,62,8,24.553,2,4,4,2010,20,27,12,1,0,1,2,10,1,4,2,1,0,1,2,,,
201028401915,6,3,1,62,8,122.765,2,4,4,2010,18,40,12,6,0,2,1,1,0,0,2,1,0,2,1,,,
201028401930,4,3,2,62,8,294.636,2,4,6,2010,12,4,12,7,0,1,1,10,0,0,2,1,0,1,1,,,
201028401938,4,3,3,62,8,294.636,2,4,4,2010,7,42,12,6,0,2,1,1,0,0,2,1,0,2,1,,,
201028401948,6,3,3,62,8,122.765,2,4,6,2010,14,22,12,1,0,1,1,2,0,0,2,1,0,1,1,,,
201028401952,4,3,3,62,8,294.636,2,5,2,2010,20,13,12,6,0,2,1,1,0,0,2,1,0,2,1,,,
201028401954,5,3,4,62,8,49.106,1,4,1,2010,20,15,1,0,0,4,3,1,2,1,2,8,0,1,4,,,
201028401957,1,3,4,62,8,24.553,2,4,3,2010,10,27,12,6,0,2,1,1,3,6,1,8,0,3,1,,,
201028401959,4,3,4,62,8,294.636,2,4,1,2010,11,57,12,1,0,2,1,2,0,0,2,8,0,3,1,,,
201028401962,4,3,6,62,8,280.205,2,4,4,2010,13,18,12,6,0,2,1,1,0,0,2,1,0,3,1,,,
201028401963,6,3,8,62,8,141.696,2,4,5,2010,21,53,12,6,0,2,3,1,0,0,2,1,0,2,1,,,
201028401968,2,3,1,63,7,13.962,3,1,6,2010,13,12,12,7,0,2,1,1,2,1,2,8,0,2,1,,,
201028401970,4,3,1,63,7,293.202,2,1,3,2010,8,0,12,6,0,2,1,1,0,0,2,8,0,3,1,,,
201028401978,3,3,1,63,7,13.962,2,1,3,2010,11,31,12,7,0,1,1,1,2,2,2,8,0,1,1,,,
201028401981,5,3,1,63,7,55.848,2,1,4,2010,7,0,12,6,0,2,1,10,2,2,2,8,0,3,1,,,
201028402001,4,3,1,63,7,293.202,2,1,3,2010,18,25,12,1,0,1,5,1,0,0,2,8,0,1,1,,,
201028402004,5,3,1,63,7,55.848,1,1,4,2010,23,20,42,0,0,1,3,10,2,1,2,8,0,1,4,,,
201028402017,5,3,1,63,7,55.848,2,1,6,2010,19,0,12,6,0,2,3,1,1,2,2,8,0,2,1,,,
201028402024,6,3,1,63,7,125.658,2,1,7,2010,14,0,14,0,0,1,1,1,0,0,2,8,1,1,6,,,
201028402030,3,3,1,63,7,13.962,1,1,7,2010,19,25,21,0,0,2,3,1,2,1,2,8,0,2,1,,,
201028402036,4,3,1,63,7,293.202,2,1,7,2010,23,30,12,7,0,1,3,1,0,0,2,8,0,1,1,,,
201028402044,3,3,1,63,7,13.962,1,1,1,2010,20,34,21,0,0,2,3,10,3,1,2,8,0,2,1,,,
201028402058,6,3,1,63,7,125.658,2,1,2,2010,11,20,12,6,0,2,1,1,1,1,2,8,0,2,1,,,
201028402060,5,3,1,63,7,55.848,2,1,2,2010,12,20,12,6,0,2,1,1,1,3,2,8,0,3,1,,,
201028402061,3,3,1,63,7,13.962,1,1,2,2010,12,40,22,0,0,2,1,1,2,1,2,8,0,8,1,,,
201028402071,4,3,1,63,7,293.202,2,1,2,2010,18,13,12,6,0,2,3,1,0,0,2,8,0,3,1,,,
201028402076,2,3,1,63,7,13.962,2,1,3,2010,8,23,12,1,0,2,1,1,1,1,2,8,0,8,1,,,
201028402078,2,3,1,63,7,13.962,2,1,3,2010,9,42,54,11,0,2,1,1,0,0,2,8,0,2,1,,,
201028402087,5,3,2,62,8,49.106,2,5,6,2010,0,5,12,8,0,1,2,10,3,1,2,1,0,1,1,,,
201028402092,4,3,2,62,8,294.636,2,5,6,2010,22,43,12,6,0,2,3,10,0,0,2,1,0,2,1,,,
201028402100,5,3,2,62,8,49.106,2,5,7,2010,19,29,12,2,0,2,1,1,2,4,2,1,0,2,1,,,
201028402109,5,3,2,62,8,49.106,2,5,3,2010,11,6,12,6,0,2,1,1,1,2,2,1,0,2,1,,,
201028402111,4,3,2,62,8,294.636,2,5,2,2010,7,13,12,6,0,2,1,1,0,0,2,1,0,2,1,,,
201028402114,1,3,2,62,8,24.553,1,5,5,2010,14,0,32,0,0,1,1,1,3,1,2,1,0,1,4,,,
201028402115,3,3,3,62,8,24.553,1,5,2,2010,19,56,22,0,0,2,1,1,2,1,2,1,0,2,1,,,
201028402119,5,3,3,62,8,49.106,2,5,4,2010,15,30,12,1,0,1,1,1,3,1,2,1,0,1,1,,,
201028402122,3,3,3,62,8,24.553,1,5,5,2010,20,51,34,0,0,1,3,1,2,1,2,1,0,1,4,,,
201028402132,5,3,4,62,8,49.106,2,4,5,2010,14,30,12,1,0,1,1,1,2,2,2,8,0,1,1,,,
201028402139,4,3,5,62,8,294.636,2,5,1,2010,14,30,12,6,0,4,1,1,0,0,2,1,0,1,1,,,
201028402156,3,3,1,63,7,13.962,1,1,3,2010,15,48,21,0,0,2,1,1,4,1,2,8,0,2,1,,,
201028402165,5,3,1,63,7,55.848,1,1,3,2010,19,50,25,0,1,5,3,1,2,1,2,8,0,1,4,,,
201028402169,4,3,1,63,7,293.202,2,1,4,2010,8,15,12,7,0,1,1,10,0,0,2,8,0,1,1,,,
201028402170,3,3,1,63,7,13.962,2,1,4,2010,8,33,12,1,0,1,1,1,2,2,2,8,0,1,1,,,
201028402185,3,3,1,63,7,13.962,2,1,5,2010,10,42,12,1,0,1,1,2,3,1,2,8,0,1,1,,,
201028402186,5,3,1,63,7,55.848,2,1,5,2010,10,50,12,1,0,1,1,2,3,3,2,8,0,1,1,,,
201028402192,3,3,1,63,7,13.962,2,1,5,2010,15,19,12,6,0,1,1,2,2,2,2,8,0,1,1,,,
201028402194,6,3,1,63,7,125.658,2,1,5,2010,15,20,12,6,0,7,1,2,2,1,2,8,0,1,1,,,
201028402208,3,3,1,63,7,13.962,1,1,6,2010,2,56,25,0,0,1,2,2,2,1,2,8,0,1,4,,,
201028402210,3,3,1,63,7,13.962,1,1,6,2010,8,20,21,0,0,1,1,10,2,1,2,8,0,1,1,,,
201028402212,4,3,1,63,7,293.202,2,1,6,2010,10,0,12,1,0,1,1,2,0,0,2,8,0,1,1,,,
201028402222,6,3,1,63,7,125.658,2,1,6,2010,18,23,12,1,0,1,3,2,0,0,2,8,0,1,1,,,
201028402226,3,3,1,63,7,13.962,1,1,6,2010,21,13,21,0,0,2,3,2,2,1,2,8,0,2,1,,,
201028402236,5,3,1,63,7,55.848,2,1,7,2010,9,0,12,7,0,2,1,10,3,2,2,8,0,3,1,,,
201028402242,6,3,1,63,7,125.658,1,1,7,2010,19,50,20,0,1,19,3,1,2,1,1,8,0,1,8,,,
201028402250,4,3,1,62,8,294.636,2,5,4,2010,7,51,12,6,0,2,1,1,0,0,2,1,0,3,1,,,
201028402270,4,3,3,62,8,294.636,2,5,7,2010,10,46,12,6,0,2,1,2,0,0,2,1,0,2,1,,,
201028402274,5,3,3,62,8,49.106,1,5,7,2010,11,42,30,0,0,1,1,2,1,1,2,1,0,1,4,,,
201028402276,5,3,4,62,8,49.106,2,4,5,2010,16,20,12,1,0,2,1,1,1,1,2,8,0,2,1,,,
201028402279,5,3,4,62,8,49.106,2,5,1,2010,15,48,12,6,0,4,1,1,2,2,2,8,0,1,1,,,
201028402280,6,3,4,62,8,122.765,2,5,4,2010,8,5,12,6,0,2,1,1,1,1,2,8,0,2,1,,,
201028402283,4,3,4,62,8,294.636,2,5,5,2010,11,20,12,1,0,2,1,1,0,0,2,8,0,2,1,,,
201028402285,4,3,6,62,8,280.205,2,5,6,2010,15,38,12,1,0,2,1,1,0,0,2,1,0,2,1,,,
201028402287,4,3,8,62,8,283.393,2,4,3,2010,8,12,12,1,0,2,1,1,0,0,2,1,0,2,1,,,
201028402292,4,3,8,62,8,283.393,2,5,2,2010,20,8,12,6,0,2,3,1,0,0,2,1,0,3,1,,,
201028402296,1,3,1,63,7,13.962,1,1,1,2010,8,20,31,0,0,1,1,1,3,1,2,8,0,1,6,,,
201028402297,4,3,1,63,7,293.202,2,1,2,2010,12,20,12,6,0,2,1,1,0,0,2,8,0,2,1,,,
201028402301,1,3,1,63,7,13.962,1,1,1,2010,16,45,21,0,0,1,1,1,4,3,2,8,0,1,4,,,
201028402302,3,3,1,63,7,13.962,2,1,1,2010,7,25,12,1,0,1,1,4,2,1,2,8,0,1,1,,,
201028402307,5,3,1,63,7,55.848,2,1,2,2010,2,1,12,1,1,18,3,1,1,1,2,8,0,1,1,,,
201028402312,2,3,1,63,7,13.962,2,1,2,2010,11,15,12,1,0,1,1,10,2,1,2,8,0,1,1,,,
201028402322,6,3,1,63,7,125.658,1,1,2,2010,22,38,25,0,0,1,6,1,0,0,2,8,0,1,4,,,
201028402325,2,3,1,63,7,13.962,2,1,3,2010,6,20,12,6,0,2,2,1,3,1,2,8,0,8,1,,,
201028402332,4,3,1,63,7,293.202,2,1,2,2010,13,30,12,1,0,1,1,10,0,0,2,8,0,1,1,,,
201028402358,3,3,1,63,7,13.962,1,1,4,2010,15,40,1,0,0,4,1,2,2,1,2,8,0,1,1,,,
201028402362,4,3,1,63,7,293.202,2,1,4,2010,17,40,12,6,0,2,5,1,0,0,2,8,0,3,1,,,
201028402368,6,3,1,63,7,125.658,1,1,5,2010,4,0,42,0,0,1,2,10,0,0,2,8,0,1,4,,,
201028402377,5,3,1,63,7,55.848,1,1,5,2010,8,55,25,0,0,1,1,1,2,5,2,8,0,1,4,,,
201028402387,1,3,1,63,7,13.962,2,1,5,2010,15,35,12,1,0,1,1,1,3,2,2,8,0,1,1,,,
201028402388,3,3,1,63,7,13.962,2,1,5,2010,16,0,12,6,0,4,1,1,2,1,2,8,0,1,1,,,
201028402394,6,3,8,62,8,141.696,2,5,2,2010,17,16,12,1,0,2,1,1,1,2,2,1,0,3,1,,,
201028402396,3,3,6,62,8,40.029,2,5,6,2010,9,19,12,6,0,2,1,1,2,1,2,1,0,3,1,,,
201028402403,3,3,6,62,8,40.029,1,5,4,2010,20,28,22,0,0,2,3,1,2,1,2,1,0,3,1,,,
201028402404,4,3,6,62,8,280.205,2,5,6,2010,15,17,12,6,0,4,1,10,0,0,2,1,0,1,1,,,
201028402406,5,3,5,62,8,49.106,2,5,6,2010,15,0,12,2,0,4,1,10,2,1,2,1,0,1,1,,,
201028402409,6,3,5,62,8,122.765,2,5,3,2010,18,25,12,6,0,2,1,10,0,0,2,1,0,2,1,,,
201028402422,1,3,4,62,8,24.553,2,5,7,2010,20,30,12,6,0,2,2,1,4,3,2,8,0,2,1,,,
201028402431,5,3,3,62,8,49.106,2,5,1,2010,11,24,12,6,0,2,1,10,2,5,2,1,0,3,1,,,
201028402434,6,3,2,62,8,122.765,1,5,7,2010,4,0,34,0,0,4,3,1,2,1,2,1,0,1,4,,,
201028402441,4,3,2,62,8,294.636,2,5,5,2010,15,36,12,1,0,2,1,1,0,0,2,1,0,8,1,,,
201028402452,1,3,2,62,8,24.553,2,5,2,2010,9,30,12,2,0,1,1,1,3,1,2,1,0,1,1,,,
201028402456,4,3,2,62,8,294.636,2,5,7,2010,15,23,12,7,0,2,1,10,0,0,2,1,0,8,1,,,
201028402457,3,3,2,62,8,24.553,2,5,7,2010,15,8,12,6,0,4,1,10,2,2,2,1,0,1,1,,,
201028402464,1,3,2,62,8,24.553,2,5,6,2010,16,30,12,6,0,2,1,10,3,2,2,1,0,2,1,,,
201028402470,4,3,1,62,8,294.636,2,5,7,2010,13,9,12,1,0,4,1,2,0,0,2,1,0,1,1,,,
201028402479,4,3,1,63,7,293.202,2,1,5,2010,18,29,12,1,0,1,3,1,0,0,2,8,0,1,1,,,
201028402485,3,3,1,63,7,13.962,2,1,6,2010,6,16,12,1,0,2,3,1,2,1,2,8,0,8,1,,,
201028402486,3,3,1,63,7,13.962,1,1,6,2010,7,0,21,0,0,4,1,10,2,1,2,8,0,1,5,,,
201028402488,3,3,1,63,7,13.962,2,1,6,2010,7,55,12,8,0,1,1,1,3,2,2,8,0,1,1,,,
201028402491,6,3,1,63,7,125.658,2,1,6,2010,8,35,12,6,0,4,1,1,1,1,2,8,0,1,1,,,
201028402492,3,3,1,63,7,13.962,2,1,6,2010,9,25,12,6,0,2,1,1,2,4,2,8,0,3,1,,,
201028402493,3,3,1,63,7,13.962,1,1,5,2010,6,50,21,0,0,2,1,1,2,2,2,8,0,2,1,,,
201028402497,5,3,1,63,7,55.848,2,1,6,2010,11,10,12,6,0,2,1,1,2,2,2,8,0,2,1,,,
201028402500,2,3,1,63,7,13.962,1,1,6,2010,11,20,34,0,0,2,1,1,2,1,2,8,0,2,4,,,
201028402513,3,3,1,63,7,13.962,2,1,6,2010,14,36,12,1,0,4,1,1,2,1,2,8,0,1,1,,,
201028402519,3,3,1,63,7,13.962,2,1,6,2010,16,45,12,1,0,1,1,1,2,1,2,8,0,1,1,,,
201028402520,6,3,1,63,7,125.658,2,1,6,2010,16,55,12,6,0,4,1,1,2,3,2,8,0,1,1,,,
201028402524,4,3,1,63,7,293.202,2,1,6,2010,17,55,12,1,0,1,3,1,1,1,2,8,0,1,1,,,
201028402529,1,3,1,63,7,13.962,1,1,6,2010,20,10,1,0,0,1,2,1,3,1,2,8,0,1,4,,,
201028402533,1,3,1,63,7,13.962,2,1,6,2010,23,30,12,2,1,2,2,1,3,1,2,8,0,2,1,,,
201028402536,3,3,1,63,7,13.962,2,1,7,2010,6,5,12,1,0,1,3,10,2,1,1,8,0,1,1,,,
201028402554,6,3,1,63,7,125.658,2,1,7,2010,16,50,12,6,0,2,1,10,0,0,2,8,0,2,1,,,
201028402555,5,3,1,63,7,55.848,2,1,7,2010,16,55,12,6,0,2,1,1,1,1,2,8,0,2,1,,,
201028402567,3,3,1,63,7,13.962,1,1,1,2010,11,5,30,0,0,1,1,2,2,1,2,8,0,1,4,,,
201028402568,4,3,1,63,7,293.202,2,1,1,2010,11,30,12,1,0,1,1,10,0,0,2,8,0,1,1,,,
201028402584,6,3,1,63,7,125.658,1,1,1,2010,22,45,25,0,0,1,3,1,2,1,1,8,0,1,3,,,
201028402597,4,3,1,63,7,293.202,2,1,2,2010,8,56,12,6,0,2,1,1,0,0,2,8,0,2,1,,,
201028402602,3,3,1,63,7,13.962,1,1,3,2010,10,45,74,0,0,1,1,1,2,1,2,8,0,1,3,,,
201028402607,5,3,1,63,7,55.848,2,1,2,2010,12,50,12,6,0,2,1,1,1,2,2,8,0,3,1,,,
201028402618,6,3,1,63,7,125.658,1,1,2,2010,16,15,30,0,0,1,1,1,1,1,2,8,0,1,4,,,
201028402633,1,3,1,62,8,24.553,1,5,1,2010,0,20,1,0,0,1,2,10,4,9,1,1,0,1,1,,,
201028402635,3,3,1,62,8,24.553,2,5,3,2010,18,4,12,6,0,2,1,1,2,1,2,1,0,2,1,,,
201028402637,6,3,1,62,8,122.765,2,5,4,2010,17,43,12,6,0,2,1,1,1,2,2,1,0,2,1,,,
201028402638,1,3,1,62,8,24.553,1,5,5,2010,2,38,59,0,0,1,2,5,3,1,1,1,0,1,4,,,
201028402640,3,3,1,62,8,24.553,1,5,6,2010,19,46,1,0,0,1,1,1,2,1,1,1,0,1,4,,,
201028402648,4,3,2,62,8,294.636,2,5,7,2010,14,46,12,1,0,2,1,1,0,0,2,1,0,2,1,,,
201028402652,6,3,2,62,8,122.765,2,5,6,2010,18,42,12,6,0,2,1,1,0,0,2,1,0,3,1,,,
201028402661,3,3,2,62,8,24.553,2,5,2,2010,18,15,12,1,0,5,1,1,2,1,2,1,0,1,1,,,
201028402663,4,3,2,62,8,294.636,2,5,2,2010,12,13,12,1,0,2,1,1,0,0,2,1,0,2,1,,,
201028402667,3,3,2,62,8,24.553,2,5,1,2010,19,45,12,1,0,2,1,10,2,1,1,1,0,2,1,,,
201028402669,6,3,3,62,8,122.765,2,5,4,2010,16,31,12,6,0,2,1,1,0,0,2,1,0,2,1,,,
201028402676,6,3,3,62,8,122.765,2,5,6,2010,15,5,12,11,0,2,1,1,0,0,2,1,0,2,1,,,
201028402678,4,3,3,62,8,294.636,2,5,6,2010,12,41,12,6,0,2,1,1,0,0,2,1,0,2,1,,,
201028402685,1,3,4,62,8,24.553,2,5,1,2010,19,38,12,6,0,2,3,1,3,1,2,8,0,3,1,,,
201028402692,3,3,4,62,8,24.553,1,5,5,2010,1,40,1,0,0,1,2,1,3,1,2,8,0,1,1,,,
201028402693,6,3,4,62,8,122.765,1,5,6,2010,23,27,30,0,0,1,2,2,0,0,2,8,0,1,4,,,
201028402696,3,3,4,62,8,24.553,1,5,1,2010,16,20,1,0,0,1,1,1,2,1,2,8,0,1,1,,,
201028402698,5,3,4,62,8,49.106,1,5,3,2010,14,19,1,0,0,1,1,1,2,4,2,8,0,1,4,,,
201028402702,4,3,4,62,8,294.636,2,5,7,2010,11,50,12,11,0,4,1,1,0,0,2,8,0,1,1,,,
201028402707,4,3,8,62,8,283.393,2,5,3,2010,8,17,12,6,0,2,1,1,0,0,2,1,0,3,1,,,
201028402710,4,3,1,63,7,293.202,3,1,3,2010,7,3,12,1,0,2,1,1,0,0,2,8,0,2,1,,,
201028402715,6,3,1,63,7,125.658,2,1,3,2010,8,0,12,6,0,2,1,1,0,0,2,8,0,2,1,,,
201028402729,3,3,1,63,7,13.962,2,1,3,2010,12,30,12,1,0,2,1,1,3,1,2,8,0,2,1,,,
201028402738,4,3,1,63,7,293.202,2,1,3,2010,16,50,12,6,0,2,1,1,0,0,2,8,0,2,1,,,
201028402750,6,3,1,63,7,125.658,2,1,3,2010,23,15,12,6,0,2,3,1,0,0,2,8,0,3,1,,,
201028402751,5,3,1,63,7,55.848,1,1,4,2010,2,35,43,0,0,1,2,1,2,1,2,8,0,1,4,,,
201028402752,1,3,1,63,7,13.962,2,1,4,2010,6,20,12,1,0,1,3,1,3,1,2,8,0,1,1,,,
201028402776,5,3,1,63,7,55.848,3,1,5,2010,6,50,12,1,0,1,3,1,2,1,2,8,0,1,1,,,
201028402777,4,3,1,63,7,293.202,2,1,5,2010,7,30,12,7,0,1,1,10,0,0,2,8,0,1,1,,,
201028402791,6,3,1,63,7,125.658,2,1,5,2010,18,15,12,1,0,1,3,10,0,0,2,8,0,1,1,,,
201028402793,1,3,1,63,7,13.962,2,1,5,2010,19,4,12,6,0,2,3,1,3,1,2,8,0,2,1,,,
201028402808,4,3,1,62,8,294.636,2,5,3,2010,9,0,12,6,0,2,1,10,0,0,2,1,0,3,1,,,
201028402821,4,3,2,62,8,294.636,2,6,6,2010,16,15,12,1,0,2,1,1,0,0,2,1,0,2,1,,,