CASENUM,STRATUM,REGION,PJ,PSU,PSUSTRAT,WEIGHT,VE_TOTAL,MONTH,WKDY_IM,YEAR,HOUR_IM,MINUTE_IM,EVENT1_IM,MANCOL_IM,RELJCT1_IM,RELJCT2_IM,LGTCON_IM,WEATHR_IM,MAXSEV_IM,NO_INJ_IM,ALCHL_IM,LAND_USE,PVH_INVL,TYP_INT,REL_ROAD,CF1,CF2,CF3
201028402833,4,3,2,62,8,294.636,3,6,3,2010,16,2,12,1,0,1,1,1,0,0,2,1,0,1,1,,,
201028402857,2,3,4,62,8,24.553,1,5,1,2010,19,20,1,0,0,1,1,10,0,0,2,8,0,1,1,,,
201028402860,5,3,5,62,8,49.106,1,5,1,2010,20,53,33,0,1,5,2,1,2,2,2,1,0,1,8,,,
201028402861,4,3,5,62,8,294.636,2,5,2,2010,10,0,12,7,0,1,1,1,0,0,2,1,0,1,1,,,
201028402862,6,3,5,62,8,122.765,1,5,3,2010,15,0,42,0,0,2,1,10,0,0,2,1,0,8,3,,,
201028402866,1,3,5,62,8,24.553,1,6,1,2010,3,29,30,0,0,2,6,10,3,1,2,1,0,2,3,,,
201028402870,4,3,6,62,8,280.205,2,6,5,2010,16,40,12,1,0,1,1,1,0,0,2,1,0,1,1,,,
201028402880,4,3,1,63,7,293.202,2,1,6,2010,21,0,12,6,0,1,3,1,0,0,2,8,0,1,1,,,
201028402883,5,3,1,63,7,55.848,1,1,7,2010,3,43,25,0,0,1,3,1,2,1,2,8,0,1,3,,,
201028402898,6,3,1,63,7,125.658,2,1,1,2010,12,40,12,6,0,2,1,10,0,0,2,8,0,8,1,,,
201028402910,4,3,1,63,7,293.202,2,2,3,2010,7,5,12,6,0,2,1,10,0,0,2,8,0,2,1,,,
201028402925,1,3,1,63,7,13.962,2,2,4,2010,20,18,12,6,0,2,3,2,3,1,2,8,0,2,1,,,
201028402927,5,3,1,63,7,55.848,2,2,5,2010,9,0,12,6,0,2,1,2,1,1,2,8,0,3,1,,,
201028402943,4,3,1,63,7,293.202,2,2,6,2010,8,20,12,7,0,1,1,1,0,0,2,8,0,1,1,,,
201028402948,5,3,1,63,7,55.848,2,2,6,2010,11,0,12,1,1,5,1,1,2,3,2,8,0,1,1,,,
201028402950,6,3,1,63,7,125.658,5,2,6,2010,11,45,12,1,0,1,1,1,0,0,2,8,0,1,1,,,
201028402962,1,3,1,63,7,13.962,1,2,6,2010,14,40,42,0,0,1,1,10,4,1,2,8,0,1,3,,,
201028402963,5,3,1,63,7,55.848,2,2,6,2010,15,0,12,1,0,1,1,1,1,2,2,8,0,1,1,,,
201028402964,1,3,1,63,7,13.962,2,2,6,2010,15,10,12,6,0,2,1,10,3,2,2,8,0,3,1,,,
201028402967,3,3,1,63,7,13.962,2,2,6,2010,17,0,12,7,0,1,1,1,2,1,2,8,0,1,1,,,
201028402977,5,3,1,62,8,49.106,2,5,6,2010,21,30,12,1,0,1,2,1,1,1,2,1,0,1,1,,,
201028402983,3,3,1,62,8,24.553,2,5,7,2010,14,9,1,0,0,1,1,1,2,3,2,1,0,1,1,,,
201028402985,6,3,1,62,8,122.765,1,5,3,2010,23,0,24,0,0,1,2,1,0,0,2,1,0,1,1,,,
201028402990,5,3,1,62,8,49.106,2,5,7,2010,21,39,12,6,0,4,3,1,2,1,2,1,0,1,1,,,
201028402992,6,3,1,62,8,122.765,1,5,3,2010,22,35,24,0,0,1,2,1,0,0,2,1,0,1,1,,,
201028402998,6,3,1,62,8,122.765,2,6,3,2010,7,20,12,1,0,2,1,1,2,1,2,1,0,3,1,,,
201028403006,3,3,2,62,8,24.553,2,6,7,2010,13,2,12,1,0,2,1,10,2,2,2,1,0,3,1,,,
201028403012,4,3,2,62,8,294.636,2,6,4,2010,18,40,12,6,0,2,1,10,0,0,2,1,0,3,1,,,
201028403015,6,3,2,62,8,122.765,4,6,3,2010,22,1,12,7,0,2,3,1,1,1,1,1,0,3,1,,,
201028403030,4,3,3,62,8,294.636,2,6,3,2010,13,6,12,1,0,4,1,10,0,0,2,1,0,1,1,,,
201028403039,6,3,3,62,8,122.765,1,6,6,2010,4,49,30,0,0,1,2,1,0,0,2,1,0,1,4,,,
201028403044,4,3,4,62,8,294.636,2,6,4,2010,11,59,12,1,0,2,1,1,0,0,2,8,0,2,1,,,
201028403047,2,3,4,62,8,24.553,4,5,2,2010,13,35,12,6,0,2,1,1,4,4,2,8,0,2,1,,,
201028403053,4,3,6,62,8,280.205,2,6,2,2010,15,39,12,1,0,2,1,10,0,0,2,1,0,8,1,,,
201028403054,5,3,6,62,8,40.029,2,6,3,2010,5,55,12,2,0,2,3,1,1,1,2,1,0,2,1,,,
201028403055,6,3,8,62,8,141.696,2,5,7,2010,8,35,12,1,0,2,1,1,0,0,2,1,0,2,1,,,
201028403056,4,3,8,62,8,283.393,2,5,3,2010,10,40,12,6,0,4,1,1,1,1,2,1,0,1,1,,,
201028403059,5,3,8,62,8,70.848,3,6,7,2010,22,22,12,1,0,2,2,1,1,1,2,1,0,8,1,,,
201028403061,4,3,8,62,8,283.393,2,6,1,2010,21,17,12,7,0,1,3,1,0,0,2,1,0,1,1,,,
201028403070,1,3,1,63,7,13.962,1,2,7,2010,3,12,31,0,0,1,3,1,4,2,1,8,0,1,10,,,
201028403072,6,3,1,63,7,125.658,2,2,7,2010,10,40,12,1,0,2,1,1,1,1,2,8,0,3,1,,,
201028403074,4,3,1,63,7,293.202,2,2,7,2010,11,55,12,6,0,2,1,1,0,0,2,8,0,3,1,,,
201028403075,5,3,1,63,7,55.848,2,2,7,2010,14,50,12,7,0,1,1,1,1,3,2,8,0,1,1,,,
201028403096,1,3,1,63,7,13.962,1,2,3,2010,4,0,33,0,0,1,3,1,4,2,1,8,0,1,4,,,
201028403099,5,3,1,63,7,55.848,1,2,3,2010,7,15,30,0,0,1,1,1,2,1,2,8,0,1,4,,,
201028403107,1,3,1,63,7,13.962,1,2,3,2010,12,5,75,0,1,19,1,1,3,2,2,8,0,1,8,,,
201028403108,6,3,1,63,7,125.658,2,2,3,2010,12,30,12,6,0,2,1,1,0,0,2,8,0,2,1,,,
201028403115,4,3,1,63,7,293.202,2,2,3,2010,15,35,12,7,0,2,1,1,0,0,2,8,0,2,1,,,
201028403117,1,3,1,63,7,13.962,2,2,3,2010,16,4,12,2,0,4,1,4,3,1,2,8,0,1,1,,,
201028403119,5,3,1,63,7,55.848,1,2,3,2010,16,35,42,0,0,1,1,1,1,2,2,8,0,1,6,,,
201028403136,6,3,1,63,7,125.658,2,2,4,2010,8,35,12,6,0,2,1,1,0,0,2,8,0,2,1,,,
201028403139,5,3,1,63,7,55.848,2,2,4,2010,10,10,12,6,0,2,1,1,2,1,2,8,0,2,1,,,
201028403159,6,3,1,63,7,125.658,2,2,4,2010,17,29,12,1,0,1,1,2,0,0,2,8,0,1,1,,,
201028403167,4,3,2,62,8,294.636,2,6,6,2010,18,13,12,1,0,1,1,1,0,0,2,1,0,1,1,,,
201028403180,4,3,2,62,8,294.636,2,6,4,2010,13,23,12,6,0,2,1,10,0,0,2,1,0,2,1,,,
201028403192,6,3,2,62,8,122.765,1,6,7,2010,23,42,34,0,0,1,2,10,1,1,2,1,0,1,4,,,
201028403196,4,3,3,62,8,294.636,2,6,1,2010,22,8,12,1,0,2,3,1,0,0,2,1,0,2,1,,,
201028403197,5,3,3,62,8,49.106,2,6,5,2010,11,17,12,6,0,2,1,1,1,2,2,1,0,2,1,,,
201028403206,6,3,4,62,8,122.765,1,6,6,2010,19,10,42,0,0,1,1,1,0,0,2,8,0,1,5,,,
201028403217,6,3,5,62,8,122.765,2,6,5,2010,12,10,12,6,0,2,1,1,0,0,2,1,0,7,1,,,
201028403226,4,3,6,62,8,280.205,2,6,2,2010,12,42,12,1,0,2,1,1,0,0,2,1,0,4,1,,,
201028403233,4,3,1,63,7,293.202,2,2,4,2010,18,5,12,6,0,2,3,10,0,0,2,8,0,2,1,,,
201028403235,3,3,1,63,7,13.962,2,2,4,2010,18,8,12,6,0,2,3,2,2,1,2,8,0,2,1,,,
201028403238,3,3,1,63,7,13.962,1,2,4,2010,18,20,22,0,0,4,3,2,2,1,2,8,0,1,1,,,
201028403242,5,3,1,63,7,55.848,1,2,5,2010,0,5,33,0,0,1,3,2,2,1,2,8,0,1,4,,,
201028403245,1,3,1,63,7,13.962,2,2,5,2010,7,0,12,6,0,1,1,2,3,5,2,8,0,1,1,,,
201028403254,3,3,1,63,7,13.962,1,2,5,2010,8,10,21,0,0,1,1,2,2,1,2,8,0,1,1,,,
201028403266,6,3,1,63,7,125.658,2,2,5,2010,13,50,12,6,0,2,1,2,1,2,2,8,0,2,1,,,
201028403267,5,3,1,63,7,55.848,2,2,5,2010,14,10,12,6,0,2,1,2,1,3,2,8,0,2,1,,,
201028403275,4,3,1,63,7,293.202,2,2,5,2010,15,30,12,6,0,4,1,2,0,0,2,8,0,1,1,,,
201028403293,6,3,1,63,7,125.658,3,2,5,2010,18,50,12,1,0,1,3,2,1,2,2,8,0,1,1,,,
201028403307,4,3,1,63,7,293.202,2,2,6,2010,7,50,12,1,0,1,1,10,1,2,2,8,0,1,1,,,
201028403308,5,3,1,63,7,55.848,2,2,6,2010,8,35,12,6,0,1,1,10,2,3,2,8,0,1,1,,,
201028403329,1,3,1,63,7,13.962,1,2,7,2010,0,30,31,0,0,1,3,1,3,2,2,8,0,1,4,,,
201028403331,6,3,1,63,7,125.658,1,2,7,2010,4,50,40,0,0,1,3,1,0,0,2,8,0,1,4,,,
201028403332,3,3,1,63,7,13.962,2,2,7,2010,10,10,12,6,0,2,1,1,2,1,2,8,0,2,1,,,
201028403343,4,3,1,63,7,293.202,2,2,1,2010,1,55,12,7,0,1,3,1,0,0,2,8,0,1,1,,,
201028403345,5,3,1,63,7,55.848,1,2,1,2010,2,39,30,0,0,1,3,1,1,1,2,8,0,1,4,,,
201028403356,6,3,1,63,7,125.658,2,2,1,2010,15,10,12,6,0,2,1,1,0,0,2,8,0,2,1,,,
201028403369,4,3,1,62,8,294.636,2,6,6,2010,0,1,12,7,0,1,2,1,0,0,2,1,0,1,1,,,
201028403371,6,3,1,62,8,122.765,1,6,6,2010,6,5,24,0,0,1,2,10,0,0,2,1,0,1,1,,,
201028403377,5,3,1,62,8,49.106,2,6,1,2010,8,45,12,1,0,1,1,1,1,1,2,1,0,1,1,,,
201028403379,5,3,1,62,8,49.106,1,6,7,2010,6,54,59,0,0,1,1,1,1,1,1,1,0,1,4,,,
201028403380,3,3,1,62,8,24.553,2,6,1,2010,16,15,12,8,0,1,1,1,2,2,2,1,0,1,1,,,
201028403385,4,3,2,62,8,294.636,2,6,7,2010,17,48,12,6,0,2,1,1,0,0,2,1,0,8,1,,,
201028403399,5,3,2,62,8,49.106,2,6,5,2010,6,49,12,1,0,2,4,2,2,1,2,1,0,2,1,,,
201028403402,4,3,2,62,8,294.636,2,6,4,2010,8,6,12,1,0,4,1,10,0,0,2,1,0,1,1,,,
201028403403,3,3,2,62,8,24.553,2,6,3,2010,18,33,12,6,0,2,1,1,2,1,2,1,0,2,1,,,
201028403412,5,3,2,62,8,49.106,2,6,2,2010,18,27,12,1,0,2,1,1,2,3,2,1,0,8,1,,,
201028403417,4,3,2,62,8,294.636,2,6,1,2010,16,48,12,6,0,4,1,1,0,0,2,1,0,1,1,,,
201028403429,5,3,3,62,8,49.106,2,6,6,2010,9,37,12,1,0,2,1,1,1,2,2,1,0,2,1,,,
201028403435,6,3,3,62,8,122.765,1,6,1,2010,2,13,34,0,0,4,2,1,0,0,1,1,0,1,4,,,
201028403436,4,3,3,62,8,294.636,2,6,2,2010,8,33,12,6,0,2,1,1,0,0,2,1,0,3,1,,,
201028403446,4,3,4,62,8,294.636,2,6,4,2010,10,40,12,1,0,2,1,1,0,0,2,8,0,2,1,,,
201028403447,1,3,4,62,8,24.553,2,6,4,2010,7,40,12,2,0,2,1,1,3,1,2,8,0,2,1,,,
201028403451,3,3,4,62,8,24.553,1,6,6,2010,21,30,32,0,0,1,2,1,2,4,2,8,0,1,4,,,
201028403457,3,3,6,62,8,40.029,2,6,2,2010,20,2,12,6,0,2,1,1,2,1,2,1,0,2,1,,,
201028403459,6,3,6,62,8,120.088,2,6,3,2010,15,10,12,6,0,4,1,1,0,0,2,1,0,1,1,,,
201028403460,5,3,8,62,8,70.848,4,6,4,2010,13,52,12,1,0,2,1,1,2,9,2,1,0,8,1,,,
201028403463,4,3,8,62,8,283.393,2,6,6,2010,15,50,12,1,0,2,1,1,0,0,2,1,0,2,1,,,
201028403473,4,3,1,63,7,293.202,2,2,2,2010,12,0,12,6,0,2,1,1,0,0,2,8,0,2,1,,,
201028403487,6,3,1,63,7,125.658,2,2,3,2010,7,25,12,6,0,2,1,1,0,0,2,8,0,3,1,,,
201028403491,3,3,1,63,7,13.962,2,2,3,2010,7,30,12,1,0,1,1,1,2,2,2,8,0,1,1,,,
201028403494,3,3,1,63,7,13.962,2,2,3,2010,15,8,12,1,0,7,1,1,2,2,2,8,0,1,1,,,
201028403506,4,3,1,63,7,293.202,2,2,4,2010,10,20,12,1,0,2,1,1,0,0,2,8,0,2,1,,,
201028403507,3,3,1,63,7,13.962,2,2,4,2010,11,55,12,7,0,1,1,1,2,2,2,8,0,1,1,,,
201028403510,3,3,1,63,7,13.962,2,2,4,2010,14,30,12,1,0,1,1,1,2,2,2,8,0,1,1,,,
201028403512,5,3,1,63,7,55.848,2,2,4,2010,16,40,12,6,0,2,1,1,2,2,2,8,0,2,1,,,
201028403521,6,3,1,63,7,125.658,1,2,5,2010,7,55,33,0,0,1,1,1,0,0,2,8,0,1,3,,,
201028403533,5,3,1,63,7,55.848,2,2,5,2010,15,10,12,7,0,1,1,1,1,1,2,8,0,1,1,,,
201028403545,4,3,1,63,7,293.202,3,2,5,2010,22,56,12,1,0,1,3,1,0,0,2,8,0,1,1,,,
201028403552,3,3,1,63,7,13.962,2,2,6,2010,12,35,12,6,0,2,1,10,2,1,2,8,0,2,1,,,
201028403561,3,3,1,63,7,13.962,2,2,6,2010,16,5,12,6,0,2,1,10,2,1,2,8,0,2,1,,,
201028403562,6,3,1,63,7,125.658,2,2,6,2010,11,15,12,6,0,2,1,10,1,1,2,8,0,2,1,,,
201028403565,3,3,1,63,7,13.962,2,2,6,2010,19,21,12,7,0,1,3,1,2,1,2,8,0,1,1,,,
201028403582,4,3,1,63,7,293.202,2,2,7,2010,16,47,12,7,0,1,1,1,1,1,2,8,0,1,1,,,
201028403588,5,3,1,63,7,55.848,3,2,7,2010,19,25,12,1,0,1,2,10,1,3,1,8,0,1,1,,,
201028403590,6,3,1,63,7,125.658,3,2,7,2010,23,1,14,0,0,1,3,1,0,0,1,8,2,1,7,,,
201028403605,5,3,1,62,8,49.106,1,6,3,2010,9,40,72,0,0,1,1,1,2,1,2,1,0,1,3,,,
201028403608,3,3,1,62,8,24.553,1,6,5,2010,17,25,1,0,0,1,1,1,2,1,2,1,0,1,1,,,
201028403609,4,3,1,62,8,294.636,1,6,7,2010,21,30,43,0,0,1,2,1,0,0,2,1,0,1,4,,,
201028403611,6,3,1,62,8,122.765,1,6,2,2010,22,35,24,0,0,1,2,1,0,0,2,1,0,1,1,,,
201028403617,5,3,1,62,8,49.106,2,6,3,2010,7,10,12,6,0,2,1,1,2,2,2,1,0,2,1,,,
201028403620,6,3,2,62,8,122.765,1,6,4,2010,20,44,20,0,1,19,3,2,1,2,2,1,0,1,4,,,
201028403624,3,3,2,62,8,24.553,1,6,3,2010,18,43,30,0,0,1,1,10,2,1,2,1,0,1,4,,,
201028403630,5,3,2,62,8,49.106,2,7,2,2010,13,22,12,6,0,2,1,1,2,1,2,1,0,2,1,,,
201028403631,3,3,2,62,8,24.553,1,7,2,2010,1,57,1,0,0,2,2,10,3,2,1,1,0,3,1,,,
201028403634,5,3,2,62,8,49.106,2,7,1,2010,18,10,12,6,0,2,1,1,2,2,2,1,0,2,1,,,
201028403635,3,3,2,62,8,24.553,1,7,1,2010,10,20,33,0,0,1,1,10,2,1,2,1,0,1,3,,,
201028403636,4,3,2,62,8,294.636,2,7,1,2010,0,11,12,1,0,2,3,1,0,0,2,1,0,8,1,,,
201028403646,6,3,2,62,8,122.765,1,7,5,2010,2,6,1,0,0,1,2,2,1,2,2,1,0,1,4,,,
201028403661,5,3,3,62,8,49.106,1,7,2,2010,3,15,34,0,0,1,3,1,2,1,2,1,0,1,4,,,
201028403669,6,3,4,62,8,122.765,2,6,3,2010,15,15,12,6,0,2,1,1,0,0,2,8,0,3,1,,,
201028403676,4,3,6,62,8,280.205,2,6,4,2010,7,40,12,1,0,2,1,1,0,0,2,1,0,2,1,,,
201028403686,6,3,8,62,8,141.696,3,6,5,2010,17,42,12,6,0,2,1,1,1,3,2,1,0,8,1,,,
201028403700,5,3,1,63,7,55.848,2,2,3,2010,12,10,12,6,0,2,1,10,1,1,2,8,0,2,1,,,
201028403706,6,3,1,63,7,125.658,2,2,3,2010,21,30,12,1,0,1,3,1,0,0,1,8,0,1,1,,,
201028403707,4,3,1,63,7,293.202,2,2,4,2010,14,20,12,7,0,1,1,1,1,2,2,8,0,1,1,,,
201028403730,5,3,1,63,7,55.848,2,3,2,2010,12,40,12,1,0,2,1,1,1,1,2,8,0,3,1,,,
201028403738,3,3,1,63,7,13.962,3,3,3,2010,16,30,12,6,0,2,1,1,2,2,2,8,0,8,1,,,
201028403742,6,3,1,63,7,125.658,2,3,3,2010,21,5,14,0,0,1,2,1,0,0,2,8,1,1,5,,,
201028403745,4,3,1,63,7,293.202,2,3,4,2010,5,45,12,7,0,1,3,1,0,0,2,8,0,1,1,,,
201028403762,5,3,1,63,7,55.848,2,3,1,2010,9,50,12,1,0,1,1,1,1,1,2,8,0,1,1,,,
201028403767,5,3,1,63,7,55.848,2,3,2,2010,11,17,12,6,0,7,1,2,1,1,2,8,0,1,1,,,
201028403775,6,3,1,63,7,125.658,2,3,2,2010,21,42,12,1,0,1,1,1,0,0,2,8,0,1,1,,,
201028403783,4,3,1,63,7,293.202,2,3,3,2010,18,10,12,1,0,1,1,10,0,0,2,8,0,1,1,,,
201028403789,3,3,1,63,7,13.962,1,3,4,2010,8,30,34,0,0,2,1,10,2,1,2,8,0,2,4,,,
201028403813,5,3,1,63,7,55.848,2,3,5,2010,17,20,12,6,0,4,1,1,1,5,2,8,0,1,1,,,
201028403814,4,3,1,63,7,293.202,2,3,5,2010,17,15,12,1,0,2,1,1,0,0,2,8,0,8,1,,,
201028403816,6,3,1,63,7,125.658,2,3,5,2010,19,40,12,6,0,2,3,1,0,0,2,8,0,2,1,,,
201028403847,2,3,1,62,8,24.553,1,6,5,2010,14,20,38,0,0,1,1,1,2,1,2,1,0,1,5,,,
201028403848,3,3,1,62,8,24.553,1,6,6,2010,19,46,31,0,0,1,1,1,3,1,1,1,0,1,4,,,
201028403854,1,3,1,62,8,24.553,1,6,5,2010,6,30,42,0,0,1,1,2,3,1,2,1,0,1,3,,,
201028403855,4,3,1,62,8,294.636,2,6,4,2010,16,1,12,1,0,2,1,10,0,0,2,1,0,8,1,,,
201028403860,5,3,1,62,8,49.106,2,6,7,2010,7,23,12,1,0,2,1,1,2,1,1,1,0,3,1,,,
201028403861,1,3,1,62,8,24.553,1,6,7,2010,18,0,35,0,0,1,1,1,3,1,1,1,0,1,4,,,
201028403867,6,3,1,62,8,122.765,1,7,7,2010,19,15,42,0,0,1,1,1,0,0,2,1,0,1,6,,,
201028403875,4,3,2,62,8,294.636,2,7,7,2010,18,18,12,1,0,1,1,10,0,0,2,1,0,1,1,,,
201028403876,3,3,2,62,8,24.553,2,7,7,2010,15,17,12,7,0,1,1,1,3,1,2,1,0,1,1,,,
201028403877,1,3,2,62,8,24.553,2,7,7,2010,10,11,12,6,0,2,1,1,3,2,2,1,0,2,1,,,
201028403892,4,3,2,62,8,294.636,3,7,3,2010,16,0,12,1,0,1,1,10,0,0,2,1,0,1,1,,,
201028403893,3,3,2,62,8,24.553,2,7,3,2010,16,45,12,6,0,2,1,1,2,1,2,1,0,2,1,,,
201028403902,4,3,3,62,8,294.636,2,7,7,2010,18,0,12,1,0,2,1,1,0,0,2,1,0,3,1,,,
201028403909,1,3,6,62,8,40.029,2,7,6,2010,22,22,12,1,0,1,3,1,3,6,1,1,0,1,1,,,
201028403910,4,3,6,62,8,280.205,2,7,5,2010,14,23,12,6,0,2,1,2,0,0,2,1,0,2,1,,,
201028403930,5,3,1,63,7,55.848,2,3,6,2010,15,40,12,1,0,1,1,1,1,1,2,8,0,1,1,,,
201028403938,4,3,1,63,7,293.202,2,3,6,2010,18,25,12,1,0,1,1,1,1,1,2,8,0,1,1,,,
201028403943,6,3,1,63,7,125.658,1,3,6,2010,20,0,41,0,0,4,3,1,0,0,2,8,0,1,5,,,
201028403952,5,3,1,63,7,55.848,1,3,7,2010,8,30,25,0,0,1,1,1,1,1,2,8,0,1,3,,,
201028403971,4,3,1,63,7,293.202,1,3,7,2010,23,0,38,0,0,1,3,1,0,0,2,8,0,1,5,,,
201028403974,6,3,1,63,7,125.658,2,3,1,2010,3,20,12,1,0,1,3,1,0,0,2,8,0,1,1,,,
201028403975,1,3,1,63,7,13.962,1,3,1,2010,3,30,74,0,0,1,3,1,3,1,2,8,0,1,10,,,
201028404000,3,3,1,63,7,13.962,2,3,2,2010,12,58,12,6,0,4,1,1,2,1,2,8,0,1,1,,,
201028404001,1,3,1,63,7,13.962,2,3,2,2010,13,0,12,6,0,2,1,1,3,3,2,8,0,2,1,,,
201028404002,6,3,1,63,7,125.658,2,3,2,2010,13,15,12,1,0,2,1,1,0,0,2,8,0,2,1,,,
201028404014,4,3,1,63,7,293.202,2,3,2,2010,18,42,12,1,0,2,1,1,0,0,2,8,0,2,1,,,
201028404029,6,3,1,63,7,125.658,2,3,3,2010,14,35,12,6,0,2,1,10,0,0,2,8,0,3,1,,,
201028404034,3,3,1,63,7,13.962,2,3,3,2010,16,0,12,1,0,1,1,1,2,1,2,8,0,1,1,,,
201028404042,5,3,1,63,7,55.848,1,3,3,2010,19,25,25,0,0,1,3,2,2,1,2,8,0,1,3,,,
201028404050,4,3,1,63,7,293.202,2,3,4,2010,7,45,12,1,0,2,1,1,0,0,1,8,0,2,1,,,
201028404059,6,3,2,62,8,122.765,2,7,7,2010,22,14,12,6,0,2,3,1,0,0,2,1,0,2,1,,,
201028404064,4,3,2,62,8,294.636,2,7,4,2010,16,49,12,1,0,2,1,10,1,1,2,1,0,2,1,,,
201028404089,6,3,3,62,8,122.765,1,7,4,2010,12,20,1,0,0,1,1,1,0,0,2,1,0,1,4,,,
201028404091,4,3,4,62,8,294.636,2,6,4,2010,14,20,12,6,0,2,1,1,0,0,2,8,0,2,1,,,
201028404101,4,3,5,62,8,294.636,2,7,3,2010,7,10,12,6,0,2,1,1,0,0,2,1,0,2,1,,,
201028404108,5,3,6,62,8,40.029,2,7,7,2010,3,19,12,6,0,2,2,1,1,1,1,1,0,2,1,,,
201028404112,4,3,6,62,8,280.205,2,7,5,2010,14,22,12,6,0,4,1,1,0,0,2,1,0,1,1,,,
201028404113,3,3,6,62,8,40.029,2,7,5,2010,11,7,12,1,0,2,1,1,2,1,2,1,0,3,1,,,
201028404114,3,3,6,62,8,40.029,2,7,5,2010,12,5,12,9,0,1,1,1,2,1,2,1,0,1,11,,,
201028404118,6,3,1,63,7,125.658,2,3,6,2010,8,0,12,6,0,2,1,1,0,0,2,8,0,2,1,,,
201028404120,5,3,1,63,7,55.848,2,3,4,2010,10,45,12,6,0,4,1,1,1,1,2,8,0,1,1,,,
201028404123,3,3,1,63,7,13.962,1,3,4,2010,11,50,15,0,0,2,1,1,2,2,2,8,0,2,1,,,
201028404149,4,3,1,63,7,293.202,2,3,4,2010,14,5,12,7,1,5,1,1,1,1,2,8,0,1,1,,,
201028404155,5,3,1,63,7,55.848,2,3,4,2010,21,40,12,6,0,2,3,1,1,1,2,8,0,3,1,,,
201028404156,6,3,1,63,7,125.658,2,3,4,2010,22,30,12,6,0,2,3,1,0,0,2,8,0,3,1,,,
201028404180,4,3,1,63,7,293.202,2,3,5,2010,13,0,14,0,0,1,1,1,0,0,2,8,1,1,7,,,
201028404197,6,3,1,63,7,125.658,2,3,5,2010,16,45,12,1,1,18,1,1,0,0,2,8,0,1,1,,,
201028404202,3,3,1,63,7,13.962,2,3,5,2010,17,30,12,6,0,4,1,1,2,1,2,8,0,1,1,,,
201028404205,1,3,1,63,7,13.962,3,3,5,2010,18,3,12,1,0,1,1,1,3,4,2,8,0,1,1,,,
201028404211,1,3,1,63,7,13.962,2,3,5,2010,18,45,12,6,0,2,1,1,3,2,2,8,0,3,1,,,
201028404215,4,3,1,63,7,293.202,2,3,5,2010,20,20,12,1,0,1,1,1,1,4,2,8,0,1,1,,,
201028404222,4,3,2,62,8,294.636,2,7,6,2010,10,21,12,6,0,2,1,1,0,0,2,1,0,2,1,,,
201028404236,4,3,2,62,8,294.636,2,7,1,2010,8,3,12,7,0,1,1,1,0,0,2,1,0,1,1,,,
201028404245,5,3,1,62,8,49.106,1,7,1,2010,21,30,24,0,0,1,2,1,2,1,2,1,0,1,1,,,
201028404247,5,3,1,62,8,49.106,1,7,7,2010,2,24,75,0,0,1,2,10,2,1,1,1,0,1,3,,,
201028404249,5,3,1,62,8,49.106,2,7,2,2010,16,29,12,6,0,2,1,1,2,5,2,1,0,2,1,,,
201028404251,6,3,1,62,8,122.765,1,7,7,2010,1,10,42,0,0,1,2,1,0,0,1,1,0,1,6,,,
201028404252,3,3,1,62,8,24.553,1,7,7,2010,22,20,1,0,0,1,2,1,2,1,2,1,0,1,1,,,
201028404256,5,3,4,62,8,49.106,4,7,3,2010,11,45,1,0,0,1,1,1,1,4,2,8,0,1,1,,,
201028404259,6,3,4,62,8,122.765,2,7,6,2010,15,30,12,6,0,4,1,1,2,1,2,8,0,1,1,,,
201028404261,4,3,4,62,8,294.636,2,7,6,2010,12,53,12,6,0,2,1,1,0,0,2,8,0,3,1,,,
201028404268,6,3,5,62,8,122.765,2,7,2,2010,18,5,12,6,0,2,1,2,0,0,2,1,0,2,1,,,
201028404279,6,3,6,62,8,120.088,1,7,1,2010,6,39,75,0,0,1,1,1,0,0,2,1,0,1,4,,,
201028404282,6,3,8,62,8,141.696,2,7,5,2010,13,41,12,6,0,4,1,2,0,0,2,1,0,1,1,,,
201028404283,4,3,8,62,8,283.393,2,7,7,2010,18,35,12,1,0,2,1,1,1,2,1,1,0,2,1,,,
201028404299,4,3,1,62,8,294.636,1,7,1,2010,2,9,42,0,0,1,2,1,0,0,2,1,0,1,6,,,
201028404306,5,3,1,62,8,49.106,1,7,1,2010,5,50,35,0,0,1,1,1,2,1,1,1,0,1,3,,,
201028404309,3,3,1,62,8,24.553,1,7,4,2010,5,51,38,0,0,2,1,1,2,1,2,1,0,3,4,,,
201028404314,1,3,2,62,8,24.553,1,7,3,2010,9,16,33,0,0,2,1,1,3,2,2,1,0,2,3,,,
201028404316,3,3,2,62,8,24.553,1,7,4,2010,10,35,34,0,0,1,1,1,3,1,2,1,0,1,4,,,
201028404325,6,3,2,62,8,122.765,2,7,2,2010,15,49,12,6,0,2,1,2,2,2,2,1,0,2,1,,,
201028404329,5,3,3,62,8,49.106,2,7,7,2010,9,35,12,6,0,2,1,1,2,4,2,1,0,2,1,,,
201028404332,6,3,3,62,8,122.765,2,7,1,2010,20,35,12,6,0,4,2,10,2,3,1,1,0,1,1,,,
201028404333,4,3,3,62,8,294.636,2,7,1,2010,17,30,12,1,0,2,1,1,0,0,2,1,0,2,1,,,
201028404352,5,3,4,62,8,49.106,2,7,5,2010,15,25,12,2,0,4,1,1,1,2,2,8,0,1,11,,,