CASENUM,STRATUM,REGION,PJ,PSU,PSUSTRAT,WEIGHT,VE_TOTAL,MONTH,WKDY_IM,YEAR,HOUR_IM,MINUTE_IM,EVENT1_IM,MANCOL_IM,RELJCT1_IM,RELJCT2_IM,LGTCON_IM,WEATHR_IM,MAXSEV_IM,NO_INJ_IM,ALCHL_IM,LAND_USE,PVH_INVL,TYP_INT,REL_ROAD,CF1,CF2,CF3
201028505087,4,3,1,64,7,292.652,2,6,4,2010,18,15,12,7,0,1,1,1,0,0,2,3,0,1,1,,,
201028505118,6,3,1,64,7,132.166,2,6,1,2010,9,55,12,6,0,2,1,10,0,0,2,3,0,2,1,,,
201028505134,5,3,1,64,7,56.642,2,6,3,2010,7,0,12,6,0,2,1,1,1,2,2,3,0,2,1,,,
201028505140,3,3,1,64,7,18.881,2,6,4,2010,7,29,12,6,0,2,1,1,2,1,1,3,0,2,1,,,
201028505150,4,3,1,64,7,292.652,2,6,4,2010,14,30,12,6,0,2,1,1,0,0,2,3,0,3,1,,,
201028505153,6,3,1,64,7,132.166,2,6,4,2010,17,0,12,6,0,2,1,1,0,0,2,3,0,2,1,,,
201028505193,5,3,1,64,7,56.642,2,7,7,2010,21,25,12,6,0,4,3,10,2,2,2,3,0,1,1,,,
201028505201,4,3,1,64,7,292.652,1,7,7,2010,13,25,22,0,0,2,1,10,0,0,2,3,0,2,1,,,
201028505204,3,3,1,64,7,18.881,1,7,7,2010,23,20,21,0,0,1,2,1,2,1,2,3,0,1,1,,,
201028505207,6,3,1,64,7,132.166,2,7,1,2010,12,0,12,6,0,2,1,2,0,0,2,3,0,2,1,,,
201028505245,5,3,1,64,7,56.642,2,7,3,2010,18,59,12,1,0,1,1,2,2,1,2,3,0,1,1,,,
201028505255,6,3,1,64,7,132.166,1,7,4,2010,1,40,33,0,0,1,2,10,0,0,2,3,0,1,4,,,
201028505256,4,3,1,64,7,292.652,2,7,4,2010,7,55,12,1,1,17,1,10,0,0,2,3,0,1,1,,,
201028505261,2,3,1,64,7,9.44,2,7,5,2010,0,5,12,6,0,4,2,10,1,1,2,3,0,1,1,,,
201028505266,2,3,1,64,7,9.44,1,7,4,2010,11,27,1,0,1,2,1,10,5,1,2,3,0,2,1,,,
201028505293,6,3,1,64,7,132.166,1,7,5,2010,17,12,1,0,0,1,1,10,1,1,2,3,0,1,4,,,
201028505301,3,3,1,64,7,18.881,1,7,5,2010,21,40,21,0,0,1,2,2,2,1,2,3,0,1,1,,,
201028505316,4,3,1,64,7,292.652,2,7,7,2010,14,40,12,7,0,1,1,10,0,0,2,3,0,1,1,,,
201028505319,5,3,1,64,7,56.642,2,7,7,2010,9,20,12,6,0,2,1,1,1,2,2,3,0,3,1,,,
201028505327,3,3,1,64,7,18.881,2,7,1,2010,10,30,12,6,0,4,1,1,2,1,2,3,0,1,1,,,
201028505333,1,3,1,64,7,9.44,2,7,2,2010,6,30,12,2,0,1,4,10,3,2,2,3,0,1,1,,,
201028505346,3,3,1,64,7,18.881,2,7,2,2010,21,29,12,6,0,2,3,1,2,1,2,3,0,2,1,,,
201028505352,6,3,1,64,7,132.166,2,7,3,2010,15,30,12,6,0,4,1,1,2,5,2,3,0,1,1,,,
201028505358,1,3,1,64,7,9.44,1,7,3,2010,20,50,42,0,0,1,5,1,3,1,1,3,0,1,4,,,
201028505360,5,3,1,64,7,56.642,2,7,3,2010,19,10,12,6,0,2,1,1,2,3,2,3,0,2,1,,,
201028505380,4,3,1,64,7,292.652,2,7,6,2010,10,33,12,1,0,1,1,1,0,0,2,3,0,1,1,,,
201028505403,2,3,2,64,7,4.72,2,7,1,2010,15,10,12,7,0,1,1,2,2,1,2,8,0,1,1,,,
201028505404,2,3,2,64,7,4.72,1,7,1,2010,17,49,1,0,0,1,1,2,0,0,2,8,0,1,1,,,
201028505410,6,3,2,64,7,132.166,2,7,5,2010,14,14,12,1,0,1,1,10,0,0,2,8,0,1,1,,,
201028505437,4,3,2,64,7,292.652,1,7,4,2010,11,53,59,0,0,1,1,10,0,0,2,8,0,1,4,,,
201028505439,2,3,2,64,7,4.72,3,7,4,2010,15,1,12,7,0,1,1,1,1,1,2,8,0,1,1,,,
201028505441,2,3,2,64,7,4.72,2,7,5,2010,7,37,12,1,0,1,1,10,1,1,2,8,0,1,1,,,
201028505449,3,3,2,64,7,18.881,1,7,7,2010,8,53,13,0,0,1,1,1,2,1,2,8,0,1,2,,,
201028505457,5,3,2,64,7,56.642,3,7,2,2010,16,37,12,1,0,1,1,1,2,2,2,8,0,1,1,,,
201028505460,2,3,2,64,7,4.72,3,7,3,2010,10,59,12,1,1,18,1,1,2,3,2,8,0,1,1,,,
201028505470,2,3,2,64,7,4.72,2,7,4,2010,19,37,12,7,0,1,1,1,1,1,2,8,0,1,1,,,
201028505473,3,3,2,64,7,18.881,2,7,4,2010,7,52,12,1,1,2,1,10,2,1,2,8,0,8,1,,,
201028505502,6,3,2,64,7,132.166,1,7,5,2010,17,35,76,0,0,1,1,10,0,0,2,8,0,1,3,,,
201028505509,3,3,1,64,7,18.881,1,7,5,2010,20,54,1,0,0,1,2,1,3,2,1,3,0,1,1,,,
201028505510,1,3,1,64,7,9.44,1,7,7,2010,5,48,33,0,0,1,2,1,4,1,1,3,0,1,3,,,
201028505512,1,3,1,64,7,9.44,1,7,3,2010,4,11,33,0,0,2,3,1,3,1,2,3,0,2,4,,,
201028505513,3,3,1,64,7,18.881,3,7,6,2010,17,5,12,1,0,2,1,10,3,2,2,3,0,3,1,,,
201028505540,1,3,2,64,7,4.72,2,4,1,2010,0,34,12,1,0,1,3,1,3,4,1,8,0,1,1,,,
201028505545,1,3,2,64,7,4.72,1,7,6,2010,12,13,25,0,0,1,1,10,3,1,2,8,0,1,3,,,
201028505551,2,3,2,64,7,4.72,1,7,5,2010,23,50,76,0,0,1,3,10,0,0,2,8,0,1,3,,,
201028505552,1,3,2,64,7,4.72,1,7,5,2010,4,10,20,0,0,1,3,1,3,1,2,8,0,1,4,,,
201028505555,4,3,2,64,7,292.652,1,7,7,2010,19,45,25,0,0,1,1,1,1,1,2,8,0,1,4,,,
201028505602,2,3,2,64,7,4.72,2,7,4,2010,16,53,74,0,0,1,1,2,2,2,2,8,0,1,4,,,
201028505606,6,3,2,64,7,132.166,1,7,6,2010,9,30,25,0,0,1,1,10,0,0,2,8,0,1,3,,,
201028505608,2,3,2,64,7,4.72,1,7,1,2010,11,13,1,0,1,5,1,1,0,0,2,8,0,1,4,,,
201028505616,2,3,2,64,7,4.72,2,7,2,2010,8,56,12,7,1,5,1,1,0,0,2,8,0,1,1,,,
201028505622,2,3,2,64,7,4.72,2,7,5,2010,17,28,12,1,0,1,1,10,1,1,2,8,0,1,1,,,
201028505628,3,3,2,64,7,18.881,2,7,6,2010,21,20,12,1,0,1,3,1,3,1,2,8,0,1,1,,,
201028505629,5,3,2,64,7,56.642,2,7,6,2010,15,15,12,1,0,1,1,1,2,1,2,8,0,1,1,,,
201028505646,2,3,2,64,7,4.72,2,8,5,2010,12,3,12,1,0,1,1,10,0,0,2,8,0,1,1,,,
201028505654,2,3,2,64,7,4.72,4,8,6,2010,10,30,12,1,0,1,1,1,2,2,2,8,0,1,1,,,
201028505658,2,3,2,64,7,4.72,2,8,6,2010,5,41,12,1,0,1,3,1,0,0,2,8,0,1,1,,,
201028505681,2,3,2,64,7,4.72,2,8,6,2010,8,18,12,7,0,1,1,1,2,1,2,8,0,1,1,,,
201028505699,6,3,1,64,7,132.166,2,7,4,2010,19,43,12,6,0,2,1,1,0,0,2,3,0,2,1,,,
201028505722,5,3,1,64,7,56.642,2,7,6,2010,14,15,12,6,0,2,1,10,2,1,2,3,0,2,1,,,
201028505726,3,3,1,64,7,18.881,2,7,7,2010,18,1,12,6,0,2,1,10,2,1,2,3,0,2,1,,,
201028505733,4,3,1,64,7,292.652,2,7,7,2010,4,30,14,0,0,1,2,1,0,0,2,3,1,1,7,,,
201028505744,3,3,1,64,7,18.881,1,7,1,2010,2,19,33,0,0,1,3,1,4,2,1,3,0,1,4,,,
201028505754,6,3,1,64,7,132.166,2,7,2,2010,6,42,12,1,0,4,1,1,0,0,2,3,0,1,1,,,
201028505771,5,3,1,64,7,56.642,2,7,3,2010,14,15,25,0,0,1,1,1,2,2,2,3,0,1,3,,,
201028505780,2,3,1,64,7,9.44,2,7,3,2010,12,30,12,1,0,2,1,1,1,1,2,3,0,8,1,,,
201028505783,4,3,1,64,7,292.652,1,7,3,2010,8,0,18,0,0,1,1,1,0,0,2,3,0,1,1,,,
201028505799,6,3,1,64,7,132.166,2,7,4,2010,19,0,12,6,0,2,1,1,1,2,2,3,0,2,1,,,
201028505826,3,3,1,64,7,18.881,2,7,5,2010,23,4,12,1,0,2,3,10,2,1,2,3,0,2,1,,,
201028505832,6,3,1,64,7,132.166,2,7,5,2010,22,0,12,1,0,2,3,1,0,0,2,3,0,2,1,,,
201028505839,4,3,1,64,7,292.652,2,7,6,2010,15,3,12,1,1,5,1,1,1,1,2,3,0,1,1,,,
201028505857,5,3,1,64,7,56.642,2,7,1,2010,1,55,12,1,0,4,3,10,2,2,1,3,0,1,1,,,
201028505882,1,3,1,64,7,9.44,1,7,2,2010,0,42,39,0,0,1,3,1,3,1,1,3,0,1,5,,,
201028505885,6,3,1,64,7,132.166,2,7,2,2010,11,30,12,1,0,2,1,1,2,1,2,3,0,8,1,,,
201028505888,4,3,1,64,7,292.652,2,7,2,2010,14,45,12,6,0,4,1,1,0,0,2,3,0,1,1,,,
201028505902,2,3,1,64,7,9.44,2,7,3,2010,14,45,12,1,0,2,1,1,1,2,2,3,0,2,1,,,
201028505905,3,3,1,64,7,18.881,1,7,3,2010,22,8,21,0,0,1,3,1,3,1,2,3,0,1,1,,,
201028505934,4,3,1,64,7,292.652,2,7,5,2010,22,35,14,0,0,2,3,1,0,0,2,3,1,2,7,,,
201028505939,1,3,1,64,7,9.44,2,7,6,2010,10,22,12,6,0,4,1,1,3,1,2,3,0,1,1,,,
201028505942,6,3,1,64,7,132.166,2,7,6,2010,17,35,12,6,0,2,1,1,0,0,2,3,0,2,1,,,
201028505957,5,3,1,64,7,56.642,1,7,6,2010,18,0,1,0,0,1,1,1,2,2,2,3,0,1,4,,,
201028505968,3,3,1,64,7,18.881,2,7,7,2010,21,28,12,6,0,4,2,10,3,3,2,3,0,1,1,,,
201028505976,3,3,1,64,7,18.881,1,7,7,2010,17,24,22,0,0,2,1,1,3,1,2,3,0,2,1,,,
201028505981,2,3,1,64,7,9.44,2,7,7,2010,15,44,12,2,0,4,1,10,0,0,2,3,0,1,1,,,
201028505989,4,3,1,64,7,292.652,2,8,1,2010,13,0,12,1,0,2,1,1,0,0,2,3,0,8,1,,,
201028505990,3,3,1,64,7,18.881,1,8,1,2010,7,30,22,0,1,2,1,1,2,1,2,3,0,2,1,,,
201028506028,6,3,1,64,7,132.166,2,8,2,2010,18,19,12,6,0,2,1,1,2,1,2,3,0,2,1,,,
201028506063,5,3,1,64,7,56.642,2,8,3,2010,11,45,12,6,0,2,1,1,2,2,2,3,0,2,1,,,
201028506065,4,3,1,64,7,292.652,2,8,3,2010,10,8,12,1,1,5,1,1,0,0,2,3,0,1,1,,,
201028506074,6,3,1,64,7,132.166,2,8,4,2010,3,28,14,0,0,1,2,1,0,0,2,3,1,1,2,,,
201028506092,2,3,1,64,7,9.44,2,8,5,2010,15,55,12,1,0,4,1,1,1,1,2,3,0,1,1,,,
201028506114,4,3,1,64,7,292.652,2,8,6,2010,12,10,12,1,0,4,1,10,0,0,2,3,0,1,1,,,
201028506137,1,3,1,64,7,9.44,1,2,6,2010,21,22,23,0,0,6,2,10,4,2,2,3,0,1,1,,,
201028506141,6,3,1,64,7,132.166,2,8,2,2010,9,59,12,6,0,2,1,1,0,0,2,3,0,2,1,,,
201028506142,5,3,1,64,7,56.642,3,8,5,2010,19,33,12,1,0,1,1,1,3,4,2,3,0,1,1,,,
201028506144,3,3,1,64,7,18.881,2,8,5,2010,22,5,12,7,0,1,2,1,2,1,2,3,0,1,1,,,
201028506181,6,3,1,64,7,132.166,2,8,2,2010,16,35,12,1,0,2,1,1,0,0,2,3,0,2,1,,,
201028506184,3,3,1,64,7,18.881,1,8,2,2010,11,24,15,0,0,2,1,1,5,1,2,3,0,3,1,,,
201028506185,4,3,1,64,7,292.652,2,8,2,2010,17,55,12,6,0,4,1,1,0,0,2,3,0,1,1,,,
201028506208,1,3,1,64,7,9.44,2,8,4,2010,15,25,12,2,0,1,1,1,3,2,2,3,0,1,1,,,
201028506218,3,3,1,64,7,18.881,2,8,4,2010,17,15,12,1,0,2,1,1,2,1,2,3,0,8,1,,,
201028506226,1,3,1,64,7,9.44,1,8,5,2010,18,8,42,0,0,1,1,1,3,1,2,3,0,1,5,,,
201028506234,4,3,1,64,7,292.652,2,8,5,2010,14,40,12,7,0,2,1,1,0,0,2,3,0,2,1,,,
201028506240,3,3,1,64,7,18.881,2,8,5,2010,9,55,12,6,0,2,1,1,3,2,2,3,0,2,1,,,
201028506245,6,3,1,64,7,132.166,2,8,5,2010,0,55,14,0,0,1,3,1,1,1,2,3,1,1,2,,,
201028506258,1,3,1,64,7,9.44,2,8,6,2010,10,0,12,6,0,2,1,10,3,2,2,3,0,2,1,,,
201028506261,5,3,1,64,7,56.642,2,8,6,2010,23,10,12,6,0,2,3,1,1,1,2,3,0,2,1,,,
201028506283,3,3,1,64,7,18.881,1,8,1,2010,3,0,21,0,0,2,3,10,2,2,2,3,0,3,1,,,
201028506290,4,3,1,64,7,292.652,1,8,1,2010,17,27,42,0,0,4,1,10,1,1,2,3,0,1,4,,,
201028506299,6,3,1,64,7,132.166,2,8,2,2010,18,18,12,6,1,2,1,10,0,0,2,3,0,2,1,,,
201028506318,5,3,1,64,7,56.642,1,8,3,2010,0,20,18,0,0,4,2,1,2,1,2,3,0,1,6,,,
201028506328,3,3,1,64,7,18.881,2,8,3,2010,14,0,12,6,0,2,1,1,2,3,2,3,0,2,1,,,
201028506338,6,3,1,64,7,132.166,1,8,3,2010,22,40,38,0,0,1,2,1,0,0,2,3,0,1,5,,,
201028506345,4,3,1,64,7,292.652,2,8,4,2010,16,15,12,7,0,1,1,1,0,0,2,3,0,1,1,,,
201028506381,5,3,1,64,7,56.642,2,8,6,2010,19,42,12,7,0,1,1,1,2,1,2,3,0,1,1,,,
201028506386,1,3,2,64,7,4.72,1,5,2,2010,0,30,25,0,0,1,6,10,3,1,2,8,0,1,5,,,
201028506388,1,3,2,64,7,4.72,3,6,7,2010,2,11,12,1,0,2,3,10,3,2,1,8,0,8,1,,,
201028506392,1,3,2,64,7,4.72,1,7,6,2010,0,25,20,0,1,5,3,10,3,1,1,8,0,1,8,,,
201028506396,6,3,2,64,7,132.166,1,7,6,2010,23,5,33,0,1,5,3,1,0,0,2,8,0,1,8,,,
201028506397,4,3,2,64,7,292.652,1,7,7,2010,22,3,18,0,0,1,3,10,0,0,2,8,0,1,1,,,
201028506401,2,3,2,64,7,4.72,1,7,4,2010,4,30,1,0,1,5,3,1,2,1,2,8,0,1,4,,,
201028506410,2,3,2,64,7,4.72,3,8,4,2010,17,17,12,1,0,1,1,10,0,0,2,8,0,1,1,,,
201028506415,2,3,2,64,7,4.72,2,8,6,2010,16,36,12,1,0,1,1,10,2,1,2,8,0,1,1,,,
201028506417,2,3,2,64,7,4.72,2,8,6,2010,14,12,12,1,0,1,1,10,0,0,2,8,0,1,1,,,
201028506438,5,3,2,64,7,56.642,1,8,1,2010,7,44,25,0,0,1,1,10,2,1,2,8,0,1,3,,,
201028506465,2,3,2,64,7,4.72,2,8,5,2010,15,56,12,7,0,1,1,1,2,1,2,8,0,1,1,,,
201028506478,1,3,2,64,7,4.72,2,8,3,2010,0,48,25,0,1,19,3,1,2,2,2,8,0,1,4,,,
201028506483,2,3,2,64,7,4.72,2,8,7,2010,19,27,12,7,0,1,1,5,0,0,2,8,0,1,1,,,
201028506487,2,3,2,64,7,4.72,1,8,1,2010,8,56,1,0,1,5,1,1,0,0,2,8,0,1,4,,,
201028506488,6,3,2,64,7,132.166,1,8,2,2010,18,6,31,0,0,1,1,10,0,0,2,8,0,1,4,,,
201028506494,3,3,2,64,7,18.881,2,8,4,2010,17,31,12,1,0,1,1,1,2,1,2,8,0,1,1,,,
201028506497,2,3,2,64,7,4.72,3,8,5,2010,16,47,12,1,0,1,1,10,1,1,2,8,0,1,1,,,
201028506506,2,3,2,64,7,4.72,2,8,6,2010,18,41,12,7,0,1,1,1,0,0,2,8,0,1,1,,,
201028506510,3,3,1,64,7,18.881,3,8,6,2010,17,0,12,6,0,2,1,1,2,2,2,3,0,2,1,,,
201028506514,4,3,1,64,7,292.652,2,8,7,2010,8,45,12,1,0,2,1,1,1,1,2,3,0,2,1,,,
201028506524,6,3,1,64,7,132.166,2,8,7,2010,16,10,12,7,1,18,1,10,0,0,2,3,0,1,1,,,
201028506540,5,3,1,64,7,56.642,2,8,2,2010,11,48,12,6,0,2,1,1,2,1,2,3,0,3,1,,,
201028506547,1,3,1,64,7,9.44,2,8,2,2010,19,15,12,6,0,2,5,10,3,2,2,3,0,2,1,,,
201028506554,2,3,2,64,7,4.72,3,8,3,2010,16,18,12,1,0,1,1,10,1,2,2,8,0,1,1,,,
201028506559,2,3,2,64,7,4.72,2,8,5,2010,10,31,12,7,0,1,1,10,0,0,2,8,0,1,1,,,
201028506561,2,3,2,64,7,4.72,2,8,7,2010,8,26,12,7,0,1,1,1,0,0,2,8,0,1,1,,,
201028506568,4,3,2,64,7,292.652,3,8,3,2010,7,31,12,1,0,1,1,2,0,0,2,8,0,1,1,,,
201028506576,2,3,2,64,7,4.72,2,8,5,2010,14,13,12,7,0,1,1,1,2,2,2,8,0,1,1,,,
201028506577,2,3,2,64,7,4.72,2,8,5,2010,10,53,54,11,0,1,1,10,0,0,2,8,0,1,1,,,
201028506589,1,3,2,64,7,4.72,1,8,7,2010,1,51,25,0,0,1,3,10,3,2,2,8,0,1,4,,,
201028506592,1,3,2,64,7,4.72,1,8,1,2010,3,1,25,0,0,1,3,1,0,0,2,8,0,1,4,,,
201028506597,1,3,2,64,7,4.72,1,8,3,2010,15,23,35,0,0,1,1,10,3,1,2,8,0,1,4,,,
201028506606,2,3,2,64,7,4.72,2,8,3,2010,13,45,12,1,0,1,1,1,0,0,2,8,0,1,1,,,
201028506616,6,3,2,64,7,132.166,1,8,3,2010,6,46,76,0,0,1,4,2,0,0,2,8,0,1,3,,,
201028506624,2,3,2,64,7,4.72,2,8,1,2010,10,59,12,1,1,18,1,1,2,1,2,8,0,1,1,,,
201028506626,1,3,2,64,7,4.72,3,8,2,2010,15,53,12,7,0,1,1,10,3,1,2,8,0,1,1,,,
201028506652,3,3,2,64,7,18.881,1,9,1,2010,14,5,1,0,1,5,1,10,2,1,2,8,0,1,2,,,
201028506653,1,3,2,64,7,4.72,1,9,1,2010,2,4,30,0,1,5,3,1,3,1,2,8,0,1,4,,,
201028506661,2,3,2,64,7,4.72,1,8,1,2010,17,10,1,0,0,1,1,1,1,1,2,8,0,1,4,,,
201028506665,5,3,2,64,7,56.642,3,8,3,2010,15,47,12,7,1,18,1,1,1,1,2,8,0,1,1,,,
201028506669,1,3,2,64,7,4.72,1,8,1,2010,19,49,1,0,0,1,1,10,4,2,2,8,0,1,2,,,
201028506679,2,3,2,64,7,4.72,1,8,3,2010,13,40,8,0,1,5,1,2,2,1,2,8,0,1,4,,,
201028506689,6,3,2,64,7,132.166,2,9,5,2010,17,19,12,1,1,18,1,1,0,0,2,8,0,1,1,,,
201028506696,2,3,2,64,7,4.72,2,9,7,2010,16,51,25,0,0,1,1,1,3,1,1,8,0,1,3,,,
201028506702,3,3,2,64,7,18.881,2,9,2,2010,14,12,12,7,1,18,1,1,2,1,2,8,0,1,1,,,
201028506705,2,3,2,64,7,4.72,6,9,3,2010,17,5,12,1,0,1,1,10,0,0,2,8,0,1,1,,,
201028506710,2,3,2,64,7,4.72,2,9,4,2010,16,4,25,0,0,1,1,2,0,0,2,8,0,1,3,,,
201028506713,2,3,2,64,7,4.72,1,9,4,2010,14,40,25,0,1,5,1,2,0,0,2,8,0,1,4,,,
201028506715,2,3,2,64,7,4.72,2,9,4,2010,19,13,12,6,0,1,1,2,1,1,2,8,0,1,1,,,
201028506718,4,3,2,64,7,292.652,1,9,4,2010,9,0,30,0,0,1,1,2,0,0,2,8,0,1,4,,,
201028506719,1,3,2,64,7,4.72,3,9,5,2010,7,37,12,1,0,1,1,2,3,3,2,8,0,1,1,,,
201028506747,2,3,2,64,7,4.72,3,8,6,2010,14,7,25,0,0,1,1,1,0,0,2,8,0,1,3,,,
201028506748,2,3,2,64,7,4.72,2,9,4,2010,19,37,12,7,0,1,5,10,0,0,2,8,0,1,1,,,
201028506751,1,3,1,64,7,9.44,3,4,7,2010,17,45,12,6,0,2,1,10,3,2,2,3,0,2,1,,,
201028506766,6,3,1,64,7,132.166,2,8,7,2010,17,10,12,6,0,2,1,1,0,0,2,3,0,3,1,,,
201028506775,4,3,1,64,7,292.652,2,8,2,2010,13,40,12,6,0,2,1,10,0,0,2,3,0,2,1,,,
201028506780,3,3,1,64,7,18.881,2,8,3,2010,20,54,1,0,0,2,3,10,3,2,1,3,0,3,1,,,
201028506809,3,3,1,64,7,18.881,2,8,4,2010,16,10,12,6,0,2,1,1,2,1,2,3,0,2,1,,,
201028506828,6,3,1,64,7,132.166,2,8,5,2010,6,40,12,6,0,2,4,1,0,0,2,3,0,2,1,,,
201028506832,3,3,1,64,7,18.881,2,8,5,2010,9,52,12,6,0,2,1,1,2,1,2,3,0,2,1,,,
201028506841,4,3,1,64,7,292.652,2,8,5,2010,7,10,12,6,0,2,1,1,0,0,2,3,0,2,1,,,
201028506859,3,3,1,64,7,18.881,1,8,6,2010,16,56,21,0,0,1,1,1,3,1,2,3,0,1,1,,,
201028506862,5,3,1,64,7,56.642,1,8,7,2010,23,0,33,0,0,1,2,1,2,1,2,3,0,1,4,,,
201028506867,6,3,1,64,7,132.166,2,8,7,2010,10,13,12,6,0,2,1,1,0,0,2,3,0,3,1,,,
201028506899,4,3,1,64,7,292.652,2,8,2,2010,16,50,12,7,0,1,1,1,0,0,2,3,0,1,1,,,
201028506902,6,3,1,64,7,132.166,3,8,2,2010,9,15,33,0,0,1,1,10,1,1,2,3,2,1,4,,,
201028506903,3,3,1,64,7,18.881,2,8,2,2010,15,0,12,6,0,2,1,1,5,1,2,3,0,3,1,,,
201028506906,2,3,1,64,7,9.44,1,8,2,2010,8,50,1,0,1,5,1,1,0,0,2,3,0,1,4,,,
201028506917,3,3,1,64,7,18.881,2,8,3,2010,13,50,12,7,0,1,1,1,2,1,2,3,0,1,1,,,
201028506947,2,3,1,64,7,9.44,2,9,4,2010,14,8,12,6,1,2,1,1,0,0,2,3,0,3,1,,,
201028506954,4,3,1,64,7,292.652,2,9,4,2010,15,20,12,1,0,2,1,1,0,0,2,3,0,2,1,,,
201028506959,5,3,1,64,7,56.642,3,9,4,2010,15,30,12,1,0,1,1,1,2,2,2,3,0,1,1,,,
201028506961,2,3,1,64,7,9.44,2,9,5,2010,9,12,12,6,1,2,1,1,0,0,2,3,0,2,1,,,
201028506963,6,3,1,64,7,132.166,2,9,5,2010,19,0,12,7,1,18,1,2,0,0,2,3,0,1,1,,,
201028506978,3,3,1,64,7,18.881,2,9,6,2010,2,10,12,1,0,2,3,1,2,2,1,3,0,3,1,,,
201028506996,3,3,1,64,7,18.881,1,9,7,2010,21,58,1,0,0,2,3,1,3,2,2,3,0,8,1,,,
201028507006,5,3,1,64,7,56.642,3,9,7,2010,13,5,12,6,0,2,1,1,1,2,2,3,0,2,1,,,
201028507007,6,3,1,64,7,132.166,2,9,7,2010,9,15,14,0,0,1,1,10,2,1,2,3,1,1,7,,,
201028507013,3,3,1,64,7,18.881,2,9,1,2010,13,45,12,6,1,2,1,1,3,1,2,3,0,3,1,,,
201028507018,4,3,1,64,7,292.652,2,9,1,2010,18,20,12,6,0,2,1,1,0,0,2,3,0,3,1,,,
201028507037,3,3,1,64,7,18.881,2,9,2,2010,16,43,12,6,0,2,1,1,2,3,2,3,0,2,1,,,
201028507046,6,3,1,64,7,132.166,2,9,3,2010,19,28,12,6,0,2,1,10,0,0,2,3,0,3,1,,,
201028507066,4,3,1,64,7,292.652,2,9,4,2010,8,0,12,1,0,2,1,2,0,0,2,3,0,2,1,,,
201028507073,2,3,1,64,7,9.44,2,9,4,2010,9,50,12,6,0,4,1,2,1,1,2,3,0,1,1,,,
201028507099,5,3,1,64,7,56.642,1,9,5,2010,8,4,43,0,0,1,1,10,2,1,2,3,0,1,4,,,
201028507109,6,3,1,64,7,132.166,1,9,5,2010,12,47,19,0,0,1,1,1,0,0,2,3,0,1,5,,,
201028507121,3,3,1,64,7,18.881,1,9,6,2010,20,18,21,0,0,1,3,1,2,1,1,3,0,1,1,,,
201028507125,1,3,1,64,7,9.44,2,9,6,2010,12,11,12,1,0,2,1,10,3,2,2,3,0,3,1,,,
201028507126,4,3,1,64,7,292.652,2,9,6,2010,14,50,12,1,0,1,1,10,0,0,2,3,0,1,1,,,
201028507143,2,3,2,64,7,4.72,2,9,2,2010,20,20,12,7,0,1,3,1,2,1,2,8,0,1,1,,,
201028507147,3,3,2,64,7,18.881,2,9,7,2010,20,10,12,1,1,5,3,1,3,1,2,8,0,1,1,,,
201028507163,6,3,2,64,7,132.166,2,9,4,2010,0,29,14,0,0,1,2,1,0,0,2,8,1,1,2,,,
201028507164,2,3,2,64,7,4.72,2,9,4,2010,13,53,12,7,0,1,1,1,0,0,2,8,0,1,1,,,
201028507174,5,3,2,64,7,56.642,1,9,6,2010,0,22,31,0,1,5,3,1,0,0,1,8,0,1,8,,,
201028507183,1,3,2,64,7,4.72,2,9,7,2010,18,29,20,0,1,5,1,1,3,1,2,8,0,1,8,,,
201028507206,2,3,2,64,7,4.72,2,9,3,2010,0,34,14,0,1,19,3,10,4,1,2,8,1,1,2,,,
201028507207,1,3,2,64,7,4.72,2,9,4,2010,22,46,12,1,0,1,3,10,3,2,2,8,0,1,1,,,
201028507220,1,3,2,64,7,4.72,2,8,7,2010,15,25,14,0,0,1,1,10,4,5,2,8,1,1,2,,,
201028507222,4,3,2,64,7,292.652,1,9,7,2010,15,0,18,0,0,1,1,1,0,0,2,8,0,1,1,,,
201028507224,3,3,1,64,7,18.881,1,8,1,2010,0,57,1,0,0,2,3,1,3,1,2,3,0,8,1,,,
201028507225,1,3,1,64,7,9.44,5,9,7,2010,13,26,12,1,0,1,1,1,3,2,2,3,0,1,1,,,
201028507227,5,3,1,64,7,56.642,2,9,7,2010,17,0,12,6,0,2,1,1,1,3,2,3,0,2,1,,,
201028507235,1,3,1,64,7,9.44,1,9,1,2010,2,57,33,0,0,1,3,1,3,1,1,3,0,1,4,,,
201028507251,6,3,1,64,7,132.166,2,9,2,2010,14,44,12,6,0,4,1,10,0,0,2,3,0,1,1,,,
201028507255,3,3,1,64,7,18.881,2,9,3,2010,7,58,12,6,1,2,1,10,2,1,2,3,0,3,1,,,
201028507260,5,3,1,64,7,56.642,2,9,3,2010,11,45,12,6,0,2,1,1,1,1,2,3,0,2,1,,,
201028507263,2,3,1,64,7,9.44,1,9,4,2010,11,10,34,0,0,1,1,1,2,1,2,3,0,1,3,,,
201028507285,4,3,1,64,7,292.652,2,9,5,2010,17,20,12,7,0,1,1,1,0,0,2,3,0,1,1,,,
201028507290,5,3,1,64,7,56.642,3,9,5,2010,20,10,12,6,0,4,2,10,2,3,2,3,0,1,1,,,
201028507299,6,3,1,64,7,132.166,2,9,6,2010,9,50,12,7,0,1,1,1,0,0,2,3,0,1,1,,,
201028507300,3,3,1,64,7,18.881,2,9,6,2010,14,10,12,6,0,4,1,1,3,1,2,3,0,1,1,,,
201028507313,3,3,1,64,7,18.881,1,9,6,2010,12,50,21,0,0,1,1,1,3,1,2,3,0,1,1,,,