CASENUM,STRATUM,REGION,PJ,PSU,PSUSTRAT,WEIGHT,VE_TOTAL,MONTH,WKDY_IM,YEAR,HOUR_IM,MINUTE_IM,EVENT1_IM,MANCOL_IM,RELJCT1_IM,RELJCT2_IM,LGTCON_IM,WEATHR_IM,MAXSEV_IM,NO_INJ_IM,ALCHL_IM,LAND_USE,PVH_INVL,TYP_INT,REL_ROAD,CF1,CF2,CF3
201028509778,6,3,1,64,7,132.166,2,12,4,2010,17,50,12,6,0,2,5,1,1,2,2,3,0,2,1,,,
201028509779,4,3,1,64,7,292.652,2,12,4,2010,17,50,12,6,0,2,3,10,0,0,2,3,0,3,1,,,
201028509828,4,3,2,64,7,292.652,2,12,4,2010,18,16,12,1,0,1,3,1,0,0,2,8,0,1,1,,,
201028509830,2,3,2,64,7,4.72,2,12,5,2010,0,39,12,7,0,1,3,1,0,0,2,8,0,1,1,,,
201028509836,2,3,2,64,7,4.72,2,12,6,2010,2,16,12,6,1,18,3,2,0,0,2,8,0,1,1,,,
201028509839,6,3,2,64,7,132.166,1,12,7,2010,23,37,20,0,1,18,3,1,1,1,2,8,0,1,8,,,
201028509840,1,3,2,64,7,4.72,1,12,7,2010,15,56,30,0,1,18,1,10,3,1,2,8,0,1,8,,,
201028509842,5,3,2,64,7,56.642,2,12,2,2010,12,56,12,7,1,18,1,1,1,1,2,8,0,1,1,,,
201028509846,1,3,2,64,7,4.72,1,11,5,2010,2,6,1,0,1,18,3,10,4,4,2,8,0,1,3,,,
201028509850,3,3,2,64,7,18.881,2,12,6,2010,16,13,12,1,0,1,1,10,2,1,2,8,0,1,1,,,
201028509857,2,3,2,64,7,4.72,2,12,3,2010,12,42,12,1,1,18,1,10,0,0,2,8,0,1,1,,,
201028509880,1,3,2,64,7,4.72,1,12,2,2010,19,38,1,0,1,18,3,1,3,1,2,8,0,1,3,,,
201028509895,2,3,2,64,7,4.72,4,12,3,2010,19,13,12,7,0,1,3,2,4,4,2,8,1,1,1,,,
201028509898,2,3,2,64,7,4.72,2,12,5,2010,12,24,12,1,1,18,1,10,0,0,2,8,0,1,1,,,
201028509920,3,3,1,64,7,18.881,1,1,3,2010,17,14,13,0,0,1,1,1,4,2,2,3,0,1,1,,,
201028509956,3,3,1,64,7,18.881,2,12,2,2010,20,40,12,6,0,2,2,1,2,2,2,3,0,2,1,,,
201028509961,1,3,1,64,7,9.44,2,12,3,2010,18,50,12,6,0,4,3,1,3,3,2,3,0,1,1,,,
201028509963,4,3,1,64,7,292.652,2,12,3,2010,12,7,12,1,0,1,1,1,1,1,2,3,0,1,1,,,
201028509965,5,3,1,64,7,56.642,3,12,3,2010,10,26,12,6,0,2,1,10,5,1,2,3,0,2,1,,,
201028509967,6,3,1,64,7,132.166,2,12,4,2010,18,11,12,6,0,2,3,1,2,2,2,3,0,2,1,,,
201028509984,1,3,1,64,7,9.44,1,12,5,2010,14,20,38,0,0,1,1,10,3,1,2,3,0,1,5,,,
201028510009,6,3,1,64,7,132.166,2,12,7,2010,3,15,12,6,0,2,3,10,0,0,2,3,0,2,1,,,
201028510017,5,3,1,64,7,56.642,2,12,1,2010,16,5,12,8,0,1,1,1,1,1,1,3,0,1,1,,,
201028510018,3,3,1,64,7,18.881,1,12,1,2010,21,27,1,0,0,1,2,10,3,1,1,3,0,1,1,,,
201028510021,1,3,1,64,7,9.44,2,12,1,2010,2,14,12,2,0,1,2,1,4,2,2,3,0,1,1,,,
201028510026,4,3,1,64,7,292.652,2,12,2,2010,13,0,12,6,0,2,1,1,0,0,2,3,0,3,1,,,
201028510047,5,3,1,64,7,56.642,2,12,3,2010,8,49,12,6,0,2,1,10,2,2,2,3,0,2,1,,,
201028510048,2,3,1,64,7,9.44,3,12,4,2010,9,20,12,6,0,2,1,2,0,0,2,3,0,2,1,,,
201028510053,6,3,1,64,7,132.166,1,12,4,2010,7,53,30,0,0,1,1,2,0,0,2,3,0,1,6,,,
201028510072,3,3,1,64,7,18.881,1,12,5,2010,20,5,21,0,0,1,3,1,2,1,2,3,0,1,1,,,
201028510080,2,3,1,64,7,9.44,2,12,5,2010,23,45,12,1,0,1,3,1,1,1,2,3,0,1,1,,,
201028510082,2,3,1,64,7,9.44,2,12,5,2010,1,15,12,6,1,2,2,1,3,1,2,3,0,7,1,,,
201028510087,4,3,1,64,7,292.652,2,12,6,2010,13,51,12,1,0,2,1,1,0,0,2,3,0,2,1,,,
201028510090,3,3,1,64,7,18.881,1,12,6,2010,0,25,33,0,0,2,3,2,2,2,1,3,0,2,4,,,
201028510341,6,3,1,64,7,132.166,4,11,4,2010,15,11,12,7,0,1,1,10,0,0,2,3,0,1,1,,,
201028510345,1,3,1,64,7,9.44,2,11,4,2010,6,18,12,6,0,2,4,1,3,1,2,3,0,3,1,,,
201028510351,1,3,1,64,7,9.44,2,11,5,2010,22,2,12,1,0,1,3,10,3,1,1,3,0,1,1,,,
201028510376,3,3,1,64,7,18.881,2,11,6,2010,10,52,12,1,0,4,1,2,2,2,2,3,0,1,1,,,
201028510382,6,3,1,64,7,132.166,3,11,6,2010,17,0,12,1,0,1,1,2,0,0,2,3,0,1,1,,,
201028510385,5,3,1,64,7,56.642,3,11,6,2010,18,40,12,6,0,2,2,10,1,1,2,3,0,2,1,,,
201028510386,4,3,1,64,7,292.652,2,11,6,2010,18,43,12,6,0,4,3,1,0,0,2,3,0,1,1,,,
201028510418,3,3,1,64,7,18.881,2,11,1,2010,14,41,12,1,0,2,1,1,2,1,2,3,0,3,1,,,
201028510430,6,3,1,64,7,132.166,2,11,2,2010,18,15,12,1,0,2,3,2,0,0,2,3,0,3,1,,,
201028510441,4,3,1,64,7,292.652,2,11,2,2010,22,55,12,6,0,2,3,10,0,0,2,3,0,2,1,,,
201028510453,1,3,1,64,7,9.44,2,11,2,2010,15,5,12,6,0,2,1,2,3,4,2,3,0,3,1,,,
201028510464,6,3,1,64,7,132.166,2,11,3,2010,16,0,12,1,0,4,1,1,0,0,2,3,0,1,1,,,
201028510473,2,3,2,64,7,4.72,2,11,7,2010,3,20,14,0,0,1,3,1,4,2,2,8,1,1,2,,,
201028700355,1,2,1,71,5,12.347,2,1,7,2010,17,51,12,6,1,2,3,1,3,1,2,8,0,2,1,,,
201028700367,6,2,1,71,5,135.815,2,1,5,2010,15,13,12,6,0,2,1,4,0,0,2,8,0,3,1,,,
201028700368,4,2,1,71,5,296.323,2,1,5,2010,12,22,12,6,0,2,1,4,0,0,2,8,0,2,1,,,
201028700369,5,2,1,71,5,61.734,2,1,5,2010,7,52,12,6,0,2,1,4,1,1,2,8,0,2,1,,,
201028700395,1,2,1,71,5,12.347,1,1,6,2010,2,30,30,0,0,1,2,1,3,2,1,8,0,1,5,,,
201028700401,5,2,2,71,5,61.734,3,1,2,2010,15,49,12,1,0,2,1,1,1,2,2,3,0,3,1,,,
201028700423,6,2,3,71,5,135.815,2,1,6,2010,19,12,12,6,0,4,1,1,1,2,2,2,0,1,1,,,
201028700432,5,2,3,71,5,61.734,1,1,3,2010,8,14,30,0,0,1,1,1,2,1,2,2,0,1,4,,,
201028700455,6,2,1,71,5,135.815,1,1,6,2010,21,39,25,0,0,1,2,3,0,0,2,8,0,1,4,,,
201028700464,4,2,1,71,5,296.323,1,1,3,2010,17,45,24,0,0,1,5,1,0,0,2,8,0,1,1,,,
201028700481,6,2,2,71,5,135.815,2,1,4,2010,13,30,12,6,0,2,1,1,1,1,2,3,0,2,1,,,
201028700484,4,2,2,71,5,296.323,2,1,5,2010,15,13,12,6,0,2,1,1,0,0,2,3,0,8,1,,,
201028700508,5,2,1,71,5,61.734,2,1,2,2010,17,30,12,2,0,1,2,3,2,2,2,8,0,1,1,,,
201028700510,6,2,1,71,5,135.815,1,1,1,2010,0,12,75,0,1,5,2,5,0,0,2,8,0,1,4,,,
201028700517,1,2,1,71,5,12.347,4,1,4,2010,9,50,12,2,0,1,1,10,3,5,2,8,0,1,1,,,
201028700534,4,2,1,71,5,296.323,1,1,4,2010,17,50,24,0,0,1,3,1,0,0,2,8,0,1,1,,,
201028700545,4,2,3,71,5,296.323,2,1,3,2010,6,30,12,7,0,4,4,1,0,0,2,2,0,1,1,,,
201028700553,5,2,3,71,5,61.734,2,1,5,2010,15,27,12,1,0,1,1,1,1,2,2,2,0,1,1,,,
201028700573,4,2,5,71,5,296.323,2,1,2,2010,10,40,12,7,0,4,1,1,0,0,2,2,0,1,1,,,
201028700582,6,2,5,71,5,135.815,2,1,4,2010,7,13,12,6,0,2,1,10,0,0,2,2,0,2,1,,,
201028700598,1,2,1,71,5,12.347,1,1,1,2010,12,47,1,0,0,1,1,1,3,2,2,8,0,1,1,,,
201028700608,1,2,1,71,5,12.347,3,1,6,2010,17,43,12,6,0,2,2,1,3,2,2,8,0,2,1,,,
201028700609,5,2,1,71,5,61.734,2,1,6,2010,9,15,1,0,0,1,1,1,3,1,2,8,0,1,3,,,
201028700613,6,2,1,71,5,135.815,1,1,5,2010,12,23,73,0,0,1,1,1,0,0,2,8,0,1,4,,,
201028700628,4,2,1,71,5,296.323,1,1,2,2010,17,7,24,0,0,2,3,4,1,1,2,8,0,8,1,,,
201028700642,6,2,2,71,5,135.815,1,1,2,2010,9,34,42,0,0,1,1,10,1,1,2,3,0,1,4,,,
201028700647,4,2,2,71,5,296.323,2,1,7,2010,11,0,12,6,0,2,1,10,0,0,2,3,0,2,1,,,
201028700670,3,2,4,71,5,12.347,1,1,7,2010,21,5,53,0,0,1,2,5,2,1,2,2,0,1,4,,,
201028700682,1,2,4,71,5,12.347,1,1,4,2010,3,48,30,0,0,1,2,10,3,1,1,2,0,1,4,,,
201028700684,6,2,4,71,5,135.815,2,1,2,2010,22,3,12,6,0,1,3,1,0,0,2,2,0,1,1,,,
201028700690,4,2,4,71,5,296.323,2,1,6,2010,7,44,12,1,0,2,1,4,0,0,2,2,0,3,1,,,
201028700700,4,2,10,71,5,324.523,2,1,7,2010,10,25,12,1,0,2,1,10,0,0,2,1,0,2,1,,,
201028700702,5,2,10,71,5,81.131,2,1,7,2010,10,50,12,6,0,2,1,10,2,1,2,1,0,2,1,,,
201028700703,5,2,10,71,5,81.131,2,1,4,2010,18,7,12,6,0,2,3,10,2,1,2,1,0,8,1,,,
201028700705,5,2,10,71,5,81.131,2,1,3,2010,13,53,45,0,0,2,1,1,1,1,2,1,1,3,1,,,
201028700707,4,2,10,71,5,324.523,1,1,6,2010,18,20,30,0,0,4,3,10,0,0,2,1,0,1,4,,,
201028700712,6,2,10,71,5,162.262,2,1,2,2010,8,46,12,1,0,2,1,10,0,0,2,1,0,2,1,,,
201028700714,5,2,10,71,5,81.131,2,1,1,2010,10,42,12,6,0,2,1,1,1,1,2,1,0,2,1,,,
201028700726,3,2,1,71,5,12.347,1,2,7,2010,23,7,34,0,0,1,2,10,2,1,2,8,0,1,4,,,
201028700743,4,2,1,71,5,296.323,2,2,3,2010,8,55,12,6,0,1,1,4,0,0,2,8,0,1,1,,,
201028700769,5,2,2,71,5,61.734,2,1,6,2010,14,35,12,6,0,2,1,1,1,2,2,3,0,2,1,,,
201028700775,6,2,2,71,5,135.815,1,1,7,2010,17,35,33,0,0,1,3,1,0,0,2,3,0,1,4,,,
201028700784,4,2,2,71,5,296.323,2,2,5,2010,17,36,12,7,0,2,3,10,0,0,2,3,0,8,1,,,
201028700786,3,2,2,71,5,12.347,2,2,4,2010,11,49,12,6,0,1,1,10,2,1,2,3,0,1,1,,,
201028700805,6,2,3,71,5,135.815,2,2,5,2010,7,51,12,1,0,4,1,10,1,3,2,2,0,1,1,,,
201028700821,4,2,3,71,5,296.323,2,1,4,2010,8,17,12,1,0,2,1,1,1,1,2,2,0,8,1,,,
201028700824,1,2,3,71,5,12.347,2,1,3,2010,9,25,12,1,0,1,1,10,3,2,1,2,0,1,1,,,
201028700841,6,2,1,71,5,135.815,2,2,2,2010,16,44,12,1,1,5,1,4,0,0,2,8,0,8,1,,,
201028700858,3,2,1,71,5,12.347,2,2,4,2010,8,7,12,1,0,6,1,7,2,1,2,8,0,1,1,,,
201028700863,4,2,1,71,5,296.323,2,2,4,2010,8,32,12,1,0,2,1,1,0,0,2,8,0,8,1,,,
201028700864,1,2,1,71,5,12.347,2,2,3,2010,12,9,12,2,0,1,1,4,3,1,2,8,0,1,1,,,
201028700874,5,2,1,71,5,61.734,1,2,3,2010,12,35,1,0,0,5,1,1,2,1,1,8,0,1,4,,,
201028700880,2,2,1,71,5,12.347,1,2,3,2010,1,43,25,0,0,1,3,4,2,1,2,8,0,1,3,,,
201028700884,6,2,1,71,5,135.815,1,2,2,2010,6,28,1,0,0,1,1,4,1,1,2,8,0,1,3,,,
201028700889,3,2,1,71,5,12.347,2,2,2,2010,14,7,12,6,0,2,1,1,2,1,2,8,0,3,1,,,
201028700905,3,2,4,71,5,12.347,2,2,6,2010,23,23,12,6,0,4,2,1,2,1,2,2,0,1,1,,,
201028700912,5,2,4,71,5,61.734,2,2,5,2010,11,56,12,6,0,2,1,1,1,1,2,2,0,8,1,,,
201028700923,6,2,4,71,5,135.815,3,2,2,2010,8,2,31,0,0,2,1,1,0,0,2,2,0,2,4,,,
201028700932,6,2,1,71,5,135.815,2,2,2,2010,6,19,12,6,0,2,4,4,0,0,2,8,0,2,1,,,
201028700941,4,2,1,71,5,296.323,2,2,7,2010,22,45,12,1,0,2,3,10,0,0,2,8,0,2,1,,,
201028700967,6,2,2,71,5,135.815,2,2,5,2010,15,43,12,1,0,1,1,10,0,0,2,3,0,1,1,,,
201028700973,4,2,2,71,5,296.323,2,2,3,2010,7,56,12,1,0,1,1,4,1,1,2,3,0,1,1,,,
201028700990,3,2,2,71,5,12.347,2,2,2,2010,12,20,12,6,0,4,1,10,2,1,2,3,0,1,1,,,
201028701009,5,2,1,71,5,61.734,2,2,5,2010,12,42,12,6,0,2,1,1,1,1,2,8,0,2,1,,,
201028701011,3,2,1,71,5,12.347,1,2,5,2010,6,50,42,0,0,1,1,1,2,1,2,8,0,1,6,,,
201028701016,6,2,1,71,5,135.815,1,2,4,2010,16,9,25,0,0,1,1,4,0,0,2,8,0,1,4,,,
201028701021,2,2,1,71,5,12.347,2,2,3,2010,13,20,12,6,0,2,1,10,0,0,2,8,0,2,1,,,
201028701032,4,2,1,71,5,296.323,1,2,2,2010,2,34,59,0,0,5,3,4,0,0,2,8,0,1,4,,,
201028701035,1,2,1,71,5,12.347,1,2,7,2010,23,12,42,0,0,1,2,5,3,1,1,8,0,1,6,,,
201028701045,6,2,2,71,5,135.815,2,2,6,2010,16,4,12,1,0,2,1,1,1,2,2,3,0,8,1,,,
201028701048,4,2,2,71,5,296.323,2,2,6,2010,16,34,12,6,0,4,1,1,0,0,2,3,0,1,1,,,
201028701094,2,2,3,71,5,12.347,2,2,5,2010,6,50,12,7,1,18,1,1,1,2,2,2,0,1,1,,,
201028701105,4,2,3,71,5,296.323,1,2,5,2010,1,49,24,0,0,1,6,1,0,0,2,2,0,1,1,,,
201028701112,4,2,4,71,5,296.323,3,2,5,2010,7,44,12,1,0,1,1,1,1,1,2,2,0,1,1,,,
201028701125,1,2,1,71,5,12.347,1,3,2,2010,20,21,25,0,0,1,3,5,3,1,2,8,0,1,3,,,
201028701143,6,2,1,71,5,135.815,2,3,5,2010,8,52,12,1,1,18,1,1,0,0,2,8,0,1,1,,,
201028701150,5,2,1,71,5,61.734,2,3,4,2010,7,0,12,1,0,1,1,1,1,2,2,8,0,1,1,,,
201028701152,2,2,1,71,5,12.347,2,3,3,2010,3,26,12,1,1,18,3,10,0,0,1,8,0,1,1,,,
201028701161,6,2,2,71,5,135.815,2,3,5,2010,18,44,12,1,0,2,3,1,1,1,2,3,0,2,1,,,
201028701166,4,2,2,71,5,296.323,2,3,3,2010,12,39,14,0,0,1,1,10,0,0,2,3,1,1,7,,,
201028701174,4,2,5,71,5,296.323,2,2,5,2010,8,12,12,1,0,5,1,1,0,0,2,2,0,1,1,,,
201028701176,2,2,5,71,5,12.347,2,2,2,2010,6,15,12,7,0,1,4,4,0,0,2,2,0,1,1,,,
201028701177,1,2,5,71,5,12.347,1,2,2,2010,23,9,32,0,0,1,2,10,3,1,1,2,0,1,4,,,
201028701198,6,2,5,71,5,135.815,1,2,3,2010,11,50,25,0,0,1,1,4,0,0,2,2,0,1,3,,,
201028701207,2,2,5,71,5,12.347,2,1,5,2010,1,40,12,1,0,2,3,10,2,1,2,2,0,3,1,,,
201028701210,5,2,5,71,5,61.734,1,2,2,2010,6,44,34,0,0,1,1,10,1,1,2,2,0,1,4,,,
201028701224,4,2,1,71,5,296.323,2,3,5,2010,13,44,12,1,0,2,1,10,0,0,2,8,0,2,1,,,
201028701228,6,2,1,71,5,135.815,2,3,2,2010,16,12,12,6,0,2,1,1,0,0,2,8,0,2,1,,,
201028701246,3,2,2,71,5,12.347,2,3,7,2010,13,47,12,6,0,2,1,1,2,1,2,3,0,2,1,,,
201028701260,3,2,3,71,5,12.347,1,3,7,2010,19,15,53,0,0,1,2,10,2,1,2,2,0,1,4,,,
201028701264,6,2,3,71,5,135.815,2,3,4,2010,8,36,12,1,0,1,1,2,1,1,2,2,0,1,1,,,
201028701267,5,2,3,71,5,61.734,2,3,2,2010,8,49,12,1,0,2,1,10,1,1,2,2,0,2,1,,,
201028701273,3,2,3,71,5,12.347,2,3,4,2010,18,0,12,1,0,2,5,1,3,3,2,2,0,2,1,,,
201028701289,4,2,3,71,5,296.323,2,2,4,2010,14,45,12,1,0,2,1,4,1,1,2,2,0,2,1,,,
201028701295,1,2,1,71,5,12.347,1,3,7,2010,6,55,74,0,0,1,1,4,3,3,2,8,0,1,4,,,
201028701298,1,2,1,71,5,12.347,1,3,7,2010,7,54,59,0,0,1,1,4,3,1,2,8,0,1,4,,,
201028701302,2,2,1,71,5,12.347,2,3,6,2010,16,9,12,6,0,2,1,1,2,1,2,8,0,2,1,,,
201028701305,3,2,1,71,5,12.347,1,3,6,2010,20,6,1,0,0,1,2,2,3,1,2,8,0,1,1,,,
201028701320,3,2,2,71,5,12.347,1,3,5,2010,16,54,1,0,0,1,1,1,3,1,2,3,0,1,1,,,
201028701323,4,2,2,71,5,296.323,2,3,2,2010,15,30,12,7,0,4,1,10,0,0,2,3,0,1,1,,,
201028701330,1,2,4,71,5,12.347,1,3,6,2010,3,33,32,0,0,1,2,10,3,2,1,2,0,1,4,,,
201028701335,5,2,4,71,5,61.734,2,3,4,2010,16,2,12,1,0,1,1,1,1,1,1,2,0,1,1,,,
201028701350,4,2,4,71,5,296.323,2,3,3,2010,16,47,12,6,0,2,1,1,0,0,2,2,0,3,1,,,
201028701353,1,2,1,71,5,12.347,1,3,1,2010,10,5,38,0,0,1,1,1,3,1,2,8,0,1,5,,,
201028701362,4,2,1,71,5,296.323,2,3,4,2010,10,26,12,7,0,1,1,10,0,0,2,8,0,1,1,,,
201028701367,6,2,1,71,5,135.815,2,3,2,2010,16,30,12,6,0,2,1,10,0,0,2,8,0,3,1,,,
201028701379,5,2,2,71,5,61.734,2,3,6,2010,1,23,12,6,0,2,2,1,2,1,2,3,0,2,1,,,
201028701381,6,2,2,71,5,135.815,3,3,3,2010,17,45,12,1,1,2,1,1,1,1,2,3,0,2,1,,,
201028701406,6,2,3,71,5,135.815,3,3,4,2010,17,6,12,1,0,2,1,1,2,1,2,2,0,8,1,,,
201028701412,4,2,5,71,5,296.323,2,3,2,2010,8,0,12,1,0,2,1,10,0,0,2,2,0,2,1,,,
201028701427,6,2,5,71,5,135.815,2,3,5,2010,15,27,12,6,0,2,1,10,0,0,2,2,0,3,1,,,
201028701435,3,2,1,71,5,12.347,1,4,1,2010,14,50,34,0,0,1,1,10,3,1,2,8,0,1,4,,,
201028701436,3,2,1,71,5,12.347,1,4,7,2010,1,37,1,0,0,1,3,2,2,1,1,8,0,1,1,,,
201028701441,3,2,1,71,5,12.347,1,4,6,2010,13,56,18,0,0,1,1,1,2,1,2,8,0,1,1,,,
201028701454,1,2,1,71,5,12.347,2,3,2,2010,14,16,12,6,0,2,1,1,3,1,2,8,0,2,1,,,
201028701457,3,2,1,71,5,12.347,1,3,7,2010,17,41,35,0,0,1,1,1,3,1,2,8,0,1,4,,,
201028701471,6,2,4,71,5,135.815,1,4,5,2010,8,40,18,0,0,1,1,1,1,1,2,2,0,1,7,,,
201028701484,6,2,7,71,5,120.636,2,3,6,2010,9,11,12,2,0,2,1,1,0,0,2,1,0,2,1,,,
201028701487,4,2,7,71,5,281.483,1,3,2,2010,17,42,24,0,0,1,1,10,0,0,2,1,0,1,1,,,
201028701488,6,2,7,71,5,120.636,1,3,6,2010,23,44,34,0,0,2,2,5,0,0,2,1,0,3,4,,,
201028701491,6,2,7,71,5,120.636,2,3,4,2010,8,37,12,6,0,2,1,2,0,0,2,1,0,2,1,,,
201028701494,5,2,7,71,5,40.212,2,3,5,2010,13,52,12,1,0,2,1,1,2,2,2,1,0,2,1,,,
201028701495,5,2,7,71,5,40.212,1,2,1,2010,23,8,34,0,0,2,3,10,2,1,1,1,0,3,4,,,
201028701502,5,2,7,71,5,40.212,2,2,4,2010,16,33,12,6,0,2,1,1,2,2,2,1,0,8,1,,,
201028701503,6,2,7,71,5,120.636,2,2,4,2010,7,0,12,6,0,1,1,10,0,0,2,1,0,1,1,,,
201028701504,4,2,7,71,5,281.483,2,2,3,2010,13,48,45,0,0,1,1,4,0,0,2,1,1,1,1,,,
201028701508,5,2,7,71,5,40.212,2,2,2,2010,8,0,12,2,0,1,1,4,1,1,2,1,0,1,1,,,
201028701518,4,2,1,71,5,296.323,2,4,5,2010,16,46,12,6,0,2,1,10,0,0,2,8,0,2,1,,,
201028701527,2,2,1,71,5,12.347,1,4,3,2010,15,38,30,0,0,5,1,10,0,0,2,8,0,1,4,,,
201028701528,6,2,1,71,5,135.815,2,4,3,2010,11,15,12,6,0,2,1,2,0,0,2,8,0,2,1,,,
201028701529,5,2,1,71,5,61.734,2,4,3,2010,17,8,12,1,0,1,1,10,2,1,2,8,0,1,1,,,
201028701535,3,2,2,71,5,12.347,2,4,2,2010,14,48,12,1,0,2,1,1,2,1,2,3,0,2,1,,,
201028701547,4,2,2,71,5,296.323,2,4,5,2010,11,29,12,6,0,7,1,10,0,0,2,3,0,1,1,,,
201028701557,4,2,3,71,5,296.323,2,4,3,2010,10,22,12,1,0,2,1,10,0,0,2,2,0,8,1,,,
201028701563,3,2,3,71,5,12.347,1,4,5,2010,19,36,22,0,0,2,1,1,3,1,2,2,0,8,1,,,
201028701571,3,2,5,71,5,12.347,1,3,4,2010,16,14,22,0,0,4,1,1,2,1,2,2,0,1,1,,,
201028701607,3,2,1,71,5,12.347,1,4,3,2010,21,0,8,0,0,1,2,1,3,1,2,8,0,1,1,,,
201028701610,4,2,1,71,5,296.323,3,4,3,2010,17,16,12,1,0,1,1,1,0,0,2,8,0,1,1,,,
201028701640,6,2,1,71,5,135.815,3,4,6,2010,18,30,12,1,0,1,1,1,0,0,2,8,0,1,1,,,
201028701645,3,2,1,71,5,12.347,2,4,5,2010,17,6,12,1,1,2,1,1,2,2,2,8,0,8,1,,,
201028701653,1,2,1,71,5,12.347,1,4,3,2010,7,50,1,0,1,18,1,1,3,1,2,8,0,1,4,,,
201028701662,6,2,2,71,5,135.815,2,4,2,2010,10,20,12,6,0,2,1,1,0,0,2,3,0,2,1,,,
201028701663,5,2,2,71,5,61.734,2,4,2,2010,10,54,12,6,0,2,1,1,1,2,2,3,0,2,1,,,
201028701684,4,2,2,71,5,296.323,2,4,1,2010,11,59,12,1,0,2,1,1,0,0,2,3,0,2,1,,,
201028701697,3,2,3,71,5,12.347,2,4,3,2010,8,20,12,1,1,2,1,1,2,2,2,2,0,8,1,,,
201028701711,5,2,3,71,5,61.734,2,4,3,2010,7,14,12,1,0,2,1,1,1,1,2,2,0,2,1,,,
201028701717,3,2,3,71,5,12.347,1,4,4,2010,13,17,1,0,0,2,1,1,2,1,2,2,0,8,1,,,
201028701726,4,2,3,71,5,296.323,2,4,7,2010,13,40,12,6,0,2,1,1,0,0,2,2,0,2,1,,,
201028701727,5,2,10,71,5,81.131,2,3,3,2010,14,56,12,6,0,2,1,10,1,2,2,1,0,2,1,,,
201028701728,4,2,10,71,5,324.523,1,3,2,2010,7,24,22,0,0,2,4,1,1,1,2,1,0,6,1,,,
201028701732,4,2,10,71,5,324.523,1,3,5,2010,14,3,59,0,0,1,1,1,0,0,2,1,0,1,3,,,
201028701733,5,2,10,71,5,81.131,2,3,5,2010,15,47,12,6,0,2,1,10,1,2,2,1,0,2,1,,,
201028701737,4,2,10,71,5,324.523,2,3,3,2010,8,8,12,9,0,4,1,1,0,0,2,1,0,1,1,,,
201028701741,4,2,10,71,5,324.523,2,3,6,2010,15,0,12,6,0,2,1,1,0,0,2,1,0,2,1,,,
201028701742,6,2,10,71,5,162.262,2,3,4,2010,19,7,12,2,0,2,3,10,2,1,2,1,0,2,1,,,
201028701747,4,2,10,71,5,324.523,2,2,3,2010,15,53,12,6,0,2,1,10,0,0,2,1,0,2,1,,,
201028701751,4,2,10,71,5,324.523,2,2,3,2010,7,26,12,6,0,2,1,4,0,0,2,1,0,2,1,,,
201028701762,5,2,1,71,5,61.734,1,5,7,2010,13,28,34,0,0,2,1,1,2,1,2,8,0,3,4,,,
201028701763,3,2,1,71,5,12.347,1,5,7,2010,15,44,1,0,0,1,1,10,2,1,1,8,0,1,2,,,
201028701768,2,2,1,71,5,12.347,2,4,6,2010,12,38,12,1,0,2,1,1,1,1,2,8,0,2,1,,,
201028701775,4,2,1,71,5,296.323,1,4,4,2010,18,47,24,0,0,1,2,10,0,0,2,8,0,1,1,,,
201028701778,3,2,1,71,5,12.347,1,4,3,2010,11,56,21,0,0,4,1,1,2,1,2,8,0,1,1,,,
201028701795,6,2,2,71,5,135.815,2,4,6,2010,17,8,12,6,0,2,1,10,0,0,2,3,0,2,1,,,
201028701797,5,2,2,71,5,61.734,2,4,6,2010,14,2,12,1,0,1,1,10,1,2,2,3,0,1,1,,,
201028701799,6,2,3,71,5,135.815,2,5,2,2010,19,36,12,6,0,2,1,1,2,1,2,2,0,2,1,,,
201028701804,3,2,4,71,5,12.347,1,5,3,2010,6,10,1,0,0,1,1,1,2,1,2,2,0,1,1,,,
201028701808,4,2,4,71,5,296.323,1,4,6,2010,6,29,24,0,0,1,1,1,0,0,2,2,0,1,1,,,
201028701810,1,2,4,71,5,12.347,2,4,4,2010,17,3,34,0,0,2,1,10,3,1,2,2,0,2,4,,,
201028701813,6,2,4,71,5,135.815,2,4,1,2010,16,10,12,1,0,4,1,10,0,0,2,2,0,1,1,,,
201028701815,3,2,4,71,5,12.347,2,4,3,2010,16,6,12,1,0,2,1,1,2,1,2,2,0,2,1,,,
201028701817,1,2,1,71,5,12.347,2,5,2,2010,7,10,12,1,0,1,1,1,3,4,2,8,0,1,1,,,
201028701818,6,2,1,71,5,135.815,1,5,1,2010,3,17,59,0,0,1,2,10,0,0,1,8,0,1,4,,,
201028701821,3,2,1,71,5,12.347,1,5,1,2010,14,50,1,0,0,1,1,10,3,1,2,8,0,1,1,,,
201028701825,3,2,1,71,5,12.347,1,5,7,2010,14,30,22,0,0,1,1,10,2,1,2,8,0,1,1,,,
201028701826,5,2,1,71,5,61.734,1,5,7,2010,12,6,34,0,0,1,1,10,1,3,2,8,0,1,4,,,
201028701829,1,2,1,71,5,12.347,2,5,6,2010,10,26,12,1,0,1,1,2,3,1,2,8,0,1,1,,,
201028701845,1,2,2,71,5,12.347,2,5,6,2010,9,59,12,6,0,4,1,2,3,2,2,3,0,1,1,,,
201028701858,3,2,2,71,5,12.347,2,5,3,2010,15,4,12,1,0,1,1,1,2,2,2,3,0,1,1,,,