CASENUM,STRATUM,REGION,PJ,PSU,PSUSTRAT,WEIGHT,VE_TOTAL,MONTH,WKDY_IM,YEAR,HOUR_IM,MINUTE_IM,EVENT1_IM,MANCOL_IM,RELJCT1_IM,RELJCT2_IM,LGTCON_IM,WEATHR_IM,MAXSEV_IM,NO_INJ_IM,ALCHL_IM,LAND_USE,PVH_INVL,TYP_INT,REL_ROAD,CF1,CF2,CF3
201028701859,4,2,2,71,5,296.323,2,5,3,2010,7,43,12,6,0,2,1,1,0,0,2,3,0,2,1,,,
201028701866,3,2,3,71,5,12.347,1,5,7,2010,20,1,1,0,0,1,1,1,3,1,2,2,0,1,1,,,
201028701872,2,2,3,71,5,12.347,2,5,5,2010,12,10,12,1,0,1,1,10,1,1,2,2,0,1,1,,,
201028701881,4,2,5,71,5,296.323,2,4,6,2010,7,9,12,1,0,1,1,1,0,0,2,2,0,1,1,,,
201028701886,6,2,5,71,5,135.815,1,5,6,2010,11,21,25,0,0,5,1,2,0,0,2,2,0,1,3,,,
201028701887,3,2,5,71,5,12.347,2,4,5,2010,17,1,12,6,0,2,1,1,3,1,1,2,0,2,1,,,
201028701888,1,2,5,71,5,12.347,2,5,4,2010,22,3,59,0,0,1,3,1,3,6,1,2,0,1,10,,,
201028701890,2,2,5,71,5,12.347,3,4,3,2010,8,34,12,6,0,2,1,1,2,2,2,2,0,2,1,,,
201028701903,5,2,5,71,5,61.734,2,4,4,2010,16,9,12,6,0,2,1,1,1,1,2,2,0,2,1,,,
201028701923,4,2,1,71,5,296.323,1,5,7,2010,10,30,46,0,0,2,1,10,0,0,2,8,0,2,3,,,
201028701924,1,2,1,71,5,12.347,2,5,7,2010,1,33,14,0,0,1,2,1,4,1,2,8,1,1,2,,,
201028701925,6,2,1,71,5,135.815,2,5,7,2010,14,9,12,7,0,1,1,1,0,0,2,8,0,1,1,,,
201028701926,3,2,1,71,5,12.347,1,5,7,2010,17,55,35,0,0,1,1,1,4,1,1,8,0,1,4,,,
201028701929,2,2,1,71,5,12.347,3,5,6,2010,15,39,12,6,0,2,1,1,4,4,2,8,0,2,1,,,
201028701946,5,2,1,71,5,61.734,2,5,6,2010,8,34,12,2,0,2,1,2,2,2,2,8,0,2,1,,,
201028701956,3,2,2,71,5,12.347,1,5,2,2010,10,0,22,0,0,2,1,10,2,1,2,3,0,2,1,,,
201028701957,3,2,2,71,5,12.347,1,5,2,2010,7,20,22,0,0,4,1,10,3,1,2,3,0,1,1,,,
201028701961,1,2,2,71,5,12.347,3,5,6,2010,5,42,12,6,0,2,4,1,3,3,2,3,0,2,1,,,
201028701975,4,2,2,71,5,296.323,2,5,5,2010,10,20,12,6,0,2,1,10,1,1,2,3,0,2,1,,,
201028701989,3,2,3,71,5,12.347,2,5,2,2010,11,43,12,1,0,2,1,10,2,2,2,2,0,2,1,,,
201028701994,4,2,3,71,5,296.323,2,5,7,2010,17,33,12,7,0,1,1,10,1,1,2,2,0,1,1,,,
201028702008,2,2,4,71,5,12.347,2,5,6,2010,15,44,12,1,0,2,1,2,2,1,2,2,0,6,1,,,
201028702019,2,2,1,71,5,12.347,1,5,7,2010,14,58,1,0,0,1,1,1,3,1,2,8,0,1,1,,,
201028702023,3,2,1,71,5,12.347,1,5,7,2010,14,56,1,0,0,2,1,10,3,1,2,8,0,3,1,,,
201028702032,4,2,1,71,5,296.323,1,5,4,2010,21,30,24,0,0,1,3,10,0,0,2,8,0,1,1,,,
201028702049,3,2,2,71,5,12.347,1,5,4,2010,7,53,1,0,0,1,1,10,3,1,2,3,0,1,1,,,
201028702051,3,2,2,71,5,12.347,1,5,4,2010,8,39,1,0,0,1,1,1,2,1,2,3,0,1,1,,,
201028702052,6,2,2,71,5,135.815,2,5,4,2010,8,50,12,6,0,2,1,1,0,0,2,3,0,2,1,,,
201028702080,5,2,1,71,5,61.734,2,5,5,2010,17,37,12,1,0,2,1,1,1,2,2,8,0,2,1,,,
201028702084,6,2,1,71,5,135.815,1,5,4,2010,14,23,42,0,0,1,1,1,0,0,2,8,0,1,6,,,
201028702088,3,2,1,71,5,12.347,1,5,2,2010,21,1,24,0,0,1,2,1,2,2,2,8,0,1,1,,,
201028702089,1,2,1,71,5,12.347,1,5,1,2010,19,18,32,0,0,1,1,1,3,1,2,8,0,1,4,,,
201028702092,5,2,3,71,5,61.734,3,5,6,2010,16,18,12,1,0,2,1,1,2,2,2,2,0,3,1,,,
201028702104,6,2,3,71,5,135.815,2,5,6,2010,18,50,12,1,0,1,1,1,0,0,2,2,0,1,1,,,
201028702115,4,2,7,71,5,281.483,1,5,4,2010,20,40,24,0,0,1,6,2,0,0,2,1,0,1,1,,,
201028702116,6,2,7,71,5,120.636,1,5,3,2010,15,53,33,0,0,2,1,1,1,3,2,1,0,3,4,,,
201028702118,1,2,7,71,5,40.212,1,4,6,2010,16,32,32,0,0,2,1,1,3,1,2,1,0,3,4,,,
201028702122,6,2,7,71,5,120.636,2,4,2,2010,15,32,12,6,0,1,1,1,0,0,2,1,0,1,1,,,
201028702128,5,2,7,71,5,40.212,2,4,4,2010,16,21,12,1,0,2,1,1,2,2,2,1,0,4,1,,,
201028702129,4,2,7,71,5,281.483,3,4,3,2010,17,49,12,6,0,1,1,1,0,0,2,1,1,1,1,,,
201028702132,6,2,7,71,5,120.636,1,4,3,2010,23,0,34,0,0,1,2,2,0,0,2,1,0,1,4,,,
201028702137,3,2,7,71,5,40.212,1,4,5,2010,18,54,1,0,0,2,2,10,3,1,2,1,0,4,1,,,
201028702142,4,2,1,71,5,296.323,2,6,1,2010,14,48,12,1,1,2,1,10,0,0,2,8,0,8,1,,,
201028702164,3,2,1,71,5,12.347,2,6,3,2010,18,2,12,6,0,4,1,1,2,1,2,8,0,1,1,,,
201028702165,3,2,1,71,5,12.347,3,6,3,2010,16,45,12,1,0,2,1,10,2,2,2,8,0,8,1,,,
201028702167,3,2,1,71,5,12.347,1,5,2,2010,11,30,1,0,0,2,1,10,2,1,2,8,0,2,1,,,
201028702178,3,2,2,71,5,12.347,2,6,3,2010,8,38,12,1,0,2,1,1,2,1,2,3,0,2,1,,,
201028702189,2,2,2,71,5,12.347,2,5,4,2010,12,13,12,8,0,1,1,1,0,0,2,3,0,1,1,,,
201028702194,2,2,2,71,5,12.347,1,5,7,2010,9,35,72,0,0,1,1,1,2,1,2,3,0,1,1,,,
201028702195,4,2,2,71,5,296.323,2,5,1,2010,12,1,12,6,0,2,1,1,0,0,2,3,0,2,1,,,
201028702201,1,2,2,71,5,12.347,1,5,1,2010,19,11,42,0,0,1,1,1,3,1,2,3,0,1,4,,,
201028702208,3,2,2,71,5,12.347,2,5,5,2010,20,52,12,1,0,2,3,10,2,1,1,3,0,2,1,,,
201028702211,6,2,4,71,5,135.815,1,6,1,2010,2,9,53,0,0,1,3,10,0,0,1,2,0,1,4,,,
201028702223,4,2,4,71,5,296.323,3,5,4,2010,14,22,12,1,0,2,1,10,1,1,2,2,0,2,1,,,
201028702226,2,2,5,71,5,12.347,2,5,7,2010,5,55,12,8,0,1,1,1,2,1,2,2,0,1,1,,,
201028702228,4,2,5,71,5,296.323,2,5,1,2010,20,16,12,1,0,2,5,1,1,1,1,2,0,8,1,,,
201028702230,2,2,5,71,5,12.347,1,5,4,2010,10,19,25,0,0,1,1,1,0,0,2,2,0,1,3,,,
201028702235,2,2,5,71,5,12.347,2,5,6,2010,2,0,12,2,0,2,3,1,3,2,1,2,0,3,1,,,
201028702237,6,2,5,71,5,135.815,2,5,7,2010,15,57,12,6,0,2,1,1,0,0,2,2,0,2,1,,,
201028702238,3,2,5,71,5,12.347,1,5,1,2010,17,18,22,0,0,2,1,1,2,1,2,2,0,2,1,,,
201028702243,3,2,5,71,5,12.347,2,5,4,2010,21,22,12,1,0,1,3,1,2,2,2,2,0,1,1,,,
201028702244,3,2,5,71,5,12.347,1,5,5,2010,4,27,33,0,0,2,4,1,2,1,2,2,0,3,3,,,
201028702254,3,2,5,71,5,12.347,2,5,6,2010,12,25,12,1,0,2,1,1,2,1,2,2,0,2,1,,,
201028702266,4,2,1,71,5,296.323,1,6,1,2010,13,6,34,0,0,2,1,10,0,0,2,8,0,2,4,,,
201028702268,6,2,1,71,5,135.815,1,6,7,2010,7,49,30,0,0,1,1,10,0,0,2,8,0,1,4,,,
201028702270,1,2,1,71,5,12.347,1,6,6,2010,23,41,30,0,0,1,2,10,3,1,1,8,0,1,4,,,
201028702275,5,2,1,71,5,61.734,1,6,4,2010,7,31,75,0,1,5,1,1,1,1,2,8,0,1,4,,,
201028702290,1,2,1,71,5,12.347,2,6,2,2010,10,10,12,6,0,2,1,1,3,2,2,8,0,2,1,,,
201028702302,6,2,2,71,5,135.815,2,6,4,2010,17,7,12,6,0,2,1,1,0,0,2,3,0,3,1,,,
201028702304,1,2,2,71,5,12.347,2,6,4,2010,18,20,12,6,0,4,1,1,3,3,2,3,0,1,1,,,
201028702306,2,2,2,71,5,12.347,2,6,4,2010,10,33,12,6,0,2,1,10,3,1,2,3,0,2,1,,,
201028702311,1,2,3,71,5,12.347,2,6,6,2010,17,46,12,1,0,4,1,1,3,2,2,2,0,1,1,,,
201028702312,1,2,3,71,5,12.347,2,6,3,2010,18,57,12,6,1,2,1,2,3,1,2,2,0,3,1,,,
201028702333,3,2,4,71,5,12.347,1,6,5,2010,16,1,32,0,0,2,1,10,2,1,2,2,0,2,4,,,
201028702346,5,2,1,71,5,61.734,2,6,1,2010,17,26,74,0,0,1,1,10,3,7,2,8,0,1,4,,,
201028702352,3,2,1,71,5,12.347,1,6,5,2010,16,40,1,0,1,5,1,1,2,1,2,8,0,1,1,,,
201028702354,4,2,1,71,5,296.323,2,6,4,2010,7,55,12,1,0,2,1,1,1,1,2,8,0,8,1,,,
201028702371,1,2,2,71,5,12.347,2,6,7,2010,18,45,12,6,0,2,1,1,3,3,2,3,0,2,1,,,
201028702372,4,2,2,71,5,296.323,2,6,7,2010,17,52,12,6,0,2,1,1,0,0,2,3,0,2,1,,,
201028702374,2,2,2,71,5,12.347,2,6,2,2010,14,7,12,8,0,1,1,10,2,1,1,3,0,1,1,,,
201028702376,1,2,2,71,5,12.347,2,6,3,2010,15,26,12,1,0,2,1,2,3,3,2,3,0,8,1,,,
201028702380,3,2,4,71,5,12.347,1,6,6,2010,16,28,1,0,0,1,1,2,3,1,2,2,0,1,1,,,
201028702385,6,2,4,71,5,135.815,1,6,3,2010,19,12,42,0,0,2,5,10,0,0,2,2,0,3,6,,,
201028702390,2,2,1,71,5,12.347,2,6,7,2010,21,46,12,7,0,1,2,1,2,2,2,8,0,1,1,,,
201028702391,6,2,1,71,5,135.815,2,6,7,2010,0,39,12,1,0,1,2,2,0,0,2,8,0,1,1,,,
201028702395,2,2,1,71,5,12.347,2,6,5,2010,11,7,54,11,0,1,1,1,0,0,2,8,0,1,1,,,
201028702403,1,2,1,71,5,12.347,2,6,4,2010,16,53,12,6,0,1,1,1,3,1,2,8,0,1,1,,,
201028702408,2,2,1,71,5,12.347,2,6,2,2010,21,48,12,1,0,1,2,2,0,0,2,8,0,1,1,,,
201028702428,5,2,1,71,5,61.734,2,6,3,2010,17,20,12,1,1,18,1,1,2,1,2,8,0,1,1,,,
201028702439,5,2,4,71,5,61.734,4,7,5,2010,12,36,12,1,0,2,1,1,2,2,2,2,0,3,1,,,
201028702444,4,2,1,71,5,296.323,1,7,1,2010,18,10,24,0,0,1,1,1,0,0,2,8,0,8,1,,,
201028702445,2,2,1,71,5,12.347,2,7,7,2010,18,49,12,7,1,18,1,2,0,0,2,8,0,1,1,,,
201028702452,6,2,1,71,5,135.815,2,7,7,2010,13,36,12,6,0,2,1,1,0,0,2,8,0,2,1,,,
201028702477,5,2,1,71,5,61.734,2,7,1,2010,7,23,12,7,1,18,1,1,2,2,2,8,0,1,4,,,
201028702478,1,2,1,71,5,12.347,1,7,7,2010,3,3,30,0,0,1,3,1,3,1,1,8,0,1,4,,,
201028702479,3,2,1,71,5,12.347,2,7,7,2010,10,5,12,7,0,1,1,1,2,1,2,8,0,1,1,,,
201028702485,4,2,1,71,5,296.323,2,7,6,2010,7,9,12,7,0,1,1,1,1,1,2,8,0,1,1,,,
201028702486,2,2,1,71,5,12.347,2,7,6,2010,15,6,12,6,0,2,1,1,3,1,2,8,0,2,1,,,
201028702495,1,2,2,71,5,12.347,2,6,3,2010,14,46,12,2,0,2,1,10,3,2,2,3,0,3,1,,,
201028702496,5,2,2,71,5,61.734,2,6,4,2010,5,46,14,0,0,1,1,1,2,1,2,3,1,1,7,,,
201028702497,1,2,2,71,5,12.347,3,6,6,2010,8,3,12,1,0,2,1,10,3,1,2,3,0,2,1,,,
201028702499,3,2,2,71,5,12.347,2,6,5,2010,14,44,12,7,0,4,1,10,2,1,2,3,0,1,1,,,
201028702500,3,2,2,71,5,12.347,1,6,4,2010,18,13,59,0,0,4,1,1,2,1,2,3,0,1,4,,,
201028702507,3,2,2,71,5,12.347,1,6,5,2010,20,57,1,0,0,2,3,1,2,2,2,3,0,2,1,,,
201028702511,1,2,2,71,5,12.347,3,6,5,2010,11,27,12,1,0,1,1,1,3,2,2,3,0,1,1,,,
201028702516,3,2,2,71,5,12.347,2,7,7,2010,15,3,12,1,0,2,1,1,2,1,2,3,0,3,1,,,
201028702521,6,2,2,71,5,135.815,2,7,4,2010,15,9,12,1,0,2,1,10,0,0,2,3,0,2,1,,,
201028702524,4,2,2,71,5,296.323,3,7,5,2010,14,52,12,6,0,2,1,1,0,0,2,3,0,3,1,,,
201028702531,6,2,3,71,5,135.815,3,7,1,2010,15,56,12,1,0,2,1,10,5,2,1,2,0,8,1,,,
201028702532,3,2,3,71,5,12.347,1,7,1,2010,15,56,1,0,1,5,1,2,3,2,2,2,0,1,1,,,
201028702538,4,2,3,71,5,296.323,2,7,4,2010,19,23,12,1,0,2,1,10,0,0,2,2,0,3,1,,,
201028702548,3,2,3,71,5,12.347,1,7,5,2010,9,35,22,0,0,2,1,1,2,1,2,2,0,8,1,,,
201028702549,5,2,3,71,5,61.734,2,7,5,2010,17,7,12,6,0,4,1,1,2,2,2,2,0,1,1,,,
201028702566,1,2,3,71,5,12.347,2,6,7,2010,16,1,12,6,0,2,1,1,3,3,1,2,0,2,1,,,
201028702573,6,2,3,71,5,135.815,2,6,5,2010,14,55,12,1,0,2,1,1,1,3,2,2,0,8,1,,,
201028702580,1,2,3,71,5,12.347,1,6,7,2010,0,50,32,0,0,1,2,1,3,1,1,2,0,1,4,,,
201028702582,4,2,3,71,5,296.323,3,6,6,2010,13,55,12,1,0,1,1,10,0,0,2,2,0,1,1,,,
201028702590,4,2,5,71,5,296.323,2,6,4,2010,15,52,12,1,0,2,1,10,0,0,2,2,0,8,1,,,
201028702592,5,2,5,71,5,61.734,1,6,1,2010,2,48,42,0,0,1,3,1,1,1,1,2,0,1,3,,,
201028702593,3,2,5,71,5,12.347,1,6,1,2010,19,15,1,0,0,2,1,1,2,1,2,2,0,8,1,,,
201028702600,2,2,5,71,5,12.347,2,6,5,2010,10,4,12,7,1,18,1,1,1,1,2,2,0,1,1,,,
201028702606,1,2,5,71,5,12.347,1,6,7,2010,22,34,59,0,1,19,3,1,3,4,1,2,0,1,4,,,
201028702611,2,2,5,71,5,12.347,2,6,5,2010,11,2,12,7,0,1,1,10,0,0,2,2,0,1,1,,,
201028702615,3,2,5,71,5,12.347,1,6,4,2010,16,51,24,0,0,1,1,1,2,1,2,2,0,1,1,,,
201028702619,6,2,5,71,5,135.815,2,6,2,2010,9,0,12,1,0,1,1,10,0,0,2,2,0,1,1,,,
201028702629,2,2,1,71,5,12.347,2,7,6,2010,11,54,12,7,0,1,1,1,1,1,2,8,0,1,1,,,
201028702630,6,2,1,71,5,135.815,1,7,5,2010,6,4,25,0,0,1,1,2,0,0,2,8,0,1,3,,,
201028702646,2,2,1,71,5,12.347,1,7,2,2010,16,2,34,0,1,19,1,1,0,0,2,8,0,1,8,,,
201028702652,5,2,3,71,5,61.734,2,7,7,2010,16,0,12,1,0,2,1,1,1,2,2,2,0,8,1,,,
201028702668,3,2,4,71,5,12.347,2,7,6,2010,13,0,12,7,0,1,1,1,2,1,2,2,0,1,1,,,
201028702679,4,2,4,71,5,296.323,2,7,3,2010,20,9,12,6,0,2,5,1,1,1,2,2,0,2,1,,,
201028702684,1,2,7,71,5,40.212,2,6,1,2010,18,48,12,1,0,2,1,1,3,3,2,1,0,3,1,,,
201028702686,4,2,7,71,5,281.483,2,6,5,2010,17,26,12,6,0,4,1,1,0,0,2,1,0,1,1,,,
201028702689,6,2,7,71,5,120.636,2,6,1,2010,12,39,12,6,0,2,1,1,1,4,2,1,0,2,1,,,
201028702691,5,2,7,71,5,40.212,2,6,4,2010,10,29,12,6,0,2,1,1,1,2,2,1,0,2,1,,,
201028702695,3,2,7,71,5,40.212,1,5,1,2010,8,54,32,0,0,1,1,1,3,1,2,1,0,1,4,,,
201028702696,6,2,7,71,5,120.636,2,5,4,2010,22,34,12,6,0,2,3,1,1,1,2,1,0,3,1,,,
201028702700,4,2,7,71,5,281.483,1,5,3,2010,10,16,53,0,0,1,1,2,0,0,2,1,0,1,4,,,
201028702705,2,2,1,71,5,12.347,2,7,5,2010,18,44,12,2,0,1,1,2,0,0,2,8,0,1,1,,,
201028702706,5,2,1,71,5,61.734,2,7,5,2010,18,33,25,0,1,19,1,2,2,1,2,8,0,1,3,,,
201028702708,4,2,1,71,5,296.323,2,7,5,2010,12,41,12,1,1,5,1,2,0,0,2,8,0,1,1,,,
201028702709,6,2,1,71,5,135.815,1,7,5,2010,9,40,17,0,1,5,1,2,0,0,2,8,0,1,4,,,
201028702716,2,2,1,71,5,12.347,2,7,4,2010,16,2,12,6,0,2,1,10,1,1,1,8,0,8,1,,,
201028702720,1,2,1,71,5,12.347,1,7,3,2010,7,12,59,0,0,1,1,1,3,1,2,8,0,1,4,,,
201028702749,3,2,3,71,5,12.347,1,7,1,2010,16,23,22,0,0,2,1,1,2,1,2,2,0,3,1,,,
201028702750,3,2,3,71,5,12.347,2,7,7,2010,14,59,12,1,0,2,1,1,2,1,2,2,0,3,1,,,
201028702757,2,2,3,71,5,12.347,2,7,5,2010,8,48,12,1,0,2,1,2,1,1,2,2,0,3,1,,,
201028702771,6,2,1,71,5,135.815,2,7,4,2010,19,20,12,7,0,1,1,1,0,0,2,8,0,1,1,,,
201028702783,3,2,1,71,5,12.347,2,7,2,2010,18,1,12,2,0,2,1,1,2,1,2,8,0,3,1,,,
201028702791,4,2,1,71,5,296.323,2,7,6,2010,12,20,12,1,0,2,1,1,0,0,2,8,0,2,1,,,
201028702793,5,2,1,71,5,61.734,2,7,4,2010,16,20,12,6,0,2,1,1,1,2,2,8,0,2,1,,,
201028702800,4,2,2,71,5,296.323,2,7,4,2010,14,44,12,1,0,1,1,1,0,0,2,3,0,1,1,,,
201028702801,1,2,2,71,5,12.347,2,7,3,2010,6,50,12,2,0,2,4,1,3,2,2,3,0,2,1,,,
201028702804,6,2,2,71,5,135.815,2,7,4,2010,13,16,12,1,0,4,1,1,0,0,2,3,0,1,1,,,
201028702813,3,2,2,71,5,12.347,1,7,5,2010,16,48,1,0,0,1,1,1,2,1,2,3,0,1,1,,,
201028702819,5,2,2,71,5,61.734,2,7,3,2010,14,11,12,1,0,2,1,10,3,1,2,3,0,2,1,,,
201028702829,6,2,3,71,5,135.815,2,7,4,2010,6,8,12,6,0,2,1,10,2,1,1,2,0,2,1,,,
201028702842,3,2,5,71,5,12.347,1,7,2,2010,15,42,1,0,0,1,1,10,2,1,2,2,0,1,1,,,
201028702848,5,2,5,71,5,61.734,2,7,4,2010,16,33,12,1,0,2,1,1,1,2,2,2,0,2,1,,,
201028702851,4,2,5,71,5,296.323,2,7,4,2010,15,22,12,6,0,4,1,2,0,0,2,2,0,1,1,,,
201028702863,1,2,5,71,5,12.347,1,7,2,2010,3,32,74,0,0,1,3,1,3,1,1,2,0,1,4,,,
201028702869,2,2,1,71,5,12.347,2,8,2,2010,6,50,12,6,0,1,1,2,0,0,2,8,0,1,1,,,
201028702873,3,2,1,71,5,12.347,1,8,7,2010,10,32,1,0,0,2,1,1,2,1,2,8,0,3,1,,,
201028702876,3,2,1,71,5,12.347,1,8,7,2010,17,54,1,0,0,1,1,1,3,1,1,8,0,1,1,,,
201028702877,3,2,1,71,5,12.347,1,8,7,2010,10,15,22,0,0,2,1,1,2,1,2,8,0,3,1,,,
201028702881,6,2,1,71,5,135.815,1,8,5,2010,3,34,38,0,0,1,2,10,0,0,2,8,0,1,5,,,
201028702884,2,2,1,71,5,12.347,2,8,5,2010,16,59,12,7,0,1,1,10,0,0,2,8,0,1,1,,,
201028702899,5,2,1,71,5,61.734,3,7,7,2010,15,45,12,6,0,2,1,1,1,2,2,8,0,2,1,,,
201028702912,3,2,2,71,5,12.347,1,8,3,2010,17,53,21,0,0,2,1,1,3,1,2,3,0,2,1,,,
201028702916,6,2,2,71,5,135.815,2,8,5,2010,17,7,12,7,0,2,1,10,0,0,2,3,0,8,1,,,
201028702918,3,2,2,71,5,12.347,2,8,7,2010,11,48,12,1,0,2,1,10,2,1,2,3,0,3,1,,,
201028702924,4,2,2,71,5,296.323,2,7,5,2010,21,8,12,1,0,2,3,1,0,0,2,3,0,7,1,,,
201028702925,3,2,2,71,5,12.347,3,7,6,2010,16,27,12,1,0,1,1,1,2,1,2,3,0,1,1,,,
201028702938,4,2,3,71,5,296.323,3,8,4,2010,13,9,12,1,0,2,1,1,0,0,2,2,0,8,1,,,
201028702941,3,2,3,71,5,12.347,1,8,1,2010,20,15,1,0,0,1,1,1,2,1,1,2,0,1,1,,,
201028702947,1,2,1,71,5,12.347,1,8,3,2010,18,56,76,0,0,1,1,1,3,1,2,8,0,1,3,,,
201028702965,3,2,2,71,5,12.347,1,8,4,2010,16,45,22,0,0,2,1,10,2,1,2,3,0,8,1,,,
201028702977,6,2,3,71,5,135.815,1,8,4,2010,14,33,31,0,0,2,1,1,2,1,2,2,0,2,3,,,
201028702986,3,2,4,71,5,12.347,1,8,2,2010,21,32,24,0,0,1,3,1,2,1,2,2,0,1,1,,,
201028702989,3,2,4,71,5,12.347,1,8,7,2010,22,59,33,0,0,1,2,1,2,1,1,2,0,1,4,,,
201028702990,3,2,4,71,5,12.347,2,8,5,2010,17,54,12,1,0,2,1,1,2,1,2,2,0,6,1,,,
201028702994,6,2,4,71,5,135.815,2,8,1,2010,18,48,12,1,0,2,1,1,0,0,1,2,0,2,1,,,
201028703009,3,2,4,71,5,12.347,1,7,7,2010,11,0,15,0,0,1,1,1,2,1,2,2,0,1,1,,,
201028703013,1,2,1,71,5,12.347,1,8,4,2010,11,17,34,0,0,1,1,1,3,2,2,8,0,1,4,,,
201028703014,6,2,1,71,5,135.815,1,8,4,2010,7,49,34,0,0,1,1,1,0,0,2,8,0,1,4,,,
201028703015,4,2,1,71,5,296.323,1,8,4,2010,5,6,24,0,0,2,3,1,0,0,2,8,0,8,,,,
201028703030,3,2,1,71,5,12.347,2,8,6,2010,17,24,12,1,0,2,1,2,2,1,2,8,0,8,1,,,
201028703042,3,2,1,71,5,12.347,1,8,3,2010,20,12,1,0,0,1,3,10,2,1,2,8,0,1,1,,,
201028703044,5,2,1,71,5,61.734,2,8,2,2010,16,58,12,6,0,2,1,1,1,2,2,8,0,3,1,,,
201028703047,3,2,1,71,5,12.347,2,8,1,2010,13,30,12,1,0,1,1,1,2,1,2,8,0,1,1,,,
201028703049,1,2,1,71,5,12.347,1,8,1,2010,15,54,1,0,0,1,1,1,3,2,2,8,0,1,4,,,
201028703056,6,2,1,71,5,135.815,2,8,6,2010,20,47,12,1,1,5,3,2,0,0,2,8,0,1,1,,,
201028703059,3,2,1,71,5,12.347,1,8,5,2010,21,23,1,0,0,1,2,1,3,1,2,8,0,1,1,,,
201028703067,3,2,4,71,5,12.347,1,8,5,2010,16,32,22,0,0,4,1,1,2,1,2,2,0,1,1,,,
201028703070,4,2,4,71,5,296.323,2,8,2,2010,16,48,12,1,0,2,1,1,0,0,2,2,0,2,1,,,
201028703076,1,2,4,71,5,12.347,2,8,4,2010,15,35,12,6,0,2,1,1,3,1,2,2,0,8,1,,,
201028703077,1,2,4,71,5,12.347,1,8,2,2010,12,22,53,0,0,1,1,1,4,1,2,2,0,1,4,,,
201028703083,4,2,1,71,5,296.323,1,9,1,2010,7,44,24,0,0,1,1,1,0,0,2,8,0,1,1,,,
201028703094,2,2,1,71,5,12.347,2,9,4,2010,11,47,12,7,1,2,1,1,0,0,2,8,0,8,1,,,
201028703101,5,2,1,71,5,61.734,2,8,3,2010,7,10,12,6,0,2,1,1,2,1,2,8,0,2,1,,,
201028703103,2,2,1,71,5,12.347,2,8,2,2010,14,23,12,7,0,2,1,1,0,0,2,8,0,8,1,,,
201028703106,1,2,1,71,5,12.347,2,8,2,2010,12,44,12,6,0,2,1,1,3,2,2,8,0,2,1,,,
201028703107,2,2,1,71,5,12.347,2,8,2,2010,16,40,54,11,0,1,1,10,2,1,2,8,0,1,1,,,
201028703112,3,2,1,71,5,12.347,1,8,5,2010,17,37,1,0,1,5,1,1,2,1,1,8,0,1,4,,,
201028703113,3,2,1,71,5,12.347,1,8,5,2010,17,23,1,0,0,1,1,1,2,1,2,8,0,1,1,,,
201028703115,6,2,1,71,5,135.815,1,8,5,2010,1,30,75,0,0,1,3,10,0,0,1,8,0,1,4,,,
201028703119,3,2,1,71,5,12.347,1,8,3,2010,22,6,1,0,0,1,2,1,3,2,2,8,0,1,1,,,
201028703133,6,2,2,71,5,135.815,2,8,6,2010,11,20,12,6,0,2,1,10,0,0,2,3,0,2,1,,,
201028703139,4,2,2,71,5,296.323,2,8,3,2010,16,56,12,1,0,2,1,1,0,0,2,3,0,7,1,,,
201028703149,3,2,2,71,5,12.347,1,8,7,2010,18,39,21,0,0,1,1,1,2,1,2,3,0,1,1,,,
201028703153,5,2,2,71,5,61.734,2,8,2,2010,15,41,12,6,0,2,1,1,1,2,2,3,0,2,1,,,
201028703154,3,2,2,71,5,12.347,1,8,2,2010,12,28,22,0,0,2,1,1,2,1,2,3,0,3,1,,,
201028703162,3,2,2,71,5,12.347,1,8,2,2010,11,51,1,0,0,1,1,1,2,1,2,3,0,1,1,,,
201028703178,5,2,3,71,5,61.734,2,8,5,2010,17,20,12,6,0,2,1,1,1,1,2,2,0,8,1,,,
201028703179,3,2,3,71,5,12.347,1,8,4,2010,11,13,1,0,0,1,1,1,2,1,2,2,0,1,1,,,
201028703183,1,2,3,71,5,12.347,2,8,7,2010,13,23,12,2,0,2,1,1,3,1,2,2,0,2,1,,,
201028703192,6,2,3,71,5,135.815,2,8,3,2010,16,24,12,1,0,4,1,10,0,0,2,2,0,1,1,,,
201028703193,4,2,3,71,5,296.323,2,8,2,2010,20,6,12,1,0,2,5,1,0,0,2,2,0,8,1,,,
201028703207,5,2,5,71,5,61.734,2,8,2,2010,15,20,12,6,0,2,1,1,2,2,2,2,0,2,1,,,
201028703215,3,2,5,71,5,12.347,1,8,1,2010,0,0,33,0,0,1,3,1,2,1,2,2,0,1,4,,,
201028703217,2,2,5,71,5,12.347,2,9,5,2010,21,44,12,7,1,18,3,10,2,1,1,2,0,1,1,,,
201028703224,3,2,5,71,5,12.347,1,8,2,2010,12,7,22,0,0,4,1,1,2,1,2,2,0,1,1,,,
201028703227,4,2,5,71,5,296.323,2,7,6,2010,17,24,12,6,0,4,1,1,0,0,2,2,0,1,1,,,
201028703231,3,2,5,71,5,12.347,1,8,5,2010,15,14,22,0,0,2,1,1,2,1,2,2,0,2,1,,,
201028703240,6,2,5,71,5,135.815,2,7,4,2010,15,29,12,1,0,1,1,1,0,0,2,2,0,1,1,,,