CASENUM,STRATUM,REGION,PJ,PSU,PSUSTRAT,WEIGHT,VE_TOTAL,MONTH,WKDY_IM,YEAR,HOUR_IM,MINUTE_IM,EVENT1_IM,MANCOL_IM,RELJCT1_IM,RELJCT2_IM,LGTCON_IM,WEATHR_IM,MAXSEV_IM,NO_INJ_IM,ALCHL_IM,LAND_USE,PVH_INVL,TYP_INT,REL_ROAD,CF1,CF2,CF3
201028704772,1,2,1,71,5,12.347,2,12,7,2010,10,19,12,8,0,1,1,1,3,1,1,8,0,1,1,,,
201028704776,5,2,1,71,5,61.734,2,12,7,2010,12,50,12,6,0,2,1,1,2,1,2,8,0,2,1,,,
201028704792,4,2,1,71,5,296.323,2,12,5,2010,15,20,12,7,0,4,1,10,0,0,2,8,0,1,1,,,
201028704825,4,2,2,71,5,296.323,3,12,1,2010,16,2,12,1,0,2,3,1,0,0,2,3,0,3,1,,,
201028704830,1,2,2,71,5,12.347,2,12,2,2010,16,33,12,6,0,2,1,10,3,2,2,3,0,2,1,,,
201028704840,6,2,2,71,5,135.815,1,12,7,2010,2,30,42,0,0,2,2,1,0,0,2,3,0,2,4,,,
201028704862,3,2,3,71,5,12.347,1,12,2,2010,20,35,42,0,0,1,2,4,2,1,2,2,0,1,4,,,
201028704883,4,2,3,71,5,296.323,2,12,5,2010,15,8,12,1,0,2,1,10,1,1,2,2,0,8,1,,,
201028704902,6,2,3,71,5,135.815,2,12,1,2010,1,0,12,6,0,2,3,4,0,0,1,2,0,2,1,,,
201028704925,6,2,3,71,5,135.815,2,12,2,2010,7,57,12,1,0,1,1,10,1,1,2,2,0,1,1,,,
201028704927,4,2,3,71,5,296.323,1,12,7,2010,6,40,46,0,0,2,1,4,0,0,2,2,0,8,4,,,
201028704952,6,2,5,71,5,135.815,1,12,1,2010,2,24,33,0,0,1,2,4,0,0,1,2,0,1,4,,,
201028704954,4,2,5,71,5,296.323,2,12,3,2010,8,20,12,6,0,4,1,1,0,0,2,2,0,1,1,,,
201028704957,3,2,5,71,5,12.347,2,12,6,2010,13,52,12,1,0,2,1,10,2,1,2,2,0,3,1,,,
201028704979,2,2,5,71,5,12.347,2,12,1,2010,1,30,12,1,0,1,3,4,0,0,1,2,0,1,1,,,
201028704982,5,2,5,71,5,61.734,1,12,5,2010,20,31,25,0,0,1,3,4,1,1,2,2,0,1,3,,,
201028704988,4,2,7,71,5,281.483,2,12,4,2010,7,29,12,1,0,1,1,1,0,0,2,1,0,1,1,,,
201028704992,6,2,7,71,5,120.636,2,12,6,2010,6,40,12,6,0,2,3,1,0,0,2,1,0,2,1,,,
201028704998,3,2,7,71,5,40.212,2,11,2,2010,16,20,12,1,0,2,1,2,2,1,2,1,0,2,1,,,
201028705000,4,2,7,71,5,281.483,1,11,7,2010,4,55,33,0,0,1,2,1,0,0,2,1,0,1,3,,,
201028705006,6,2,7,71,5,120.636,2,11,6,2010,22,19,12,2,0,2,3,10,0,0,2,1,0,2,1,,,
201028705008,5,2,7,71,5,40.212,2,12,5,2010,16,6,12,8,0,1,1,10,1,1,2,1,0,1,1,,,
201028705011,4,2,7,71,5,281.483,2,12,6,2010,17,49,12,6,0,4,3,10,0,0,2,1,0,1,1,,,
201028705015,6,2,7,71,5,120.636,1,12,7,2010,21,29,59,0,0,1,2,2,0,0,2,1,0,1,4,,,
201028705016,2,2,7,71,5,40.212,2,10,6,2010,9,1,12,6,0,2,1,1,1,1,2,1,0,3,1,,,
201028705020,4,2,7,71,5,281.483,2,10,3,2010,12,41,12,1,0,1,1,6,0,0,1,1,0,1,1,,,
201028705029,6,2,7,71,5,120.636,2,10,2,2010,18,57,12,6,0,4,3,10,0,0,1,1,0,1,1,,,
201028705030,4,2,7,71,5,281.483,2,10,2,2010,7,12,12,6,0,2,1,10,0,0,2,1,0,2,1,,,
201028705034,6,2,7,71,5,120.636,2,10,4,2010,17,33,12,6,0,2,1,1,0,0,2,1,0,3,1,,,
201028705035,3,2,7,71,5,40.212,1,10,1,2010,19,14,42,0,0,1,2,1,2,1,2,1,0,1,5,,,
201028705042,5,2,7,71,5,40.212,1,9,3,2010,9,28,34,0,0,1,1,1,2,1,2,1,0,1,4,,,
201028705044,4,2,7,71,5,281.483,2,9,1,2010,13,0,12,1,0,2,1,1,1,2,2,1,0,2,1,,,
201028705045,6,2,7,71,5,120.636,1,9,6,2010,20,55,30,0,0,2,3,2,1,1,2,1,0,8,3,,,
201028705056,4,2,4,71,5,296.323,2,12,6,2010,17,11,12,2,0,2,3,4,0,0,2,2,0,2,1,,,
201028705063,6,2,4,71,5,135.815,1,12,2,2010,23,40,30,0,0,1,3,4,0,0,2,2,0,1,4,,,
201028705085,6,2,1,71,5,135.815,1,12,4,2010,15,8,38,0,0,1,1,10,0,0,2,8,0,1,5,,,
201028705092,2,2,1,71,5,12.347,1,12,3,2010,14,55,1,0,0,2,1,1,0,0,2,8,0,8,1,,,
201028705101,4,2,1,71,5,296.323,1,12,2,2010,18,3,24,0,0,1,3,10,0,0,2,8,0,1,1,,,
201028705122,5,2,1,71,5,61.734,2,12,6,2010,16,23,12,8,0,1,2,4,2,4,2,8,0,1,1,,,
201028705124,3,2,1,71,5,12.347,2,12,6,2010,15,45,12,6,0,2,5,4,2,2,2,8,0,2,1,,,
201028705133,4,2,1,71,5,296.323,2,12,6,2010,15,42,12,1,0,2,1,4,0,0,2,8,0,2,1,,,
201028705138,2,2,1,71,5,12.347,2,12,4,2010,23,40,45,0,0,1,2,4,1,1,2,8,1,1,1,,,
201028705141,6,2,1,71,5,135.815,2,12,4,2010,7,18,12,8,0,1,1,4,0,0,2,8,0,1,1,,,
201028705145,3,2,1,71,5,12.347,1,12,4,2010,3,30,1,0,0,1,3,4,2,1,1,8,0,1,4,,,
201028705161,2,2,1,71,5,12.347,2,12,2,2010,11,50,12,6,0,2,1,10,0,0,2,8,0,2,1,,,
201028705226,4,2,2,71,5,296.323,2,12,4,2010,9,25,12,6,0,1,1,1,0,0,2,3,0,1,1,,,
201028705228,1,2,2,71,5,12.347,3,12,4,2010,12,19,12,1,0,2,1,1,3,3,2,3,0,2,1,,,
201028705233,5,2,2,71,5,61.734,2,12,3,2010,7,27,12,6,0,2,1,1,2,1,2,3,0,2,1,,,
201028705252,3,2,2,71,5,12.347,2,12,3,2010,14,0,12,6,0,2,1,10,3,1,2,3,0,2,1,,,
201028705261,4,2,2,71,5,296.323,2,12,5,2010,17,20,12,1,0,4,3,4,0,0,2,3,0,1,1,,,
201028705265,6,2,2,71,5,135.815,2,12,7,2010,9,17,12,6,0,2,1,10,0,0,2,3,0,2,1,,,
201028705271,3,2,2,71,5,12.347,1,12,3,2010,20,47,21,0,0,2,2,1,2,1,2,3,0,2,1,,,
201028705276,1,2,2,71,5,12.347,2,12,3,2010,10,17,12,6,0,2,1,1,3,1,2,3,0,2,1,,,
201028705292,4,2,2,71,5,296.323,2,12,3,2010,15,18,12,7,0,1,1,1,0,0,2,3,0,1,1,,,
201028705300,1,2,2,71,5,12.347,4,12,4,2010,6,55,12,6,0,2,1,10,3,1,2,3,0,2,1,,,
201028705328,5,2,3,71,5,61.734,5,12,3,2010,12,31,12,7,0,2,1,1,1,1,2,2,3,2,1,,,
201028705347,4,2,10,71,5,324.523,1,12,5,2010,17,10,59,0,0,2,1,2,0,0,2,1,0,3,3,,,
201028705351,4,2,10,71,5,324.523,2,12,4,2010,14,10,12,1,0,2,1,10,0,0,2,1,0,2,1,,,
201028705353,6,2,10,71,5,162.262,1,12,2,2010,8,27,30,0,0,1,1,10,0,0,2,1,0,1,4,,,
201028705357,4,2,10,71,5,324.523,2,12,4,2010,7,39,12,1,0,2,1,1,0,0,2,1,0,2,1,,,
201028705358,5,2,10,71,5,81.131,2,12,4,2010,7,17,12,6,0,2,4,1,2,1,2,1,0,2,1,,,
201028705362,6,2,10,71,5,162.262,2,12,3,2010,7,23,12,1,0,2,4,1,0,0,2,1,0,2,1,,,
201028705364,5,2,10,71,5,81.131,2,12,2,2010,11,27,12,7,1,2,1,1,1,1,2,1,0,8,1,,,
201028705365,4,2,10,71,5,324.523,2,12,1,2010,15,20,12,6,0,2,1,11,0,0,2,1,0,2,1,,,
201028705366,5,2,10,71,5,81.131,1,12,1,2010,3,25,46,0,0,2,3,4,1,1,2,1,0,3,4,,,
201028705369,6,2,10,71,5,162.262,2,12,6,2010,12,10,12,1,0,2,1,10,1,2,2,1,0,8,1,,,
201028705372,6,2,10,71,5,162.262,1,12,5,2010,15,21,74,0,0,1,1,4,0,0,2,1,0,1,4,,,
201028705373,4,2,10,71,5,324.523,1,12,4,2010,22,45,59,0,0,1,3,10,0,0,2,1,0,1,4,,,
201028705376,3,2,10,71,5,81.131,3,12,2,2010,17,49,12,1,0,2,2,10,2,2,2,1,0,8,1,,,
201028705378,6,2,10,71,5,162.262,2,12,5,2010,9,39,12,6,0,2,1,1,0,0,2,1,0,2,1,,,
201028705380,6,2,10,71,5,162.262,1,11,3,2010,22,36,42,0,0,1,2,4,1,1,2,1,0,1,4,,,
201028705382,4,2,10,71,5,324.523,2,11,1,2010,16,43,12,6,0,2,1,10,1,1,2,1,0,6,1,,,
201028705387,6,2,10,71,5,162.262,2,11,7,2010,10,30,12,6,0,2,1,10,1,1,2,1,0,2,1,,,
201028705388,4,2,10,71,5,324.523,2,11,6,2010,15,40,12,1,0,4,1,10,0,0,2,1,0,1,1,,,
201028705391,2,2,10,71,5,81.131,2,11,6,2010,12,45,12,7,0,2,1,1,0,0,2,1,0,8,1,,,
201028705393,6,2,10,71,5,162.262,2,11,5,2010,12,6,12,6,0,2,1,10,1,1,2,1,0,3,1,,,
201028705395,4,2,10,71,5,324.523,1,11,2,2010,19,1,24,0,0,1,5,1,0,0,2,1,0,1,1,,,
201028705583,4,2,5,71,5,296.323,1,12,6,2010,16,59,43,0,0,1,3,10,0,0,2,2,0,1,4,,,
201028705585,5,2,7,71,5,40.212,2,12,5,2010,17,39,12,2,0,2,3,10,2,1,2,1,0,2,1,,,
201028800375,4,4,5,77,11,296.549,2,1,3,2010,10,17,12,7,0,1,1,1,0,0,2,1,0,1,1,,,
201028800396,2,4,2,77,11,3.661,1,1,2,2010,11,16,53,0,0,1,1,1,3,1,2,8,0,1,4,,,
201028800397,5,4,2,77,11,58.578,2,1,6,2010,13,18,12,6,0,2,1,1,1,2,2,8,0,2,1,,,
201028800402,2,4,6,77,11,3.661,2,1,7,2010,14,21,12,7,0,1,1,1,0,0,2,8,0,1,1,,,
201028800433,1,4,2,77,11,3.661,2,1,5,2010,16,50,12,6,0,1,1,1,3,2,2,8,0,1,1,,,
201028800435,6,4,2,77,11,131.8,4,1,4,2010,15,16,12,1,0,1,1,1,1,1,2,8,0,1,1,,,
201028800442,2,4,3,77,11,3.661,2,1,7,2010,15,52,12,7,0,1,1,1,0,0,2,8,0,1,1,,,
201028800445,4,4,3,77,11,296.549,2,1,7,2010,9,10,12,1,0,1,1,1,0,0,2,8,0,1,1,,,
201028800478,3,4,5,77,11,18.305,1,1,7,2010,15,52,22,0,0,1,1,1,2,1,2,1,0,1,1,,,
201028800514,3,4,2,77,11,18.305,1,1,3,2010,20,30,1,0,0,1,2,1,2,1,2,8,0,1,4,,,
201028800535,1,4,2,77,11,3.661,2,1,6,2010,8,23,12,6,1,2,1,1,3,4,2,8,0,2,1,,,
201028800586,6,4,2,77,11,131.8,2,1,7,2010,8,35,12,6,0,4,1,1,0,0,2,8,0,1,1,,,
201028800606,2,4,3,77,11,3.661,2,1,5,2010,18,22,12,7,0,1,3,1,1,1,2,8,0,1,1,,,
201028800616,2,4,3,77,11,3.661,2,1,5,2010,7,49,12,7,0,1,1,2,0,0,2,8,0,1,1,,,
201028800628,2,4,3,77,11,3.661,2,1,6,2010,7,54,12,7,0,1,1,1,2,2,2,8,0,1,1,,,
201028800658,5,4,2,77,11,58.578,1,1,1,2010,2,4,1,0,0,1,2,10,2,3,2,8,0,1,4,,,
201028800673,2,4,2,77,11,3.661,1,1,6,2010,6,43,22,0,0,2,2,2,3,1,2,8,0,3,1,,,
201028800679,2,4,2,77,11,3.661,2,1,6,2010,11,35,12,6,1,2,1,1,2,2,2,8,0,2,1,,,
201028800693,4,4,2,77,11,296.549,2,1,5,2010,6,44,12,6,0,2,3,1,0,0,2,8,0,2,1,,,
201028800710,2,4,5,77,11,3.661,2,2,6,2010,13,16,12,7,0,2,1,1,2,2,2,1,0,8,1,,,
201028800713,6,4,5,77,11,131.8,2,2,5,2010,18,6,12,6,0,2,5,1,0,0,2,1,0,3,1,,,
201028800714,5,4,5,77,11,58.578,2,2,3,2010,6,14,12,2,0,2,3,1,1,3,2,1,0,3,1,,,
201028800723,2,4,5,77,11,3.661,3,2,6,2010,12,46,12,6,0,2,1,1,2,2,2,1,0,2,1,,,
201028800742,2,4,3,77,11,3.661,2,1,5,2010,20,14,12,7,1,5,3,1,0,0,2,8,0,1,1,,,
201028800751,2,4,3,77,11,3.661,3,2,3,2010,16,57,12,1,0,1,1,1,0,0,2,8,0,1,1,,,
201028800752,2,4,3,77,11,3.661,2,2,1,2010,15,28,12,7,0,1,1,1,0,0,2,8,0,1,1,,,
201028800756,6,4,3,77,11,131.8,2,1,4,2010,17,36,12,1,0,1,1,1,1,1,2,8,0,1,1,,,
201028800762,2,4,3,77,11,3.661,2,1,7,2010,8,50,12,7,0,1,1,1,0,0,2,8,0,1,1,,,
201028800764,3,4,3,77,11,18.305,1,2,3,2010,7,55,25,0,1,5,1,1,2,1,2,8,0,1,3,,,
201028800778,2,4,3,77,11,3.661,2,2,7,2010,13,31,12,7,0,1,1,1,1,2,2,8,0,1,1,,,
201028800789,1,4,3,77,11,3.661,1,2,2,2010,3,18,25,0,0,1,3,1,3,1,1,8,0,1,3,,,
201028800805,3,4,2,77,11,18.305,1,2,2,2010,14,27,1,0,0,2,1,1,2,1,2,8,0,3,1,,,
201028800851,6,4,2,77,11,131.8,2,1,5,2010,15,9,12,6,0,2,1,10,0,0,2,8,0,2,1,,,
201028800866,3,4,2,77,11,18.305,1,1,4,2010,17,7,22,0,0,2,1,10,2,1,2,8,0,3,1,,,
201028800893,1,4,2,77,11,3.661,1,1,1,2010,13,9,35,0,0,1,1,2,3,1,2,8,0,1,5,,,
201028800898,6,4,6,77,11,131.8,2,2,3,2010,15,0,12,6,0,2,1,1,0,0,2,8,0,2,1,,,
201028800916,6,4,1,77,11,131.8,2,1,7,2010,20,49,12,6,0,2,3,1,0,0,2,3,0,8,1,,,
201028800928,3,4,1,77,11,14.644,1,1,2,2010,16,36,1,0,0,2,1,1,2,1,2,3,0,2,1,,,
201028800954,5,4,1,77,11,58.578,2,1,4,2010,11,50,12,6,0,2,1,10,1,1,2,3,0,2,1,,,
201028800956,4,4,1,77,11,292.888,2,1,4,2010,15,10,12,1,0,1,1,10,0,0,2,3,0,1,1,,,
201028800970,6,4,1,77,11,131.8,2,1,5,2010,18,45,12,6,0,2,3,1,0,0,2,3,0,2,1,,,
201028800975,1,4,1,77,11,7.322,2,1,6,2010,15,12,12,6,0,2,1,1,3,1,2,3,0,2,1,,,
201028800982,3,4,1,77,11,14.644,1,1,6,2010,16,34,22,0,0,4,1,1,3,1,2,3,0,1,1,,,
201028801020,1,4,3,77,11,3.661,5,2,2,2010,11,40,12,1,0,1,1,1,3,1,2,8,2,1,1,,,
201028801021,5,4,3,77,11,58.578,1,2,1,2010,10,59,38,0,0,1,1,10,2,2,2,8,0,1,5,,,
201028801024,2,4,3,77,11,3.661,2,2,2,2010,13,31,12,7,0,1,1,2,0,0,2,8,0,1,1,,,
201028801030,1,4,3,77,11,3.661,1,2,1,2010,20,12,1,0,0,1,2,1,3,2,1,8,0,1,1,,,
201028801057,2,4,3,77,11,3.661,1,1,7,2010,4,59,1,0,0,1,3,1,0,0,2,8,0,1,4,,,
201028801071,4,4,3,77,11,296.549,1,1,6,2010,21,55,38,0,0,1,2,2,0,0,2,8,0,1,5,,,
201028801075,6,4,3,77,11,131.8,3,2,3,2010,6,31,12,1,0,1,2,1,0,0,2,8,0,1,1,,,
201028801079,2,4,3,77,11,3.661,2,2,5,2010,9,38,12,7,0,1,1,1,2,2,2,8,0,1,1,,,
201028801089,2,4,3,77,11,3.661,2,2,1,2010,22,28,12,1,0,1,2,10,0,0,2,8,0,1,1,,,
201028801097,3,4,1,77,11,14.644,2,1,2,2010,11,48,12,1,0,2,1,1,2,1,2,3,0,2,1,,,
201028801101,1,4,1,77,11,7.322,2,1,2,2010,15,56,12,6,0,2,1,1,3,2,2,3,0,3,1,,,
201028801103,6,4,1,77,11,131.8,2,1,2,2010,18,17,12,6,0,2,3,1,2,1,2,3,0,2,1,,,
201028801114,3,4,1,77,11,14.644,2,1,3,2010,20,13,12,6,0,2,3,1,3,1,2,3,0,2,1,,,
201028801117,3,4,1,77,11,14.644,2,1,3,2010,4,45,12,6,0,2,3,1,2,1,2,3,0,3,1,,,
201028801120,1,4,1,77,11,7.322,2,1,3,2010,19,33,12,6,0,2,3,1,3,1,2,3,0,2,1,,,
201028801132,3,4,1,77,11,14.644,1,1,4,2010,18,10,22,0,0,4,3,1,2,1,2,3,0,1,1,,,
201028801137,1,4,1,77,11,7.322,2,1,4,2010,16,45,12,6,0,2,1,1,3,1,2,3,0,3,1,,,
201028801139,4,4,1,77,11,292.888,2,1,5,2010,12,3,12,1,0,1,1,1,0,0,2,3,0,1,1,,,
201028801151,3,4,1,77,11,14.644,2,1,6,2010,18,49,12,6,0,1,3,1,2,1,2,3,0,1,1,,,
201028801156,6,4,1,77,11,131.8,2,1,7,2010,20,59,12,1,0,4,2,1,1,1,2,3,0,1,1,,,
201028801168,1,4,1,77,11,7.322,2,1,1,2010,1,8,12,2,0,2,3,1,3,3,2,3,0,2,1,,,
201028801172,5,4,1,77,11,58.578,4,1,2,2010,14,38,12,1,0,2,1,1,2,2,2,3,0,2,1,,,
201028801173,3,4,1,77,11,14.644,3,1,2,2010,14,54,12,1,0,1,1,10,2,4,2,3,0,1,1,,,
201028801176,3,4,1,77,11,14.644,1,1,2,2010,14,26,22,0,0,2,1,10,3,1,2,3,0,3,1,,,
201028801183,3,4,1,77,11,14.644,2,1,2,2010,17,22,12,1,0,1,1,1,2,2,2,3,0,1,1,,,
201028801190,3,4,1,77,11,14.644,1,1,3,2010,17,25,1,0,0,1,1,10,2,1,2,3,0,1,1,,,
201028801213,1,4,1,77,11,7.322,2,1,4,2010,8,1,12,6,0,2,1,1,3,1,2,3,0,2,1,,,
201028801221,6,4,1,77,11,131.8,1,1,5,2010,2,50,33,0,0,2,3,1,0,0,1,3,0,2,3,,,
201028801222,3,4,1,77,11,14.644,2,1,5,2010,14,51,12,1,0,4,1,10,2,1,2,3,0,1,1,,,
201028801232,4,4,1,77,11,292.888,2,1,6,2010,17,46,12,6,0,2,2,2,0,0,2,3,0,2,1,,,
201028801259,1,4,1,77,11,7.322,2,1,1,2010,19,18,12,6,0,2,3,1,3,2,2,3,0,2,1,,,
201028801272,3,4,1,77,11,14.644,2,1,2,2010,18,19,12,1,0,2,3,1,2,1,2,3,0,2,1,,,
201028801278,6,4,1,77,11,131.8,2,1,3,2010,14,28,31,0,0,1,1,1,1,1,2,3,1,1,5,,,
201028801286,1,4,1,77,11,7.322,2,1,3,2010,17,19,12,1,0,1,1,1,3,2,2,3,0,1,1,,,
201028801294,4,4,1,77,11,292.888,2,1,4,2010,18,51,12,7,0,1,2,2,0,0,2,3,0,1,1,,,
201028801300,3,4,1,77,11,14.644,2,1,5,2010,9,7,12,1,0,2,1,2,2,1,2,3,0,2,1,,,
201028801305,1,4,1,77,11,7.322,2,1,5,2010,7,31,12,6,0,2,4,2,3,2,2,3,0,2,1,,,
201028801325,6,4,1,77,11,131.8,3,1,6,2010,12,56,12,1,0,1,1,1,0,0,2,3,0,1,1,,,
201028801327,1,4,1,77,11,7.322,2,1,6,2010,12,43,59,0,0,2,1,1,3,3,2,3,0,2,1,,,
201028801328,5,4,1,77,11,58.578,2,1,6,2010,23,58,12,6,0,2,3,1,2,2,2,3,0,2,1,,,
201028801349,3,4,1,77,11,14.644,2,1,1,2010,18,24,12,1,1,2,3,1,2,1,1,3,0,2,1,,,
201028801358,3,4,1,77,11,14.644,1,2,2,2010,7,56,21,0,0,2,1,1,3,1,2,3,0,3,1,,,
201028801369,2,4,1,77,11,7.322,2,2,3,2010,15,9,12,6,0,2,1,1,2,3,2,3,0,2,1,,,
201028801371,3,4,1,77,11,14.644,1,2,3,2010,1,0,22,0,0,1,2,1,3,1,2,3,0,1,2,,,
201028801375,2,4,1,77,11,7.322,2,2,3,2010,11,47,12,1,0,2,1,1,0,0,2,3,0,2,1,,,
201028801380,3,4,1,77,11,14.644,1,2,3,2010,17,53,22,0,0,2,1,1,2,1,2,3,0,2,1,,,
201028801382,2,4,1,77,11,7.322,2,2,3,2010,9,34,12,6,0,2,1,1,3,2,2,3,0,2,1,,,
201028801390,4,4,1,77,11,292.888,2,2,4,2010,9,10,12,7,0,1,1,10,0,0,2,3,0,1,1,,,
201028801396,5,4,1,77,11,58.578,1,2,5,2010,13,21,33,0,0,2,1,1,2,1,2,3,0,2,4,,,
201028801399,6,4,1,77,11,131.8,3,2,5,2010,14,53,12,1,0,1,1,10,1,1,1,3,0,1,1,,,
201028801409,3,4,1,77,11,14.644,2,2,5,2010,10,55,12,1,0,2,1,1,2,1,2,3,0,2,1,,,
201028801417,3,4,1,77,11,14.644,1,2,5,2010,19,43,22,0,0,2,3,1,3,1,2,3,0,2,1,,,
201028801425,3,4,1,77,11,14.644,1,2,6,2010,13,7,21,0,0,2,1,1,2,1,2,3,0,3,1,,,
201028801431,2,4,1,77,11,7.322,2,2,6,2010,10,43,12,6,0,2,1,1,1,1,2,3,0,2,1,,,
201028801435,3,4,1,77,11,14.644,2,2,6,2010,15,54,12,1,0,2,1,1,2,1,1,3,0,2,1,,,
201028801446,1,4,1,77,11,7.322,2,2,7,2010,13,33,12,6,0,2,1,1,3,3,2,3,0,2,1,,,
201028801453,6,4,1,77,11,131.8,2,2,1,2010,19,3,12,6,0,2,3,1,0,0,2,3,0,2,1,,,
201028801463,3,4,1,77,11,14.644,1,2,2,2010,7,25,22,0,0,2,1,1,2,1,2,3,0,2,1,,,
201028801476,4,4,1,77,11,292.888,2,2,3,2010,8,57,12,7,0,4,1,1,0,0,2,3,0,1,1,,,
201028801493,5,4,1,77,11,58.578,2,2,4,2010,5,28,12,6,0,2,3,10,2,2,2,3,0,2,1,,,
201028801507,5,4,2,77,11,58.578,3,2,6,2010,18,11,12,1,0,2,1,1,2,1,2,8,0,3,1,,,
201028801543,2,4,2,77,11,3.661,2,2,4,2010,17,30,12,6,0,2,5,2,1,1,2,8,0,2,1,,,
201028801565,6,4,2,77,11,131.8,2,2,4,2010,11,13,12,1,0,1,1,10,1,1,2,8,0,1,1,,,
201028801577,4,4,2,77,11,296.549,2,2,3,2010,15,54,12,1,0,2,1,1,0,0,2,8,0,2,1,,,
201028801589,3,4,2,77,11,18.305,2,2,7,2010,17,48,12,1,0,1,5,1,2,1,2,8,0,1,1,,,
201028801595,5,4,4,77,11,58.578,1,3,5,2010,16,41,42,0,0,1,1,1,2,1,2,1,0,1,2,,,
201028801617,4,4,6,77,11,296.549,2,2,1,2010,14,48,12,7,0,2,1,10,0,0,2,8,0,4,1,,,
201028801641,2,4,3,77,11,3.661,1,3,4,2010,14,35,1,0,0,1,1,1,3,1,2,8,0,1,4,,,
201028801649,5,4,2,77,11,58.578,2,2,6,2010,23,42,12,6,0,2,3,1,1,1,2,8,0,2,1,,,
201028801653,2,4,2,77,11,3.661,2,2,6,2010,16,43,12,1,0,1,1,1,0,0,2,8,0,1,1,,,
201028801701,1,4,2,77,11,3.661,2,2,2,2010,22,13,12,6,1,2,2,1,3,2,2,8,0,2,1,,,
201028801717,5,4,6,77,11,58.578,2,3,6,2010,7,19,12,6,0,2,1,1,2,2,2,8,0,2,1,,,
201028801796,2,4,6,77,11,3.661,2,3,6,2010,17,38,12,1,0,2,1,1,1,1,2,8,0,8,1,,,
201028801840,3,4,6,77,11,18.305,2,4,1,2010,13,58,12,1,0,1,1,1,2,1,2,8,0,1,1,,,
201028801842,1,4,6,77,11,3.661,2,4,4,2010,15,39,12,2,0,1,1,1,3,2,2,8,0,1,1,,,
201028801845,2,4,6,77,11,3.661,2,4,6,2010,8,19,12,1,0,2,1,10,2,2,2,8,0,2,1,,,
201028801898,4,4,5,77,11,296.549,2,4,4,2010,10,16,12,1,0,1,1,1,0,0,2,1,0,1,1,,,
201028801900,2,4,3,77,11,3.661,2,4,3,2010,16,0,12,1,0,1,1,1,4,2,2,8,0,1,1,,,
201028801921,1,4,3,77,11,3.661,2,2,6,2010,20,54,12,1,0,1,2,2,4,3,2,8,0,1,1,,,
201028801926,2,4,3,77,11,3.661,3,3,4,2010,11,28,12,1,0,1,1,1,2,1,2,8,0,1,1,,,
201028801931,6,4,3,77,11,131.8,1,3,7,2010,16,6,74,0,0,1,1,1,2,1,2,8,0,1,4,,,
201028801937,2,4,3,77,11,3.661,2,3,1,2010,2,46,12,1,0,1,2,1,0,0,2,8,0,1,1,,,
201028801944,1,4,3,77,11,3.661,1,2,7,2010,14,49,1,0,0,1,1,1,4,4,2,8,0,1,1,,,
201028801949,2,4,3,77,11,3.661,2,3,2,2010,18,8,12,7,0,1,5,1,0,0,2,8,0,1,1,,,
201028801953,2,4,3,77,11,3.661,2,3,6,2010,12,30,12,7,0,1,1,1,0,0,2,8,0,1,1,,,
201028801955,1,4,3,77,11,3.661,1,2,2,2010,13,59,59,0,0,1,1,10,3,3,1,8,0,1,4,,,
201028801967,5,4,3,77,11,58.578,2,4,6,2010,16,7,12,6,0,2,1,1,2,2,2,8,0,3,1,,,
201028801975,2,4,3,77,11,3.661,2,4,1,2010,2,53,12,7,0,1,2,1,4,2,1,8,0,1,1,,,
201028801977,2,4,3,77,11,3.661,2,4,7,2010,5,30,14,0,0,1,2,1,1,2,2,8,1,1,2,,,
201028801978,3,4,3,77,11,18.305,1,3,2,2010,10,30,1,0,0,2,1,1,2,1,2,8,0,2,1,,,
201028801985,2,4,3,77,11,3.661,2,3,1,2010,16,14,12,1,0,1,1,1,2,1,2,8,0,1,1,,,
201028802000,2,4,3,77,11,3.661,2,3,4,2010,13,23,12,7,0,1,1,1,0,0,2,8,0,1,1,,,
201028802004,1,4,3,77,11,3.661,1,4,5,2010,16,45,74,0,0,1,1,2,3,4,2,8,0,1,4,,,
201028802013,2,4,3,77,11,3.661,3,4,7,2010,16,31,12,7,0,1,1,1,3,3,2,8,0,1,1,,,
201028802017,4,4,3,77,11,296.549,1,4,5,2010,7,7,1,0,0,1,1,1,0,0,2,8,0,1,1,,,
201028802022,2,4,3,77,11,3.661,1,4,5,2010,0,21,74,0,0,1,2,1,0,0,2,8,0,1,3,,,
201028802028,2,4,3,77,11,3.661,3,4,6,2010,20,31,12,6,0,7,3,1,1,2,2,8,0,1,1,,,
201028802049,6,4,3,77,11,131.8,2,4,5,2010,1,40,12,7,0,1,2,1,0,0,2,8,0,1,1,,,
201028802061,6,4,1,77,11,131.8,2,2,5,2010,11,41,12,6,0,4,1,10,0,0,2,3,0,1,1,,,
201028802065,2,4,1,77,11,7.322,2,2,5,2010,9,45,12,6,0,2,1,10,3,1,2,3,0,2,1,,,
201028802068,3,4,1,77,11,14.644,1,2,5,2010,9,11,22,0,0,2,1,10,2,1,2,3,0,2,1,,,
201028802088,1,4,1,77,11,7.322,3,2,7,2010,18,20,12,1,0,2,5,1,3,2,1,3,0,8,1,,,