CASENUM,STRATUM,REGION,PJ,PSU,PSUSTRAT,WEIGHT,VE_TOTAL,MONTH,WKDY_IM,YEAR,HOUR_IM,MINUTE_IM,EVENT1_IM,MANCOL_IM,RELJCT1_IM,RELJCT2_IM,LGTCON_IM,WEATHR_IM,MAXSEV_IM,NO_INJ_IM,ALCHL_IM,LAND_USE,PVH_INVL,TYP_INT,REL_ROAD,CF1,CF2,CF3
201028802111,3,4,1,77,11,14.644,1,2,3,2010,21,16,22,0,0,4,2,1,2,1,2,3,0,1,1,,,
201028802114,4,4,1,77,11,292.888,3,2,3,2010,11,55,12,1,0,2,1,1,0,0,2,3,0,3,1,,,
201028802116,6,4,1,77,11,131.8,2,2,3,2010,12,2,12,1,0,2,1,1,0,0,2,3,0,3,1,,,
201028802134,5,4,1,77,11,58.578,2,2,5,2010,17,10,12,6,0,2,1,1,2,1,2,3,0,2,1,,,
201028802154,3,4,1,77,11,14.644,1,2,6,2010,13,13,22,0,0,2,1,1,2,1,2,3,0,3,1,,,
201028802159,6,4,1,77,11,131.8,1,2,7,2010,8,56,30,0,0,1,1,10,0,0,2,3,0,1,4,,,
201028802163,3,4,1,77,11,14.644,2,2,7,2010,17,40,12,1,0,2,1,2,2,1,2,3,0,2,1,,,
201028802190,4,4,1,77,11,292.888,2,2,2,2010,16,2,12,6,0,2,1,10,0,0,2,3,0,3,1,,,
201028802208,1,4,1,77,11,7.322,2,2,4,2010,20,38,12,6,0,2,3,1,3,6,2,3,0,2,1,,,
201028802209,3,4,1,77,11,14.644,1,2,4,2010,16,31,22,0,0,2,1,1,2,1,2,3,0,2,1,,,
201028802212,6,4,1,77,11,131.8,2,2,4,2010,11,52,12,6,0,2,1,1,2,1,2,3,0,2,1,,,
201028802214,2,4,1,77,11,7.322,3,2,4,2010,13,20,12,1,0,2,1,10,3,1,2,3,0,8,1,,,
201028802215,3,4,1,77,11,14.644,1,2,4,2010,11,4,22,0,0,2,1,1,2,1,2,3,0,2,1,,,
201028802217,2,4,1,77,11,7.322,2,2,5,2010,12,30,12,7,0,2,1,1,0,0,2,3,0,3,1,,,
201028802241,3,4,1,77,11,14.644,2,2,7,2010,12,24,12,6,0,2,1,1,2,2,2,3,0,3,1,,,
201028802250,2,4,1,77,11,7.322,5,2,1,2010,13,41,12,1,0,2,1,2,2,7,2,3,0,3,1,,,
201028802253,3,4,2,77,11,18.305,2,3,3,2010,7,33,12,6,0,2,1,1,2,1,2,8,0,2,1,,,
201028802255,6,4,2,77,11,131.8,1,4,5,2010,17,0,42,0,0,1,1,1,0,0,2,8,0,1,4,,,
201028802270,1,4,2,77,11,3.661,1,4,4,2010,5,30,1,0,0,1,4,1,3,3,2,8,0,1,2,,,
201028802293,1,4,2,77,11,3.661,1,4,7,2010,2,38,39,0,0,1,2,1,3,2,2,8,0,1,4,,,
201028802332,3,4,3,77,11,18.305,1,4,2,2010,22,50,1,0,0,2,2,1,3,1,2,8,0,3,1,,,
201028802340,3,4,5,77,11,18.305,1,4,5,2010,9,9,22,0,0,2,1,1,3,1,2,1,0,2,1,,,
201028802351,4,4,2,77,11,296.549,2,4,5,2010,8,24,12,6,0,4,1,1,0,0,2,8,0,1,1,,,
201028802354,1,4,2,77,11,3.661,2,4,5,2010,13,11,12,6,0,1,1,1,3,4,2,8,0,1,1,,,
201028802365,1,4,2,77,11,3.661,3,4,7,2010,12,4,12,6,0,2,1,1,3,2,1,8,0,2,1,,,
201028802397,3,4,2,77,11,18.305,2,4,2,2010,16,55,12,1,0,1,1,1,2,1,2,8,0,1,1,,,
201028802406,5,4,2,77,11,58.578,2,4,4,2010,15,15,12,1,1,2,1,1,1,2,2,8,0,3,1,,,
201028802437,3,4,2,77,11,18.305,2,4,1,2010,14,56,12,6,0,2,1,1,2,1,2,8,0,3,1,,,
201028802439,6,4,2,77,11,131.8,1,4,1,2010,20,30,38,0,0,1,2,1,0,0,1,8,0,1,5,,,
201028802506,5,4,2,77,11,58.578,2,4,6,2010,11,23,12,2,0,1,1,1,2,3,2,8,0,1,1,,,
201028802521,4,4,2,77,11,296.549,2,3,2,2010,17,33,12,1,0,2,1,1,0,0,2,8,0,2,1,,,
201028802523,1,4,2,77,11,3.661,2,3,2,2010,20,40,12,1,0,2,3,1,3,3,2,8,0,2,1,,,
201028802526,3,4,2,77,11,18.305,1,3,3,2010,12,42,21,0,0,2,1,1,3,1,2,8,0,2,1,,,
201028802546,6,4,2,77,11,131.8,2,3,5,2010,9,54,12,6,0,2,1,1,0,0,2,8,0,3,1,,,
201028802582,1,4,2,77,11,3.661,1,3,3,2010,15,41,35,0,0,1,1,1,4,1,1,8,0,1,4,,,
201028802602,1,4,2,77,11,3.661,2,3,6,2010,19,4,12,2,0,2,3,1,3,2,1,8,0,2,1,,,
201028802646,5,4,2,77,11,58.578,2,3,3,2010,14,40,12,6,0,2,1,1,1,2,2,8,0,2,1,,,
201028802667,6,4,2,77,11,131.8,2,3,6,2010,9,12,12,1,0,2,1,1,0,0,2,8,0,2,1,,,
201028802677,4,4,2,77,11,296.549,2,3,7,2010,15,20,12,6,0,2,1,1,0,0,2,8,0,2,1,,,
201028802684,3,4,2,77,11,18.305,1,3,1,2010,11,52,22,0,0,4,1,1,2,1,2,8,0,1,1,,,
201028802739,4,4,6,77,11,296.549,3,5,6,2010,12,21,12,7,1,2,1,1,0,0,2,8,0,2,1,,,
201028802780,1,4,2,77,11,3.661,1,2,6,2010,21,54,1,0,0,1,2,1,3,2,1,8,0,1,4,,,
201028802802,1,4,2,77,11,3.661,2,3,2,2010,19,40,12,6,0,2,3,1,3,2,1,8,0,2,1,,,
201028802840,5,4,2,77,11,58.578,2,3,7,2010,18,1,12,6,0,2,5,1,3,2,2,8,0,2,1,,,
201028802847,6,4,2,77,11,131.8,1,3,1,2010,9,59,33,0,0,1,2,1,0,0,2,8,0,1,4,,,
201028802848,1,4,2,77,11,3.661,1,3,1,2010,2,47,74,0,0,2,2,1,3,1,1,8,0,3,4,,,
201028802877,3,4,2,77,11,18.305,2,2,4,2010,17,17,12,1,0,1,1,1,2,2,2,8,0,1,1,,,
201028802923,4,4,2,77,11,296.549,2,4,1,2010,16,33,12,6,0,1,1,1,0,0,2,8,0,1,1,,,
201028802958,1,4,2,77,11,3.661,3,4,6,2010,19,6,12,6,0,2,5,1,3,5,2,8,0,2,1,,,
201028802965,6,4,2,77,11,131.8,1,4,7,2010,7,9,38,0,0,1,2,1,0,0,2,8,0,1,5,,,
201028802966,5,4,2,77,11,58.578,1,4,7,2010,8,32,33,0,0,1,1,1,1,1,2,8,0,1,3,,,
201028802968,3,4,2,77,11,18.305,1,4,7,2010,0,55,1,0,0,1,2,1,4,1,1,8,0,1,2,,,
201028802979,1,4,2,77,11,3.661,1,4,1,2010,19,16,1,0,0,1,5,1,3,1,2,8,0,1,1,,,
201028803004,3,4,1,77,11,14.644,2,3,2,2010,15,48,12,1,0,2,1,1,2,2,2,3,0,2,1,,,
201028803008,1,4,1,77,11,7.322,2,3,2,2010,7,30,12,2,0,2,4,1,3,2,2,3,0,2,1,,,
201028803011,6,4,1,77,11,131.8,2,3,3,2010,9,34,12,6,0,2,1,10,1,2,2,3,0,2,1,,,
201028803014,3,4,1,77,11,14.644,1,3,3,2010,17,55,21,0,0,2,1,1,3,1,2,3,0,3,,,,
201028803019,5,4,1,77,11,58.578,2,3,3,2010,15,45,12,1,0,4,1,1,1,1,2,3,0,1,1,,,
201028803020,3,4,1,77,11,14.644,3,3,3,2010,16,6,12,1,0,2,1,1,2,1,2,3,0,2,1,,,
201028803023,4,4,1,77,11,292.888,3,3,4,2010,7,58,12,1,0,2,1,1,1,1,2,3,0,8,1,,,
201028803045,1,4,1,77,11,7.322,1,3,5,2010,7,0,23,0,0,6,1,1,3,1,2,3,0,1,1,,,
201028803047,3,4,1,77,11,14.644,2,3,6,2010,17,50,12,1,0,1,1,1,2,1,2,3,0,1,1,,,
201028803063,3,4,1,77,11,14.644,2,3,6,2010,16,3,12,2,0,2,1,1,3,2,2,3,0,2,1,,,
201028803071,1,4,1,77,11,7.322,2,3,1,2010,16,58,12,6,0,2,5,2,3,1,2,3,0,3,1,,,
201028803075,6,4,1,77,11,131.8,1,3,1,2010,19,30,42,0,0,2,2,2,0,0,2,3,0,5,6,,,
201028803103,4,4,1,77,11,292.888,2,3,3,2010,12,45,12,1,1,2,1,10,0,0,2,3,0,8,1,,,
201028803115,3,4,1,77,11,14.644,2,3,4,2010,9,2,12,1,0,2,1,1,3,1,2,3,0,2,1,,,
201028803128,5,4,3,77,11,58.578,1,4,1,2010,11,25,31,0,1,5,1,1,2,2,2,8,0,1,4,,,
201028803140,2,4,3,77,11,3.661,2,5,4,2010,12,36,12,6,0,1,1,1,2,1,2,8,0,1,1,,,
201028803154,1,4,3,77,11,3.661,2,4,7,2010,18,40,12,7,1,5,1,1,4,2,2,8,0,1,1,,,
201028803167,6,4,3,77,11,131.8,1,5,6,2010,8,49,18,0,0,1,1,1,0,0,2,8,0,1,1,,,
201028803183,1,4,3,77,11,3.661,2,5,5,2010,0,28,12,2,0,1,2,1,3,2,1,8,0,1,1,,,
201028803191,4,4,3,77,11,296.549,2,5,3,2010,6,50,12,1,0,1,1,1,0,0,2,8,0,1,1,,,
201028803203,2,4,3,77,11,3.661,2,6,4,2010,6,43,74,0,0,1,1,1,0,0,2,8,0,1,4,,,
201028803252,1,4,2,77,11,3.661,2,4,6,2010,15,23,12,6,0,2,1,10,3,2,2,8,0,3,1,,,
201028803272,2,4,2,77,11,3.661,2,5,2,2010,20,8,12,1,0,2,3,1,0,0,1,8,0,2,1,,,
201028803298,1,4,2,77,11,3.661,1,4,6,2010,3,42,1,0,0,1,2,1,3,2,2,8,0,1,4,,,
201028803308,6,4,2,77,11,131.8,3,5,6,2010,15,5,12,1,0,1,1,1,0,0,2,8,0,1,1,,,
201028803310,4,4,2,77,11,296.549,2,5,6,2010,15,30,12,1,0,1,1,1,0,0,2,8,0,1,1,,,
201028803315,1,4,2,77,11,3.661,1,5,7,2010,8,50,58,0,0,1,1,1,3,1,2,8,0,1,4,,,
201028803339,3,4,2,77,11,18.305,1,5,4,2010,8,40,21,0,0,2,1,1,2,1,2,8,0,3,1,,,
201028803342,5,4,2,77,11,58.578,1,5,4,2010,12,6,17,0,0,1,1,1,2,1,2,8,0,1,4,,,
201028803411,3,4,2,77,11,18.305,1,5,5,2010,13,24,34,0,0,1,1,1,3,1,2,8,0,1,2,,,
201028803413,6,4,2,77,11,131.8,2,5,6,2010,7,4,12,1,0,2,1,1,0,0,2,8,0,3,1,,,
201028803459,4,4,2,77,11,296.549,2,5,2,2010,18,17,12,1,0,2,1,1,0,0,2,8,0,2,1,,,
201028803493,1,4,2,77,11,3.661,1,5,5,2010,18,38,59,0,0,1,1,1,3,1,1,8,0,1,4,,,
201028803508,1,4,2,77,11,3.661,2,5,7,2010,13,13,12,6,0,1,1,1,3,3,2,8,0,1,1,,,
201028803510,1,4,2,77,11,3.661,3,5,1,2010,6,37,12,1,0,2,1,1,3,2,2,8,0,2,1,,,
201028803531,1,4,5,77,11,3.661,2,5,4,2010,7,40,12,2,0,2,1,1,3,5,2,1,0,2,1,,,
201028803554,1,4,6,77,11,3.661,2,6,1,2010,10,41,12,6,0,2,1,1,4,8,2,8,0,2,1,,,
201028803570,6,4,6,77,11,131.8,1,5,2,2010,5,26,59,0,1,19,1,1,0,0,2,8,0,1,8,,,
201028803576,3,4,1,77,11,14.644,2,3,5,2010,16,37,12,1,0,4,1,1,2,1,2,3,0,1,11,,,
201028803583,6,4,1,77,11,131.8,3,3,5,2010,13,25,12,6,0,4,1,1,0,0,2,3,0,1,1,,,
201028803587,5,4,1,77,11,58.578,1,3,5,2010,9,7,53,0,0,1,1,1,1,1,1,3,0,1,4,,,
201028803617,4,4,1,77,11,292.888,1,3,6,2010,18,30,53,0,0,4,5,1,0,0,1,3,0,1,4,,,
201028803622,3,4,1,77,11,14.644,1,3,6,2010,20,26,1,0,0,2,3,1,3,1,2,3,0,2,1,,,
201028803631,3,4,1,77,11,14.644,1,3,2,2010,12,15,22,0,0,4,1,1,3,1,2,3,0,1,1,,,
201028803637,6,4,1,77,11,131.8,2,3,2,2010,15,54,12,6,0,2,1,1,0,0,2,3,0,2,1,,,
201028803645,3,4,1,77,11,14.644,1,3,2,2010,14,15,22,0,0,2,1,1,2,1,2,3,0,2,1,,,
201028803665,3,4,1,77,11,14.644,1,3,4,2010,18,20,1,0,0,2,5,1,2,1,2,3,0,2,1,,,
201028803682,6,4,1,77,11,131.8,2,3,6,2010,21,52,12,6,0,2,3,1,2,2,2,3,0,2,1,,,
201028803696,3,4,1,77,11,14.644,2,3,7,2010,8,55,1,0,0,1,1,1,2,1,2,3,0,1,1,,,
201028803706,5,4,1,77,11,58.578,1,3,7,2010,5,44,33,0,0,2,3,1,1,4,1,3,0,2,4,,,
201028803708,4,4,1,77,11,292.888,2,3,1,2010,13,43,12,6,0,2,1,1,0,0,2,3,0,2,1,,,
201028803710,3,4,1,77,11,14.644,1,3,1,2010,9,2,22,0,0,2,1,1,2,1,2,3,0,3,1,,,
201028803713,3,4,1,77,11,14.644,1,3,1,2010,14,17,1,0,0,1,1,1,3,1,2,3,0,1,1,,,
201028803746,1,4,5,77,11,3.661,1,4,1,2010,9,0,33,0,0,1,1,1,3,1,2,1,0,1,4,,,
201028803747,1,4,5,77,11,3.661,1,3,7,2010,0,17,33,0,0,1,2,1,3,1,1,1,0,1,3,,,
201028803750,3,4,5,77,11,18.305,2,6,6,2010,11,57,12,1,0,2,1,1,2,1,2,1,0,2,1,,,
201028803769,3,4,1,77,11,14.644,2,3,3,2010,7,17,12,1,0,1,1,10,2,1,2,3,0,1,1,,,
201028803780,6,4,1,77,11,131.8,2,3,3,2010,14,53,12,6,0,2,1,2,0,0,2,3,0,2,1,,,
201028803787,3,4,1,77,11,14.644,2,3,4,2010,16,28,12,1,0,1,1,10,2,1,2,3,0,1,1,,,
201028803798,1,4,1,77,11,7.322,4,3,5,2010,6,39,12,1,0,2,1,1,3,3,2,3,0,2,1,,,
201028803815,3,4,1,77,11,14.644,2,3,6,2010,19,15,12,1,0,2,3,1,2,2,2,3,0,2,1,,,
201028803821,6,4,1,77,11,131.8,1,3,6,2010,9,9,30,0,0,1,1,1,0,0,2,3,0,1,4,,,
201028803828,3,4,1,77,11,14.644,1,3,7,2010,16,0,22,0,0,1,1,1,2,1,2,3,0,1,1,,,
201028803835,5,4,1,77,11,58.578,2,3,7,2010,17,3,12,1,0,2,1,1,2,3,2,3,0,2,1,,,
201028803839,4,4,1,77,11,292.888,2,3,2,2010,17,3,12,1,0,2,1,1,0,0,2,3,0,2,1,,,
201028803841,1,4,1,77,11,7.322,2,3,2,2010,0,10,12,6,0,2,3,1,3,2,2,3,0,2,1,,,
201028803845,3,4,1,77,11,14.644,1,3,2,2010,16,17,21,0,0,2,1,1,3,1,2,3,0,2,1,,,
201028803864,6,4,1,77,11,131.8,1,3,3,2010,22,7,30,0,0,2,3,1,0,0,1,3,0,2,4,,,
201028803909,6,4,1,77,11,131.8,2,4,7,2010,9,7,12,6,0,4,1,1,0,0,2,3,0,1,1,,,
201028803910,5,4,1,77,11,58.578,2,4,7,2010,18,10,12,6,0,2,1,1,1,2,2,3,0,3,1,,,
201028803916,3,4,1,77,11,14.644,2,4,2,2010,12,55,12,1,0,2,1,1,2,1,2,3,0,2,1,,,
201028803918,1,4,1,77,11,7.322,3,4,2,2010,10,55,12,6,0,4,1,1,3,2,2,3,1,1,1,,,
201028803922,3,4,1,77,11,14.644,1,4,2,2010,15,19,1,0,0,2,1,1,2,1,2,3,0,3,1,,,
201028803931,4,4,1,77,11,292.888,2,4,1,2010,4,6,14,0,0,1,2,1,0,0,1,3,1,1,5,,,
201028803939,1,4,1,77,11,7.322,2,4,3,2010,14,47,12,6,0,4,1,1,3,2,2,3,0,1,1,,,
201028803946,2,4,1,77,11,7.322,1,4,3,2010,9,30,22,0,0,2,1,1,1,1,2,3,0,2,1,,,
201028803953,3,4,1,77,11,14.644,1,4,4,2010,19,4,22,0,0,2,3,1,2,1,2,3,0,2,1,,,
201028803961,1,4,1,77,11,7.322,1,4,5,2010,15,28,33,0,0,2,1,1,3,2,2,3,0,2,4,,,
201028803967,5,4,1,77,11,58.578,2,4,5,2010,8,13,12,6,0,2,1,1,1,1,2,3,0,2,1,,,
201028803973,6,4,1,77,11,131.8,2,4,6,2010,23,46,12,1,0,2,3,1,0,0,2,3,0,2,1,,,
201028803982,1,4,1,77,11,7.322,2,4,6,2010,19,29,12,6,0,2,3,1,3,1,2,3,0,2,1,,,
201028803990,3,4,1,77,11,14.644,3,4,6,2010,15,27,12,1,0,1,1,1,2,1,2,3,0,1,1,,,
201028804014,3,4,1,77,11,14.644,1,4,2,2010,11,28,22,0,0,4,1,1,2,1,2,3,0,1,1,,,
201028804018,6,4,1,77,11,131.8,2,4,2,2010,17,36,12,6,0,2,1,1,0,0,2,3,0,3,1,,,
201028804024,4,4,1,77,11,292.888,2,4,2,2010,13,46,12,1,0,1,1,1,1,1,2,3,0,1,1,,,
201028804025,1,4,1,77,11,7.322,2,4,2,2010,6,33,12,6,0,2,4,1,3,1,2,3,0,2,1,,,
201028804036,3,4,1,77,11,14.644,2,4,3,2010,16,23,12,1,0,1,1,1,2,1,2,3,0,1,1,,,
201028804047,3,4,1,77,11,14.644,2,4,4,2010,16,55,12,1,0,2,1,1,2,2,2,3,0,2,1,,,
201028804066,6,4,1,77,11,131.8,2,4,5,2010,8,31,12,1,0,1,1,1,0,0,2,3,0,1,1,,,
201028804071,5,4,1,77,11,58.578,2,4,5,2010,2,14,12,6,0,2,2,1,2,1,2,3,0,2,1,,,
201028804089,1,4,1,77,11,7.322,2,4,7,2010,23,13,12,2,0,1,2,1,3,2,1,3,0,1,1,,,
201028804093,3,4,1,77,11,14.644,2,4,1,2010,17,14,12,6,0,2,1,1,2,1,2,3,0,2,1,,,
201028804101,3,4,1,77,11,14.644,2,4,2,2010,10,49,12,1,0,2,1,10,2,2,2,3,0,2,1,,,
201028804105,4,4,1,77,11,292.888,2,4,2,2010,15,42,12,1,0,2,1,1,0,0,2,3,0,2,1,,,
201028804117,6,4,1,77,11,131.8,2,4,4,2010,17,17,12,6,0,4,1,10,2,3,2,3,0,1,1,,,
201028804127,3,4,1,77,11,14.644,1,4,4,2010,12,11,22,0,0,2,1,1,2,1,2,3,0,2,1,,,
201028804129,3,4,1,77,11,14.644,1,4,5,2010,16,5,21,0,0,2,1,10,2,1,2,3,0,2,1,,,
201028804135,1,4,1,77,11,7.322,2,4,5,2010,14,45,12,6,0,2,1,2,3,2,2,3,0,2,1,,,
201028804157,5,4,3,77,11,58.578,1,6,2,2010,7,17,1,0,0,1,1,1,2,1,2,8,0,1,4,,,
201028804173,2,4,3,77,11,3.661,3,6,5,2010,14,37,12,7,0,1,1,1,2,3,2,8,0,1,1,,,
201028804176,1,4,4,77,11,3.661,1,6,2,2010,20,22,42,0,0,1,3,1,4,1,2,1,0,1,4,,,
201028804212,3,4,3,77,11,18.305,2,6,7,2010,14,20,12,1,0,1,1,1,3,1,2,8,0,1,1,,,
201028804226,1,4,3,77,11,3.661,3,4,1,2010,0,54,12,1,0,1,3,1,4,1,2,8,0,1,1,,,
201028804228,6,4,3,77,11,131.8,2,6,7,2010,14,0,12,6,0,1,1,1,2,2,2,8,0,1,1,,,
201028804230,2,4,3,77,11,3.661,2,6,7,2010,14,15,12,7,0,1,1,1,0,0,2,8,0,1,1,,,
201028804241,1,4,2,77,11,3.661,1,5,1,2010,17,42,33,0,0,1,1,1,4,1,2,8,0,1,4,,,
201028804252,3,4,2,77,11,18.305,1,6,3,2010,22,6,59,0,0,1,2,1,2,1,2,8,0,1,4,,,
201028804272,5,4,2,77,11,58.578,2,6,6,2010,10,47,12,6,0,2,1,1,2,1,2,8,0,2,1,,,
201028804277,6,4,2,77,11,131.8,1,6,7,2010,1,23,59,0,0,1,2,1,0,0,1,8,0,1,4,,,
201028804312,6,4,5,77,11,131.8,1,6,4,2010,13,48,42,0,0,1,1,1,0,0,2,1,0,1,6,,,
201028804336,2,4,2,77,11,3.661,2,6,4,2010,11,42,12,6,0,1,1,1,0,0,2,8,0,1,1,,,
201028804351,3,4,2,77,11,18.305,1,6,6,2010,16,46,21,0,0,1,1,1,3,1,2,8,0,1,7,,,
201028804362,4,4,2,77,11,296.549,2,6,7,2010,15,31,12,1,0,1,1,1,0,0,2,8,0,1,1,,,
201028804368,1,4,2,77,11,3.661,2,6,2,2010,21,23,12,6,0,1,2,1,3,1,2,8,0,1,1,,,
201028804384,1,4,1,77,11,7.322,3,4,6,2010,8,18,12,1,0,1,1,2,3,1,2,3,0,1,1,,,
201028804385,3,4,1,77,11,14.644,2,4,6,2010,17,24,12,1,0,2,5,1,2,1,2,3,0,2,1,,,
201028804396,6,4,1,77,11,131.8,2,4,7,2010,17,55,12,1,0,2,1,1,1,3,2,3,0,2,1,,,
201028804410,3,4,1,77,11,14.644,1,4,2,2010,15,24,22,0,0,2,1,1,2,1,2,3,0,3,1,,,
201028804417,5,4,1,77,11,58.578,2,4,2,2010,12,40,12,6,0,2,1,1,2,2,2,3,0,2,1,,,
201028804426,3,4,1,77,11,14.644,2,4,3,2010,22,53,13,0,0,1,3,1,2,1,2,3,1,1,1,,,
201028804440,4,4,1,77,11,292.888,4,4,4,2010,17,49,12,1,0,2,1,1,0,0,2,3,0,2,1,,,
201028804441,3,4,1,77,11,14.644,3,4,4,2010,19,16,12,1,0,2,5,1,2,2,2,3,0,2,1,,,
201028804445,6,4,1,77,11,131.8,2,4,4,2010,11,3,12,6,0,2,1,1,1,1,2,3,0,2,1,,,
201028804448,2,4,1,77,11,7.322,1,4,4,2010,7,55,22,0,0,1,1,1,3,1,2,3,0,1,1,,,
201028804450,3,4,1,77,11,14.644,2,4,4,2010,13,25,12,6,0,4,1,1,2,1,2,3,0,1,1,,,
201028804455,2,4,1,77,11,7.322,2,4,5,2010,10,39,12,7,0,1,1,1,0,0,2,3,0,1,1,,,
201028804465,3,4,1,77,11,14.644,2,4,6,2010,15,33,12,7,0,1,1,1,2,2,2,3,0,1,1,,,
201028804470,1,4,1,77,11,7.322,2,4,6,2010,14,5,12,2,0,2,1,1,2,1,2,3,0,3,1,,,
201028804482,1,4,1,77,11,7.322,3,5,1,2010,17,33,12,1,0,2,1,1,3,5,1,3,0,8,1,,,
201028804494,2,4,1,77,11,7.322,2,5,2,2010,7,39,12,6,0,4,1,1,1,2,2,3,0,1,1,,,
201028804499,6,4,1,77,11,131.8,3,5,3,2010,15,11,12,1,0,2,1,1,1,1,2,3,0,2,1,,,
201028804511,3,4,1,77,11,14.644,2,5,4,2010,16,2,12,6,0,2,1,1,2,1,2,3,0,3,1,,,
201028804526,1,4,1,77,11,7.322,2,5,4,2010,14,17,12,6,0,2,1,1,3,7,2,3,0,2,1,,,
201028804527,4,4,1,77,11,292.888,2,5,5,2010,8,34,12,6,0,2,1,1,1,2,2,3,0,2,1,,,
201028804534,5,4,1,77,11,58.578,2,5,5,2010,7,42,12,6,0,2,1,1,2,1,2,3,0,2,1,,,
201028804548,2,4,3,77,11,3.661,2,6,4,2010,2,35,12,1,0,1,2,1,2,1,2,8,0,1,1,,,
201028804574,6,4,1,77,11,131.8,2,5,6,2010,8,13,12,6,0,2,1,1,1,2,2,3,0,3,1,,,
201028804578,3,4,1,77,11,14.644,2,5,7,2010,20,29,12,6,0,2,3,1,2,1,2,3,0,2,1,,,
201028804595,3,4,1,77,11,14.644,2,5,2,2010,13,42,12,6,0,4,1,1,2,1,2,3,0,1,1,,,
201028804611,6,4,1,77,11,131.8,2,5,3,2010,19,19,12,6,0,2,3,1,0,0,2,3,0,2,1,,,
201028804618,5,4,1,77,11,58.578,2,5,4,2010,23,16,12,1,0,2,3,1,2,7,1,3,0,2,1,,,
201028804636,3,4,1,77,11,14.644,1,5,5,2010,7,42,22,0,0,2,1,1,3,1,2,3,0,2,1,,,
201028804643,3,4,1,77,11,14.644,3,5,6,2010,17,21,12,1,0,2,1,1,2,1,2,3,0,2,1,,,
201028804647,4,4,1,77,11,292.888,2,5,6,2010,13,11,12,1,0,2,1,1,1,2,2,3,0,2,1,,,
201028804661,6,4,1,77,11,131.8,2,5,7,2010,10,7,12,6,0,2,1,1,1,2,2,3,0,2,1,,,
201028804675,5,4,1,77,11,58.578,2,5,2,2010,10,32,12,6,0,2,1,1,2,2,2,3,0,2,1,,,
201028804696,3,4,1,77,11,14.644,1,5,3,2010,15,4,1,0,0,1,1,1,2,1,2,3,0,1,1,,,
201028804722,4,4,1,77,11,292.888,2,5,5,2010,11,22,12,1,0,1,1,1,0,0,2,3,0,1,1,,,
201028804728,6,4,1,77,11,131.8,5,5,6,2010,8,21,12,1,0,1,1,1,0,0,2,3,0,1,1,,,
201028804738,3,4,1,77,11,14.644,2,5,1,2010,1,18,12,6,0,2,3,1,2,1,2,3,0,2,1,,,
201028804753,5,4,1,77,11,58.578,3,5,2,2010,13,0,12,6,0,2,1,1,1,2,2,3,0,2,1,,,
201028804754,3,4,1,77,11,14.644,2,5,2,2010,15,3,12,7,0,1,1,1,2,1,2,3,0,1,,,,
201028804757,2,4,1,77,11,7.322,2,5,3,2010,8,35,12,7,0,2,1,1,0,0,2,3,0,2,1,,,
201028804786,6,4,1,77,11,131.8,2,5,6,2010,16,58,12,1,0,2,1,1,0,0,2,3,0,2,1,,,
201028804793,3,4,1,77,11,14.644,2,5,6,2010,20,22,12,7,0,1,3,1,3,1,2,3,0,1,1,,,
201028804803,1,4,1,77,11,7.322,1,5,7,2010,14,3,30,0,0,1,1,1,3,1,2,3,0,1,4,,,
201028804804,4,4,1,77,11,292.888,2,5,7,2010,22,18,12,8,0,4,3,1,0,0,2,3,0,1,1,,,
201028804824,3,4,1,77,11,14.644,1,5,2,2010,15,57,22,0,0,2,1,1,2,1,2,3,0,2,1,,,
201028804852,1,4,2,77,11,3.661,1,6,7,2010,20,0,1,0,0,1,1,1,3,2,1,8,0,1,4,,,
201028804877,6,4,2,77,11,131.8,2,6,5,2010,15,0,12,6,0,2,1,1,0,0,2,8,0,3,1,,,
201028804882,5,4,2,77,11,58.578,2,6,6,2010,7,50,12,6,0,2,1,1,1,1,2,8,0,3,1,,,
201028804884,3,4,2,77,11,18.305,2,6,6,2010,12,59,14,0,0,1,1,1,2,1,2,8,1,1,7,,,
201028804901,4,4,6,77,11,296.549,2,6,2,2010,9,9,12,1,0,1,1,1,0,0,2,8,0,1,1,,,
201028804908,2,4,3,77,11,3.661,3,5,7,2010,9,49,74,0,0,1,1,1,1,1,1,8,0,1,3,,,
201028804916,1,4,3,77,11,3.661,3,6,2,2010,17,0,12,2,0,1,1,1,3,3,2,8,0,1,1,,,
201028804921,5,4,3,77,11,58.578,3,6,7,2010,20,12,12,6,0,2,3,1,2,1,2,8,0,2,1,,,
201028804931,2,4,3,77,11,3.661,3,7,3,2010,11,8,12,1,0,1,1,1,0,0,2,8,0,1,1,,,
201028804936,2,4,4,77,11,3.661,2,7,5,2010,9,15,12,1,0,2,1,1,2,2,2,1,0,2,1,,,
201028804956,1,4,3,77,11,3.661,1,5,7,2010,8,45,1,0,0,1,1,1,4,5,2,8,0,1,3,,,
201028804968,2,4,3,77,11,3.661,3,6,6,2010,21,0,12,7,0,1,2,1,0,0,2,8,0,1,1,,,
201028804970,2,4,3,77,11,3.661,2,7,5,2010,21,15,12,7,1,5,2,1,0,0,2,8,0,1,1,,,
201028804971,1,4,3,77,11,3.661,1,7,6,2010,4,45,75,0,0,1,4,1,3,2,2,8,0,1,4,,,