CASENUM,STRATUM,REGION,PJ,PSU,PSUSTRAT,WEIGHT,VE_TOTAL,MONTH,WKDY_IM,YEAR,HOUR_IM,MINUTE_IM,EVENT1_IM,MANCOL_IM,RELJCT1_IM,RELJCT2_IM,LGTCON_IM,WEATHR_IM,MAXSEV_IM,NO_INJ_IM,ALCHL_IM,LAND_USE,PVH_INVL,TYP_INT,REL_ROAD,CF1,CF2,CF3
201028906308,3,4,2,80,11,19.688,1,11,5,2010,18,30,21,0,0,2,3,1,2,3,2,3,0,2,1,,,
201028906327,5,4,2,80,11,59.063,2,11,3,2010,16,51,12,6,0,2,5,1,1,2,2,3,0,2,1,,,
201028906329,6,4,2,80,11,131.252,2,11,5,2010,12,0,12,6,0,2,1,1,0,0,1,3,0,3,1,,,
201028906332,3,4,2,80,11,19.688,1,11,6,2010,8,34,21,0,0,1,1,10,2,1,2,3,0,1,1,,,
201028906355,4,4,3,80,11,295.317,2,11,6,2010,17,32,12,6,0,2,5,10,0,0,2,3,0,2,1,,,
201028906369,6,4,3,80,11,131.252,1,12,7,2010,18,17,33,0,0,2,2,1,0,0,2,3,0,3,4,,,
201028906374,3,4,3,80,11,19.688,1,11,2,2010,11,56,21,0,0,2,1,10,2,1,2,3,0,3,1,,,
201028906390,6,4,5,80,11,125.305,2,11,7,2010,13,7,12,6,0,4,1,1,1,1,2,3,0,1,1,,,
201028906407,4,4,5,80,11,300.732,2,11,3,2010,13,20,14,0,0,1,1,1,0,0,2,3,1,1,7,,,
201028906415,6,4,11,80,11,138.824,2,10,3,2010,6,13,12,6,0,4,3,1,0,0,2,8,0,1,1,,,
201028906421,4,4,11,80,11,305.413,3,10,3,2010,12,12,14,0,0,1,1,1,0,0,2,8,2,1,7,,,
201028906435,2,4,1,80,11,6.563,2,12,5,2010,16,50,12,7,0,1,5,10,1,1,2,3,0,1,1,,,
201028906443,1,4,1,80,11,6.563,1,11,1,2010,16,37,59,0,0,1,3,10,3,1,2,3,0,1,4,,,
201028906470,6,4,1,80,11,131.252,3,11,3,2010,16,55,12,1,0,1,1,1,0,0,2,3,0,1,1,,,
201028906478,2,4,1,80,11,6.563,2,12,6,2010,19,5,12,7,1,18,3,1,0,0,2,3,0,1,1,,,
201028906499,5,4,1,80,11,59.063,2,12,6,2010,17,45,12,1,0,1,3,10,1,1,2,3,0,1,1,,,
201028906517,4,4,1,80,11,295.317,1,11,5,2010,7,0,1,0,0,1,1,1,1,1,2,3,0,1,1,,,
201028906557,5,4,3,80,11,59.063,2,12,2,2010,17,49,12,6,0,2,3,1,1,1,2,3,0,2,1,,,
201028906568,1,4,8,80,11,13.63,2,10,6,2010,10,48,12,6,1,18,1,10,3,1,2,8,0,1,1,,,
201028906575,3,4,8,80,11,13.63,1,10,5,2010,7,55,21,0,0,2,1,10,2,1,2,8,0,8,1,,,
201028906580,3,4,8,80,11,13.63,2,11,7,2010,12,45,1,0,0,1,1,1,2,1,2,8,0,1,1,,,
201028906582,5,4,8,80,11,54.52,1,11,2,2010,20,50,34,0,1,19,3,1,1,1,1,8,0,1,10,,,
201028906589,4,4,8,80,11,299.86,2,11,5,2010,18,25,12,1,0,1,2,10,0,0,2,8,0,1,1,,,
201028906594,6,4,8,80,11,136.3,2,11,3,2010,4,30,12,1,0,1,2,2,0,0,2,8,0,1,1,,,
201028906604,2,4,8,80,11,13.63,1,9,3,2010,11,18,1,0,1,5,1,1,2,1,2,8,0,1,1,,,
201028906611,6,4,1,80,11,131.252,3,12,3,2010,7,56,12,1,0,1,1,10,0,0,2,3,0,1,1,,,
201028906614,3,4,1,80,11,19.688,2,11,7,2010,2,14,12,1,0,1,2,1,3,1,1,3,0,1,1,,,
201028906666,5,4,1,80,11,59.063,4,12,1,2010,17,30,12,7,0,1,3,2,2,2,2,3,0,1,1,,,
201028906675,6,4,1,80,11,131.252,1,10,1,2010,4,10,46,0,0,1,3,2,2,1,1,3,0,1,4,,,
201028906676,1,4,1,80,11,6.563,1,10,1,2010,12,30,42,0,0,1,1,2,3,1,2,3,0,1,4,,,
201028906677,4,4,1,80,11,295.317,2,12,6,2010,14,30,12,1,1,5,1,2,0,0,2,3,0,1,1,,,
201028906681,2,4,1,80,11,6.563,2,10,4,2010,18,35,12,7,0,1,3,1,0,0,2,3,0,1,1,,,
201028906738,4,4,3,80,11,295.317,2,12,5,2010,17,24,12,1,0,2,3,1,0,0,2,3,0,3,1,,,
201028906753,6,4,4,80,11,131.252,1,12,7,2010,18,5,33,0,0,1,3,10,1,1,2,2,0,1,3,,,
201028906780,6,4,5,80,11,125.305,2,10,4,2010,23,18,12,2,0,1,3,1,4,3,1,3,0,1,1,,,
201028906790,5,4,5,80,11,62.652,2,12,6,2010,22,21,12,6,0,2,3,10,2,5,2,3,0,2,1,,,
201028906792,2,4,1,80,11,6.563,3,12,3,2010,7,36,12,1,0,1,1,2,0,0,2,3,0,1,1,,,
201028906798,5,4,1,80,11,59.063,3,12,2,2010,22,25,12,7,0,1,2,1,2,1,2,3,0,1,1,,,
201028906808,6,4,1,80,11,131.252,2,12,7,2010,10,20,12,1,0,1,1,10,1,1,2,3,0,1,1,,,
201028906840,5,4,1,80,11,59.063,2,12,4,2010,23,40,33,0,0,1,2,10,2,1,1,3,1,1,3,,,
201028906853,4,4,1,80,11,295.317,2,12,2,2010,15,40,12,1,0,1,1,1,0,0,2,3,0,1,1,,,
201028906858,1,4,1,80,11,6.563,1,11,6,2010,15,50,30,0,0,1,1,2,4,1,2,3,0,1,4,,,
201028906861,2,4,1,80,11,6.563,2,11,2,2010,11,11,12,1,0,1,1,1,2,1,2,3,0,1,1,,,
201028906864,6,4,1,80,11,131.252,1,12,6,2010,16,0,32,0,0,1,1,5,0,0,2,3,0,1,4,,,
201028906892,3,4,2,80,11,19.688,1,12,7,2010,17,13,22,0,0,2,3,10,2,2,2,3,0,2,1,,,
201028906903,4,4,2,80,11,295.317,2,12,6,2010,16,32,12,1,0,1,5,10,1,1,2,3,0,1,1,,,
201028906935,3,4,3,80,11,19.688,2,12,4,2010,22,59,12,6,0,2,2,1,2,1,2,3,0,2,1,,,
201028906941,6,4,3,80,11,131.252,5,12,7,2010,3,36,14,0,0,1,3,2,0,0,1,3,4,1,7,,,
201028906943,5,4,8,80,11,54.52,1,11,4,2010,21,10,74,0,0,1,3,1,1,1,1,8,0,1,3,,,
201028906965,2,4,8,80,11,13.63,2,12,2,2010,7,35,12,6,0,1,1,10,1,1,2,8,0,1,1,,,
201028906966,4,4,8,80,11,299.86,3,12,2,2010,8,9,12,1,0,1,1,10,0,0,2,8,0,1,1,,,
201028907009,3,4,1,80,11,19.688,1,10,5,2010,19,10,21,0,0,1,2,1,2,1,2,3,0,1,1,,,
201028907041,3,4,5,80,11,12.53,1,12,4,2010,18,17,21,0,0,2,3,1,2,1,2,3,0,8,1,,,
201028907051,3,4,5,80,11,12.53,1,12,5,2010,9,3,22,0,0,4,1,1,2,1,2,3,0,1,1,,,
201028907056,4,4,5,80,11,300.732,2,12,2,2010,10,1,14,0,0,2,1,1,0,0,2,3,1,3,7,,,
201028907062,5,4,11,80,11,55.53,3,11,2,2010,7,0,12,1,0,1,1,1,2,3,2,8,0,1,1,,,
201028907065,3,4,11,80,11,27.765,1,11,7,2010,22,4,21,0,0,2,3,2,2,1,1,8,0,8,1,,,
201028907073,4,4,11,80,11,305.413,2,12,2,2010,8,17,12,6,0,4,1,10,0,0,2,8,0,1,1,,,
201028907074,3,4,11,80,11,27.765,1,12,3,2010,8,3,22,0,0,2,1,1,2,1,2,8,0,2,1,,,
201028907075,6,4,11,80,11,138.824,2,12,6,2010,8,34,12,6,1,2,1,1,1,4,2,8,0,8,1,,,
201028907088,6,4,17,80,11,164.065,3,9,5,2010,7,43,12,1,0,2,1,1,1,1,2,1,0,3,1,,,
201028907090,5,4,17,80,11,82.032,1,9,2,2010,7,10,30,0,0,1,1,10,2,1,2,1,0,1,4,,,
201028907093,5,4,17,80,11,82.032,1,9,7,2010,14,17,42,0,0,1,1,10,2,1,2,1,0,1,4,,,
201028907094,6,4,17,80,11,164.065,1,9,3,2010,12,17,32,0,0,1,1,10,2,1,2,1,0,1,4,,,
201028907095,4,4,17,80,11,328.13,1,9,5,2010,18,0,22,0,0,2,1,2,1,1,2,1,0,3,1,,,
201028907100,4,4,17,80,11,328.13,2,10,5,2010,7,36,14,0,0,2,1,1,0,0,2,1,1,3,7,,,
201028907101,6,4,17,80,11,164.065,1,10,3,2010,6,32,42,0,0,2,3,1,0,0,2,1,0,8,3,,,
201028907106,6,4,17,80,11,164.065,1,10,7,2010,0,17,25,0,0,4,3,2,0,0,2,1,0,1,5,,,
201028907107,2,4,17,80,11,82.032,2,11,3,2010,16,25,12,2,0,4,1,1,2,1,2,1,0,1,1,,,
201028907109,6,4,17,80,11,164.065,1,11,2,2010,7,40,59,0,0,1,1,1,0,0,2,1,0,1,3,,,
201028907112,6,4,17,80,11,164.065,2,12,7,2010,19,7,14,0,0,1,3,1,0,0,2,1,1,1,7,,,
201028907113,5,4,17,80,11,82.032,1,12,2,2010,17,23,33,0,0,1,3,10,2,1,2,1,0,1,4,,,
201028907114,4,4,17,80,11,328.13,1,12,6,2010,13,10,41,0,0,1,1,10,0,0,2,1,0,1,4,,,
201028907358,2,4,1,80,11,6.563,2,6,5,2010,7,45,12,1,0,1,1,1,0,0,2,3,0,1,1,,,
201028907360,1,4,1,80,11,6.563,3,7,7,2010,16,24,12,2,0,1,1,1,4,5,2,3,0,1,1,,,
201028907363,5,4,1,80,11,59.063,1,9,5,2010,17,56,1,0,0,1,1,1,1,1,2,3,0,1,1,,,
201028907376,6,4,8,80,11,136.3,1,11,7,2010,18,0,34,0,0,1,2,10,0,0,2,8,0,1,4,,,
201028907389,5,4,8,80,11,54.52,2,12,7,2010,19,58,12,7,0,1,2,1,2,1,2,8,0,1,1,,,
201028907392,3,4,8,80,11,13.63,1,12,4,2010,18,28,21,0,0,2,3,1,2,1,2,8,0,2,1,,,
201028907406,6,4,5,80,11,125.305,3,12,4,2010,11,25,12,6,0,4,1,10,0,0,2,3,1,1,1,,,
201028907744,4,4,1,80,11,295.317,2,12,5,2010,17,0,12,1,0,1,1,1,0,0,2,3,0,1,1,,,
201028907745,3,4,1,80,11,19.688,1,11,1,2010,17,45,21,0,0,1,2,1,4,1,1,3,0,1,1,,,
201028907755,6,4,8,80,11,136.3,2,12,1,2010,15,41,12,7,0,1,1,10,0,0,2,8,0,1,1,,,
201028907758,1,4,8,80,11,13.63,2,12,7,2010,19,28,12,2,1,18,3,1,3,1,2,8,0,1,1,,,
201028907763,4,4,17,80,11,328.13,2,12,3,2010,0,38,14,0,0,1,3,1,0,0,1,1,1,1,7,,,
201029000369,4,2,1,92,5,295.548,2,1,1,2010,12,55,12,1,1,2,1,10,0,0,2,3,0,2,1,,,
201029000411,6,2,1,92,5,130.982,1,1,4,2010,6,10,24,0,0,1,3,1,0,0,2,3,0,1,1,,,
201029000480,3,2,16,92,5,19.124,1,1,5,2010,0,55,33,0,0,1,3,4,2,1,2,1,0,1,4,,,
201029000506,2,2,1,92,5,3.358,2,1,3,2010,14,15,12,7,1,5,1,1,0,0,2,3,0,8,1,,,
201029000525,2,2,1,92,5,3.358,2,1,1,2010,4,55,73,0,0,1,3,1,3,1,2,3,0,1,3,,,
201029000529,1,2,1,92,5,3.358,2,1,2,2010,12,40,12,2,0,2,1,1,3,3,2,3,0,3,1,,,
201029000539,4,2,1,92,5,295.548,2,1,4,2010,14,7,12,1,0,2,1,2,0,0,2,3,0,8,1,,,
201029000567,1,2,1,92,5,3.358,1,1,6,2010,13,20,1,0,0,1,1,8,3,4,2,3,0,1,,,,
201029000588,2,2,1,92,5,3.358,2,1,5,2010,7,33,12,11,0,2,2,4,0,0,2,3,0,2,1,,,
201029000592,6,2,1,92,5,130.982,2,1,6,2010,21,0,12,6,0,2,3,10,0,0,2,3,0,2,1,,,
201029000657,6,2,23,92,5,129.302,2,1,1,2010,17,33,12,1,0,1,2,10,0,0,2,1,0,1,1,,,
201029000668,5,2,41,92,5,46.496,2,1,3,2010,6,10,12,1,0,2,3,1,1,1,2,1,0,2,1,,,
201029000670,6,2,41,92,5,139.489,2,1,3,2010,7,39,12,1,1,2,1,1,1,1,2,1,0,8,1,,,
201029000674,4,2,41,92,5,278.979,2,1,6,2010,16,20,12,1,0,2,3,10,0,0,2,1,0,3,1,,,
201029000676,5,2,41,92,5,46.496,1,1,7,2010,2,0,30,0,0,1,3,10,2,1,2,1,0,1,4,,,
201029000691,3,2,1,92,5,16.793,1,1,4,2010,6,58,21,0,0,2,3,5,2,1,2,3,0,8,1,,,
201029000727,4,2,1,92,5,295.548,2,1,1,2010,12,30,14,0,0,1,1,1,0,0,2,3,1,1,7,,,
201029000740,2,2,1,92,5,3.358,1,1,7,2010,5,31,34,0,0,1,2,3,0,0,2,3,0,1,3,,,
201029000758,2,2,1,92,5,3.358,2,1,4,2010,6,15,12,7,0,1,2,1,3,1,2,3,0,1,1,,,
201029000787,5,2,1,92,5,57.094,1,1,5,2010,15,40,34,0,0,1,1,10,2,1,2,3,0,1,4,,,
201029000788,6,2,1,92,5,130.982,2,1,1,2010,10,25,12,6,0,4,1,1,0,0,2,3,0,1,1,,,
201029000827,1,2,1,92,5,3.358,2,1,2,2010,10,55,12,2,0,2,1,1,3,1,2,3,0,2,1,,,
201029000830,2,2,1,92,5,3.358,2,1,6,2010,12,35,12,1,0,1,1,1,3,1,2,3,0,1,1,,,
201029000843,2,2,1,92,5,3.358,2,1,4,2010,7,50,12,1,0,2,1,1,0,0,2,3,0,2,1,,,
201029000869,4,2,3,92,5,295.548,2,1,4,2010,12,25,12,1,0,2,1,5,0,0,2,3,0,8,1,,,
201029000877,1,2,3,92,5,3.358,2,1,5,2010,19,47,12,6,0,4,3,10,3,4,1,3,0,1,1,,,
201029000903,2,2,3,92,5,3.358,2,1,4,2010,22,48,12,7,0,1,3,1,1,5,2,3,0,1,1,,,
201029000951,5,2,38,92,5,46.916,2,1,7,2010,14,56,12,7,0,1,1,1,1,1,2,1,0,1,1,,,
201029000953,2,2,38,92,5,46.916,2,1,6,2010,13,50,12,8,0,2,1,1,0,0,2,1,0,8,1,,,
201029000958,6,2,41,92,5,139.489,2,1,7,2010,14,15,12,6,1,5,1,1,0,0,1,1,0,2,1,,,
201029000961,6,2,41,92,5,139.489,4,1,4,2010,7,5,12,1,0,1,1,1,0,0,2,1,0,1,1,,,
201029000963,4,2,41,92,5,278.979,2,1,4,2010,13,36,12,1,0,2,1,1,0,0,2,1,0,2,1,,,
201029000970,2,2,1,92,5,3.358,1,1,3,2010,19,45,74,0,1,5,3,1,0,0,2,3,0,1,4,,,
201029000972,4,2,1,92,5,295.548,2,1,4,2010,15,10,12,1,0,2,1,10,0,0,2,3,0,8,1,,,
201029001023,6,2,1,92,5,130.982,1,1,5,2010,12,50,25,0,0,1,1,2,2,1,2,3,0,1,3,,,
201029001111,4,2,1,92,5,295.548,2,1,2,2010,18,20,12,7,0,1,3,1,0,0,2,3,0,1,1,,,
201029001159,4,2,15,92,5,289.031,2,1,6,2010,21,9,14,0,0,1,3,10,0,0,2,1,1,1,7,,,
201029001167,6,2,15,92,5,128.458,2,1,4,2010,8,48,12,1,0,2,1,1,0,0,2,1,0,2,1,,,
201029001186,4,2,16,92,5,286.856,2,1,3,2010,16,23,12,1,1,5,1,1,2,1,2,1,0,1,1,,,
201029001196,6,2,16,92,5,133.866,2,1,2,2010,19,45,12,1,0,2,3,1,2,1,1,1,0,3,1,,,
201029001202,4,2,41,92,5,278.979,2,1,6,2010,18,25,12,6,0,2,3,1,0,0,2,1,0,2,1,,,
201029001206,1,2,1,92,5,3.358,1,1,5,2010,6,5,73,0,0,1,3,1,4,1,2,3,0,1,4,,,
201029001227,5,2,1,92,5,57.094,2,2,3,2010,17,10,12,2,0,1,1,1,3,2,2,3,0,1,1,,,
201029001251,6,2,1,92,5,130.982,2,2,3,2010,15,44,12,6,0,2,1,10,0,0,2,3,0,2,1,,,
201029001310,2,2,1,92,5,3.358,2,1,6,2010,19,30,12,7,1,18,3,1,3,1,2,3,0,1,1,,,
201029001333,4,2,1,92,5,295.548,2,1,6,2010,23,15,12,1,0,2,2,4,0,0,2,3,0,2,1,,,
201029001352,3,2,1,92,5,16.793,2,1,4,2010,8,45,12,1,0,2,1,1,2,2,2,3,0,8,1,,,
201029001372,6,2,3,92,5,130.982,2,1,6,2010,15,11,12,6,0,2,1,10,0,0,2,3,0,2,1,,,
201029001414,1,2,7,92,5,6.188,1,1,4,2010,20,5,30,0,0,1,2,2,3,1,2,1,0,1,4,,,
201029001417,4,2,7,92,5,297.029,1,1,5,2010,18,30,74,0,0,1,3,2,0,0,2,1,0,1,4,,,
201029001419,6,2,7,92,5,129.95,1,1,5,2010,12,50,1,0,1,17,1,2,0,0,2,1,0,1,4,,,
201029001444,5,2,11,92,5,61.806,2,1,1,2010,3,45,14,0,0,1,3,1,2,1,1,1,1,1,7,,,
201029001455,1,2,11,92,5,10.301,3,1,7,2010,23,30,12,6,0,4,3,2,3,1,1,1,1,1,1,,,
201029001459,6,2,11,92,5,133.912,2,1,7,2010,11,10,14,0,0,1,1,1,0,0,2,1,1,1,7,,,
201029001463,4,2,41,92,5,278.979,2,2,5,2010,13,35,12,1,0,1,1,10,0,0,2,1,0,1,1,,,
201029001470,4,2,41,92,5,278.979,1,1,6,2010,22,5,25,0,0,1,3,4,1,1,2,1,0,1,3,,,
201029001474,5,2,41,92,5,46.496,2,1,7,2010,11,43,12,6,1,2,1,1,2,3,2,1,0,2,1,,,
201029001477,6,2,41,92,5,139.489,1,1,1,2010,20,52,59,0,0,1,3,1,0,0,2,1,0,1,4,,,
201029001478,6,2,1,92,5,130.982,2,2,2,2010,16,55,12,1,0,1,1,4,0,0,2,3,0,1,1,,,
201029001541,2,2,1,92,5,3.358,2,2,5,2010,13,5,12,6,0,2,1,10,0,0,2,3,0,3,1,,,
201029001587,4,2,1,92,5,295.548,1,2,3,2010,17,7,24,0,0,1,1,1,0,0,2,3,0,1,1,,,
201029001600,6,2,1,92,5,130.982,2,2,7,2010,12,0,12,6,0,2,1,1,0,0,2,3,0,2,1,,,
201029001654,4,2,4,92,5,295.548,2,2,7,2010,6,55,12,1,1,5,3,4,0,0,2,2,0,1,1,,,
201029001667,2,2,4,92,5,3.358,2,1,2,2010,9,37,12,7,0,1,1,1,0,0,2,2,0,1,1,,,
201029001678,4,2,5,92,5,296.017,1,1,2,2010,8,4,21,0,0,1,1,1,0,0,2,8,0,1,1,,,
201029001679,1,2,5,92,5,6.435,2,1,2,2010,7,38,12,1,0,1,1,1,3,2,2,8,0,1,1,,,
201029001686,2,2,5,92,5,6.435,2,1,2,2010,7,55,12,1,0,1,1,10,0,0,2,8,0,1,1,,,
201029001700,5,2,5,92,5,57.916,1,1,7,2010,0,30,25,0,0,1,3,4,2,2,2,8,0,1,3,,,
201029001708,6,2,5,92,5,128.703,2,1,4,2010,15,50,12,6,0,1,1,1,0,0,2,8,0,1,1,,,
201029001713,2,2,5,92,5,6.435,2,1,3,2010,8,45,12,6,1,18,1,10,0,0,2,8,0,1,1,,,
201029001714,2,2,5,92,5,6.435,2,1,5,2010,6,30,25,0,0,1,3,1,0,0,2,8,0,1,3,,,
201029001737,2,2,5,92,5,6.435,2,1,3,2010,18,10,12,7,1,18,3,10,0,0,2,8,0,1,1,,,
201029001748,4,2,5,92,5,296.017,2,1,6,2010,10,15,45,0,0,1,1,10,0,0,2,8,1,1,1,,,
201029001761,1,2,5,92,5,6.435,2,1,1,2010,20,48,12,1,1,5,3,1,4,2,1,8,0,1,1,,,
201029001766,2,2,5,92,5,6.435,5,1,3,2010,18,20,12,1,0,1,2,1,2,3,2,8,0,1,1,,,
201029001777,2,2,5,92,5,6.435,2,1,7,2010,9,35,12,6,1,18,1,10,3,2,2,8,0,1,1,,,
201029001788,4,2,23,92,5,295.548,2,2,2,2010,7,14,12,6,0,2,1,4,0,0,2,1,0,3,1,,,
201029001794,5,2,23,92,5,55.415,1,1,4,2010,16,2,74,0,0,1,1,4,2,1,2,1,0,1,6,,,
201029001795,2,2,23,92,5,18.472,2,1,3,2010,13,53,12,7,0,1,1,1,0,0,2,1,0,1,1,,,
201029001806,4,2,41,92,5,278.979,2,2,3,2010,14,20,12,7,1,18,1,1,0,0,2,1,0,1,1,,,
201029001871,2,2,1,92,5,3.358,2,2,1,2010,19,25,45,0,0,1,2,4,2,1,2,3,1,1,1,,,
201029001876,5,2,1,92,5,57.094,1,2,4,2010,8,20,38,0,0,2,1,10,1,1,2,3,0,3,5,,,
201029001877,2,2,1,92,5,3.358,2,2,4,2010,15,55,12,1,0,1,1,1,0,0,2,3,0,1,1,,,
201029001908,6,2,1,92,5,130.982,2,2,2,2010,5,38,33,0,0,2,3,4,0,0,2,3,0,8,4,,,
201029001911,4,2,1,92,5,295.548,2,2,5,2010,16,7,12,1,0,2,1,10,0,0,2,3,0,2,1,,,
201029001979,3,2,1,92,5,16.793,2,2,3,2010,15,55,12,1,0,1,1,10,3,1,2,3,0,1,1,,,
201029001989,1,2,3,92,5,3.358,1,2,6,2010,11,55,30,0,0,1,1,10,3,1,2,3,0,1,6,,,
201029002020,4,2,3,92,5,295.548,1,2,4,2010,15,56,59,0,0,2,1,1,0,0,2,3,0,2,4,,,
201029002045,3,2,3,92,5,16.793,1,2,7,2010,10,23,21,0,0,1,1,1,2,1,2,3,0,1,1,,,
201029002057,5,2,7,92,5,55.693,2,2,1,2010,8,50,12,6,0,2,1,1,1,1,2,1,0,2,1,,,
201029002114,4,2,41,92,5,278.979,2,2,7,2010,18,15,12,1,0,2,3,10,0,0,2,1,0,8,1,,,
201029002120,2,2,41,92,5,46.496,2,2,2,2010,6,38,25,0,0,1,1,4,0,0,2,1,0,1,3,,,
201029002121,4,2,41,92,5,278.979,2,2,2,2010,16,30,12,6,0,4,1,10,1,1,2,1,0,1,1,,,
201029002122,2,2,41,92,5,46.496,2,2,2,2010,17,20,12,1,0,1,1,4,0,0,2,1,0,1,1,,,
201029002124,6,2,41,92,5,139.489,2,2,5,2010,12,30,12,6,0,4,1,1,0,0,2,1,0,1,1,,,
201029002191,4,2,1,92,5,295.548,2,2,4,2010,18,23,12,2,0,2,2,1,0,0,2,3,0,8,1,,,
201029002214,6,2,1,92,5,130.982,2,2,5,2010,7,0,12,6,0,2,1,1,0,0,2,3,0,2,1,,,
201029002257,6,2,4,92,5,130.982,2,2,5,2010,1,9,12,1,0,1,2,1,0,0,2,2,0,1,1,,,
201029002271,4,2,15,92,5,289.031,4,2,2,2010,18,58,12,7,0,1,3,4,0,0,2,1,1,1,1,,,
201029002274,1,2,15,92,5,16.057,1,2,1,2010,14,45,38,0,0,1,1,4,3,1,2,1,0,1,5,,,
201029002291,4,2,16,92,5,286.856,2,2,6,2010,18,42,12,1,0,1,3,10,0,0,2,1,0,1,1,,,
201029002295,3,2,16,92,5,19.124,1,2,2,2010,18,1,21,0,0,2,3,1,2,1,2,1,0,8,1,,,
201029002296,6,2,16,92,5,133.866,2,2,7,2010,11,4,14,0,0,1,1,1,0,0,2,1,1,1,7,,,
201029002312,5,2,41,92,5,46.496,2,2,5,2010,15,45,12,1,0,2,1,1,1,1,2,1,0,2,1,,,
201029002315,4,2,41,92,5,278.979,2,2,6,2010,23,35,12,6,0,2,3,1,0,0,2,1,0,2,1,,,
201029002318,5,2,41,92,5,46.496,2,2,2,2010,21,45,12,2,0,2,3,1,1,1,2,1,0,2,1,,,
201029002331,1,2,1,92,5,3.358,1,3,3,2010,0,51,30,0,0,1,3,1,3,2,1,3,0,1,4,,,
201029002332,2,2,1,92,5,3.358,2,3,5,2010,8,45,12,6,0,2,1,1,1,2,2,3,0,2,1,,,
201029002349,3,2,1,92,5,16.793,1,3,3,2010,16,47,21,0,0,1,1,10,2,1,2,3,0,1,1,,,
201029002388,2,2,1,92,5,3.358,2,2,1,2010,3,15,12,7,1,18,2,1,2,2,2,3,0,1,1,,,
201029002391,4,2,1,92,5,295.548,2,2,7,2010,15,30,12,1,0,4,1,1,0,0,2,3,0,1,1,,,
201029002428,3,2,1,92,5,16.793,2,2,7,2010,16,30,12,1,0,1,1,1,2,1,2,3,0,1,1,,,
201029002433,5,2,1,92,5,57.094,2,2,4,2010,12,11,12,1,1,2,1,1,1,1,2,3,0,8,1,,,
201029002499,2,2,3,92,5,3.358,2,3,4,2010,7,20,12,1,0,4,1,1,0,0,2,3,0,1,1,,,
201029002549,2,2,3,92,5,3.358,2,2,6,2010,10,24,12,7,0,1,1,10,0,0,2,3,0,1,1,,,
201029002560,6,2,7,92,5,129.95,1,2,3,2010,13,2,43,0,1,19,1,10,0,0,2,1,0,1,4,,,
201029002571,4,2,7,92,5,297.029,2,2,7,2010,20,16,12,1,1,2,3,1,1,1,2,1,0,2,1,,,
201029002578,2,2,7,92,5,6.188,2,2,6,2010,15,56,12,1,1,5,1,1,3,1,2,1,0,1,1,,,
201029002591,6,2,11,92,5,133.912,2,3,2,2010,11,11,12,6,0,2,1,10,0,0,2,1,0,3,1,,,
201029002593,4,2,11,92,5,298.727,3,2,6,2010,21,40,12,7,0,1,2,1,0,0,2,1,0,1,1,,,
201029002596,5,2,38,92,5,46.916,4,2,6,2010,16,0,12,6,0,2,1,1,2,2,2,1,0,3,1,,,
201029002598,5,2,38,92,5,46.916,2,2,4,2010,6,50,12,6,0,2,3,1,5,2,2,1,0,2,1,,,
201029002599,6,2,38,92,5,140.748,1,2,7,2010,14,45,43,0,0,2,1,1,0,0,2,1,0,8,6,,,
201029002604,4,2,41,92,5,278.979,1,2,6,2010,6,25,24,0,0,1,1,1,0,0,2,1,0,1,1,,,
201029002655,4,2,1,92,5,295.548,2,3,1,2010,14,35,12,8,0,2,1,1,0,0,2,3,0,2,1,,,
201029002666,2,2,1,92,5,3.358,2,3,2,2010,18,45,12,1,0,1,2,1,0,0,2,3,0,1,1,,,
201029002685,6,2,1,92,5,130.982,1,3,5,2010,5,35,42,0,0,1,2,10,0,0,2,3,0,1,4,,,
201029002687,1,2,1,92,5,3.358,1,3,6,2010,1,54,42,0,0,4,2,1,3,1,2,3,0,1,4,,,
201029002725,3,2,1,92,5,16.793,2,3,3,2010,16,9,12,6,0,4,1,1,2,1,2,3,0,1,11,,,
201029002768,1,2,5,92,5,6.435,1,2,6,2010,8,22,75,0,0,1,1,2,3,1,2,8,0,1,4,,,
201029002773,6,2,5,92,5,128.703,2,2,2,2010,22,5,12,2,1,18,3,10,0,0,1,8,0,1,1,,,
201029002774,1,2,5,92,5,6.435,1,2,6,2010,22,13,25,0,0,1,3,4,3,1,2,8,0,1,3,,,
201029002779,1,2,5,92,5,6.435,1,2,2,2010,19,55,25,0,0,1,2,4,3,3,2,8,0,1,3,,,
201029002783,2,2,5,92,5,6.435,1,2,6,2010,11,45,42,0,1,19,1,2,0,0,2,8,0,1,4,,,
201029002786,2,2,5,92,5,6.435,1,2,3,2010,12,3,43,0,0,1,1,4,0,0,2,8,0,1,1,,,
201029002788,1,2,5,92,5,6.435,1,2,5,2010,18,25,42,0,1,5,2,10,4,1,2,8,0,1,4,,,
201029002795,5,2,5,92,5,57.916,4,2,2,2010,6,0,12,6,0,1,3,4,1,1,2,8,0,1,1,,,
201029002808,1,2,5,92,5,6.435,2,1,1,2010,11,23,14,0,0,1,1,1,3,2,2,8,1,1,2,,,