CASENUM,STRATUM,REGION,PJ,PSU,PSUSTRAT,WEIGHT,VE_TOTAL,MONTH,WKDY_IM,YEAR,HOUR_IM,MINUTE_IM,EVENT1_IM,MANCOL_IM,RELJCT1_IM,RELJCT2_IM,LGTCON_IM,WEATHR_IM,MAXSEV_IM,NO_INJ_IM,ALCHL_IM,LAND_USE,PVH_INVL,TYP_INT,REL_ROAD,CF1,CF2,CF3
201029006209,1,2,1,92,5,3.358,1,5,4,2010,14,14,30,0,0,1,1,1,3,2,2,3,0,1,4,,,
201029006223,6,2,1,92,5,130.982,2,5,4,2010,17,45,12,1,0,2,1,1,0,0,2,3,0,3,1,,,
201029006256,2,2,1,92,5,3.358,2,6,3,2010,21,35,14,0,0,1,2,1,0,0,2,3,1,1,7,,,
201029006260,1,2,1,92,5,3.358,2,5,2,2010,8,0,12,2,0,1,1,1,3,2,2,3,0,1,1,,,
201029006274,5,2,4,92,5,57.094,2,5,7,2010,15,3,12,6,1,2,1,2,2,2,2,2,0,2,1,,,
201029006287,4,2,15,92,5,289.031,2,5,3,2010,7,50,12,6,0,2,1,1,0,0,2,1,0,3,1,,,
201029006288,5,2,15,92,5,64.229,4,5,2,2010,17,48,14,0,0,1,1,2,1,7,2,1,3,1,5,,,
201029006289,1,2,15,92,5,16.057,2,5,2,2010,19,3,12,7,0,1,1,2,3,4,2,1,0,1,1,,,
201029006292,6,2,15,92,5,128.458,2,5,1,2010,5,54,12,7,0,1,1,10,0,0,2,1,0,1,1,,,
201029006314,4,2,16,92,5,286.856,2,5,1,2010,22,36,14,0,0,4,3,2,0,0,2,1,1,1,7,,,
201029006321,6,2,16,92,5,133.866,3,5,3,2010,14,50,12,1,0,1,1,1,0,0,2,1,0,1,1,,,
201029006323,5,2,16,92,5,57.371,2,5,4,2010,8,45,12,7,0,1,1,2,1,2,2,1,0,1,1,,,
201029006337,4,2,16,92,5,286.856,2,5,2,2010,13,0,14,0,0,1,1,1,0,0,2,1,1,1,7,,,
201029006342,6,2,16,92,5,133.866,2,5,5,2010,16,13,14,0,0,1,1,10,2,1,1,1,1,1,7,,,
201029006348,3,2,16,92,5,19.124,1,4,1,2010,13,20,22,0,0,2,1,1,2,1,2,1,0,3,1,,,
201029006357,4,2,38,92,5,281.495,2,5,1,2010,20,0,12,1,0,2,1,1,0,0,2,1,0,2,1,,,
201029006359,2,2,38,92,5,46.916,2,6,7,2010,13,29,12,7,0,2,1,1,2,1,2,1,0,8,1,,,
201029006362,4,2,41,92,5,278.979,2,6,4,2010,16,45,12,1,0,2,1,1,0,0,2,1,0,2,1,,,
201029006369,4,2,41,92,5,278.979,2,5,6,2010,17,50,12,1,0,2,1,1,0,0,2,1,0,2,1,,,
201029006373,6,2,41,92,5,139.489,2,5,3,2010,17,5,12,1,0,1,1,1,0,0,2,1,0,1,1,,,
201029006376,4,2,41,92,5,278.979,3,5,4,2010,19,10,12,1,0,2,1,2,0,0,2,1,0,2,1,,,
201029006401,5,2,1,92,5,57.094,1,6,2,2010,21,15,25,0,0,1,3,1,2,1,2,3,0,1,4,,,
201029006436,4,2,1,92,5,295.548,2,6,4,2010,17,15,12,7,0,2,1,10,0,0,2,3,0,8,1,,,
201029006440,2,2,1,92,5,3.358,2,6,6,2010,12,50,12,2,0,1,1,1,2,1,2,3,0,1,1,,,
201029006462,3,2,1,92,5,16.793,2,6,6,2010,14,26,12,6,0,4,1,1,3,1,2,3,0,1,1,,,
201029006509,1,2,3,92,5,3.358,2,6,1,2010,15,31,12,6,0,2,1,1,3,2,2,3,0,2,1,,,
201029006510,1,2,3,92,5,3.358,1,6,7,2010,15,30,74,0,0,1,1,1,3,1,2,3,0,1,4,,,
201029006515,1,2,3,92,5,3.358,2,6,5,2010,9,15,12,6,0,2,3,1,3,1,2,3,0,2,1,,,
201029006535,6,2,3,92,5,130.982,2,5,4,2010,23,49,30,0,0,1,3,1,0,0,2,3,1,1,4,,,
201029006577,4,2,7,92,5,297.029,1,5,2,2010,0,4,33,0,0,1,3,10,0,0,2,1,0,1,4,,,
201029006586,5,2,11,92,5,61.806,1,5,4,2010,20,19,25,0,0,1,3,1,1,1,2,1,0,1,3,,,
201029006590,6,2,23,92,5,129.302,2,6,7,2010,13,54,12,6,0,4,1,10,1,2,2,1,0,1,1,,,
201029006607,4,2,23,92,5,295.548,2,5,5,2010,13,32,12,1,0,1,1,1,0,0,2,1,0,1,1,,,
201029006608,6,2,23,92,5,129.302,2,5,4,2010,8,40,12,1,0,2,1,1,0,0,2,1,0,3,1,,,
201029006655,6,2,1,92,5,130.982,2,6,4,2010,14,25,12,8,0,1,1,1,1,1,2,3,0,1,1,,,
201029006700,4,2,1,92,5,295.548,2,6,6,2010,16,25,12,6,0,2,1,2,0,0,2,3,0,3,1,,,
201029006712,1,2,1,92,5,3.358,2,6,7,2010,14,10,12,2,0,2,1,1,3,1,2,3,0,2,1,,,
201029006766,3,2,1,92,5,16.793,1,6,3,2010,18,15,21,0,0,2,1,1,5,1,2,3,0,3,1,,,
201029006796,4,2,4,92,5,295.548,2,6,5,2010,11,50,12,1,0,2,1,1,0,0,2,2,0,2,1,,,
201029006841,2,2,5,92,5,6.435,3,5,2,2010,8,32,8,0,1,18,1,10,4,2,2,8,0,1,1,,,
201029006857,2,2,5,92,5,6.435,3,5,3,2010,10,35,14,0,0,1,1,1,0,0,2,8,1,1,2,,,
201029006861,2,2,5,92,5,6.435,2,5,5,2010,7,30,12,6,0,1,1,10,0,0,2,8,0,1,1,,,
201029006862,4,2,5,92,5,296.017,2,4,3,2010,17,37,12,1,0,1,1,1,0,0,2,8,0,1,1,,,
201029006865,6,2,5,92,5,128.703,2,5,4,2010,13,10,12,6,0,4,1,10,0,0,2,8,0,1,2,,,
201029006877,1,2,5,92,5,6.435,1,5,5,2010,2,27,25,0,0,1,2,1,3,2,2,8,0,1,4,,,
201029006887,1,2,5,92,5,6.435,1,5,4,2010,18,50,31,0,1,5,1,10,4,1,2,8,0,1,4,,,
201029006888,2,2,5,92,5,6.435,3,5,6,2010,8,0,12,6,0,1,1,2,3,1,2,8,0,1,1,,,
201029006889,2,2,5,92,5,6.435,2,5,6,2010,4,10,12,1,0,1,3,2,0,0,2,8,0,1,1,,,
201029006899,5,2,5,92,5,57.916,2,5,2,2010,12,5,12,7,0,1,1,10,3,4,2,8,0,1,1,,,
201029006906,1,2,5,92,5,6.435,2,5,4,2010,8,35,14,0,0,1,1,1,3,1,2,8,1,1,2,,,
201029006908,1,2,5,92,5,6.435,2,5,2,2010,13,19,12,7,0,1,1,1,3,2,2,8,0,1,1,,,
201029006909,1,2,5,92,5,6.435,2,5,3,2010,7,28,12,1,0,1,1,1,3,1,2,8,0,1,1,,,
201029006914,2,2,5,92,5,6.435,3,5,2,2010,15,53,12,1,0,1,1,1,3,1,2,8,0,1,1,,,
201029006923,6,2,41,92,5,139.489,1,6,3,2010,22,36,42,0,0,1,2,10,0,0,2,1,0,1,6,,,
201029006924,4,2,41,92,5,278.979,2,6,4,2010,17,25,12,1,1,2,1,1,0,0,2,1,0,2,1,,,
201029006931,3,2,41,92,5,46.496,1,6,6,2010,15,14,24,0,0,1,1,1,2,1,2,1,0,1,1,,,
201029006951,5,2,1,92,5,57.094,3,6,3,2010,17,53,12,6,0,2,1,1,2,2,2,3,0,2,1,,,
201029006973,1,2,1,92,5,3.358,1,6,3,2010,0,40,42,0,0,1,3,1,3,1,2,3,0,1,4,,,
201029006993,6,2,1,92,5,130.982,2,6,2,2010,13,39,12,1,0,2,1,10,0,0,2,3,0,3,1,,,
201029007003,4,2,1,92,5,295.548,2,6,2,2010,8,25,12,1,0,2,1,1,0,0,2,3,0,2,1,,,
201029007106,1,2,1,92,5,3.358,1,6,7,2010,23,0,30,0,0,1,2,1,3,2,1,3,0,1,4,,,
201029007173,4,2,3,92,5,295.548,2,6,6,2010,12,5,12,1,0,2,1,1,0,0,2,3,0,3,1,,,
201029007176,3,2,3,92,5,16.793,2,6,5,2010,19,59,12,1,0,1,1,1,2,2,2,3,0,1,1,,,
201029007180,1,2,3,92,5,3.358,3,6,4,2010,13,16,12,2,0,1,1,1,3,3,2,3,0,1,1,,,
201029007191,2,2,3,92,5,3.358,1,6,3,2010,13,22,58,0,0,1,1,2,2,1,2,3,0,1,4,,,
201029007235,3,2,7,92,5,18.564,4,6,3,2010,13,38,12,1,0,1,1,2,2,2,2,1,0,1,1,,,
201029007241,6,2,7,92,5,129.95,2,6,6,2010,6,29,12,1,0,2,1,1,0,0,2,1,0,2,1,,,
201029007249,1,2,7,92,5,6.188,1,6,1,2010,2,49,35,0,0,1,2,10,4,1,2,1,0,1,4,,,
201029007253,6,2,11,92,5,133.912,2,6,3,2010,14,56,12,6,0,2,1,10,0,0,2,1,0,3,1,,,
201029007257,3,2,11,92,5,20.602,2,6,1,2010,19,45,12,6,0,2,1,10,2,1,2,1,0,3,1,,,
201029007265,4,2,1,92,5,295.548,1,6,3,2010,8,57,18,0,1,18,1,1,0,0,2,3,0,1,1,,,
201029007306,2,2,1,92,5,3.358,3,6,2,2010,16,11,12,1,1,18,1,1,1,1,2,3,0,1,1,,,
201029007337,6,2,1,92,5,130.982,1,6,7,2010,3,25,30,0,0,2,3,1,2,1,1,3,0,2,4,,,
201029007373,1,2,1,92,5,3.358,1,6,1,2010,0,50,33,0,0,2,2,1,3,1,2,3,0,2,4,,,
201029007374,3,2,1,92,5,16.793,1,6,6,2010,23,40,35,0,0,1,3,10,3,1,2,3,0,1,4,,,
201029007382,4,2,1,92,5,295.548,3,6,6,2010,22,10,12,1,0,2,3,1,0,0,2,3,0,3,1,,,
201029007383,1,2,1,92,5,3.358,2,6,6,2010,22,20,12,7,0,1,2,1,3,3,2,3,0,1,1,,,
201029007394,2,2,1,92,5,3.358,3,6,3,2010,15,0,12,7,0,1,1,2,0,0,2,3,0,1,1,,,
201029007418,6,2,4,92,5,130.982,1,6,1,2010,0,35,33,0,0,2,3,1,1,1,1,2,0,8,4,,,
201029007436,2,2,4,92,5,3.358,2,6,7,2010,16,30,12,6,0,1,1,2,0,0,2,2,0,1,1,,,
201029007445,1,2,4,92,5,3.358,2,6,4,2010,23,50,12,1,1,18,2,1,1,1,2,2,0,1,1,,,
201029007452,2,2,4,92,5,3.358,2,6,4,2010,16,29,12,7,0,1,1,2,0,0,2,2,0,1,1,,,
201029007463,3,2,15,92,5,16.057,1,6,4,2010,15,53,22,0,0,2,1,1,2,1,2,1,0,3,1,,,
201029007467,4,2,15,92,5,289.031,2,6,1,2010,14,50,12,7,1,18,1,1,0,0,2,1,0,1,1,,,
201029007470,6,2,15,92,5,128.458,1,5,1,2010,0,0,25,0,0,1,3,1,2,2,1,1,0,1,3,,,
201029007480,1,2,15,92,5,16.057,1,6,1,2010,17,16,1,0,0,1,1,2,3,1,2,1,0,1,4,,,
201029007483,3,2,15,92,5,16.057,2,6,5,2010,13,30,12,6,0,1,1,1,3,2,2,1,0,1,1,,,
201029007492,6,2,15,92,5,128.458,2,6,5,2010,14,25,12,6,0,2,1,1,0,0,2,1,0,8,1,,,
201029007497,4,2,15,92,5,289.031,2,6,1,2010,13,9,12,7,0,2,1,1,0,0,2,1,0,8,1,,,
201029007508,6,2,16,92,5,133.866,2,6,5,2010,7,55,12,1,1,18,1,2,0,0,2,1,0,1,1,,,
201029007510,4,2,16,92,5,286.856,2,6,2,2010,14,15,12,7,0,2,1,10,0,0,2,1,0,3,1,,,
201029007520,2,2,16,92,5,19.124,2,6,4,2010,5,35,12,6,0,4,1,10,1,1,2,1,0,1,1,,,
201029007527,2,2,16,92,5,19.124,2,5,5,2010,17,42,12,1,0,1,1,1,0,0,2,1,0,1,1,,,
201029007533,4,2,16,92,5,286.856,2,6,3,2010,11,29,12,1,0,2,1,1,0,0,2,1,0,2,1,,,
201029007534,4,2,41,92,5,278.979,1,6,3,2010,23,30,24,0,0,1,2,1,0,0,2,1,0,1,1,,,
201029007536,6,2,41,92,5,139.489,3,6,2,2010,16,40,12,1,1,18,1,1,0,0,2,1,0,1,1,,,
201029007538,1,2,41,92,5,46.496,2,6,6,2010,14,20,12,1,1,18,1,1,1,2,2,1,0,1,1,,,
201029007541,3,2,41,92,5,46.496,2,6,4,2010,11,25,12,6,0,4,1,1,2,1,2,1,0,1,1,,,
201029007544,3,2,41,92,5,46.496,3,6,6,2010,15,50,12,1,0,1,1,1,2,1,2,1,0,1,1,,,
201029007545,3,2,41,92,5,46.496,2,6,2,2010,15,8,12,1,0,2,1,1,2,1,2,1,0,3,1,,,
201029007546,4,2,41,92,5,278.979,2,6,6,2010,15,40,12,1,0,1,1,1,1,1,2,1,0,1,1,,,
201029007582,5,2,1,92,5,57.094,2,7,3,2010,8,48,12,2,0,2,1,1,1,2,2,3,0,3,1,,,
201029007639,1,2,1,92,5,3.358,1,7,5,2010,12,10,33,0,0,1,1,1,4,1,2,3,0,1,4,,,
201029007649,4,2,1,92,5,295.548,2,7,1,2010,10,0,12,1,0,5,1,1,0,0,2,3,0,8,1,,,
201029007657,1,2,1,92,5,3.358,2,7,7,2010,16,0,14,0,0,1,1,1,3,1,2,3,1,1,2,,,
201029007695,3,2,1,92,5,16.793,2,6,4,2010,17,34,12,1,0,2,1,1,3,1,2,3,0,8,1,,,
201029007771,1,2,3,92,5,3.358,1,7,5,2010,20,10,30,0,0,1,1,1,3,1,2,3,0,1,6,,,
201029007798,3,2,3,92,5,16.793,1,6,2,2010,18,36,22,0,0,1,1,1,2,1,2,3,0,1,1,,,
201029007860,4,2,11,92,5,298.727,2,6,7,2010,14,0,14,0,0,4,1,1,0,0,2,1,1,1,7,,,
201029007878,6,2,41,92,5,139.489,2,7,4,2010,13,5,12,6,0,2,1,1,0,0,2,1,0,2,1,,,
201029007882,5,2,41,92,5,46.496,1,7,6,2010,4,30,33,0,0,1,2,2,1,1,2,1,0,1,4,,,
201029007883,4,2,41,92,5,278.979,2,7,3,2010,11,30,12,1,0,2,1,1,0,0,2,1,0,2,1,,,
201029007890,4,2,41,92,5,278.979,2,7,6,2010,21,23,12,7,0,1,3,1,0,0,2,1,0,1,1,,,
201029007893,6,2,41,92,5,139.489,2,6,3,2010,15,40,12,2,0,4,1,1,2,1,2,1,0,1,1,,,
201029007931,4,2,4,92,5,295.548,2,5,4,2010,15,45,12,1,0,2,1,1,0,0,2,2,0,8,1,,,
201029007943,1,2,5,92,5,6.435,2,6,3,2010,8,38,12,1,0,1,1,10,3,1,2,8,0,1,1,,,
201029007946,2,2,5,92,5,6.435,1,6,5,2010,3,14,5,0,0,1,3,2,0,0,2,8,0,1,1,,,
201029007948,1,2,5,92,5,6.435,1,6,4,2010,18,38,25,0,0,1,1,1,3,1,2,8,0,1,3,,,
201029007952,6,2,5,92,5,128.703,3,6,7,2010,17,35,12,1,0,1,1,10,0,0,2,8,0,1,1,,,
201029007953,1,2,5,92,5,6.435,2,6,2,2010,0,37,12,6,0,1,3,1,3,4,2,8,0,1,1,,,
201029007967,4,2,5,92,5,296.017,2,5,5,2010,13,40,12,7,1,18,1,1,0,0,2,8,0,1,1,,,
201029007969,1,2,5,92,5,6.435,3,6,7,2010,16,44,12,1,0,1,1,10,3,8,2,8,0,1,1,,,
201029007972,3,2,5,92,5,19.305,2,6,7,2010,20,17,12,1,1,5,3,1,3,1,2,8,0,1,1,,,
201029007978,5,2,5,92,5,57.916,3,6,4,2010,19,40,12,1,1,5,1,10,2,4,2,8,0,1,1,,,
201029007980,2,2,5,92,5,6.435,4,6,3,2010,17,20,12,1,0,1,1,1,2,1,2,8,0,1,1,,,
201029007984,1,2,5,92,5,6.435,2,6,1,2010,10,22,12,6,0,1,1,1,3,3,2,8,0,1,1,,,
201029007985,1,2,5,92,5,6.435,1,6,7,2010,8,10,75,0,0,1,1,1,3,1,2,8,0,1,3,,,
201029007992,2,2,5,92,5,6.435,4,6,4,2010,14,3,12,1,0,1,1,1,0,0,2,8,0,1,1,,,
201029007996,2,2,5,92,5,6.435,3,6,3,2010,14,24,12,7,0,1,1,2,0,0,2,8,0,1,1,,,
201029007998,1,2,5,92,5,6.435,3,6,3,2010,13,7,12,1,0,2,1,10,3,2,2,8,0,2,1,,,
201029008004,2,2,5,92,5,6.435,2,6,5,2010,3,40,12,7,1,18,3,1,0,0,2,8,0,1,1,,,
201029008022,2,2,5,92,5,6.435,2,6,3,2010,12,55,12,7,0,1,1,10,0,0,2,8,0,1,1,,,
201029008033,6,2,23,92,5,129.302,2,6,7,2010,14,18,12,1,0,1,1,1,0,0,2,1,0,1,11,,,
201029008038,4,2,23,92,5,295.548,2,6,4,2010,19,40,12,7,0,2,1,1,0,0,2,1,0,2,1,,,
201029008040,3,2,23,92,5,18.472,1,6,1,2010,21,20,21,0,0,2,3,1,3,1,2,1,0,2,1,,,
201029008048,6,2,23,92,5,129.302,3,7,5,2010,17,15,12,1,0,1,1,1,0,0,2,1,0,1,1,,,
201029008053,4,2,41,92,5,278.979,2,7,3,2010,20,15,12,1,0,1,1,1,0,0,2,1,0,1,1,,,
201029008056,2,2,41,92,5,46.496,2,7,5,2010,20,50,25,0,1,19,2,2,0,0,2,1,0,1,3,,,
201029008059,6,2,41,92,5,139.489,2,7,7,2010,11,38,12,6,0,2,1,1,0,0,2,1,0,2,1,,,
201029008062,5,2,41,92,5,46.496,2,7,1,2010,23,14,12,6,0,2,3,1,2,2,2,1,0,2,1,,,
201029008069,2,2,1,92,5,3.358,1,7,4,2010,11,5,74,0,0,4,1,1,0,0,2,3,0,1,4,,,
201029008081,6,2,1,92,5,130.982,2,7,4,2010,14,10,12,6,1,2,1,1,0,0,2,3,0,2,1,,,
201029008097,2,2,1,92,5,3.358,5,7,4,2010,22,45,8,0,0,1,3,1,0,0,2,3,0,1,1,,,
201029008126,4,2,1,92,5,295.548,1,7,6,2010,17,0,24,0,0,1,1,1,0,0,2,3,0,1,1,,,
201029008207,2,2,1,92,5,3.358,2,7,4,2010,7,52,12,7,0,1,1,10,0,0,2,3,0,1,1,,,
201029008229,6,2,1,92,5,130.982,1,7,4,2010,6,30,25,0,0,1,1,1,0,0,2,3,0,1,3,,,
201029008248,3,2,1,92,5,16.793,1,7,3,2010,11,40,21,0,0,1,1,1,2,2,2,3,0,1,1,,,
201029008251,4,2,1,92,5,295.548,3,7,3,2010,4,9,12,6,0,1,6,10,1,1,2,3,0,1,1,,,
201029008266,5,2,1,92,5,57.094,2,7,3,2010,15,25,12,7,1,18,1,1,2,3,2,3,0,1,1,,,
201029008292,2,2,1,92,5,3.358,7,7,3,2010,16,24,12,6,0,1,1,1,2,1,2,3,5,1,1,,,
201029008382,4,2,1,92,5,295.548,1,7,4,2010,12,15,59,0,0,1,1,1,0,0,2,3,0,1,4,,,
201029008409,6,2,1,92,5,130.982,2,7,2,2010,13,25,12,1,0,2,1,1,0,0,2,3,0,8,1,,,
201029008472,5,2,1,92,5,57.094,2,7,4,2010,18,45,12,2,0,2,1,1,2,2,2,3,0,2,1,,,
201029008482,3,2,1,92,5,16.793,1,7,7,2010,0,40,21,0,0,1,3,1,2,1,2,3,0,1,7,,,
201029008533,4,2,3,92,5,295.548,2,7,5,2010,9,18,12,6,0,4,1,1,0,0,2,3,0,1,1,,,
201029008539,2,2,3,92,5,3.358,2,7,4,2010,7,29,12,1,0,2,1,1,0,0,2,3,0,2,1,,,
201029008543,3,2,3,92,5,16.793,2,7,4,2010,0,22,12,6,0,2,3,2,3,4,2,3,0,2,1,,,
201029008547,6,2,3,92,5,130.982,2,7,7,2010,8,33,12,7,0,1,1,1,2,1,2,3,0,1,1,,,
201029008590,5,2,3,92,5,57.094,3,7,7,2010,19,5,12,6,0,2,1,1,2,4,2,3,0,2,1,,,
201029008656,2,2,4,92,5,3.358,2,7,6,2010,16,30,12,7,0,1,1,1,0,0,2,2,0,1,1,,,
201029008671,2,2,4,92,5,3.358,2,7,3,2010,7,3,12,7,0,1,1,1,0,0,2,2,0,1,1,,,
201029008694,4,2,7,92,5,297.029,2,7,3,2010,10,30,12,7,0,1,1,2,0,0,2,1,0,1,1,,,
201029008728,6,2,11,92,5,133.912,1,7,7,2010,9,50,30,0,0,1,1,1,0,0,2,1,0,1,4,,,
201029008743,1,2,15,92,5,16.057,1,7,4,2010,2,45,33,0,0,1,3,1,3,1,2,1,0,1,4,,,
201029008756,5,2,15,92,5,64.229,3,7,4,2010,11,28,12,1,0,2,1,1,2,1,2,1,0,2,1,,,
201029008757,1,2,15,92,5,16.057,2,7,4,2010,19,0,12,1,0,1,1,2,3,1,2,1,0,1,1,,,
201029008761,4,2,41,92,5,278.979,2,7,4,2010,9,20,12,1,0,2,1,1,1,1,2,1,0,3,1,,,
201029008768,4,2,41,92,5,278.979,2,7,6,2010,12,42,12,1,0,1,1,1,1,1,2,1,0,1,1,,,
201029008771,6,2,41,92,5,139.489,2,7,7,2010,23,51,12,1,0,2,3,10,0,0,2,1,0,2,1,,,
201029008777,4,2,41,92,5,278.979,2,7,2,2010,16,0,12,1,0,2,1,1,0,0,2,1,0,2,1,,,
201029008778,5,2,41,92,5,46.496,2,7,3,2010,13,5,12,6,0,2,1,10,1,1,2,1,0,3,1,,,
201029008780,3,2,41,92,5,46.496,1,7,2,2010,11,10,21,0,0,1,1,1,3,1,2,1,0,1,1,,,
201029008786,4,2,41,92,5,278.979,2,7,7,2010,14,20,12,1,0,2,1,1,0,0,2,1,0,2,1,,,
201029008787,6,2,41,92,5,139.489,2,7,7,2010,18,30,12,1,0,2,1,1,0,0,2,1,0,8,1,,,
201029008798,4,2,1,92,5,295.548,1,8,4,2010,21,37,30,0,0,2,2,1,1,2,2,3,0,3,4,,,
201029008802,2,2,1,92,5,3.358,2,8,3,2010,12,0,54,0,0,1,1,1,0,0,2,3,0,1,1,,,
201029008854,6,2,1,92,5,130.982,2,7,2,2010,16,50,12,2,0,2,1,1,0,0,2,3,0,2,1,,,
201029008927,4,2,1,92,5,295.548,2,7,7,2010,7,42,14,0,0,1,2,10,0,0,2,3,1,1,5,,,
201029008952,3,2,3,92,5,16.793,2,7,7,2010,11,42,12,6,0,2,1,1,2,1,2,3,0,3,1,,,
201029008969,4,2,3,92,5,295.548,3,7,6,2010,16,10,12,1,0,1,1,2,0,0,2,3,0,1,1,,,
201029008983,3,2,16,92,5,19.124,1,7,5,2010,17,20,1,0,0,1,1,1,3,1,2,1,0,1,1,,,
201029008986,6,2,16,92,5,133.866,4,7,5,2010,12,27,12,1,0,1,1,1,0,0,2,1,0,1,1,,,
201029008989,5,2,16,92,5,57.371,1,7,6,2010,0,40,33,0,0,1,3,1,2,1,1,1,0,1,4,,,
201029009004,4,2,16,92,5,286.856,2,7,2,2010,13,50,12,1,0,2,1,1,0,0,2,1,0,8,1,,,
201029009010,6,2,16,92,5,133.866,2,7,2,2010,14,40,12,1,1,5,1,1,0,0,2,1,0,1,1,,,
201029009018,3,2,16,92,5,19.124,3,7,4,2010,17,50,12,6,0,4,1,1,2,1,2,1,0,1,1,,,
201029009029,4,2,16,92,5,286.856,2,6,7,2010,17,50,14,0,0,1,1,1,0,0,2,1,1,1,7,,,
201029009030,6,2,16,92,5,133.866,2,6,5,2010,18,57,12,6,0,2,1,1,0,0,2,1,0,3,1,,,
201029009034,1,2,41,92,5,46.496,1,8,5,2010,14,35,43,0,1,19,1,1,3,1,2,1,0,1,8,,,
201029009038,5,2,41,92,5,46.496,2,8,3,2010,7,15,12,6,0,2,1,1,1,1,2,1,0,2,1,,,
201029009041,4,2,41,92,5,278.979,1,8,1,2010,19,50,53,0,0,1,1,1,0,0,2,1,0,1,4,,,
201029009046,6,2,41,92,5,139.489,2,7,6,2010,16,20,12,6,0,2,1,2,2,2,2,1,0,2,1,,,
201029009059,5,2,1,92,5,57.094,1,8,4,2010,8,1,1,0,1,18,1,1,2,1,2,3,0,1,1,,,
201029009070,3,2,1,92,5,16.793,2,8,7,2010,18,0,12,2,0,4,1,1,2,2,2,3,0,1,1,,,
201029009156,6,2,1,92,5,130.982,2,8,5,2010,7,44,12,1,0,1,1,2,0,0,2,3,0,1,1,,,
201029009158,4,2,1,92,5,295.548,3,8,5,2010,8,26,12,1,1,5,1,10,0,0,2,3,0,1,1,,,
201029009170,2,2,1,92,5,3.358,2,8,6,2010,15,15,12,7,0,1,1,1,0,0,2,3,0,1,1,,,
201029009181,3,2,1,92,5,16.793,1,8,1,2010,1,50,21,0,0,1,2,1,2,1,2,3,0,1,5,,,
201029009200,2,2,1,92,5,3.358,2,8,6,2010,7,30,12,1,0,2,1,1,2,1,2,3,0,8,1,,,
201029009215,1,2,4,92,5,3.358,4,8,4,2010,17,45,12,1,0,1,1,1,3,1,2,2,0,1,1,,,
201029009220,6,2,4,92,5,130.982,2,7,6,2010,20,15,12,1,1,2,3,2,0,0,2,2,0,2,1,,,
201029009229,2,2,4,92,5,3.358,2,8,4,2010,12,55,12,8,1,2,1,1,0,0,2,2,0,2,1,,,
201029009233,2,2,4,92,5,3.358,2,8,4,2010,12,47,12,7,0,1,1,1,0,0,2,2,0,1,1,,,
201029009263,6,2,5,92,5,128.703,2,7,7,2010,20,10,12,1,0,1,1,1,2,2,2,8,0,1,1,,,
201029009271,2,2,5,92,5,6.435,2,7,6,2010,6,0,74,0,0,1,1,10,0,0,1,8,0,1,4,,,
201029009272,2,2,5,92,5,6.435,2,7,5,2010,17,55,12,7,0,1,1,10,0,0,2,8,0,1,1,,,
201029009282,1,2,5,92,5,6.435,2,7,4,2010,15,45,25,0,1,18,1,2,3,2,2,8,0,1,3,,,
201029009293,2,2,5,92,5,6.435,2,7,1,2010,16,50,12,7,0,1,1,1,1,1,2,8,0,1,1,,,
201029009295,2,2,5,92,5,6.435,1,7,2,2010,13,50,25,0,0,1,1,2,0,0,2,8,0,1,3,,,
201029009298,4,2,5,92,5,296.017,2,7,2,2010,16,5,12,1,0,1,1,1,1,1,2,8,0,1,1,,,
201029009302,2,2,5,92,5,6.435,2,7,4,2010,12,8,12,7,0,1,1,1,0,0,2,8,0,1,1,,,
201029009307,1,2,5,92,5,6.435,1,7,6,2010,6,50,34,0,0,1,1,1,3,1,2,8,0,1,4,,,
201029009321,5,2,5,92,5,57.916,2,7,5,2010,20,35,12,6,0,1,3,1,2,2,2,8,0,1,1,,,
201029009323,6,2,5,92,5,128.703,4,7,6,2010,17,40,12,1,0,1,1,1,0,0,2,8,0,1,1,,,
201029009324,2,2,5,92,5,6.435,3,7,6,2010,8,20,12,7,0,1,1,1,0,0,2,8,0,1,1,,,
201029009334,1,2,5,92,5,6.435,2,7,2,2010,23,20,25,0,0,1,3,1,3,3,2,8,0,1,3,,,
201029009350,4,2,23,92,5,295.548,2,7,3,2010,14,58,14,0,0,4,1,1,0,0,2,1,1,1,7,,,
201029009364,6,2,23,92,5,129.302,2,8,5,2010,17,42,12,6,0,2,1,1,0,0,2,1,0,3,1,,,
201029009371,6,2,38,92,5,140.748,2,6,5,2010,22,50,12,7,0,2,3,1,0,0,2,1,0,3,1,,,
201029009372,5,2,38,92,5,46.916,2,6,6,2010,17,50,12,6,0,4,1,10,2,1,2,1,0,1,1,,,
201029009375,3,2,38,92,5,46.916,2,7,7,2010,7,50,12,1,0,2,1,1,3,13,2,1,0,8,1,,,
201029009376,5,2,38,92,5,46.916,1,8,2,2010,15,50,30,0,0,1,1,1,2,2,2,1,0,1,4,,,
201029009377,4,2,41,92,5,278.979,2,8,6,2010,17,20,12,6,0,4,1,1,0,0,2,1,0,1,1,,,
201029009378,5,2,41,92,5,46.496,2,8,5,2010,15,30,12,6,0,4,1,10,2,1,2,1,0,1,1,,,
201029009384,5,2,41,92,5,46.496,2,8,3,2010,17,55,12,6,0,2,1,1,1,2,2,1,0,2,1,,,