CASENUM,STRATUM,REGION,PJ,PSU,PSUSTRAT,WEIGHT,VE_TOTAL,MONTH,WKDY_IM,YEAR,HOUR_IM,MINUTE_IM,EVENT1_IM,MANCOL_IM,RELJCT1_IM,RELJCT2_IM,LGTCON_IM,WEATHR_IM,MAXSEV_IM,NO_INJ_IM,ALCHL_IM,LAND_USE,PVH_INVL,TYP_INT,REL_ROAD,CF1,CF2,CF3
201029100420,6,2,8,93,6,94.563,2,1,6,2010,13,46,12,6,0,2,1,1,0,0,2,1,0,2,1,,,
201029100421,2,2,8,93,6,94.563,2,2,2,2010,9,25,12,7,0,2,1,4,1,1,2,1,0,8,1,,,
201029100423,4,2,12,93,6,463.464,2,1,3,2010,9,0,14,0,0,4,1,1,0,0,2,1,1,1,7,,,
201029100424,4,2,12,93,6,463.464,2,1,6,2010,16,57,12,6,0,2,1,1,0,0,2,1,0,2,1,,,
201029100425,4,2,12,93,6,463.464,2,2,2,2010,14,29,12,6,0,2,1,4,0,0,2,1,0,2,1,,,
201029100426,4,2,12,93,6,463.464,2,2,5,2010,7,52,12,1,0,2,1,1,0,0,2,1,0,2,1,,,
201029100427,5,2,4,93,6,94.563,1,1,5,2010,7,45,1,0,0,1,1,1,1,1,2,8,0,1,4,,,
201029100428,6,2,4,93,6,94.563,1,2,3,2010,9,15,1,0,0,1,1,10,2,1,2,8,0,1,3,,,
201029100430,6,2,4,93,6,94.563,1,2,3,2010,8,30,1,0,0,1,1,10,1,1,2,8,0,1,4,,,
201029100433,6,2,2,93,6,94.563,1,1,4,2010,8,55,1,0,0,1,1,3,0,0,2,8,0,1,3,,,
201029100435,5,2,2,93,6,94.563,1,1,2,2010,12,46,34,0,0,1,1,4,2,1,2,8,0,1,4,,,
201029100436,4,2,2,93,6,283.69,3,1,2,2010,17,0,12,1,0,1,5,6,0,0,2,8,0,1,1,,,
201029100441,6,2,2,93,6,94.563,1,1,3,2010,7,30,48,0,0,1,4,4,0,0,2,8,0,1,4,,,
201029100442,6,2,2,93,6,94.563,1,1,4,2010,0,15,48,0,0,1,2,1,0,0,2,8,0,1,4,,,
201029100445,6,2,2,93,6,94.563,1,2,2,2010,17,51,34,0,0,1,2,4,0,0,2,8,0,1,4,,,
201029100446,5,2,2,93,6,94.563,1,2,2,2010,18,16,1,0,0,1,3,4,1,1,2,8,0,1,4,,,
201029100447,4,2,2,93,6,283.69,2,2,2,2010,18,50,12,6,0,1,2,4,0,0,2,8,0,1,1,,,
201029100450,2,2,2,93,6,94.563,2,2,3,2010,8,8,12,6,0,1,1,1,4,1,2,8,0,1,1,,,
201029100453,4,2,2,93,6,283.69,2,2,4,2010,16,19,12,6,0,2,1,1,0,0,2,8,0,2,1,,,
201029100455,6,2,2,93,6,94.563,2,2,2,2010,8,30,12,1,0,2,1,4,1,1,2,8,0,2,1,,,
201029100457,6,2,2,93,6,94.563,1,2,1,2010,21,50,1,0,0,1,2,4,1,1,2,8,0,1,4,,,
201029100458,4,2,2,93,6,283.69,1,2,2,2010,13,0,30,0,0,2,1,4,0,0,2,8,0,2,4,,,
201029100459,6,2,2,93,6,94.563,1,2,2,2010,15,9,34,0,0,1,1,10,0,0,2,8,0,1,3,,,
201029100460,2,2,2,93,6,94.563,2,2,3,2010,10,9,74,0,0,1,1,10,0,0,2,8,1,1,3,,,
201029100461,6,2,2,93,6,94.563,2,2,4,2010,6,57,12,6,0,1,1,1,1,1,2,8,0,1,1,,,
201029100462,6,2,2,93,6,94.563,1,2,7,2010,14,55,74,0,0,1,1,1,0,0,2,8,0,1,3,,,
201029100463,5,2,2,93,6,94.563,1,2,2,2010,10,19,73,0,0,1,1,11,2,1,2,8,0,1,3,,,
201029100464,5,2,2,93,6,94.563,1,2,2,2010,10,31,73,0,0,1,1,11,1,4,2,8,0,1,4,,,
201029100468,6,2,2,93,6,94.563,1,2,3,2010,9,45,1,0,0,1,1,11,0,0,2,8,0,1,4,,,
201029100469,4,2,2,93,6,283.69,2,2,3,2010,9,55,12,1,0,1,1,1,0,0,2,8,0,1,1,,,
201029100470,6,2,2,93,6,94.563,1,2,3,2010,10,15,34,0,0,1,1,1,2,2,2,8,0,1,4,,,
201029100471,6,2,2,93,6,94.563,1,2,3,2010,18,9,1,0,0,1,2,11,0,0,2,8,0,1,4,,,
201029100472,6,2,2,93,6,94.563,2,2,4,2010,19,23,34,0,0,1,2,11,0,0,2,8,1,1,3,,,
201029100474,6,2,2,93,6,94.563,2,2,6,2010,16,47,12,1,0,1,5,4,0,0,2,8,0,1,1,,,
201029100475,6,2,2,93,6,94.563,1,2,6,2010,16,52,34,0,0,1,5,4,2,1,2,8,0,1,3,,,
201029100476,6,2,2,93,6,94.563,2,2,6,2010,22,51,12,2,1,18,2,4,0,0,2,8,0,1,1,,,
201029100477,6,2,2,93,6,94.563,1,2,3,2010,16,15,1,0,0,1,1,11,0,0,2,8,0,1,4,,,
201029100478,3,2,5,93,6,94.563,1,1,4,2010,6,10,24,0,0,1,2,1,2,1,2,8,0,1,1,,,
201029100479,2,2,5,93,6,94.563,1,1,4,2010,9,20,5,0,0,1,1,3,0,0,2,8,0,1,4,,,
201029100483,6,2,5,93,6,94.563,3,1,3,2010,7,14,14,0,0,1,3,2,1,1,2,8,1,1,2,,,
201029100484,6,2,5,93,6,94.563,2,1,3,2010,7,30,14,0,0,1,4,2,0,0,2,8,1,1,2,,,
201029100485,5,2,5,93,6,94.563,1,2,2,2010,6,52,1,0,0,1,4,4,2,1,2,8,0,1,4,,,
201029100486,6,2,5,93,6,94.563,1,2,2,2010,8,15,73,0,1,18,1,4,0,0,2,8,0,1,4,,,
201029100487,6,2,5,93,6,94.563,1,2,2,2010,8,30,1,0,0,1,1,4,0,0,2,8,0,1,4,,,
201029100488,6,2,5,93,6,94.563,1,2,4,2010,11,12,1,0,0,1,1,1,0,0,2,8,0,1,4,,,
201029100489,6,2,6,93,6,94.563,1,1,5,2010,4,45,1,0,0,1,2,3,0,0,2,8,0,1,4,,,
201029100490,6,2,6,93,6,94.563,1,1,6,2010,7,55,1,0,0,1,1,2,0,0,2,8,0,1,4,,,
201029100492,4,2,6,93,6,283.69,1,1,2,2010,8,20,34,0,0,1,1,4,0,0,2,8,0,1,4,,,
201029100494,6,2,6,93,6,94.563,1,1,6,2010,17,12,24,0,0,1,1,4,0,0,2,8,0,1,1,,,
201029100495,5,2,6,93,6,94.563,2,1,7,2010,17,38,12,1,0,2,2,1,2,1,2,8,0,2,1,,,
201029100497,6,2,6,93,6,94.563,1,2,1,2010,16,34,43,0,0,1,1,4,0,0,2,8,0,1,3,,,
201029100498,4,2,6,93,6,283.69,1,2,1,2010,21,50,1,0,0,1,2,4,0,0,2,8,0,1,4,,,
201029100499,6,2,6,93,6,94.563,1,2,2,2010,7,40,34,0,1,5,1,4,0,0,2,8,0,1,8,,,
201029100502,6,2,6,93,6,94.563,1,2,1,2010,9,41,1,0,0,1,1,1,0,0,2,8,0,1,4,,,
201029100503,4,2,6,93,6,283.69,1,2,1,2010,1,4,24,0,0,1,6,1,0,0,2,8,0,1,1,,,
201029100505,6,2,6,93,6,94.563,1,2,2,2010,7,55,1,0,0,1,1,4,0,0,2,8,0,1,4,,,
201029100506,5,2,6,93,6,94.563,1,2,6,2010,8,29,48,0,0,1,1,4,2,1,2,8,0,1,4,,,
201029100507,6,2,6,93,6,94.563,1,2,2,2010,12,45,1,0,0,1,1,11,0,0,2,8,0,1,3,,,
201029100508,6,2,6,93,6,94.563,1,2,2,2010,17,10,48,0,0,1,1,10,0,0,2,8,0,1,4,,,
201029100509,6,2,6,93,6,94.563,2,2,2,2010,19,4,14,0,0,1,2,1,0,0,2,8,1,1,4,,,
201029100511,4,2,6,93,6,283.69,1,2,2,2010,21,28,24,0,0,1,6,10,0,0,2,8,0,1,1,,,
201029100512,5,2,6,93,6,94.563,1,1,3,2010,22,7,1,0,0,1,2,4,1,1,2,8,0,1,4,,,
201029100513,6,2,6,93,6,94.563,1,2,3,2010,19,8,24,0,0,1,2,6,0,0,2,8,0,1,1,,,
201029100516,4,2,7,93,6,283.69,2,2,4,2010,14,29,12,6,0,4,1,1,0,0,2,8,0,1,1,,,
201029100518,4,2,9,93,6,283.69,2,1,2,2010,17,55,14,0,0,4,2,5,0,0,2,1,1,1,7,,,
201029100520,6,2,9,93,6,94.563,1,1,5,2010,22,15,1,0,0,1,6,2,0,0,2,1,0,1,4,,,
201029100522,6,2,9,93,6,94.563,2,1,2,2010,13,24,12,6,0,2,1,4,0,0,2,1,0,3,1,,,
201029100523,4,2,9,93,6,283.69,1,1,7,2010,18,24,24,0,0,1,2,1,0,0,2,1,0,1,1,,,
201029100524,6,2,9,93,6,94.563,2,2,2,2010,17,17,12,1,0,2,3,4,0,0,2,1,0,2,1,,,
201029100525,6,2,9,93,6,94.563,2,2,4,2010,14,41,12,6,0,2,1,1,0,0,2,1,0,2,1,,,
201029100526,5,2,9,93,6,94.563,2,2,6,2010,10,16,12,6,0,2,1,10,2,2,2,1,0,2,1,,,
201029100527,5,2,9,93,6,94.563,3,2,2,2010,7,57,12,2,0,1,1,4,1,1,2,1,0,1,1,,,
201029100530,4,2,9,93,6,283.69,3,2,4,2010,9,30,12,6,0,2,1,1,0,0,2,1,0,2,1,,,
201029100534,5,2,1,93,6,94.563,1,2,3,2010,13,5,1,0,0,1,1,11,2,3,2,8,0,1,4,,,
201029100535,5,2,1,93,6,94.563,1,2,4,2010,10,5,1,0,0,1,1,1,2,1,2,8,0,1,3,,,
201029100536,2,2,3,93,6,94.563,2,2,2,2010,9,55,12,1,0,1,1,11,0,0,2,8,0,1,1,,,
201029100538,6,2,3,93,6,94.563,2,2,3,2010,15,25,12,6,0,2,1,1,0,0,2,8,0,2,1,,,
201029100541,4,2,3,93,6,283.69,1,2,3,2010,16,20,34,0,0,1,1,1,0,0,2,8,0,1,4,,,
201029100542,5,2,3,93,6,94.563,1,2,4,2010,2,30,1,0,0,1,2,11,2,1,1,8,0,1,4,,,
201029100543,5,2,3,93,6,94.563,3,2,4,2010,15,0,12,6,0,1,1,1,1,1,2,8,0,1,1,,,
201029100545,4,2,8,93,6,283.69,2,2,2,2010,16,31,12,6,0,2,1,4,0,0,2,1,0,2,1,,,
201029100548,4,2,8,93,6,283.69,2,2,5,2010,20,36,12,6,0,2,3,4,1,1,2,1,0,2,1,,,
201029100550,6,2,8,93,6,94.563,1,2,2,2010,22,17,42,0,0,2,3,4,0,0,2,1,0,2,4,,,
201029100552,4,2,8,93,6,283.69,2,2,5,2010,13,12,12,1,0,4,1,1,0,0,2,1,0,1,1,,,
201029100553,6,2,8,93,6,94.563,2,2,6,2010,12,48,12,6,0,2,1,10,0,0,2,1,0,3,1,,,
201029100556,4,2,8,93,6,283.69,2,3,4,2010,18,52,14,0,0,4,3,1,0,0,2,1,1,1,7,,,
201029100557,6,2,12,93,6,463.464,2,2,7,2010,17,7,12,6,0,2,1,1,0,0,2,1,0,2,1,,,
201029100558,5,2,12,93,6,463.464,2,3,4,2010,8,6,12,6,0,2,1,1,1,2,2,1,0,2,1,,,
201029100559,6,2,2,93,6,94.563,1,2,3,2010,15,55,34,0,0,1,1,6,0,0,2,8,0,1,3,,,
201029100560,5,2,2,93,6,94.563,1,2,3,2010,16,8,34,0,0,1,1,11,2,2,2,8,0,1,4,,,
201029100561,5,2,2,93,6,94.563,1,2,3,2010,17,19,34,0,0,1,5,10,2,1,2,8,0,1,3,,,
201029100562,6,2,2,93,6,94.563,2,2,4,2010,12,15,12,7,0,1,1,10,0,0,2,8,0,1,1,,,
201029100563,6,2,2,93,6,94.563,2,2,5,2010,3,0,12,1,0,2,2,1,0,0,2,8,0,2,1,,,
201029100565,2,2,2,93,6,94.563,1,3,3,2010,6,30,34,0,0,1,4,10,0,0,2,8,0,1,4,,,
201029100566,6,2,2,93,6,94.563,2,3,6,2010,6,30,12,6,0,2,1,1,0,0,2,8,0,2,1,,,
201029100567,6,2,2,93,6,94.563,1,3,6,2010,16,19,59,0,0,1,1,10,2,1,2,8,0,1,7,,,
201029100568,2,2,2,93,6,94.563,2,3,5,2010,6,20,12,6,0,2,4,5,4,2,2,8,0,2,1,,,
201029100569,5,2,5,93,6,94.563,1,2,3,2010,10,35,48,0,0,1,1,11,2,2,2,8,0,1,3,,,
201029100571,6,2,5,93,6,94.563,1,2,6,2010,17,0,1,0,0,1,1,4,0,0,2,8,0,1,3,,,
201029100572,6,2,5,93,6,94.563,1,2,3,2010,15,55,1,0,0,1,1,11,0,0,2,8,0,1,4,,,
201029100573,4,2,5,93,6,283.69,2,2,7,2010,13,50,12,1,0,1,1,1,0,0,2,8,0,1,1,,,
201029100574,5,2,5,93,6,94.563,1,2,7,2010,21,34,1,0,0,1,2,1,2,1,2,8,0,1,2,,,
201029100575,2,2,5,93,6,94.563,2,3,5,2010,8,11,12,1,0,4,1,5,2,1,2,8,0,1,1,,,
201029100578,6,2,6,93,6,94.563,1,3,7,2010,0,7,1,0,0,1,2,1,0,0,2,8,0,1,4,,,
201029100579,5,2,6,93,6,94.563,1,3,7,2010,5,27,43,0,0,1,2,10,1,1,2,8,0,1,4,,,
201029100580,1,2,6,93,6,94.563,1,3,1,2010,2,45,1,0,0,1,2,1,4,3,1,8,0,1,1,,,
201029100581,5,2,7,93,6,94.563,1,3,6,2010,16,24,1,0,0,1,1,1,2,1,2,8,0,1,4,,,
201029100583,4,2,9,93,6,283.69,2,2,4,2010,8,51,12,6,0,4,1,1,0,0,2,1,0,1,1,,,
201029100586,4,2,9,93,6,283.69,2,2,7,2010,20,7,12,7,0,2,2,1,0,0,2,1,0,3,1,,,
201029100588,6,2,9,93,6,94.563,1,3,2,2010,16,2,59,0,0,2,1,1,0,0,2,1,0,2,3,,,
201029100589,5,2,9,93,6,94.563,2,3,4,2010,8,5,12,6,0,2,1,1,1,2,2,1,0,2,1,,,
201029100591,4,2,9,93,6,283.69,2,3,5,2010,11,17,12,6,0,2,1,1,0,0,2,1,0,2,1,,,
201029100593,6,2,1,93,6,94.563,1,3,6,2010,6,5,1,0,0,1,2,10,0,0,2,8,0,1,3,,,
201029100594,6,2,1,93,6,94.563,1,3,1,2010,21,57,24,0,0,1,2,10,0,0,2,8,0,1,1,,,
201029100595,4,2,1,93,6,283.69,1,3,6,2010,7,53,24,0,0,1,4,10,0,0,2,8,0,1,1,,,
201029100596,6,2,1,93,6,94.563,1,3,2,2010,21,25,24,0,0,1,2,1,0,0,2,8,0,1,1,,,
201029100598,6,2,3,93,6,94.563,1,3,6,2010,8,17,34,0,0,1,1,1,1,1,2,8,0,1,4,,,
201029100600,6,2,3,93,6,94.563,1,3,7,2010,19,50,24,0,0,1,2,1,0,0,2,8,0,1,1,,,
201029100601,6,2,3,93,6,94.563,2,3,1,2010,12,42,12,1,0,1,1,8,0,0,2,8,0,1,1,,,
201029100602,6,2,3,93,6,94.563,1,4,1,2010,12,22,1,0,0,1,1,1,5,2,2,8,0,1,4,,,
201029100603,2,2,4,93,6,94.563,2,3,5,2010,7,14,12,6,0,2,4,5,1,1,2,8,0,2,1,,,
201029100604,1,2,4,93,6,94.563,2,3,5,2010,7,35,12,6,0,2,1,5,4,4,2,8,0,2,1,,,
201029100606,5,2,2,93,6,94.563,1,3,2,2010,8,51,74,0,0,1,1,1,2,2,2,8,0,1,3,,,
201029100607,2,2,2,93,6,94.563,1,3,6,2010,18,30,5,0,0,1,1,4,0,0,2,8,0,1,5,,,
201029100608,6,2,2,93,6,94.563,1,3,7,2010,7,50,73,0,0,1,1,10,1,2,2,8,0,1,3,,,
201029100609,4,2,2,93,6,283.69,1,3,7,2010,1,58,74,0,0,1,3,4,0,0,2,8,0,1,3,,,
201029100610,6,2,2,93,6,94.563,1,3,3,2010,18,40,1,0,0,1,1,10,0,0,2,8,0,1,4,,,
201029100611,5,2,2,93,6,94.563,1,3,3,2010,20,0,34,0,0,1,2,10,1,1,2,8,0,1,4,,,
201029100613,2,2,2,93,6,94.563,1,3,4,2010,23,45,24,0,0,1,6,1,0,0,2,8,0,1,1,,,
201029100614,6,2,2,93,6,94.563,1,4,5,2010,23,30,1,0,0,1,2,1,1,1,2,8,0,1,4,,,
201029100616,4,2,2,93,6,283.69,1,4,1,2010,15,18,24,0,0,1,1,1,0,0,2,8,0,1,1,,,
201029100617,6,2,2,93,6,94.563,1,4,2,2010,9,30,1,0,0,1,1,10,0,0,2,8,0,1,4,,,
201029100618,6,2,2,93,6,94.563,2,4,2,2010,11,45,12,6,0,2,1,10,1,1,2,8,0,2,1,,,
201029100619,6,2,2,93,6,94.563,1,4,6,2010,0,28,25,0,0,1,2,1,0,0,1,8,0,1,3,,,
201029100621,5,2,5,93,6,94.563,2,3,2,2010,10,37,12,6,0,2,1,1,2,5,2,8,0,2,1,,,
201029100622,6,2,5,93,6,94.563,1,3,5,2010,6,16,1,0,0,1,2,1,2,1,2,8,0,1,4,,,
201029100623,6,2,5,93,6,94.563,1,4,3,2010,16,20,1,0,0,1,1,6,1,1,2,8,0,1,1,,,
201029100626,4,2,9,93,6,283.69,2,3,5,2010,18,0,12,6,0,2,1,1,1,1,2,1,0,2,1,,,
201029100629,4,2,9,93,6,283.69,2,4,2,2010,16,54,12,6,0,4,1,10,0,0,2,1,0,1,1,,,
201029100630,5,2,9,93,6,94.563,2,4,3,2010,17,11,12,6,0,2,1,2,1,1,2,1,0,2,1,,,
201029100632,2,2,6,93,6,94.563,1,3,7,2010,21,15,1,0,0,1,2,1,2,1,2,8,0,1,4,,,
201029100633,6,2,6,93,6,94.563,1,3,4,2010,8,40,35,0,0,1,1,10,1,1,2,8,0,1,4,,,
201029100634,6,2,1,93,6,94.563,2,4,7,2010,12,59,12,1,0,2,1,1,0,0,2,8,0,2,1,,,
201029100636,4,2,1,93,6,283.69,2,4,1,2010,10,0,14,0,0,1,1,1,0,0,2,8,1,1,6,,,
201029100638,2,2,1,93,6,94.563,1,4,2,2010,11,34,30,0,0,1,1,1,0,0,2,8,0,1,4,,,
201029100640,5,2,3,93,6,94.563,1,4,2,2010,11,0,34,0,0,1,1,2,5,3,2,8,0,1,4,,,
201029100641,4,2,3,93,6,283.69,1,4,5,2010,21,10,24,0,0,1,2,1,0,0,2,8,0,1,1,,,
201029100643,1,2,4,93,6,94.563,1,3,3,2010,14,8,42,0,0,1,1,2,4,2,2,8,0,1,6,,,
201029100645,4,2,8,93,6,283.69,1,4,5,2010,0,19,24,0,0,1,6,1,0,0,2,1,0,1,1,,,
201029100646,5,2,8,93,6,94.563,2,4,2,2010,15,8,12,6,0,2,1,1,1,2,2,1,0,2,1,,,
201029100647,4,2,12,93,6,463.464,1,4,3,2010,20,31,30,0,0,2,3,1,0,0,2,1,0,2,4,,,
201029100657,6,2,2,93,6,94.563,1,4,7,2010,7,45,1,0,0,1,1,1,0,0,2,8,0,1,4,,,
201029100658,6,2,2,93,6,94.563,1,4,1,2010,3,0,34,0,0,1,2,1,0,0,2,8,0,1,4,,,
201029100659,5,2,2,93,6,94.563,2,4,1,2010,11,55,12,8,0,1,1,1,1,1,2,8,0,1,1,,,
201029100660,4,2,2,93,6,283.69,2,4,4,2010,22,20,12,1,0,1,2,1,0,0,2,8,0,1,1,,,
201029100661,2,2,5,93,6,94.563,3,4,2,2010,6,46,12,1,0,4,1,1,3,1,2,8,0,1,1,,,
201029100662,6,2,5,93,6,94.563,2,4,5,2010,9,30,12,6,0,2,1,1,2,1,2,8,0,3,1,,,
201029100664,2,2,5,93,6,94.563,1,4,3,2010,9,15,34,0,0,1,1,1,3,1,2,8,0,1,4,,,
201029100665,5,2,6,93,6,94.563,2,4,5,2010,19,30,12,6,0,4,1,10,1,2,2,8,0,1,1,,,
201029100666,5,2,6,93,6,94.563,2,4,4,2010,15,4,12,6,0,4,1,1,1,1,2,8,0,1,1,,,
201029100667,6,2,6,93,6,94.563,1,4,6,2010,22,30,1,0,0,2,2,10,0,0,1,8,0,3,4,,,
201029100668,5,2,6,93,6,94.563,2,4,7,2010,10,40,12,1,0,2,1,1,1,1,2,8,0,3,1,,,
201029100669,4,2,6,93,6,283.69,1,4,1,2010,4,7,24,0,0,1,3,1,0,0,2,8,0,1,1,,,
201029100671,6,2,6,93,6,94.563,1,4,2,2010,1,45,24,0,0,1,3,1,0,0,2,8,0,1,1,,,
201029100675,4,2,6,93,6,283.69,1,4,5,2010,13,48,1,0,0,1,1,1,0,0,2,8,0,1,4,,,
201029100677,6,2,6,93,6,94.563,1,5,1,2010,18,31,1,0,0,1,1,10,0,0,2,8,0,1,4,,,
201029100678,6,2,7,93,6,94.563,2,4,7,2010,12,25,12,6,0,2,1,1,0,0,2,8,0,2,1,,,
201029100679,6,2,7,93,6,94.563,1,4,7,2010,23,15,24,0,0,1,2,1,0,0,2,8,0,1,1,,,
201029100680,5,2,7,93,6,94.563,1,4,6,2010,21,35,38,0,0,1,2,1,2,1,2,8,0,1,5,,,
201029100681,5,2,7,93,6,94.563,2,5,3,2010,7,21,12,6,0,2,1,1,1,2,2,8,0,2,1,,,
201029100682,1,2,9,93,6,94.563,2,4,3,2010,18,7,12,6,0,2,1,1,3,2,2,1,0,2,1,,,
201029100684,4,2,9,93,6,283.69,2,4,4,2010,9,26,12,6,0,2,1,1,0,0,2,1,0,3,1,,,
201029100685,6,2,9,93,6,94.563,1,4,7,2010,10,6,8,0,0,1,1,1,0,0,2,1,0,1,1,,,
201029100688,6,2,1,93,6,94.563,1,5,1,2010,19,30,1,0,0,1,1,1,0,0,2,8,0,1,4,,,
201029100689,1,2,1,93,6,94.563,1,5,4,2010,8,20,34,0,0,1,1,1,3,1,2,8,0,1,4,,,
201029100690,4,2,1,93,6,283.69,1,5,5,2010,23,3,24,0,0,1,2,1,0,0,2,8,0,1,1,,,
201029100692,5,2,1,93,6,94.563,1,5,3,2010,14,27,1,0,0,1,1,1,5,1,2,8,0,1,4,,,
201029100695,6,2,3,93,6,94.563,1,5,7,2010,22,10,24,0,0,1,2,1,0,0,2,8,0,1,1,,,
201029100696,6,2,3,93,6,94.563,2,5,4,2010,12,23,12,6,0,2,1,10,0,0,2,8,0,2,1,,,
201029100697,5,2,3,93,6,94.563,1,5,6,2010,6,35,1,0,0,1,1,1,1,1,2,8,0,1,4,,,
201029100700,4,2,3,93,6,283.69,1,5,4,2010,11,11,24,0,0,1,1,1,0,0,2,8,0,1,1,,,
201029100701,2,2,4,93,6,94.563,2,4,2,2010,17,58,12,2,0,1,1,1,4,2,2,8,0,1,1,,,
201029100702,5,2,4,93,6,94.563,2,5,2,2010,19,0,12,1,0,4,1,1,3,1,1,8,0,1,1,,,
201029100706,4,2,8,93,6,283.69,2,5,3,2010,16,11,12,1,0,2,1,1,1,1,2,1,0,2,1,,,
201029100709,6,2,8,93,6,94.563,2,5,7,2010,19,52,12,6,0,2,1,1,0,0,2,1,0,2,1,,,
201029100711,3,2,8,93,6,94.563,2,5,5,2010,11,17,12,6,0,2,1,1,2,1,2,1,0,2,1,,,
201029100712,6,2,12,93,6,463.464,2,4,1,2010,20,52,12,6,0,4,3,1,0,0,2,1,0,1,1,,,
201029100713,6,2,4,93,6,94.563,1,5,1,2010,5,0,53,0,0,1,2,1,0,0,1,8,0,1,4,,,
201029100714,1,2,4,93,6,94.563,1,4,6,2010,16,20,1,0,0,1,1,1,3,2,2,8,0,1,4,,,
201029100718,6,2,2,93,6,94.563,1,5,3,2010,10,49,34,0,0,1,1,10,1,1,2,8,0,1,4,,,
201029100719,4,2,2,93,6,283.69,1,5,5,2010,20,51,24,0,0,1,1,1,0,0,2,8,0,1,1,,,
201029100720,6,2,2,93,6,94.563,1,5,2,2010,23,20,24,0,0,1,6,1,0,0,2,8,0,1,1,,,
201029100723,5,2,5,93,6,94.563,1,5,6,2010,19,50,1,0,0,1,5,10,2,1,2,8,0,1,3,,,
201029100724,5,2,6,93,6,94.563,1,5,7,2010,23,27,1,0,0,1,2,1,2,1,1,8,0,1,1,,,
201029100725,6,2,6,93,6,94.563,1,5,2,2010,5,30,24,0,0,1,4,1,0,0,2,8,0,1,1,,,
201029100727,6,2,6,93,6,94.563,1,5,5,2010,4,49,43,0,0,1,4,1,0,0,2,8,0,1,5,,,
201029100728,4,2,6,93,6,283.69,1,5,5,2010,22,32,24,0,0,1,6,1,0,0,2,8,0,1,1,,,
201029100729,6,2,6,93,6,94.563,1,5,5,2010,12,4,24,0,0,1,1,2,0,0,2,8,0,1,1,,,
201029100730,6,2,7,93,6,94.563,1,5,1,2010,3,30,24,0,0,1,2,1,0,0,2,8,0,1,1,,,
201029100731,6,2,7,93,6,94.563,1,5,7,2010,21,45,34,0,0,1,2,1,0,0,2,8,0,1,4,,,
201029100732,6,2,9,93,6,94.563,2,5,5,2010,20,32,14,0,0,1,5,10,0,0,2,1,1,1,7,,,
201029100738,5,2,1,93,6,94.563,1,5,7,2010,21,7,1,0,0,1,2,1,1,3,2,8,0,1,4,,,
201029100739,6,2,1,93,6,94.563,2,5,2,2010,9,12,12,1,0,1,1,1,0,0,2,8,0,1,1,,,
201029100740,6,2,1,93,6,94.563,1,5,4,2010,12,19,1,0,0,1,1,1,2,1,2,8,0,1,4,,,
201029100741,5,2,1,93,6,94.563,1,5,5,2010,20,44,1,0,0,1,5,1,2,1,2,8,0,1,4,,,
201029100743,4,2,1,93,6,283.69,2,6,3,2010,14,7,12,6,0,2,1,10,0,0,2,8,0,2,1,,,
201029100744,6,2,1,93,6,94.563,1,6,3,2010,22,0,24,0,0,1,2,2,0,0,2,8,0,1,1,,,
201029100745,6,2,1,93,6,94.563,1,6,6,2010,21,42,24,0,0,1,2,1,0,0,2,8,0,1,1,,,
201029100746,6,2,3,93,6,94.563,1,5,1,2010,22,53,24,0,0,1,2,1,0,0,2,8,0,1,1,,,
201029100747,6,2,3,93,6,94.563,1,5,7,2010,20,57,1,0,0,1,2,1,0,0,2,8,0,1,4,,,
201029100748,4,2,4,93,6,283.69,2,5,5,2010,12,55,12,1,0,1,1,1,0,0,2,8,0,1,1,,,
201029100749,6,2,4,93,6,94.563,1,5,2,2010,22,0,24,0,0,1,3,10,0,0,2,8,0,1,1,,,
201029100751,6,2,8,93,6,94.563,2,5,2,2010,13,30,12,6,0,2,1,1,0,0,2,1,0,3,1,,,
201029100752,4,2,8,93,6,283.69,2,5,3,2010,12,9,14,0,0,1,1,1,0,0,2,1,1,1,7,,,
201029100755,4,2,8,93,6,283.69,2,6,5,2010,13,7,12,1,0,2,1,1,0,0,2,1,0,2,1,,,
201029100757,6,2,12,93,6,463.464,2,5,7,2010,17,27,12,6,0,2,1,1,1,1,2,1,0,3,1,,,
201029100758,5,2,12,93,6,463.464,1,6,4,2010,9,43,42,0,0,1,1,1,1,1,2,1,0,1,4,,,
201029100760,6,2,2,93,6,94.563,2,5,6,2010,19,32,12,1,0,4,1,1,2,1,2,8,0,1,1,,,
201029100761,6,2,2,93,6,94.563,1,5,1,2010,1,12,24,0,0,1,6,1,1,1,2,8,0,1,1,,,
201029100762,6,2,2,93,6,94.563,1,5,2,2010,14,30,24,0,0,1,1,1,2,1,2,8,0,1,1,,,
201029100763,6,2,2,93,6,94.563,1,6,3,2010,10,15,34,0,0,2,1,10,0,0,2,8,0,3,4,,,
201029100764,6,2,2,93,6,94.563,1,6,5,2010,7,50,34,0,0,1,1,1,0,0,2,8,0,1,4,,,
201029100765,2,2,2,93,6,94.563,1,6,5,2010,20,33,1,0,0,1,5,1,2,1,2,8,0,1,4,,,
201029100766,6,2,2,93,6,94.563,1,6,6,2010,0,5,1,0,0,1,2,10,2,1,2,8,0,1,4,,,
201029100767,4,2,2,93,6,283.69,1,6,7,2010,5,30,24,0,0,1,1,1,0,0,2,8,0,1,1,,,
201029100770,2,2,2,93,6,94.563,3,6,4,2010,6,55,12,1,0,1,1,1,3,2,2,8,0,1,1,,,
201029100771,6,2,2,93,6,94.563,1,6,7,2010,6,45,24,0,0,1,1,1,0,0,2,8,0,1,1,,,
201029100772,3,2,2,93,6,94.563,1,6,1,2010,6,25,34,0,0,2,4,10,2,1,2,8,0,3,4,,,