CASENUM,STRATUM,REGION,PJ,PSU,PSUSTRAT,WEIGHT,VE_TOTAL,MONTH,WKDY_IM,YEAR,HOUR_IM,MINUTE_IM,EVENT1_IM,MANCOL_IM,RELJCT1_IM,RELJCT2_IM,LGTCON_IM,WEATHR_IM,MAXSEV_IM,NO_INJ_IM,ALCHL_IM,LAND_USE,PVH_INVL,TYP_INT,REL_ROAD,CF1,CF2,CF3
201029100773,6,2,2,93,6,94.563,1,6,2,2010,22,30,24,0,0,1,6,10,0,0,2,8,0,1,1,,,
201029100774,6,2,5,93,6,94.563,2,5,2,2010,9,9,12,1,0,1,1,10,0,0,2,8,0,1,1,,,
201029100776,6,2,6,93,6,94.563,1,6,7,2010,21,40,24,0,0,4,6,1,0,0,2,8,0,8,1,,,
201029100778,5,2,6,93,6,94.563,2,6,2,2010,15,44,12,6,0,2,1,10,1,2,2,8,0,2,1,,,
201029100779,4,2,6,93,6,283.69,1,6,5,2010,16,4,35,0,0,2,1,1,0,0,2,8,0,2,4,,,
201029100782,4,2,6,93,6,283.69,1,6,3,2010,21,29,24,0,0,2,6,1,1,1,2,8,0,8,1,,,
201029100785,6,2,6,93,6,94.563,1,6,3,2010,10,30,31,0,0,1,1,10,0,0,2,8,0,1,4,,,
201029100787,5,2,7,93,6,94.563,1,6,5,2010,12,0,73,0,0,1,1,1,2,1,2,8,0,1,4,,,
201029100788,6,2,7,93,6,94.563,1,6,6,2010,10,24,1,0,0,1,1,10,0,0,2,8,0,1,4,,,
201029100789,4,2,9,93,6,283.69,3,4,5,2010,13,14,12,1,0,1,1,1,0,0,2,1,0,1,1,,,
201029100792,4,2,9,93,6,283.69,2,5,7,2010,14,51,12,6,0,2,1,1,0,0,2,1,0,2,1,,,
201029100793,6,2,9,93,6,94.563,2,5,2,2010,16,42,12,6,0,4,1,1,0,0,2,1,0,1,1,,,
201029100797,6,2,1,93,6,94.563,2,6,4,2010,18,46,12,7,0,1,1,10,0,0,2,8,0,1,1,,,
201029100798,2,2,1,93,6,94.563,1,6,3,2010,5,17,1,0,0,1,4,10,2,1,2,8,0,1,4,,,
201029100799,2,2,1,93,6,94.563,1,6,3,2010,0,5,24,0,0,1,2,1,0,0,2,8,0,1,1,,,
201029100800,6,2,1,93,6,94.563,1,6,3,2010,4,54,24,0,0,1,2,5,0,0,2,8,0,1,1,,,
201029100801,5,2,1,93,6,94.563,2,6,4,2010,14,17,12,6,0,2,1,1,2,3,2,8,0,2,1,,,
201029100802,6,2,1,93,6,94.563,1,6,5,2010,22,29,24,0,0,1,2,1,0,0,2,8,0,1,1,,,
201029100803,6,2,1,93,6,94.563,1,6,6,2010,13,49,42,0,0,1,1,10,0,0,2,8,0,1,6,,,
201029100805,6,2,1,93,6,94.563,1,7,2,2010,1,44,24,0,0,1,2,5,0,0,2,8,0,1,1,,,
201029100807,2,2,1,93,6,94.563,2,7,3,2010,6,9,12,8,0,1,1,1,1,1,2,8,0,1,1,,,
201029100809,6,2,3,93,6,94.563,1,6,7,2010,23,48,24,0,0,1,2,1,0,0,2,8,0,1,1,,,
201029100810,2,2,3,93,6,94.563,2,6,3,2010,7,39,12,1,0,1,1,10,2,1,2,8,0,1,1,,,
201029100812,6,2,3,93,6,94.563,1,7,4,2010,21,10,74,0,0,1,2,10,0,0,2,8,0,1,4,,,
201029100813,6,2,4,93,6,94.563,1,6,3,2010,18,50,76,0,0,1,1,1,0,0,2,8,0,1,4,,,
201029100814,3,2,8,93,6,94.563,1,6,5,2010,17,26,1,0,0,1,1,10,2,2,2,1,0,1,1,,,
201029100816,6,2,8,93,6,94.563,2,6,3,2010,17,54,12,6,0,2,1,1,0,0,2,1,0,2,1,,,
201029100817,4,2,12,93,6,463.464,2,6,5,2010,15,28,12,6,0,4,1,10,0,0,2,1,0,1,1,,,
201029100822,6,2,2,93,6,94.563,1,6,6,2010,20,18,24,0,0,1,1,2,0,0,2,8,0,1,1,,,
201029100823,6,2,2,93,6,94.563,1,6,6,2010,22,50,24,0,0,1,2,2,0,0,2,8,0,1,1,,,
201029100824,6,2,2,93,6,94.563,1,6,1,2010,11,53,59,0,0,2,1,1,0,0,2,8,0,2,4,,,
201029100825,4,2,2,93,6,283.69,1,6,3,2010,1,14,24,0,0,1,6,1,0,0,2,8,0,1,1,,,
201029100827,5,2,2,93,6,94.563,2,7,5,2010,12,49,12,6,0,2,1,1,2,1,2,8,0,2,1,,,
201029100828,2,2,5,93,6,94.563,2,6,4,2010,7,0,12,6,0,1,1,1,2,5,2,8,0,1,1,,,
201029100829,5,2,5,93,6,94.563,1,7,3,2010,6,40,34,0,0,1,1,10,2,1,2,8,0,1,4,,,
201029100830,4,2,5,93,6,283.69,1,7,2,2010,6,45,24,0,0,1,1,1,0,0,2,8,0,1,1,,,
201029100831,2,2,6,93,6,94.563,1,4,6,2010,1,5,13,0,0,1,2,10,4,1,2,8,0,1,1,,,
201029100832,4,2,6,93,6,283.69,1,6,1,2010,11,33,24,0,0,1,1,1,0,0,2,8,0,1,1,,,
201029100833,6,2,6,93,6,94.563,1,6,3,2010,0,25,34,0,0,1,2,1,0,0,2,8,0,1,4,,,
201029100836,6,2,6,93,6,94.563,1,7,7,2010,18,37,34,0,0,1,1,1,1,2,2,8,0,1,4,,,
201029100837,6,2,6,93,6,94.563,2,7,7,2010,9,25,12,1,0,1,1,1,0,0,2,8,0,1,1,,,
201029100838,4,2,6,93,6,283.69,1,7,4,2010,4,6,24,0,0,1,3,2,0,0,2,8,0,1,1,,,
201029100840,1,2,6,93,6,94.563,1,7,6,2010,5,58,1,0,0,1,1,1,3,6,2,8,0,1,3,,,
201029100841,6,2,6,93,6,94.563,1,7,7,2010,12,50,8,0,0,1,1,1,0,0,2,8,0,1,3,,,
201029100842,3,2,6,93,6,94.563,1,7,6,2010,21,45,24,0,0,1,2,1,1,1,2,8,0,1,1,,,
201029100844,6,2,6,93,6,94.563,1,7,2,2010,21,0,1,0,0,1,2,2,0,0,2,8,0,1,4,,,
201029100845,5,2,6,93,6,94.563,2,7,4,2010,9,21,12,1,0,1,1,1,1,2,2,8,0,1,1,,,
201029100846,6,2,6,93,6,94.563,1,7,4,2010,0,5,1,0,0,1,2,1,0,0,2,8,0,1,4,,,
201029100847,4,2,6,93,6,283.69,1,7,6,2010,22,55,24,0,0,1,6,1,0,0,2,8,0,1,1,,,
201029100848,5,2,7,93,6,94.563,2,6,1,2010,12,5,14,0,0,1,1,1,1,1,2,8,1,1,7,,,
201029100849,4,2,7,93,6,283.69,2,6,4,2010,18,50,12,9,0,1,1,1,0,0,2,8,0,1,1,,,
201029100850,6,2,9,93,6,94.563,2,6,5,2010,12,28,12,6,0,4,1,1,0,0,2,1,0,1,1,,,
201029100852,6,2,9,93,6,94.563,2,6,6,2010,12,7,12,6,0,2,1,1,3,1,2,1,0,2,1,,,
201029100853,6,2,9,93,6,94.563,2,6,6,2010,12,35,12,6,0,2,1,1,2,1,2,1,0,2,1,,,
201029100854,4,2,9,93,6,283.69,2,6,6,2010,21,0,14,0,0,2,6,1,0,0,2,1,1,8,7,,,
201029100855,6,2,9,93,6,94.563,2,6,2,2010,15,36,12,1,0,2,1,10,0,0,2,1,0,3,1,,,
201029100858,4,2,9,93,6,283.69,2,6,6,2010,12,43,12,6,0,2,1,10,0,0,2,1,0,2,1,,,
201029100860,5,2,9,93,6,94.563,3,6,5,2010,8,9,12,1,0,2,1,1,2,1,2,1,0,2,1,,,
201029100862,4,2,9,93,6,283.69,1,6,4,2010,0,25,24,0,0,1,6,1,0,0,1,1,0,1,1,,,
201029100863,2,2,9,93,6,94.563,2,6,4,2010,7,11,12,1,0,2,1,1,0,0,2,1,0,3,1,,,
201029100864,3,2,9,93,6,94.563,2,6,4,2010,15,37,12,6,0,2,1,1,2,1,2,1,0,2,1,,,
201029100866,4,2,1,93,6,283.69,1,7,7,2010,23,30,24,0,0,1,2,1,0,0,2,8,0,1,1,,,
201029100867,6,2,1,93,6,94.563,1,7,3,2010,5,40,24,0,0,1,1,5,0,0,2,8,0,1,1,,,
201029100868,6,2,1,93,6,94.563,1,7,3,2010,21,24,24,0,1,18,2,1,0,0,2,8,0,1,1,,,
201029100871,4,2,1,93,6,283.69,1,7,3,2010,7,42,24,0,0,1,1,1,0,0,2,8,0,1,1,,,
201029100872,6,2,1,93,6,94.563,1,7,3,2010,14,9,1,0,0,1,1,1,2,2,2,8,0,1,2,,,
201029100874,6,2,1,93,6,94.563,2,7,5,2010,14,42,12,6,0,2,1,10,0,0,2,8,0,2,1,,,
201029100876,2,2,3,93,6,94.563,1,7,6,2010,3,58,1,0,0,1,3,1,0,0,1,8,0,1,1,,,
201029100877,4,2,3,93,6,283.69,2,7,3,2010,12,18,14,0,0,4,1,1,0,0,2,8,1,1,7,,,
201029100878,2,2,4,93,6,94.563,1,8,2,2010,7,35,1,0,0,2,1,10,2,1,2,8,0,3,1,,,
201029100879,5,2,8,93,6,94.563,2,6,4,2010,10,39,12,2,0,2,1,1,2,1,2,1,0,3,1,,,
201029100880,4,2,8,93,6,283.69,2,7,1,2010,20,31,12,6,0,2,1,1,2,1,2,1,0,2,1,,,
201029100883,6,2,2,93,6,94.563,1,7,5,2010,23,43,74,0,0,1,2,1,0,0,1,8,0,1,4,,,
201029100885,4,2,2,93,6,283.69,1,7,6,2010,2,15,34,0,0,1,2,10,0,0,1,8,0,1,4,,,
201029100886,5,2,2,93,6,94.563,2,7,6,2010,11,51,12,6,1,2,1,10,2,2,2,8,0,8,1,,,
201029100887,6,2,2,93,6,94.563,1,7,1,2010,4,30,74,0,0,1,2,1,0,0,2,8,0,1,4,,,
201029100888,3,2,2,93,6,94.563,1,8,3,2010,9,20,34,0,0,1,1,10,2,1,2,8,0,1,4,,,
201029100890,6,2,6,93,6,94.563,1,7,4,2010,17,28,43,0,0,1,1,10,0,0,2,8,0,1,4,,,
201029100891,6,2,6,93,6,94.563,1,7,1,2010,17,0,34,0,0,2,1,10,0,0,2,8,0,2,4,,,
201029100893,5,2,6,93,6,94.563,1,7,2,2010,19,43,34,0,0,1,1,1,2,1,2,8,0,1,3,,,
201029100894,5,2,6,93,6,94.563,1,7,2,2010,18,15,34,0,0,1,1,1,2,1,2,8,0,1,4,,,
201029100896,3,2,6,93,6,94.563,1,8,4,2010,0,27,24,0,0,1,2,10,3,1,2,8,0,1,1,,,
201029100897,2,2,6,93,6,94.563,2,8,4,2010,9,56,12,8,0,1,1,10,1,2,2,8,0,1,1,,,
201029100899,4,2,6,93,6,283.69,1,7,3,2010,20,28,24,0,0,2,6,1,1,1,2,8,0,8,1,,,
201029100901,3,2,7,93,6,94.563,1,7,7,2010,21,37,24,0,0,1,2,1,3,2,2,8,0,1,1,,,
201029100902,6,2,9,93,6,94.563,2,7,4,2010,17,50,12,6,0,2,1,1,0,0,2,1,0,3,1,,,
201029100903,6,2,9,93,6,94.563,2,7,5,2010,17,8,12,6,0,4,1,1,0,0,2,1,0,1,1,,,
201029100906,4,2,9,93,6,283.69,2,7,3,2010,8,4,12,7,0,1,1,1,0,0,2,1,0,1,1,,,
201029100907,6,2,9,93,6,94.563,2,7,5,2010,8,48,12,1,0,2,1,2,0,0,2,1,0,3,1,,,
201029100909,6,2,9,93,6,94.563,2,8,1,2010,19,39,14,0,0,1,1,1,0,0,2,1,1,1,7,,,
201029100911,6,2,9,93,6,94.563,1,8,3,2010,10,34,24,0,0,1,1,1,1,1,2,1,0,1,1,,,
201029100912,5,2,9,93,6,94.563,2,8,7,2010,8,36,12,6,0,2,1,2,1,1,2,1,0,2,1,,,
201029100915,6,2,1,93,6,94.563,1,8,4,2010,22,36,24,0,0,1,2,1,0,0,2,8,0,1,1,,,
201029100916,4,2,1,93,6,283.69,1,8,7,2010,23,16,24,0,0,1,2,1,0,0,2,8,0,1,1,,,
201029100917,6,2,3,93,6,94.563,2,8,4,2010,19,53,12,6,0,4,1,1,0,0,2,8,0,1,1,,,
201029100918,5,2,3,93,6,94.563,2,8,5,2010,12,33,12,8,0,1,1,1,2,1,2,8,0,1,2,,,
201029100921,6,2,4,93,6,94.563,1,6,1,2010,0,15,34,0,0,1,2,10,0,0,1,8,0,1,4,,,
201029100922,6,2,4,93,6,94.563,1,7,7,2010,6,13,34,0,0,2,2,5,1,1,2,8,0,3,4,,,
201029100923,6,2,4,93,6,94.563,1,8,4,2010,17,55,1,0,0,1,1,10,2,1,2,8,0,1,4,,,
201029100924,5,2,8,93,6,94.563,2,8,5,2010,9,12,12,6,0,2,1,1,2,1,2,1,0,2,1,,,
201029100925,2,2,12,93,6,463.464,2,8,2,2010,12,47,12,1,0,2,1,2,1,1,2,1,0,2,1,,,
201029100926,4,2,12,93,6,463.464,2,8,5,2010,14,27,14,0,0,1,1,1,0,0,2,1,1,1,7,,,
201029100927,6,2,2,93,6,94.563,2,8,5,2010,6,55,12,6,0,4,1,1,1,3,2,8,0,1,1,,,
201029100928,6,2,2,93,6,94.563,1,8,1,2010,1,45,34,0,0,1,2,1,0,0,1,8,0,1,4,,,
201029100929,2,2,2,93,6,94.563,1,8,2,2010,16,15,34,0,0,1,1,1,2,1,2,8,0,1,4,,,
201029100930,6,2,2,93,6,94.563,2,9,6,2010,22,32,12,6,0,2,3,10,0,0,2,8,0,2,1,,,
201029100931,1,2,5,93,6,94.563,2,8,1,2010,5,26,12,2,0,1,2,5,3,2,2,8,0,1,1,,,
201029100932,6,2,6,93,6,94.563,2,7,2,2010,12,19,45,0,0,1,1,10,0,0,2,8,1,1,1,,,
201029100934,6,2,6,93,6,94.563,1,8,3,2010,21,22,24,0,0,1,6,1,0,0,2,8,0,1,1,,,
201029100935,5,2,6,93,6,94.563,2,8,2,2010,9,15,12,1,0,4,1,5,0,0,2,8,0,1,1,,,
201029100936,6,2,6,93,6,94.563,1,9,6,2010,21,38,24,0,0,1,6,1,0,0,2,8,0,1,1,,,
201029100937,5,2,6,93,6,94.563,1,9,3,2010,21,8,31,0,0,1,2,1,2,2,2,8,0,1,4,,,
201029100938,6,2,6,93,6,94.563,1,9,7,2010,3,13,1,0,0,1,2,10,0,0,1,8,0,1,4,,,
201029100940,6,2,7,93,6,94.563,1,8,2,2010,12,12,30,0,0,1,1,2,1,1,2,8,0,1,4,,,
201029100941,6,2,7,93,6,94.563,2,8,5,2010,17,42,14,0,0,2,1,1,1,1,2,8,1,2,7,,,
201029100942,6,2,7,93,6,94.563,1,8,6,2010,8,39,1,0,0,1,1,1,0,0,2,8,0,1,4,,,
201029100943,6,2,7,93,6,94.563,1,8,7,2010,1,50,34,0,0,1,2,1,0,0,1,8,0,1,4,,,
201029100944,6,2,7,93,6,94.563,1,8,2,2010,17,41,34,0,0,1,1,1,0,0,2,8,0,1,4,,,
201029100945,5,2,7,93,6,94.563,2,9,7,2010,19,50,12,6,0,4,1,1,1,3,2,8,0,1,1,,,
201029100946,4,2,9,93,6,283.69,2,8,4,2010,22,31,12,1,0,2,3,1,0,0,1,1,0,2,1,,,
201029100947,6,2,9,93,6,94.563,1,8,4,2010,11,3,40,0,0,2,1,10,0,0,2,1,0,3,4,,,
201029100948,6,2,9,93,6,94.563,2,8,4,2010,17,4,12,1,0,1,1,1,0,0,2,1,0,1,1,,,
201029100949,5,2,9,93,6,94.563,2,8,5,2010,15,18,12,6,0,1,1,1,0,0,2,1,0,1,1,,,
201029100950,3,2,9,93,6,94.563,1,8,5,2010,4,33,42,0,0,1,3,1,4,1,2,1,0,1,6,,,
201029100951,6,2,9,93,6,94.563,2,8,6,2010,11,4,12,6,0,2,1,1,0,0,2,1,0,2,1,,,
201029100953,6,2,9,93,6,94.563,1,8,1,2010,13,29,34,0,0,1,1,1,0,0,2,1,0,1,4,,,
201029100955,6,2,9,93,6,94.563,2,8,4,2010,12,55,12,1,0,4,1,1,1,1,2,1,0,1,1,,,
201029100956,4,2,9,93,6,283.69,2,8,4,2010,13,4,14,0,0,1,1,1,0,0,2,1,1,1,7,,,
201029100957,6,2,9,93,6,94.563,3,8,6,2010,12,6,12,1,0,1,1,1,0,0,2,1,0,1,1,,,
201029100959,6,2,1,93,6,94.563,1,9,6,2010,20,21,24,0,0,1,2,1,0,0,2,8,0,1,1,,,
201029100960,2,2,1,93,6,94.563,1,9,7,2010,3,12,24,0,0,1,2,1,0,0,2,8,0,1,1,,,
201029100962,5,2,1,93,6,94.563,1,9,5,2010,12,58,23,0,0,6,1,10,5,1,2,8,0,1,1,,,
201029100963,6,2,1,93,6,94.563,1,9,7,2010,21,35,24,0,0,1,2,1,0,0,2,8,0,1,1,,,
201029100964,6,2,1,93,6,94.563,1,9,1,2010,11,15,24,0,0,1,1,1,0,0,2,8,0,1,1,,,
201029100965,4,2,1,93,6,283.69,2,9,2,2010,13,35,12,8,0,1,1,1,0,0,2,8,0,1,1,,,
201029100966,4,2,3,93,6,283.69,2,9,1,2010,10,15,12,6,0,2,1,1,0,0,2,8,0,3,1,,,
201029100967,6,2,3,93,6,94.563,1,9,3,2010,17,30,34,0,0,1,1,1,0,0,2,8,0,1,4,,,
201029100969,1,2,3,93,6,94.563,1,9,5,2010,17,35,32,0,0,1,1,1,3,1,2,8,0,1,4,,,
201029100970,6,2,3,93,6,94.563,1,9,6,2010,7,48,32,0,0,1,1,1,0,0,2,8,0,1,4,,,
201029100972,5,2,4,93,6,94.563,1,8,2,2010,20,5,34,0,0,1,2,1,1,1,1,8,0,1,4,,,
201029100973,2,2,4,93,6,94.563,1,9,2,2010,7,0,24,0,0,1,1,2,0,0,2,8,0,1,1,,,
201029100974,4,2,8,93,6,283.69,2,8,2,2010,13,0,12,6,0,2,1,1,0,0,2,1,0,2,1,,,
201029100976,5,2,8,93,6,94.563,2,8,3,2010,20,44,12,6,0,2,3,2,1,2,2,1,0,2,1,,,
201029100978,6,2,8,93,6,94.563,2,9,1,2010,19,51,12,6,0,2,5,1,2,2,2,1,0,2,1,,,
201029100979,4,2,8,93,6,283.69,2,9,5,2010,12,39,12,6,0,2,1,10,0,0,2,1,0,2,1,,,
201029100980,5,2,12,93,6,463.464,3,8,3,2010,17,4,12,6,0,2,1,10,2,3,2,1,0,2,1,,,
201029100981,4,2,12,93,6,463.464,2,8,3,2010,22,30,12,6,0,2,3,2,0,0,2,1,0,10,1,,,
201029100982,4,2,12,93,6,463.464,2,9,4,2010,12,52,12,6,0,2,1,1,0,0,2,1,0,2,1,,,
201029100983,5,2,12,93,6,463.464,2,9,2,2010,16,21,14,0,0,1,1,1,1,1,2,1,1,1,6,,,
201029100984,4,2,12,93,6,463.464,1,9,6,2010,15,22,21,0,0,2,1,1,1,1,2,1,0,3,1,,,
201029100985,6,2,2,93,6,94.563,1,9,6,2010,16,50,24,0,0,1,1,10,1,1,2,8,0,1,1,,,
201029100986,6,2,2,93,6,94.563,1,9,4,2010,19,20,24,0,0,1,3,1,1,1,2,8,0,1,1,,,
201029100991,2,2,6,93,6,94.563,2,9,2,2010,7,50,12,1,0,1,1,1,0,0,2,8,0,1,1,,,
201029100992,2,2,6,93,6,94.563,1,9,2,2010,11,19,1,0,0,1,1,1,0,0,2,8,0,1,4,,,
201029100993,4,2,6,93,6,283.69,1,9,6,2010,7,43,24,0,0,1,1,1,0,0,2,8,0,1,1,,,
201029100996,6,2,6,93,6,94.563,1,9,3,2010,20,56,24,0,0,2,6,1,2,1,2,8,0,8,1,,,
201029100997,4,2,6,93,6,283.69,1,9,3,2010,23,40,24,0,0,2,6,1,1,1,2,8,0,8,1,,,
201029101000,6,2,6,93,6,94.563,2,10,6,2010,5,35,12,6,0,2,3,1,1,1,2,8,0,2,1,,,
201029101001,5,2,6,93,6,94.563,1,10,1,2010,13,15,1,0,0,1,1,1,2,3,2,8,0,1,4,,,
201029101003,6,2,7,93,6,94.563,1,9,6,2010,16,0,1,0,0,1,1,1,2,1,2,8,0,1,4,,,
201029101004,5,2,7,93,6,94.563,2,9,3,2010,9,52,12,1,0,1,1,10,2,2,2,8,0,1,1,,,
201029101006,6,2,9,93,6,94.563,1,8,5,2010,23,19,24,0,0,2,6,1,1,1,2,1,0,8,1,,,
201029101007,6,2,9,93,6,94.563,1,8,6,2010,19,38,30,0,0,2,5,1,0,0,2,1,0,3,4,,,
201029101009,4,2,9,93,6,283.69,2,8,5,2010,7,59,12,6,0,2,1,1,0,0,2,1,0,2,1,,,
201029101012,6,2,9,93,6,94.563,2,9,6,2010,15,45,12,1,0,1,1,1,0,0,2,1,0,1,1,,,
201029101013,4,2,9,93,6,283.69,2,9,6,2010,16,19,12,1,0,1,1,10,1,1,2,1,0,1,1,,,
201029101017,6,2,1,93,6,94.563,2,9,7,2010,9,51,12,6,0,2,1,2,0,0,2,8,0,2,1,,,
201029101018,4,2,1,93,6,283.69,1,9,2,2010,0,48,24,0,0,1,2,1,0,0,2,8,0,1,1,,,
201029101019,5,2,1,93,6,94.563,1,9,2,2010,6,31,32,0,0,1,2,1,1,1,2,8,0,1,4,,,
201029101020,6,2,1,93,6,94.563,1,9,2,2010,7,42,24,0,0,1,4,10,0,0,2,8,0,1,1,,,
201029101021,6,2,1,93,6,94.563,1,9,2,2010,13,15,24,0,0,1,1,10,0,0,2,8,0,1,1,,,
201029101023,6,2,1,93,6,94.563,1,9,5,2010,1,15,24,0,0,1,2,1,0,0,2,8,0,1,1,,,
201029101024,4,2,3,93,6,283.69,1,9,7,2010,20,26,24,0,0,1,2,1,0,0,2,8,0,1,1,,,
201029101025,2,2,3,93,6,94.563,2,10,5,2010,14,59,12,6,0,4,1,1,2,2,2,8,0,1,1,,,
201029101026,6,2,3,93,6,94.563,1,10,7,2010,15,44,1,0,0,1,1,1,0,0,2,8,0,1,4,,,
201029101027,6,2,8,93,6,94.563,2,9,5,2010,8,12,12,1,0,4,1,2,0,0,2,1,0,1,1,,,
201029101030,6,2,8,93,6,94.563,2,10,3,2010,12,5,12,1,0,4,1,1,0,0,2,1,0,1,1,,,
201029101031,4,2,8,93,6,283.69,2,10,5,2010,15,21,12,6,0,2,1,1,0,0,2,1,0,2,1,,,
201029101035,3,2,12,93,6,463.464,1,9,2,2010,15,24,22,0,0,2,1,1,2,1,2,1,0,2,1,,,
201029101036,5,2,12,93,6,463.464,2,9,7,2010,10,6,12,1,0,4,1,2,2,4,2,1,0,1,1,,,
201029101037,4,2,12,93,6,463.464,2,10,3,2010,8,20,12,1,0,2,1,1,0,0,2,1,0,2,1,,,
201029101038,2,2,4,93,6,94.563,1,9,6,2010,18,30,34,0,0,4,1,1,0,0,2,8,0,1,4,,,
201029101040,6,2,4,93,6,94.563,1,9,5,2010,7,20,1,0,0,1,1,1,0,0,2,8,0,1,4,,,
201029101043,2,2,2,93,6,94.563,1,9,2,2010,2,39,34,0,0,1,2,2,2,1,2,8,0,1,4,,,
201029101045,6,2,2,93,6,94.563,1,10,5,2010,19,0,24,0,0,1,3,1,0,0,2,8,0,1,1,,,
201029101046,6,2,2,93,6,94.563,1,10,1,2010,19,10,24,0,0,1,3,1,0,0,2,8,0,1,1,,,
201029101047,5,2,2,93,6,94.563,2,10,2,2010,8,15,12,7,0,1,1,1,2,4,2,8,0,1,1,,,
201029101048,5,2,2,93,6,94.563,1,10,2,2010,17,0,1,0,0,1,1,1,2,1,2,8,0,1,1,,,
201029101049,6,2,2,93,6,94.563,2,10,4,2010,9,20,12,7,0,1,1,1,0,0,2,8,0,1,1,,,
201029101050,5,2,2,93,6,94.563,2,10,6,2010,16,10,12,2,0,1,1,1,2,5,2,8,0,1,1,,,
201029101053,2,2,5,93,6,94.563,2,9,5,2010,10,50,12,6,0,2,1,1,0,0,2,8,0,2,1,,,
201029101054,6,2,5,93,6,94.563,1,9,1,2010,20,40,24,0,0,1,3,1,0,0,2,8,0,1,1,,,
201029101055,4,2,5,93,6,283.69,2,10,5,2010,11,10,12,1,0,2,1,1,0,0,2,8,0,2,1,,,
201029101056,5,2,5,93,6,94.563,2,10,2,2010,9,19,12,6,0,2,1,10,1,2,2,8,0,2,1,,,
201029101057,5,2,6,93,6,94.563,1,10,3,2010,19,21,1,0,0,1,2,1,2,1,1,8,0,1,1,,,
201029101058,6,2,6,93,6,94.563,1,10,4,2010,6,30,24,0,0,1,4,1,0,0,2,8,0,1,1,,,
201029101059,5,2,6,93,6,94.563,1,10,2,2010,17,31,1,0,0,1,1,1,2,3,2,8,0,1,4,,,
201029101060,4,2,6,93,6,283.69,1,10,4,2010,19,40,24,0,0,1,3,6,0,0,2,8,0,1,1,,,
201029101063,6,2,6,93,6,94.563,2,10,3,2010,10,2,12,6,0,2,1,1,0,0,2,8,0,2,1,,,
201029101065,4,2,6,93,6,283.69,1,10,1,2010,4,40,24,0,0,1,2,1,0,0,2,8,0,1,1,,,
201029101067,6,2,6,93,6,94.563,1,10,4,2010,21,55,1,0,0,2,2,1,0,0,2,8,0,3,4,,,
201029101069,4,2,6,93,6,283.69,1,10,6,2010,7,55,24,0,0,1,1,1,0,0,2,8,0,1,1,,,
201029101071,5,2,6,93,6,94.563,2,10,2,2010,14,45,12,2,0,1,1,10,2,3,2,8,0,1,1,,,
201029101073,6,2,6,93,6,94.563,1,10,4,2010,4,40,24,0,0,1,2,1,0,0,2,8,0,1,1,,,
201029101074,6,2,7,93,6,94.563,1,10,7,2010,1,15,74,0,0,1,2,1,3,1,2,8,0,1,4,,,
201029101075,6,2,7,93,6,94.563,2,10,7,2010,16,7,12,6,0,2,1,7,0,0,2,8,0,2,1,,,
201029101077,1,2,7,93,6,94.563,1,10,4,2010,22,40,59,0,0,1,2,1,3,1,1,8,0,1,4,,,
201029101081,4,2,9,93,6,283.69,2,9,2,2010,15,36,12,1,0,2,1,1,0,0,2,1,0,2,1,,,
201029101085,4,2,9,93,6,283.69,2,9,2,2010,17,16,12,1,0,1,1,1,0,0,2,1,0,1,1,,,
201029101088,6,2,9,93,6,94.563,2,9,3,2010,16,42,12,6,0,2,1,1,0,0,2,1,0,3,1,,,
201029101089,4,2,9,93,6,283.69,1,9,5,2010,7,0,1,0,0,1,4,1,0,0,2,1,0,1,1,,,
201029101092,4,2,9,93,6,283.69,2,10,4,2010,9,38,12,1,0,1,1,1,0,0,2,1,0,1,1,,,
201029101093,6,2,9,93,6,94.563,2,10,4,2010,15,18,12,6,0,4,1,1,0,0,2,1,0,1,1,,,
201029101096,4,2,9,93,6,283.69,2,10,3,2010,21,52,12,6,0,2,3,1,0,0,2,1,0,2,1,,,
201029101099,6,2,9,93,6,94.563,2,10,5,2010,17,27,12,6,0,2,1,1,0,0,2,1,0,2,1,,,
201029101100,4,2,9,93,6,283.69,1,10,6,2010,19,42,24,0,0,1,2,1,0,0,2,1,0,1,1,,,
201029101103,4,2,9,93,6,283.69,2,10,2,2010,17,13,12,6,0,4,1,1,0,0,2,1,0,1,1,,,
201029101106,5,2,9,93,6,94.563,1,10,4,2010,5,22,34,0,0,1,2,1,1,1,2,1,0,1,4,,,
201029101108,4,2,1,93,6,283.69,2,10,6,2010,8,36,12,6,0,7,1,1,0,0,2,8,0,2,1,,,
201029101109,2,2,1,93,6,94.563,1,10,7,2010,11,43,18,0,0,1,1,1,2,1,2,8,0,1,4,,,
201029101113,6,2,1,93,6,94.563,2,10,4,2010,9,27,12,7,0,1,1,1,2,2,2,8,0,1,1,,,
201029101114,4,2,1,93,6,283.69,2,10,5,2010,13,45,12,6,0,2,1,1,0,0,2,8,0,3,1,,,
201029101115,6,2,1,93,6,94.563,1,10,6,2010,19,15,24,0,0,1,2,10,0,0,2,8,0,1,1,,,
201029101116,6,2,1,93,6,94.563,1,10,1,2010,11,41,1,0,0,1,1,10,0,0,2,8,0,1,4,,,
201029101119,4,2,1,93,6,283.69,1,10,7,2010,3,58,24,0,0,1,2,1,0,0,2,8,0,1,1,,,
201029101120,6,2,1,93,6,94.563,1,11,3,2010,19,41,24,0,0,1,2,1,0,0,2,8,0,1,1,,,