CASENUM,STRATUM,REGION,PJ,PSU,PSUSTRAT,WEIGHT,VE_TOTAL,MONTH,WKDY_IM,YEAR,HOUR_IM,MINUTE_IM,EVENT1_IM,MANCOL_IM,RELJCT1_IM,RELJCT2_IM,LGTCON_IM,WEATHR_IM,MAXSEV_IM,NO_INJ_IM,ALCHL_IM,LAND_USE,PVH_INVL,TYP_INT,REL_ROAD,CF1,CF2,CF3
201029101121,2,2,1,93,6,94.563,2,11,2,2010,17,21,12,6,0,2,1,1,1,1,2,8,0,2,1,,,
201029101123,2,2,1,93,6,94.563,2,11,4,2010,17,33,12,6,0,2,5,1,2,6,2,8,0,2,1,,,
201029101124,6,2,1,93,6,94.563,1,11,6,2010,8,2,24,0,0,1,4,1,0,0,2,8,0,1,1,,,
201029101125,6,2,1,93,6,94.563,1,11,6,2010,20,56,24,0,0,1,2,1,0,0,2,8,0,1,1,,,
201029101126,6,2,1,93,6,94.563,1,11,7,2010,1,20,24,0,0,1,2,1,0,0,2,8,0,1,1,,,
201029101128,4,2,1,93,6,283.69,1,11,2,2010,8,25,24,0,0,1,1,1,0,0,2,8,0,1,1,,,
201029101129,6,2,1,93,6,94.563,1,11,4,2010,5,23,24,0,0,1,2,10,0,0,2,8,0,1,1,,,
201029101133,4,2,3,93,6,283.69,1,10,6,2010,18,50,24,0,0,1,2,1,0,0,2,8,0,1,1,,,
201029101134,6,2,3,93,6,94.563,1,10,1,2010,22,26,34,0,0,1,2,1,0,0,2,8,0,1,4,,,
201029101135,6,2,3,93,6,94.563,1,10,2,2010,7,11,24,0,0,1,1,10,0,0,2,8,0,1,1,,,
201029101136,6,2,3,93,6,94.563,1,10,6,2010,19,20,24,0,0,1,2,1,0,0,2,8,0,1,1,,,
201029101137,6,2,3,93,6,94.563,2,10,1,2010,18,51,12,6,0,2,3,10,1,1,2,8,0,2,1,,,
201029101139,6,2,3,93,6,94.563,1,11,3,2010,9,40,35,0,0,1,1,1,0,0,2,8,0,1,,,,
201029101140,6,2,3,93,6,94.563,1,11,5,2010,14,0,34,0,0,1,1,10,1,1,2,8,0,1,4,,,
201029101142,4,2,4,93,6,283.69,1,10,2,2010,14,5,34,0,0,1,1,1,0,0,2,8,0,1,4,,,
201029101144,4,2,8,93,6,283.69,2,10,3,2010,15,9,12,1,0,2,1,1,1,1,2,1,0,3,1,,,
201029101146,5,2,8,93,6,94.563,3,10,4,2010,14,11,12,6,0,2,1,6,1,1,2,1,0,2,1,,,
201029101148,4,2,8,93,6,283.69,1,11,2,2010,14,56,24,0,0,1,1,1,0,0,2,1,0,1,1,,,
201029101149,3,2,12,93,6,463.464,1,10,5,2010,16,55,1,0,0,2,1,1,3,1,2,1,0,2,1,,,
201029101151,5,2,12,93,6,463.464,2,10,7,2010,12,23,12,1,0,2,1,1,2,2,2,1,0,3,1,,,
201029101152,2,2,2,93,6,94.563,1,10,6,2010,14,50,1,0,0,2,1,1,0,0,2,8,0,8,1,,,
201029101153,4,2,2,93,6,283.69,2,10,7,2010,8,0,14,0,0,1,1,1,0,0,2,8,1,1,7,,,
201029101155,6,2,2,93,6,94.563,1,11,5,2010,6,15,24,0,0,1,4,1,0,0,2,8,0,1,1,,,
201029101156,5,2,2,93,6,94.563,1,11,6,2010,8,47,34,0,0,1,1,1,2,1,2,8,0,1,3,,,
201029101157,6,2,2,93,6,94.563,1,11,1,2010,10,45,24,0,0,1,1,1,1,1,2,8,0,1,1,,,
201029101159,4,2,2,93,6,283.69,1,11,2,2010,6,30,24,0,0,1,1,10,0,0,2,8,0,1,1,,,
201029101162,4,2,2,93,6,283.69,1,11,1,2010,0,10,24,0,0,1,6,1,0,0,2,8,0,1,1,,,
201029101166,6,2,6,93,6,94.563,1,10,1,2010,7,6,24,0,0,1,1,1,0,0,2,8,0,1,1,,,
201029101167,4,2,6,93,6,283.69,1,11,3,2010,20,45,24,0,0,1,2,1,0,0,2,8,0,1,1,,,
201029101169,6,2,6,93,6,94.563,1,11,7,2010,10,15,24,0,0,1,1,10,0,0,2,8,0,1,1,,,
201029101170,6,2,6,93,6,94.563,1,11,7,2010,22,19,24,0,0,1,2,1,0,0,2,8,0,1,1,,,
201029101172,4,2,6,93,6,283.69,1,10,6,2010,16,40,24,0,0,1,1,1,0,0,2,8,0,1,1,,,
201029101175,4,2,6,93,6,283.69,2,11,5,2010,17,59,12,1,0,2,3,1,0,0,2,8,0,2,1,,,
201029101176,6,2,6,93,6,94.563,1,11,2,2010,21,23,24,0,0,2,6,2,0,0,2,8,0,8,1,,,
201029101177,6,2,6,93,6,94.563,1,11,2,2010,21,54,24,0,0,2,6,1,0,0,2,8,0,8,1,,,
201029101180,6,2,6,93,6,94.563,1,11,1,2010,2,25,1,0,0,1,2,1,0,0,2,8,0,1,4,,,
201029101181,6,2,6,93,6,94.563,1,11,3,2010,7,34,24,0,0,2,1,1,0,0,2,8,0,8,1,,,
201029101182,2,2,7,93,6,94.563,1,10,4,2010,15,8,1,0,0,1,1,6,2,1,2,8,0,1,1,,,
201029101183,5,2,7,93,6,94.563,1,11,2,2010,22,25,24,0,0,1,2,1,3,2,2,8,0,1,1,,,
201029101184,5,2,7,93,6,94.563,1,11,7,2010,4,24,1,0,0,1,2,1,2,1,1,8,0,1,4,,,
201029101185,6,2,7,93,6,94.563,2,11,2,2010,14,33,12,1,0,1,1,1,1,1,2,8,0,1,1,,,
201029101186,6,2,7,93,6,94.563,1,11,7,2010,12,54,74,0,0,1,1,1,0,0,2,8,0,1,4,,,
201029101187,5,2,9,93,6,94.563,2,10,4,2010,11,40,12,6,0,2,1,10,1,2,2,1,0,3,1,,,
201029101189,4,2,9,93,6,283.69,2,11,2,2010,21,19,12,1,0,2,3,1,0,0,2,1,0,2,1,,,
201029101192,4,2,9,93,6,283.69,2,11,4,2010,17,25,12,1,0,2,1,1,0,0,2,1,0,8,1,,,
201029101195,4,2,9,93,6,283.69,2,10,5,2010,15,20,12,6,0,2,1,1,0,0,2,1,0,2,1,,,
201029101197,6,2,9,93,6,94.563,1,11,7,2010,17,50,24,0,0,1,1,1,0,0,2,1,0,1,1,,,
201029101199,6,2,9,93,6,94.563,3,11,2,2010,7,8,12,2,0,1,1,1,0,0,2,1,0,1,1,,,
201029101200,6,2,9,93,6,94.563,2,11,3,2010,14,0,12,1,0,4,1,10,0,0,2,1,0,1,1,,,
201029101201,6,2,9,93,6,94.563,1,11,7,2010,19,30,24,0,0,2,2,1,0,0,2,1,0,8,1,,,
201029101203,6,2,1,93,6,94.563,1,11,7,2010,19,19,1,0,0,1,2,3,0,0,2,8,0,1,4,,,
201029101204,6,2,1,93,6,94.563,1,11,1,2010,18,40,24,0,0,1,2,10,0,0,2,8,0,1,1,,,
201029101205,4,2,1,93,6,283.69,1,11,1,2010,21,59,18,0,0,1,2,1,0,0,2,8,0,1,1,,,
201029101208,4,2,1,93,6,283.69,1,11,7,2010,22,15,24,0,0,1,2,10,0,0,2,8,0,1,1,,,
201029101209,6,2,1,93,6,94.563,1,12,4,2010,22,56,24,0,0,1,2,1,0,0,2,8,0,1,1,,,
201029101210,6,2,1,93,6,94.563,1,12,5,2010,7,8,24,0,0,1,4,1,0,0,2,8,0,1,1,,,
201029101211,5,2,3,93,6,94.563,1,11,2,2010,16,20,24,0,0,1,1,1,2,1,2,8,0,1,1,,,
201029101212,4,2,3,93,6,283.69,1,11,3,2010,21,10,24,0,0,1,2,10,0,0,2,8,0,1,1,,,
201029101215,6,2,3,93,6,94.563,2,12,1,2010,13,35,12,6,0,2,1,10,0,0,2,8,0,2,1,,,
201029101216,6,2,4,93,6,94.563,1,11,4,2010,12,3,1,0,0,1,1,3,0,0,2,8,0,1,4,,,
201029101222,6,2,8,93,6,94.563,2,11,2,2010,11,55,12,6,0,2,1,1,1,1,2,1,0,2,1,,,
201029101223,4,2,8,93,6,283.69,2,11,6,2010,14,14,12,6,0,2,1,10,0,0,2,1,0,2,1,,,
201029101226,4,2,8,93,6,283.69,2,12,6,2010,11,7,12,6,0,2,1,10,0,0,2,1,0,2,1,,,
201029101229,6,2,8,93,6,94.563,2,12,7,2010,14,5,12,6,0,2,1,1,1,1,2,1,0,2,1,,,
201029101230,4,2,8,93,6,283.69,2,12,4,2010,7,53,14,0,0,1,1,1,0,0,2,1,1,1,7,,,
201029101231,4,2,12,93,6,463.464,2,11,6,2010,17,15,12,1,0,1,1,1,0,0,2,1,0,1,1,,,
201029101232,4,2,12,93,6,463.464,2,11,2,2010,9,49,12,6,0,2,1,2,0,0,2,1,0,2,1,,,
201029101234,6,2,2,93,6,94.563,1,11,7,2010,2,40,1,0,0,1,2,1,0,0,2,8,0,1,4,,,
201029101235,6,2,2,93,6,94.563,1,11,4,2010,11,20,1,0,0,1,1,2,0,0,2,8,0,1,4,,,
201029101236,4,2,2,93,6,283.69,1,11,4,2010,11,29,34,0,0,1,1,3,1,1,2,8,0,1,3,,,
201029101238,6,2,2,93,6,94.563,2,11,5,2010,10,32,12,1,0,2,1,1,1,1,2,8,0,2,1,,,
201029101239,5,2,2,93,6,94.563,1,11,6,2010,20,15,74,0,0,1,2,1,2,1,1,8,0,1,3,,,
201029101242,4,2,2,93,6,283.69,1,12,7,2010,8,20,31,0,0,1,1,10,0,0,2,8,0,1,4,,,
201029101243,6,2,2,93,6,94.563,1,12,7,2010,8,35,34,0,0,1,1,10,0,0,2,8,0,1,4,,,
201029101246,4,2,2,93,6,283.69,1,12,7,2010,17,50,24,0,0,1,3,10,0,0,2,8,0,1,1,,,
201029101248,6,2,6,93,6,94.563,1,11,4,2010,13,7,1,0,0,1,1,3,0,0,2,8,0,1,4,,,
201029101249,4,2,6,93,6,283.69,1,11,4,2010,17,0,24,0,0,1,5,10,0,0,2,8,0,1,1,,,
201029101250,6,2,6,93,6,94.563,1,11,4,2010,19,54,1,0,0,1,2,3,0,0,2,8,0,1,4,,,
201029101251,5,2,6,93,6,94.563,1,11,1,2010,16,50,1,0,0,1,5,1,1,1,2,8,0,1,4,,,
201029101252,6,2,6,93,6,94.563,1,11,3,2010,23,19,1,0,0,1,2,1,2,1,2,8,0,1,4,,,
201029101253,2,2,6,93,6,94.563,2,11,3,2010,13,42,12,6,0,2,1,6,2,2,2,8,0,2,1,,,
201029101256,6,2,6,93,6,94.563,2,12,7,2010,11,16,12,2,0,1,1,4,0,0,2,8,0,1,1,,,
201029101257,6,2,6,93,6,94.563,2,12,7,2010,12,26,12,8,0,1,1,4,0,0,2,8,0,1,1,,,
201029101258,2,2,6,93,6,94.563,2,12,1,2010,9,25,12,2,0,1,1,11,0,0,2,8,0,1,1,,,
201029101259,4,2,6,93,6,283.69,2,12,7,2010,12,5,12,6,0,1,1,3,0,0,2,8,0,1,1,,,
201029101263,6,2,7,93,6,94.563,1,12,6,2010,20,59,41,0,0,1,3,3,0,0,2,8,0,1,4,,,
201029101264,6,2,7,93,6,94.563,2,12,3,2010,14,35,12,6,0,2,1,10,0,0,2,8,0,2,1,,,
201029101265,4,2,9,93,6,283.69,2,11,3,2010,16,40,12,6,0,2,1,1,0,0,2,1,0,2,1,,,
201029101266,6,2,9,93,6,94.563,2,11,3,2010,18,54,12,1,0,1,3,1,0,0,2,1,0,1,1,,,
201029101269,4,2,9,93,6,283.69,1,11,7,2010,17,19,24,0,0,1,5,1,0,0,2,1,0,1,1,,,
201029101272,6,2,9,93,6,94.563,2,12,6,2010,7,2,12,1,0,4,4,10,0,0,2,1,0,1,1,,,
201029101273,4,2,9,93,6,283.69,2,12,6,2010,15,1,14,0,0,1,1,4,0,0,2,1,1,1,7,,,
201029101276,6,2,9,93,6,94.563,2,12,2,2010,18,34,12,1,0,2,3,1,1,2,2,1,0,2,1,,,
201029101277,6,2,9,93,6,94.563,2,12,3,2010,14,8,12,6,0,2,1,1,1,1,2,1,0,2,1,,,
201029101278,4,2,9,93,6,283.69,1,12,5,2010,18,30,24,0,0,1,3,1,0,0,2,1,0,1,1,,,
201029101279,5,2,9,93,6,94.563,1,12,6,2010,15,8,73,0,0,1,1,1,2,2,2,1,0,1,4,,,
201029101281,6,2,9,93,6,94.563,1,12,7,2010,14,56,30,0,0,1,1,4,0,0,2,1,0,1,4,,,
201029101309,5,2,1,93,6,94.563,1,12,3,2010,8,20,1,0,0,1,1,1,1,1,2,8,0,1,4,,,
201029101310,4,2,1,93,6,283.69,2,12,5,2010,10,41,12,1,0,2,1,3,0,0,2,8,0,2,1,,,
201029101311,5,2,1,93,6,94.563,1,12,5,2010,10,37,1,0,0,1,1,3,2,1,2,8,0,1,4,,,
201029101312,2,2,1,93,6,94.563,2,12,5,2010,12,21,12,1,0,1,1,3,0,0,2,8,0,1,1,,,
201029101315,6,2,1,93,6,94.563,1,12,3,2010,18,15,24,0,0,1,2,10,0,0,2,8,0,1,1,,,
201029101316,4,2,1,93,6,283.69,1,12,1,2010,21,22,24,0,0,1,2,10,0,0,2,8,0,1,1,,,
201029101317,6,2,1,93,6,94.563,1,12,4,2010,11,27,8,0,0,1,1,10,0,0,2,8,0,1,4,,,
201029101319,6,2,1,93,6,94.563,2,12,6,2010,10,10,12,1,0,1,1,4,0,0,2,8,0,1,1,,,
201029101320,6,2,1,93,6,94.563,2,12,6,2010,10,15,12,6,0,2,1,4,0,0,2,8,0,2,1,,,
201029101321,6,2,1,93,6,94.563,1,12,7,2010,11,21,48,0,0,1,1,10,0,0,2,8,0,1,4,,,
201029101322,6,2,1,93,6,94.563,2,12,7,2010,14,2,12,6,0,2,1,4,0,0,2,8,0,2,1,,,
201029101324,6,2,1,93,6,94.563,1,12,2,2010,22,2,24,0,0,1,2,10,0,0,2,8,0,1,1,,,
201029101325,4,2,1,93,6,283.69,2,12,3,2010,17,43,12,1,0,1,2,1,0,0,2,8,0,1,1,,,
201029101327,6,2,1,93,6,94.563,1,12,5,2010,18,9,24,0,0,1,2,5,0,0,2,8,0,1,1,,,
201029101328,4,2,3,93,6,283.69,1,12,5,2010,8,35,34,0,0,1,1,1,0,0,1,8,0,1,4,,,
201029101329,2,2,3,93,6,94.563,2,12,5,2010,15,28,12,6,0,1,1,10,2,1,2,8,0,1,1,,,
201029101331,5,2,3,93,6,94.563,1,12,1,2010,13,12,34,0,0,1,1,11,2,1,2,8,0,1,4,,,
201029101333,6,2,3,93,6,94.563,1,12,3,2010,7,0,24,0,0,2,2,5,0,0,2,8,0,8,1,,,
201029101334,4,2,3,93,6,283.69,2,12,5,2010,17,55,14,0,1,2,3,2,0,0,2,8,1,8,5,,,
201029101336,4,2,12,93,6,463.464,2,11,4,2010,12,29,12,1,0,1,1,3,1,1,2,1,0,1,1,,,
201029101337,6,2,12,93,6,463.464,2,12,3,2010,15,10,12,6,0,2,1,10,0,0,2,1,0,2,1,,,
201029101338,6,2,12,93,6,463.464,2,12,6,2010,16,8,12,1,0,1,1,10,0,0,2,1,0,1,1,,,
201029101339,4,2,12,93,6,463.464,2,12,3,2010,10,15,12,6,0,4,1,1,0,0,2,1,0,1,1,,,
201029101340,4,2,12,93,6,463.464,2,12,4,2010,8,57,12,6,0,2,1,10,0,0,2,1,0,2,1,,,
201029101341,6,2,12,93,6,463.464,2,12,7,2010,22,24,12,6,0,2,3,10,0,0,2,1,0,2,1,,,
201029101342,6,2,12,93,6,463.464,2,12,2,2010,15,40,12,6,0,2,1,1,0,0,2,1,0,2,1,,,
201029101343,6,2,12,93,6,463.464,2,12,3,2010,11,45,12,2,0,2,1,1,0,0,2,1,0,2,1,,,
201029101344,6,2,8,93,6,94.563,2,12,6,2010,10,31,12,6,0,2,1,10,0,0,2,1,0,2,1,,,
201029101345,6,2,8,93,6,94.563,2,12,6,2010,10,47,12,1,0,2,1,10,0,0,2,1,0,2,1,,,
201029101348,6,2,8,93,6,94.563,3,12,2,2010,10,45,12,2,0,4,1,4,0,0,2,1,0,1,1,,,
201029101349,4,2,8,93,6,283.69,1,12,2,2010,17,30,24,0,0,2,1,10,0,0,2,1,0,8,1,,,
201029101352,4,2,8,93,6,283.69,2,12,5,2010,16,45,12,6,0,2,5,10,0,0,2,1,0,3,1,,,
201029101353,6,2,4,93,6,94.563,1,12,6,2010,15,45,30,0,0,1,1,11,0,0,2,8,0,1,4,,,
201029101354,6,2,4,93,6,94.563,2,12,2,2010,15,18,12,1,0,4,1,10,0,0,2,8,0,1,1,,,
201029101355,2,2,4,93,6,94.563,1,12,2,2010,19,35,24,0,0,2,1,1,0,0,2,8,0,8,1,,,
201029101356,2,2,4,93,6,94.563,2,12,3,2010,9,5,12,6,0,7,1,1,2,1,2,8,0,1,1,,,
201029101357,6,2,4,93,6,94.563,1,12,4,2010,7,29,58,0,0,1,1,10,0,0,2,8,0,1,4,,,
201029101359,6,2,4,93,6,94.563,1,12,5,2010,10,0,1,0,0,1,1,4,0,0,2,8,0,1,4,,,
201029101360,6,2,4,93,6,94.563,1,12,5,2010,13,12,73,0,0,1,1,4,0,0,2,8,0,1,4,,,
201029101361,6,2,4,93,6,94.563,1,12,7,2010,9,45,24,0,0,2,1,1,0,0,2,8,0,8,1,,,
201029101362,6,2,4,93,6,94.563,2,12,2,2010,11,40,12,1,0,2,1,4,1,1,2,8,0,2,1,,,
201029101363,6,2,4,93,6,94.563,1,12,2,2010,13,43,1,0,0,1,1,10,0,0,2,8,0,1,4,,,
201029101364,6,2,4,93,6,94.563,2,12,3,2010,8,29,45,0,0,1,1,10,0,0,2,8,1,1,1,,,
201029101365,4,2,4,93,6,283.69,2,12,1,2010,11,10,12,6,0,1,1,10,0,0,2,8,0,1,1,,,
201029101366,6,2,2,93,6,94.563,1,11,4,2010,14,38,1,0,1,19,1,1,0,0,2,8,0,1,4,,,
201029101368,4,2,2,93,6,283.69,2,12,4,2010,16,5,12,1,0,1,1,10,0,0,2,8,0,1,1,,,
201029101370,5,2,2,93,6,94.563,2,12,1,2010,13,15,12,2,0,2,1,1,1,8,2,8,0,2,1,,,
201029101371,6,2,2,93,6,94.563,1,12,5,2010,15,32,1,0,0,1,1,10,1,1,2,8,0,1,4,,,
201029101372,6,2,2,93,6,94.563,2,12,6,2010,13,13,12,6,0,1,1,4,1,1,2,8,0,1,1,,,
201029101373,5,2,2,93,6,94.563,2,12,1,2010,19,25,12,6,0,1,2,5,1,2,2,8,0,1,1,,,
201029101375,2,2,2,93,6,94.563,2,12,5,2010,9,45,12,6,0,2,1,5,0,0,2,8,0,2,1,,,
201029101376,6,2,2,93,6,94.563,1,12,5,2010,12,45,1,0,0,1,1,5,2,1,2,8,0,1,4,,,
201029101377,4,2,2,93,6,283.69,1,12,6,2010,11,45,73,0,1,19,1,3,0,0,2,8,0,1,3,,,
201029101378,6,2,5,93,6,94.563,1,12,6,2010,17,25,24,0,0,1,1,4,0,0,2,8,0,1,1,,,
201029101379,4,2,5,93,6,283.69,1,12,6,2010,18,0,24,0,0,1,2,10,0,0,2,8,0,1,1,,,
201029101380,6,2,5,93,6,94.563,2,12,7,2010,15,55,12,6,0,1,1,4,1,1,2,8,0,1,1,,,
201029101382,1,2,5,93,6,94.563,2,12,4,2010,12,47,12,6,0,1,1,10,3,4,2,8,0,1,1,,,
201029101383,6,2,5,93,6,94.563,1,12,1,2010,15,50,34,0,0,2,1,1,0,0,2,8,0,3,4,,,
201029101384,2,2,5,93,6,94.563,2,12,2,2010,12,10,45,0,0,1,1,4,0,0,2,8,1,1,1,,,
201029101386,4,2,6,93,6,283.69,1,12,6,2010,19,37,24,0,0,1,3,1,0,0,2,8,0,1,1,,,
201029101387,6,2,6,93,6,94.563,1,12,2,2010,11,53,59,0,0,1,1,4,0,0,2,8,0,1,4,,,
201029101390,4,2,6,93,6,283.69,1,12,5,2010,18,35,24,0,0,1,1,1,0,0,2,8,0,1,1,,,
201029101392,4,2,9,93,6,283.69,2,12,2,2010,16,1,12,1,0,4,1,1,1,1,2,1,0,1,1,,,
201029101394,6,2,9,93,6,94.563,2,12,3,2010,13,41,12,1,0,2,1,10,0,0,2,1,0,2,1,,,
201029101397,6,2,9,93,6,94.563,2,12,6,2010,8,7,14,0,0,2,1,1,0,0,2,1,1,2,7,,,
201029101398,6,2,9,93,6,94.563,2,12,2,2010,16,24,12,2,0,4,1,4,0,0,2,1,0,1,1,,,
201029101399,6,2,9,93,6,94.563,2,12,3,2010,15,47,12,1,0,2,1,1,0,0,2,1,0,2,1,,,
201029101400,6,2,9,93,6,94.563,2,12,4,2010,17,0,12,2,0,2,3,1,0,0,2,1,0,3,1,,,
201029101401,6,2,9,93,6,94.563,2,12,4,2010,17,0,12,6,0,2,3,1,0,0,2,1,0,2,1,,,
201029101402,5,2,9,93,6,94.563,2,12,5,2010,18,6,12,6,0,2,3,10,2,3,2,1,0,3,1,,,
201029101403,4,2,9,93,6,283.69,2,12,1,2010,9,43,12,9,0,1,1,10,0,0,2,1,0,1,1,,,
201029200378,4,4,1,95,11,297.087,2,1,1,2010,14,30,12,6,0,2,1,1,0,0,2,3,0,2,1,,,
201029200387,1,4,1,95,11,6.063,2,1,2,2010,8,59,12,6,0,2,1,1,3,2,2,3,0,2,1,,,
201029200425,3,4,1,95,11,18.189,3,1,4,2010,11,58,12,1,0,2,1,1,3,1,2,3,0,8,1,,,
201029200444,4,4,1,95,11,297.087,3,1,5,2010,12,50,12,7,0,2,1,1,0,0,2,3,0,2,1,,,
201029200463,6,4,1,95,11,127.323,2,1,6,2010,11,9,12,1,0,2,1,10,1,1,2,3,0,3,1,,,
201029200478,2,4,1,95,11,6.063,2,1,7,2010,18,34,12,1,0,1,5,1,1,1,2,3,0,1,1,,,
201029200486,5,4,1,95,11,60.63,2,1,4,2010,15,30,12,6,0,4,1,1,1,1,2,3,0,1,1,,,
201029200523,4,4,1,95,11,297.087,2,1,4,2010,14,57,12,6,0,2,1,1,1,3,2,3,0,2,1,,,
201029200559,6,4,1,95,11,127.323,4,1,6,2010,8,5,12,1,0,2,1,1,0,0,2,3,0,2,1,,,
201029200587,4,4,1,95,11,297.087,2,1,3,2010,9,47,12,1,0,2,1,2,0,0,2,3,0,8,1,,,
201029200650,2,4,1,95,11,6.063,3,1,6,2010,9,10,12,2,0,2,1,1,2,1,2,3,0,8,1,,,
201029200662,6,4,1,95,11,127.323,2,1,6,2010,18,17,12,1,0,4,3,4,1,1,1,3,0,1,1,,,
201029200665,3,4,1,95,11,18.189,1,1,4,2010,21,58,1,0,0,1,3,1,4,1,2,3,0,1,3,,,
201029200676,1,4,1,95,11,6.063,2,1,7,2010,18,37,12,6,0,2,3,1,3,3,2,3,0,2,1,,,
201029200736,4,4,2,95,11,294.055,2,1,7,2010,16,15,12,1,0,2,1,1,0,0,1,8,0,8,1,,,
201029200752,1,4,2,95,11,3.031,1,1,3,2010,6,44,1,0,0,1,4,2,3,1,2,8,0,1,4,,,
201029200780,6,4,2,95,11,130.355,1,1,5,2010,10,45,42,0,0,1,1,4,0,0,2,8,0,1,4,,,
201029200800,4,4,1,95,11,297.087,2,1,3,2010,12,39,12,1,0,2,1,1,0,0,2,3,0,8,1,,,
201029200811,5,4,1,95,11,60.63,4,1,3,2010,17,41,12,7,1,2,3,1,1,5,1,3,0,8,1,,,
201029200874,4,4,1,95,11,297.087,2,1,2,2010,17,15,12,7,0,1,1,1,0,0,2,3,0,1,1,,,
201029200881,5,4,1,95,11,60.63,3,1,4,2010,15,3,12,6,0,2,1,1,1,1,2,3,0,2,1,,,
201029200900,6,4,1,95,11,127.323,2,2,1,2010,14,18,12,1,0,1,1,2,2,1,2,3,0,1,1,,,
201029200995,5,4,2,95,11,57.599,1,2,2,2010,10,30,34,0,0,1,1,1,1,1,2,8,0,1,4,,,
201029201059,4,4,1,95,11,297.087,2,2,2,2010,10,55,12,7,0,1,1,1,0,0,2,3,0,1,1,,,
201029201083,2,4,1,95,11,6.063,2,2,3,2010,5,25,12,7,0,1,3,1,2,1,2,3,0,1,1,,,
201029201097,3,4,1,95,11,18.189,1,2,5,2010,21,0,21,0,0,2,3,1,3,1,2,3,0,8,1,,,
201029201099,6,4,1,95,11,127.323,2,2,5,2010,9,21,12,6,0,2,1,1,0,0,2,3,0,2,1,,,
201029201136,4,4,1,95,11,297.087,2,2,7,2010,13,2,12,1,0,2,1,1,0,0,2,3,0,8,1,,,
201029201175,2,4,4,95,11,3.031,2,1,4,2010,17,58,12,1,0,2,1,1,1,1,2,2,0,8,1,,,
201029201190,5,4,4,95,11,57.599,2,1,3,2010,18,46,12,2,0,2,3,1,1,1,2,2,0,2,1,,,
201029201220,3,4,2,95,11,18.189,2,1,6,2010,14,46,12,6,0,2,1,1,3,2,2,8,0,1,1,,,
201029201267,6,4,1,95,11,127.323,2,2,4,2010,19,7,12,6,0,4,3,1,0,0,2,3,0,1,1,,,
201029201294,5,4,1,95,11,60.63,2,2,2,2010,16,4,12,6,1,2,1,1,1,2,2,3,0,8,1,,,
201029201314,1,4,1,95,11,6.063,2,1,3,2010,12,25,12,6,0,2,1,1,3,1,2,3,0,2,1,,,
201029201315,2,4,1,95,11,6.063,2,2,1,2010,14,17,12,1,1,18,1,4,3,1,1,3,0,1,1,,,
201029201316,2,4,1,95,11,6.063,2,1,2,2010,16,35,12,6,0,2,1,1,1,1,2,3,0,8,1,,,
201029201336,4,4,1,95,11,297.087,2,1,6,2010,20,4,12,7,0,1,3,1,1,2,2,3,0,1,1,,,
201029201347,6,4,1,95,11,127.323,2,2,5,2010,0,25,41,0,0,1,3,1,2,1,1,3,0,1,4,,,
201029201415,1,4,1,95,11,6.063,2,2,5,2010,19,2,12,6,0,2,3,1,3,1,2,3,0,2,1,,,
201029201422,6,4,1,95,11,127.323,2,1,6,2010,6,40,12,6,1,2,4,1,3,2,2,3,0,8,1,,,
201029201435,4,4,1,95,11,297.087,2,1,2,2010,15,5,12,1,0,2,1,1,0,0,2,3,0,3,1,,,
201029201439,1,4,1,95,11,6.063,2,1,4,2010,13,10,12,2,0,2,1,1,3,2,2,3,0,3,1,,,
201029201440,2,4,1,95,11,6.063,2,1,2,2010,14,48,12,7,1,18,1,1,0,0,2,3,0,1,1,,,
201029201454,2,4,1,95,11,6.063,2,2,3,2010,8,57,12,1,0,2,1,1,0,0,2,3,0,8,1,,,
201029201536,2,4,2,95,11,3.031,2,2,4,2010,12,25,12,6,1,18,1,1,1,1,2,8,0,1,3,,,
201029201548,4,4,2,95,11,294.055,1,2,2,2010,6,30,25,0,1,18,4,4,0,0,2,8,0,1,3,,,
201029201655,4,4,1,95,11,297.087,3,2,6,2010,8,15,12,1,0,1,1,1,0,0,2,3,0,1,1,,,
201029201673,6,4,1,95,11,127.323,2,3,2,2010,17,13,12,1,0,1,1,1,1,1,2,3,0,1,1,,,
201029201691,2,4,1,95,11,6.063,2,3,3,2010,6,52,12,6,0,2,1,1,0,0,2,3,0,8,1,,,
201029201695,1,4,1,95,11,6.063,2,3,4,2010,14,47,2,0,0,1,1,2,3,2,2,3,0,1,1,,,
201029201717,4,4,1,95,11,297.087,2,3,5,2010,12,10,12,1,0,1,1,1,0,0,2,3,0,1,1,,,
201029201778,6,4,1,95,11,127.323,1,3,1,2010,2,51,30,0,0,1,3,1,0,0,1,3,0,1,3,,,
201029201784,4,4,1,95,11,297.087,2,3,1,2010,14,23,12,7,0,1,1,1,0,0,2,3,0,1,1,,,
201029201849,6,4,1,95,11,127.323,2,2,5,2010,23,0,12,6,0,2,6,4,0,0,1,3,0,2,1,,,
201029201870,1,4,1,95,11,6.063,1,2,5,2010,11,35,75,0,0,1,1,10,3,1,2,3,0,1,4,,,