CASENUM,STRATUM,REGION,PJ,PSU,PSUSTRAT,WEIGHT,VE_TOTAL,MONTH,WKDY_IM,YEAR,HOUR_IM,MINUTE_IM,EVENT1_IM,MANCOL_IM,RELJCT1_IM,RELJCT2_IM,LGTCON_IM,WEATHR_IM,MAXSEV_IM,NO_INJ_IM,ALCHL_IM,LAND_USE,PVH_INVL,TYP_INT,REL_ROAD,CF1,CF2,CF3
201029301318,1,3,7,47,8,89.572,2,9,4,2010,16,53,12,6,0,2,1,1,3,1,2,2,0,8,1,,,
201029301319,5,3,7,47,8,89.572,1,8,1,2010,17,24,33,0,0,1,1,2,2,1,2,2,0,1,4,,,
201029301320,5,3,7,47,8,89.572,1,9,4,2010,2,14,42,0,0,1,2,1,1,1,1,2,0,1,6,,,
201029301321,6,3,7,47,8,89.572,2,8,6,2010,15,56,12,2,0,2,1,10,0,0,2,2,0,8,1,,,
201029301322,6,3,7,47,8,89.572,2,8,7,2010,19,54,12,2,0,4,1,1,0,0,2,2,0,1,1,,,
201029301323,6,3,7,47,8,89.572,1,8,1,2010,17,24,59,0,0,1,1,2,0,0,2,2,0,1,3,,,
201029301324,6,3,7,47,8,89.572,1,8,1,2010,18,58,42,0,0,1,5,2,0,0,2,2,0,1,6,,,
201029301325,6,3,7,47,8,89.572,1,8,2,2010,12,6,74,0,1,2,1,1,0,0,2,2,0,8,4,,,
201029301326,6,3,7,47,8,89.572,1,8,2,2010,13,26,34,0,0,1,1,2,1,1,2,2,0,1,4,,,
201029301327,6,3,7,47,8,89.572,3,8,3,2010,10,51,12,1,0,2,1,1,0,0,2,2,0,8,1,,,
201029301331,4,3,7,47,8,268.715,2,9,6,2010,17,2,12,1,0,1,1,1,0,0,2,2,0,1,1,,,
201029301334,4,3,7,47,8,268.715,2,9,6,2010,20,53,12,1,0,2,3,1,0,0,2,2,0,8,1,,,
201029301336,6,3,7,47,8,89.572,1,9,7,2010,6,25,53,0,0,1,4,1,0,0,1,2,0,1,4,,,
201029301339,4,3,17,47,8,360.761,2,9,7,2010,10,43,12,1,0,2,1,1,0,0,2,1,0,2,1,,,
201029301342,4,3,17,47,8,360.761,2,9,5,2010,16,20,12,9,0,4,1,1,0,0,2,1,0,1,1,,,
201029301354,4,3,3,47,8,294.079,2,9,7,2010,4,10,12,6,0,2,1,1,0,0,2,1,0,3,1,,,
201029301365,3,3,3,47,8,19.605,2,9,1,2010,14,10,12,1,0,1,1,1,3,2,2,1,0,1,1,,,
201029301366,2,3,3,47,8,19.605,1,9,6,2010,13,13,1,0,1,5,1,1,0,0,2,1,0,1,1,,,
201029301367,1,3,3,47,8,19.605,2,9,7,2010,15,51,12,6,0,2,1,1,3,4,2,1,0,2,1,,,
201029301368,1,3,3,47,8,19.605,2,9,5,2010,3,15,12,6,0,2,1,1,2,3,2,1,0,2,1,,,
201029301369,1,3,3,47,8,19.605,2,9,4,2010,11,57,12,6,0,2,1,1,3,2,2,1,0,2,1,,,
201029301370,5,3,3,47,8,58.816,2,9,6,2010,10,30,12,6,0,1,1,1,2,2,2,1,0,1,1,,,
201029301374,6,3,3,47,8,137.237,2,9,7,2010,13,12,12,6,0,2,1,1,0,0,2,1,0,2,1,,,
201029301386,4,3,17,47,8,360.761,2,9,1,2010,16,12,12,1,0,4,1,1,0,0,2,1,0,1,1,,,
201029301388,4,3,17,47,8,360.761,2,9,2,2010,12,15,12,6,0,4,1,1,0,0,2,1,0,1,1,,,
201029301390,4,3,17,47,8,360.761,1,9,3,2010,17,30,24,0,0,1,1,1,0,0,2,1,0,1,1,,,
201029301392,4,3,17,47,8,360.761,2,9,3,2010,14,50,12,1,0,2,1,1,0,0,2,1,0,8,1,,,
201029301394,4,3,17,47,8,360.761,2,10,7,2010,13,35,12,1,0,2,1,1,0,0,2,1,0,3,1,,,
201029301396,1,3,17,47,8,180.38,1,9,3,2010,18,36,18,0,0,1,1,1,3,1,2,1,0,1,4,,,
201029301397,6,3,17,47,8,180.38,3,9,1,2010,15,35,12,1,0,1,1,10,2,2,2,1,0,1,1,,,
201029301400,4,3,17,47,8,360.761,2,10,6,2010,16,25,12,1,0,2,1,1,0,0,2,1,0,3,1,,,
201029301406,4,3,3,47,8,294.079,2,10,5,2010,13,2,12,6,0,2,1,1,0,0,2,1,0,3,1,,,
201029301415,5,3,3,47,8,58.816,2,10,2,2010,20,52,12,6,0,2,3,1,1,2,2,1,0,8,1,,,
201029301418,5,3,3,47,8,58.816,1,10,4,2010,10,45,1,0,0,1,1,2,5,2,2,1,0,1,4,,,
201029301420,6,3,3,47,8,137.237,2,10,5,2010,21,5,14,0,0,1,3,1,0,0,1,1,1,1,7,,,
201029301426,6,3,17,47,8,180.38,2,10,6,2010,19,12,12,6,0,4,3,1,0,0,2,1,0,1,1,,,
201029301427,6,3,17,47,8,180.38,1,10,4,2010,15,42,40,0,0,1,1,10,0,0,2,1,0,1,4,,,
201029301428,6,3,17,47,8,180.38,1,10,7,2010,22,22,1,0,0,1,3,1,0,0,2,1,0,1,4,,,
201029301430,4,3,17,47,8,360.761,2,11,6,2010,13,30,12,6,0,1,1,10,0,0,2,1,0,1,1,,,
201029301432,4,3,17,47,8,360.761,2,11,3,2010,7,0,12,1,0,1,1,2,0,0,2,1,0,1,1,,,
201029301433,6,3,17,47,8,180.38,1,11,3,2010,9,0,30,0,0,1,1,10,0,0,2,1,0,1,4,,,
201029301436,4,3,17,47,8,360.761,2,11,5,2010,5,35,12,1,0,2,4,10,0,0,1,1,0,3,1,,,
201029301438,2,3,17,47,8,180.38,1,10,4,2010,10,45,42,0,0,1,1,1,0,0,2,1,0,1,5,,,
201029301439,6,3,17,47,8,180.38,2,10,5,2010,7,0,12,1,0,1,1,10,0,0,2,1,0,1,1,,,
201029301440,6,3,17,47,8,180.38,2,11,4,2010,6,55,12,1,0,1,1,1,0,0,2,1,0,1,1,,,
201029301441,6,3,17,47,8,180.38,2,11,5,2010,14,18,12,1,0,4,1,1,0,0,2,1,0,1,1,,,
201029301442,6,3,17,47,8,180.38,2,11,2,2010,9,28,12,1,0,1,1,1,0,0,2,1,0,1,1,,,
201029301450,4,3,3,47,8,294.079,2,11,4,2010,10,0,12,1,0,2,1,1,0,0,2,1,0,3,1,,,
201029301457,1,3,3,47,8,19.605,2,11,3,2010,14,39,12,6,0,2,1,1,3,2,2,1,0,3,1,,,
201029301460,5,3,3,47,8,58.816,2,11,3,2010,17,50,12,6,0,2,3,2,1,2,2,1,0,2,1,,,
201029301465,4,3,17,47,8,360.761,2,11,3,2010,10,0,12,1,0,6,1,10,0,0,2,1,0,1,1,,,
201029301467,4,3,17,47,8,360.761,2,11,2,2010,16,49,12,1,0,2,5,2,0,0,2,1,0,2,1,,,
201029301470,6,3,17,47,8,180.38,2,11,1,2010,18,31,12,6,0,2,3,1,1,1,2,1,0,3,1,,,
201029301471,6,3,17,47,8,180.38,1,12,7,2010,1,28,25,0,0,2,3,1,0,0,2,1,0,3,4,,,
201029301473,4,3,17,47,8,360.761,2,12,7,2010,10,30,12,1,0,1,1,10,0,0,2,1,0,1,1,,,
201029301483,4,3,3,47,8,294.079,2,12,3,2010,7,45,12,1,0,1,1,1,0,0,2,1,0,1,1,,,
201029301490,1,3,3,47,8,19.605,2,12,5,2010,15,22,12,6,0,2,1,1,3,1,2,1,0,2,1,,,
201029301491,1,3,3,47,8,19.605,2,12,3,2010,10,29,12,6,0,4,1,1,3,1,2,1,0,1,1,,,
201029301494,5,3,3,47,8,58.816,2,12,6,2010,11,4,12,6,0,4,1,1,1,2,2,1,0,1,1,,,
201029301499,4,3,17,47,8,360.761,2,9,4,2010,7,0,12,1,0,1,1,1,0,0,2,1,0,1,1,,,
201029301501,4,3,17,47,8,360.761,2,11,4,2010,7,30,12,1,0,1,1,10,0,0,2,1,0,1,1,,,
201029301503,4,3,17,47,8,360.761,2,12,5,2010,7,50,12,8,0,1,1,1,0,0,2,1,0,1,1,,,
201029301505,4,3,17,47,8,360.761,2,12,6,2010,15,45,12,1,0,2,1,10,0,0,2,1,0,8,1,,,
201029301507,4,3,17,47,8,360.761,2,12,4,2010,6,45,12,1,0,1,1,1,0,0,2,1,0,1,1,,,
201029301509,4,3,17,47,8,360.761,1,12,4,2010,18,15,24,0,0,1,3,1,0,0,2,1,0,1,1,,,
201029301511,6,3,17,47,8,180.38,2,12,5,2010,18,20,12,6,0,2,1,1,0,0,2,1,0,3,1,,,
201029301512,6,3,17,47,8,180.38,2,12,6,2010,8,11,14,0,0,1,1,1,0,0,2,1,1,1,6,,,
201029301513,6,3,17,47,8,180.38,3,12,6,2010,14,19,12,1,0,1,1,1,0,0,2,1,0,1,1,,,
201029301515,1,3,17,47,8,180.38,2,12,3,2010,5,47,12,6,0,2,3,1,3,2,2,1,0,3,1,,,
201029301516,4,3,17,47,8,360.761,2,12,4,2010,20,10,12,1,0,6,1,1,0,0,2,1,0,1,1,,,
201029400379,2,3,1,50,8,4.602,1,1,7,2010,18,10,42,0,0,1,3,1,1,2,1,3,0,1,3,,,
201029400391,6,3,2,50,8,128.856,2,1,5,2010,6,23,12,7,0,1,3,3,0,0,2,3,0,1,1,,,
201029400399,5,3,2,50,8,59.826,2,1,4,2010,17,49,12,2,0,1,5,1,2,3,2,3,0,1,1,,,
201029400400,1,3,2,50,8,4.602,1,1,1,2010,4,55,1,0,0,1,2,1,3,3,1,3,0,1,1,,,
201029400415,1,3,2,50,8,4.602,1,1,4,2010,21,37,74,0,0,1,3,1,3,4,2,3,0,1,4,,,
201029400424,4,3,2,50,8,294.528,2,1,6,2010,2,0,14,0,0,1,2,1,0,0,2,3,1,1,7,,,
201029400457,3,3,1,50,8,18.408,1,1,5,2010,5,40,25,0,0,1,3,10,3,1,2,3,0,1,4,,,
201029400468,2,3,1,50,8,4.602,2,1,3,2010,14,19,12,6,0,1,1,1,3,2,2,3,0,1,1,,,
201029400483,5,3,7,50,8,54.708,1,1,5,2010,6,50,30,0,0,1,2,10,1,1,2,1,0,1,3,,,
201029400487,2,3,7,50,8,13.677,2,1,3,2010,13,5,12,2,0,1,1,1,0,0,2,1,0,1,1,,,
201029400490,3,3,7,50,8,13.677,3,1,6,2010,21,55,12,1,0,2,3,2,2,2,2,1,0,3,1,,,
201029400497,2,3,2,50,8,4.602,2,1,4,2010,12,13,12,6,0,2,1,10,1,1,2,3,0,2,1,,,
201029400500,3,3,2,50,8,18.408,2,1,5,2010,16,6,12,1,0,2,1,2,2,6,2,3,0,3,1,,,
201029400508,6,3,5,50,8,128.856,3,1,7,2010,12,46,12,1,0,2,1,1,1,1,2,3,0,1,1,,,
201029400528,1,3,5,50,8,4.602,3,1,2,2010,8,25,12,6,0,2,1,1,3,1,2,3,0,2,1,,,
201029400556,2,3,1,50,8,4.602,2,1,4,2010,8,4,12,6,0,4,1,10,2,1,2,3,0,1,1,,,
201029400558,6,3,1,50,8,128.856,2,1,4,2010,18,17,12,1,0,1,2,10,1,1,2,3,0,1,1,,,
201029400563,5,3,1,50,8,59.826,1,1,7,2010,6,58,30,0,0,1,3,10,2,1,2,3,0,1,3,,,
201029400576,3,3,5,50,8,18.408,2,1,6,2010,11,18,12,6,0,2,1,1,2,1,2,3,0,2,1,,,
201029400584,2,3,5,50,8,4.602,2,1,4,2010,23,41,12,7,0,1,3,10,0,0,2,3,0,1,1,,,
201029400591,2,3,2,50,8,4.602,2,1,6,2010,22,41,12,6,0,2,3,2,0,0,1,3,0,2,1,,,
201029400594,1,3,2,50,8,4.602,2,1,4,2010,21,20,14,0,0,1,3,1,3,2,1,3,1,1,2,,,
201029400597,6,3,2,50,8,128.856,2,1,6,2010,12,27,30,0,0,2,1,1,0,0,2,3,1,8,5,,,
201029400628,3,3,2,50,8,18.408,1,1,1,2010,19,38,21,0,0,2,3,1,2,1,1,3,0,2,1,,,
201029400643,1,3,2,50,8,4.602,2,1,6,2010,22,25,12,6,0,2,3,2,3,2,2,3,0,2,1,,,
201029400648,6,3,2,50,8,128.856,2,1,7,2010,23,33,12,1,0,1,2,1,2,1,1,3,0,1,1,,,
201029400657,2,3,1,50,8,4.602,3,1,5,2010,9,44,12,1,0,1,1,1,1,1,2,3,0,1,1,,,
201029400689,1,3,3,50,8,4.602,2,1,4,2010,17,10,12,6,0,2,1,1,3,2,2,3,0,2,1,,,
201029400692,1,3,3,50,8,4.602,2,1,5,2010,12,25,12,6,0,2,1,1,3,2,2,3,0,2,1,,,
201029400710,1,3,3,50,8,4.602,1,1,3,2010,18,8,19,0,0,2,3,1,3,1,2,3,0,8,5,,,
201029400713,3,3,3,50,8,18.408,2,1,4,2010,17,20,12,1,0,2,3,10,2,1,1,3,0,2,1,,,
201029400715,2,3,3,50,8,4.602,2,1,5,2010,18,33,12,6,0,2,2,10,1,1,1,3,0,2,1,,,
201029400719,1,3,3,50,8,4.602,1,1,6,2010,7,18,30,0,0,1,1,10,3,5,2,3,0,1,4,,,
201029400732,2,3,5,50,8,4.602,2,1,3,2010,16,25,12,7,0,1,1,1,3,1,2,3,0,1,1,,,
201029400735,4,3,5,50,8,294.528,2,1,1,2010,14,23,12,6,0,2,1,10,1,1,2,3,0,2,1,,,
201029400762,1,3,2,50,8,4.602,2,1,7,2010,8,36,75,0,0,1,1,10,3,2,2,3,0,1,3,,,
201029400769,5,3,2,50,8,59.826,2,1,2,2010,7,0,12,7,0,1,1,1,2,1,2,3,0,1,1,,,
201029400790,3,3,7,50,8,13.677,1,1,5,2010,16,15,30,0,0,1,1,1,2,1,1,1,0,1,3,,,
201029400791,6,3,7,50,8,136.771,7,1,3,2010,8,42,12,1,0,1,1,1,1,2,2,1,0,1,1,,,
201029400802,5,3,7,50,8,54.708,2,1,6,2010,8,40,12,6,0,4,1,2,2,1,2,1,0,1,1,,,
201029400811,4,3,1,50,8,294.528,2,1,1,2010,22,13,12,7,1,17,2,1,0,0,2,3,0,1,1,,,
201029400814,3,3,1,50,8,18.408,1,1,4,2010,13,34,31,0,0,1,1,1,2,1,2,3,0,1,4,,,
201029400819,2,3,1,50,8,4.602,2,1,4,2010,18,52,12,7,0,1,2,1,1,1,2,3,0,1,1,,,
201029400845,1,3,1,50,8,4.602,2,1,1,2010,12,28,12,6,0,2,1,1,3,2,2,3,0,2,1,,,
201029400860,5,3,1,50,8,59.826,2,2,4,2010,15,0,12,6,0,4,1,2,1,2,2,3,0,3,1,,,
201029400890,6,3,4,50,8,128.856,2,1,2,2010,15,40,12,6,0,4,1,4,0,0,2,3,0,1,1,,,
201029400914,2,3,4,50,8,4.602,2,1,3,2010,10,50,12,7,0,1,1,1,2,1,2,3,0,1,1,,,
201029400933,2,3,2,50,8,4.602,2,2,4,2010,5,56,12,1,0,1,3,1,1,1,2,3,0,1,1,,,
201029400935,3,3,2,50,8,18.408,2,2,4,2010,15,37,12,1,0,2,1,2,2,1,2,3,0,2,1,,,
201029400940,1,3,2,50,8,4.602,2,2,5,2010,15,58,12,6,0,2,1,2,3,2,2,3,0,3,1,,,
201029400947,1,3,2,50,8,4.602,2,2,3,2010,10,47,12,6,0,2,1,10,3,2,2,3,0,2,1,,,
201029400956,6,3,2,50,8,128.856,2,1,6,2010,17,1,12,1,0,1,1,2,0,0,2,3,0,1,1,,,
201029400962,3,3,5,50,8,18.408,2,2,1,2010,11,29,12,6,0,4,1,10,2,1,2,3,0,1,1,,,
201029400964,5,3,5,50,8,59.826,2,2,6,2010,15,28,12,1,0,1,1,1,2,1,2,3,0,1,1,,,
201029400976,3,3,5,50,8,18.408,2,2,6,2010,19,25,12,1,0,1,3,1,2,1,2,3,0,1,1,,,
201029400984,6,3,5,50,8,128.856,2,2,5,2010,19,0,12,6,0,4,3,2,2,2,2,3,0,1,1,,,
201029400992,6,3,1,50,8,128.856,2,2,1,2010,14,49,12,6,0,2,1,10,0,0,2,3,0,2,1,,,
201029400997,2,3,1,50,8,4.602,2,2,2,2010,9,35,12,7,0,1,1,2,0,0,2,3,0,1,1,,,
201029401020,2,3,1,50,8,4.602,2,2,6,2010,11,37,74,0,0,1,1,10,2,1,2,3,0,1,4,,,
201029401029,5,3,10,50,8,76.393,2,1,7,2010,13,55,12,1,0,2,1,1,1,3,2,2,0,2,1,,,
201029401030,4,3,10,50,8,305.572,2,1,7,2010,13,55,12,6,0,2,1,1,0,0,2,2,0,3,1,,,
201029401033,6,3,10,50,8,114.59,2,1,3,2010,9,0,12,6,0,2,1,1,0,0,2,2,0,2,1,,,
201029401039,5,3,10,50,8,76.393,3,1,4,2010,7,51,12,6,0,2,1,10,2,2,2,2,0,2,1,,,
201029401042,6,3,10,50,8,114.59,2,1,6,2010,21,25,12,1,0,1,3,1,0,0,2,2,0,1,1,,,
201029401045,6,3,10,50,8,114.59,1,1,1,2010,4,54,30,0,0,1,3,1,2,1,2,2,0,1,3,,,
201029401046,1,3,10,50,8,38.197,1,1,1,2010,22,38,34,0,0,1,3,1,3,1,2,2,0,1,4,,,
201029401050,4,3,10,50,8,305.572,2,1,7,2010,10,20,14,0,0,4,1,4,0,0,2,2,1,1,7,,,
201029401052,6,3,3,50,8,128.856,1,1,7,2010,7,52,25,0,0,1,4,2,1,1,2,3,0,1,3,,,
201029401055,2,3,3,50,8,4.602,3,1,7,2010,13,11,12,7,0,1,1,1,2,1,2,3,0,1,1,,,
201029401062,4,3,3,50,8,294.528,2,1,3,2010,8,9,12,7,0,1,1,1,0,0,2,3,0,1,1,,,
201029401069,3,3,3,50,8,18.408,1,1,6,2010,8,5,21,0,0,2,1,1,2,2,2,3,0,2,1,,,
201029401091,2,3,3,50,8,4.602,3,1,5,2010,17,6,12,7,0,1,5,1,0,0,2,3,0,1,1,,,
201029401100,5,3,3,50,8,59.826,1,1,7,2010,8,40,39,0,0,1,1,10,1,1,2,3,0,1,4,,,
201029401104,6,3,7,50,8,136.771,4,1,3,2010,8,42,12,1,0,1,1,1,1,1,2,1,0,1,1,,,
201029401115,5,3,7,50,8,54.708,3,2,4,2010,11,20,12,6,0,2,1,11,2,1,2,1,0,2,1,,,
201029401162,4,3,2,50,8,294.528,2,2,2,2010,8,15,25,0,0,1,1,2,0,0,2,3,0,1,3,,,
201029401194,3,3,2,50,8,18.408,2,2,6,2010,15,58,12,7,0,1,1,4,2,1,2,3,0,1,1,,,
201029401204,5,3,2,50,8,59.826,2,2,6,2010,12,34,12,6,0,1,1,10,1,1,2,3,0,1,1,,,
201029401206,3,3,2,50,8,18.408,2,2,6,2010,16,27,18,0,0,1,1,10,2,2,2,3,0,1,1,,,
201029401227,2,3,2,50,8,4.602,2,2,6,2010,16,19,12,1,0,2,1,1,0,0,2,3,0,3,1,,,
201029401233,6,3,2,50,8,128.856,1,2,5,2010,20,1,25,0,0,2,3,4,2,1,2,3,0,3,3,,,
201029401235,1,3,2,50,8,4.602,2,2,2,2010,10,44,12,6,0,2,1,1,3,2,2,3,0,2,1,,,
201029401254,2,3,1,50,8,4.602,1,1,5,2010,14,46,74,0,0,1,1,2,0,0,2,3,0,1,3,,,
201029401274,1,3,1,50,8,4.602,2,2,1,2010,4,20,12,6,0,1,2,10,4,5,2,3,0,1,1,,,
201029401278,3,3,1,50,8,18.408,1,2,2,2010,19,29,22,0,0,1,3,1,2,1,2,3,0,1,1,,,
201029401279,5,3,1,50,8,59.826,1,2,2,2010,21,10,42,0,0,1,3,1,1,1,1,3,0,1,3,,,
201029401294,5,3,4,50,8,59.826,2,1,1,2010,3,51,12,1,0,1,3,1,2,2,2,3,0,1,1,,,
201029401318,3,3,4,50,8,18.408,2,1,5,2010,16,9,12,1,0,1,1,1,2,1,2,3,0,1,1,,,
201029401322,2,3,4,50,8,4.602,4,1,6,2010,17,38,12,1,0,1,1,1,0,0,2,3,0,1,1,,,
201029401342,6,3,4,50,8,128.856,2,1,4,2010,11,34,12,6,0,2,1,10,1,1,2,3,0,2,1,,,
201029401350,2,3,4,50,8,4.602,2,1,5,2010,22,33,74,0,0,1,3,2,0,0,2,3,0,1,4,,,
201029401358,4,3,4,50,8,294.528,2,1,7,2010,13,50,12,1,0,1,1,10,1,1,2,3,0,1,1,,,
201029401371,1,3,2,50,8,4.602,6,2,4,2010,8,59,12,1,0,1,1,1,3,2,2,3,0,1,1,,,
201029401375,3,3,2,50,8,18.408,2,2,1,2010,9,28,12,6,0,4,1,2,2,2,2,3,0,1,1,,,
201029401399,1,3,2,50,8,4.602,2,2,6,2010,8,6,12,6,0,2,1,10,3,3,2,3,0,2,1,,,
201029401406,6,3,2,50,8,128.856,2,2,1,2010,1,2,14,0,0,1,2,1,0,0,2,3,1,1,7,,,
201029401423,5,3,5,50,8,59.826,2,2,5,2010,14,11,12,7,0,2,1,1,2,1,2,3,0,2,1,,,
201029401430,4,3,1,50,8,294.528,2,2,4,2010,0,15,12,6,0,2,3,1,0,0,2,3,0,8,1,,,
201029401434,2,3,1,50,8,4.602,2,2,5,2010,18,40,12,1,0,1,3,4,1,1,2,3,0,1,1,,,
201029401451,6,3,1,50,8,128.856,2,2,7,2010,15,0,12,6,0,2,1,10,1,2,2,3,0,2,1,,,
201029401467,1,3,1,50,8,4.602,1,2,1,2010,2,12,42,0,0,2,3,1,3,2,2,3,0,2,6,,,
201029401481,2,3,3,50,8,4.602,2,2,6,2010,10,49,12,7,0,1,1,10,3,1,2,3,0,1,1,,,
201029401515,3,3,3,50,8,18.408,1,2,1,2010,22,39,25,0,0,1,3,1,2,1,2,3,0,1,3,,,
201029401516,1,3,3,50,8,4.602,1,2,2,2010,0,0,72,0,0,1,3,1,3,1,2,3,0,1,4,,,
201029401518,6,3,3,50,8,128.856,3,2,2,2010,5,58,12,8,0,1,3,1,1,1,2,3,0,1,1,,,
201029401535,2,3,2,50,8,4.602,2,3,3,2010,11,49,12,6,0,2,1,1,3,1,2,3,0,2,1,,,
201029401545,4,3,2,50,8,294.528,2,3,3,2010,8,33,30,0,0,1,1,1,0,0,2,3,0,1,3,,,
201029401556,5,3,2,50,8,59.826,1,2,7,2010,1,37,30,0,0,1,2,1,2,1,2,3,0,1,3,,,
201029401588,2,3,2,50,8,4.602,2,2,7,2010,0,10,12,6,0,2,3,1,0,0,1,3,0,2,1,,,
201029401608,6,3,5,50,8,128.856,2,2,7,2010,12,25,12,6,0,2,1,1,2,1,2,3,0,8,1,,,
201029401613,4,3,7,50,8,300.895,2,2,2,2010,18,45,12,6,0,2,3,1,0,0,2,1,0,2,1,,,
201029401645,2,3,1,50,8,4.602,2,3,2,2010,3,2,12,6,0,1,2,2,1,1,2,3,0,1,1,,,
201029401674,5,3,4,50,8,59.826,2,2,6,2010,8,14,12,1,0,2,1,10,1,1,2,3,0,2,1,,,
201029401689,3,3,4,50,8,18.408,1,2,2,2010,2,25,33,0,0,1,3,2,2,1,1,3,0,1,4,,,
201029401718,6,3,4,50,8,128.856,1,2,6,2010,8,51,42,0,0,1,1,10,0,0,2,3,0,1,5,,,
201029401748,6,3,2,50,8,128.856,2,3,1,2010,16,52,12,6,0,4,1,2,0,0,2,3,0,1,1,,,
201029401755,2,3,2,50,8,4.602,3,3,5,2010,13,39,12,6,0,2,1,1,0,0,2,3,0,3,1,,,
201029401768,3,3,2,50,8,18.408,2,3,3,2010,20,32,12,7,0,1,3,1,2,2,2,3,0,1,1,,,
201029401785,3,3,5,50,8,18.408,2,3,3,2010,20,20,12,1,0,2,3,1,2,1,2,3,0,2,1,,,
201029401794,5,3,7,50,8,54.708,1,2,7,2010,10,55,30,0,0,1,1,1,2,1,2,1,0,1,3,,,
201029401801,6,3,7,50,8,136.771,2,3,5,2010,9,50,12,6,0,4,1,1,0,0,2,1,0,1,1,,,
201029401806,3,3,7,50,8,13.677,1,3,3,2010,17,31,21,0,0,2,1,10,3,1,2,1,0,2,1,,,
201029401812,1,3,7,50,8,13.677,1,3,1,2010,11,47,25,0,0,1,1,2,3,2,2,1,0,1,3,,,
201029401813,2,3,7,50,8,13.677,2,3,2,2010,13,16,12,6,0,2,1,2,0,0,2,1,0,2,1,,,
201029401820,5,3,1,50,8,59.826,2,3,4,2010,14,20,12,2,0,2,1,1,1,2,2,3,0,2,1,,,
201029401821,2,3,1,50,8,4.602,4,3,5,2010,10,32,12,1,0,1,1,1,2,2,2,3,0,1,1,,,
201029401822,3,3,1,50,8,18.408,2,3,6,2010,8,11,12,6,0,2,1,1,2,1,2,3,0,2,1,,,
201029401824,1,3,1,50,8,4.602,1,3,6,2010,10,43,19,0,1,19,1,1,4,2,2,3,0,1,5,,,
201029401838,6,3,1,50,8,128.856,2,3,3,2010,12,35,12,1,0,1,1,1,1,1,2,3,0,1,1,,,
201029401867,4,3,3,50,8,294.528,2,2,1,2010,19,15,14,0,0,1,3,10,0,0,2,3,1,1,7,,,
201029401883,1,3,3,50,8,4.602,3,2,1,2010,10,21,12,7,0,1,1,1,3,4,1,3,0,1,1,,,
201029401898,1,3,5,50,8,4.602,2,3,2,2010,19,33,12,6,0,4,5,1,3,1,2,3,0,1,1,,,
201029401905,1,3,5,50,8,4.602,1,3,5,2010,23,39,42,0,0,1,3,1,4,2,1,3,0,1,3,,,
201029401909,4,3,5,50,8,294.528,2,3,6,2010,17,49,12,6,0,4,1,1,0,0,2,3,0,1,1,,,
201029401950,4,3,1,50,8,294.528,2,3,1,2010,21,30,12,1,0,1,3,1,1,1,2,3,0,1,1,,,
201029401952,1,3,1,50,8,4.602,1,3,2,2010,1,35,30,0,0,2,3,1,3,3,1,3,0,4,4,,,
201029401961,2,3,1,50,8,4.602,2,3,5,2010,11,16,12,7,0,1,1,1,2,2,2,3,0,1,1,,,
201029401989,2,3,4,50,8,4.602,2,2,4,2010,7,55,12,7,1,17,1,1,0,0,2,3,0,1,1,,,
201029402007,5,3,4,50,8,59.826,2,2,2,2010,15,26,54,11,0,1,1,10,2,3,2,3,0,1,1,,,
201029402012,6,3,4,50,8,128.856,2,2,3,2010,16,34,12,6,0,4,1,10,0,0,2,3,0,1,1,,,
201029402017,2,3,4,50,8,4.602,2,2,4,2010,7,55,33,0,0,1,1,1,0,0,2,3,1,1,4,,,
201029402022,3,3,4,50,8,18.408,2,2,5,2010,8,38,12,6,0,4,1,1,2,1,2,3,0,1,1,,,
201029402035,4,3,4,50,8,294.528,2,2,1,2010,11,18,12,1,0,1,1,1,1,2,2,3,0,1,1,,,
201029402040,3,3,10,50,8,38.197,3,2,4,2010,8,48,12,1,0,2,1,10,2,2,2,2,0,3,1,,,
201029402041,3,3,10,50,8,38.197,2,2,4,2010,14,4,12,1,0,2,1,2,2,1,2,2,0,3,1,,,
201029402042,5,3,10,50,8,76.393,1,2,4,2010,18,9,30,0,0,1,3,2,2,1,2,2,0,1,4,,,
201029402049,6,3,10,50,8,114.59,1,2,5,2010,17,47,1,0,0,1,5,4,0,0,2,2,0,1,4,,,
201029402054,6,3,10,50,8,114.59,2,2,5,2010,9,14,14,0,0,1,1,4,0,0,2,2,1,1,4,,,
201029402055,1,3,10,50,8,38.197,1,2,6,2010,20,50,42,0,0,2,3,10,3,1,1,2,0,3,4,,,
201029402058,4,3,10,50,8,305.572,2,2,3,2010,6,24,12,8,0,1,4,10,0,0,2,2,0,1,1,,,
201029402059,5,3,10,50,8,76.393,2,2,4,2010,7,51,12,2,0,2,1,1,2,1,2,2,0,2,1,,,
201029402060,2,3,10,50,8,38.197,2,2,4,2010,15,46,12,6,0,2,1,1,1,2,2,2,0,3,1,,,
201029402068,5,3,10,50,8,76.393,2,2,7,2010,12,33,12,6,0,4,1,1,2,3,2,2,0,1,1,,,
201029402088,3,3,5,50,8,18.408,2,3,6,2010,13,15,12,6,0,2,1,1,2,1,2,3,0,2,1,,,
201029402099,6,3,7,50,8,136.771,1,3,1,2010,9,14,25,0,0,1,1,10,2,1,2,1,0,1,3,,,