CASENUM,STRATUM,REGION,PJ,PSU,PSUSTRAT,WEIGHT,VE_TOTAL,MONTH,WKDY_IM,YEAR,HOUR_IM,MINUTE_IM,EVENT1_IM,MANCOL_IM,RELJCT1_IM,RELJCT2_IM,LGTCON_IM,WEATHR_IM,MAXSEV_IM,NO_INJ_IM,ALCHL_IM,LAND_USE,PVH_INVL,TYP_INT,REL_ROAD,CF1,CF2,CF3
201029402106,2,3,2,50,8,4.602,2,3,5,2010,4,6,12,1,0,1,3,1,0,0,2,3,0,1,1,,,
201029402107,3,3,2,50,8,18.408,2,3,5,2010,6,40,12,6,0,2,3,1,2,3,2,3,0,2,1,,,
201029402120,6,3,2,50,8,128.856,2,3,1,2010,0,49,12,1,0,2,3,11,2,1,2,3,0,2,1,,,
201029402126,2,3,2,50,8,4.602,2,3,1,2010,10,5,12,7,0,1,1,4,0,0,2,3,0,1,1,,,
201029402127,2,3,2,50,8,4.602,3,3,1,2010,11,25,12,7,0,1,1,4,0,0,2,3,0,1,1,,,
201029402149,2,3,2,50,8,4.602,2,3,7,2010,2,5,12,7,0,1,2,1,0,0,1,3,0,1,1,,,
201029402163,4,3,2,50,8,294.528,2,3,3,2010,16,29,12,1,0,2,1,1,0,0,2,3,0,2,1,,,
201029402180,6,3,2,50,8,128.856,2,3,1,2010,20,18,12,6,0,2,2,1,0,0,2,3,0,3,1,,,
201029402190,3,3,2,50,8,18.408,2,3,1,2010,11,35,12,1,0,2,1,2,2,1,2,3,0,2,1,,,
201029402195,5,3,2,50,8,59.826,2,3,1,2010,16,42,12,1,0,1,1,2,1,1,2,3,0,1,1,,,
201029402197,2,3,2,50,8,4.602,2,3,1,2010,19,20,12,7,1,18,3,10,0,0,2,3,0,1,1,,,
201029402203,2,3,2,50,8,4.602,2,3,7,2010,14,57,12,7,0,1,1,1,2,1,2,3,0,1,1,,,
201029402214,6,3,5,50,8,128.856,1,4,6,2010,0,55,33,0,0,2,3,1,1,1,2,3,0,8,4,,,
201029402236,1,3,5,50,8,4.602,1,3,2,2010,23,53,30,0,0,1,2,1,3,2,1,3,0,1,3,,,
201029402242,2,3,2,50,8,4.602,2,3,2,2010,9,15,12,6,0,2,1,1,0,0,2,3,0,7,1,,,
201029402272,6,3,2,50,8,128.856,2,3,2,2010,14,39,12,2,0,1,1,1,1,2,2,3,0,1,1,,,
201029402303,3,3,1,50,8,18.408,3,3,3,2010,14,26,12,1,0,2,1,1,2,2,2,3,0,2,1,,,
201029402308,1,3,1,50,8,4.602,2,3,6,2010,15,48,12,6,0,2,1,1,3,2,2,3,0,2,1,,,
201029402315,3,3,1,50,8,18.408,1,3,1,2010,7,0,72,0,0,5,4,10,2,1,2,3,0,1,4,,,
201029402317,2,3,1,50,8,4.602,2,3,1,2010,7,40,12,6,0,1,4,4,2,1,2,3,0,1,1,,,
201029402321,6,3,1,50,8,128.856,1,3,1,2010,20,8,25,0,0,5,1,10,0,0,1,3,0,1,4,,,
201029402342,5,3,1,50,8,59.826,2,3,6,2010,17,50,12,6,0,1,1,1,1,4,2,3,0,1,1,,,
201029402354,3,3,1,50,8,18.408,2,3,1,2010,16,8,12,1,0,2,1,1,2,1,2,3,0,8,1,,,
201029402359,2,3,1,50,8,4.602,2,3,2,2010,8,22,12,2,0,1,1,1,1,1,2,3,0,1,1,,,
201029402397,1,3,3,50,8,4.602,2,3,2,2010,1,53,12,2,0,1,3,2,4,3,1,3,0,1,1,,,
201029402399,2,3,3,50,8,4.602,2,3,2,2010,9,40,12,6,0,2,1,10,1,1,2,3,0,2,1,,,
201029402406,2,3,3,50,8,4.602,2,3,6,2010,2,50,12,2,1,5,2,1,0,0,1,3,0,1,1,,,
201029402420,3,3,2,50,8,18.408,1,3,7,2010,20,30,22,0,0,2,3,1,2,1,2,3,0,2,1,,,
201029402427,5,3,5,50,8,59.826,2,4,5,2010,8,44,12,6,0,2,1,1,2,1,2,3,0,8,1,,,
201029402451,3,3,5,50,8,18.408,1,3,4,2010,20,4,21,0,0,2,3,2,4,1,2,3,0,8,1,,,
201029402476,2,3,1,50,8,4.602,2,4,6,2010,16,20,12,1,0,1,1,1,1,1,2,3,0,1,1,,,
201029402480,2,3,1,50,8,4.602,2,4,7,2010,4,30,12,1,0,1,3,1,2,1,2,3,0,1,1,,,
201029402493,5,3,1,50,8,59.826,2,4,3,2010,12,20,12,1,0,2,1,1,2,1,2,3,0,2,1,,,
201029402522,1,3,4,50,8,4.602,1,3,1,2010,14,6,25,0,0,1,1,2,3,1,2,3,0,1,4,,,
201029402525,2,3,4,50,8,4.602,2,3,2,2010,11,15,12,6,0,2,1,2,0,0,2,3,0,3,1,,,
201029402538,2,3,4,50,8,4.602,2,3,7,2010,10,45,12,6,0,2,1,1,1,1,2,3,0,2,1,,,
201029402546,5,3,4,50,8,59.826,2,3,2,2010,8,35,12,6,0,2,1,1,3,1,2,3,0,2,1,,,
201029402547,6,3,4,50,8,128.856,2,3,2,2010,9,7,12,6,0,2,1,1,0,0,2,3,0,2,1,,,
201029402560,3,3,5,50,8,18.408,1,4,2,2010,23,35,1,0,0,1,3,1,2,1,1,3,0,1,3,,,
201029402583,1,3,2,50,8,4.602,2,3,3,2010,12,27,12,2,0,2,1,1,3,3,2,3,0,2,1,,,
201029402593,5,3,2,50,8,59.826,3,4,1,2010,17,57,12,1,0,1,1,1,2,1,2,3,0,1,1,,,
201029402605,1,3,1,50,8,4.602,2,3,1,2010,5,5,12,6,0,1,2,3,3,1,2,3,0,1,1,,,
201029402609,2,3,1,50,8,4.602,2,4,4,2010,13,21,25,0,0,1,1,10,3,1,2,3,0,1,3,,,
201029402610,6,3,1,50,8,128.856,2,4,4,2010,19,10,14,0,0,1,1,1,1,1,2,3,1,1,7,,,
201029402623,1,3,1,50,8,4.602,1,4,7,2010,0,34,30,0,0,1,3,1,3,2,2,3,0,1,4,,,
201029402625,4,3,1,50,8,294.528,2,4,7,2010,9,57,12,7,0,1,1,1,0,0,2,3,0,1,1,,,
201029402635,1,3,1,50,8,4.602,6,4,2,2010,8,23,12,1,0,1,1,1,3,3,2,3,0,1,1,,,
201029402646,2,3,3,50,8,4.602,2,3,4,2010,19,33,12,7,1,5,3,1,1,1,2,3,0,1,1,,,
201029402649,5,3,3,50,8,59.826,2,3,5,2010,8,1,12,6,0,2,1,1,1,2,2,3,0,4,1,,,
201029402655,6,3,3,50,8,128.856,2,3,6,2010,23,29,12,6,0,2,6,1,1,1,2,3,0,8,1,,,
201029402664,2,3,3,50,8,4.602,3,3,1,2010,9,20,25,0,0,1,1,4,1,2,2,3,0,1,3,,,
201029402672,3,3,3,50,8,18.408,1,3,3,2010,16,47,22,0,0,4,1,1,3,1,2,3,0,1,1,,,
201029402674,1,3,3,50,8,4.602,1,3,4,2010,19,56,42,0,0,1,2,2,3,1,2,3,0,1,4,,,
201029402676,1,3,3,50,8,4.602,1,3,4,2010,21,33,25,0,0,1,3,2,3,2,2,3,0,1,3,,,
201029402696,4,3,3,50,8,294.528,2,3,4,2010,18,37,12,1,1,2,1,1,0,0,2,3,0,2,1,,,
201029402711,6,3,5,50,8,128.856,2,4,6,2010,6,30,12,6,0,2,1,1,0,0,2,3,0,2,1,,,
201029402722,3,3,2,50,8,18.408,1,4,6,2010,17,7,33,0,0,1,1,1,2,1,2,3,0,1,4,,,
201029402725,6,3,2,50,8,128.856,2,4,6,2010,12,5,12,6,0,2,1,10,2,2,2,3,0,2,1,,,
201029402729,2,3,2,50,8,4.602,3,4,5,2010,12,37,12,7,0,1,1,1,3,1,2,3,1,1,1,,,
201029402758,4,3,2,50,8,294.528,2,4,7,2010,14,56,12,6,0,4,1,1,0,0,2,3,0,1,1,,,
201029402768,2,3,7,50,8,13.677,2,3,3,2010,13,57,30,0,0,1,1,1,2,1,2,1,0,1,4,,,
201029402771,6,3,7,50,8,136.771,2,3,7,2010,20,40,12,6,0,2,3,1,0,0,2,1,0,2,1,,,
201029402776,5,3,7,50,8,54.708,1,4,2,2010,13,52,33,0,0,1,1,1,2,1,2,1,0,1,3,,,
201029402782,3,3,7,50,8,13.677,3,3,2,2010,18,5,12,1,0,1,1,1,3,2,2,1,0,1,1,,,
201029402789,2,3,1,50,8,4.602,2,4,2,2010,12,34,12,1,0,1,1,1,1,3,2,3,0,1,1,,,
201029402794,3,3,1,50,8,18.408,1,4,3,2010,17,54,22,0,0,4,1,1,2,1,2,3,0,1,1,,,
201029402799,2,3,1,50,8,4.602,2,4,5,2010,2,39,12,1,0,1,6,1,3,2,1,3,0,1,1,,,
201029402837,3,3,1,50,8,18.408,1,4,3,2010,11,15,33,0,0,1,1,10,2,1,2,3,0,1,4,,,
201029402845,2,3,1,50,8,4.602,2,4,5,2010,23,1,25,0,0,1,6,10,1,1,2,3,0,1,3,,,
201029402857,1,3,4,50,8,4.602,3,3,3,2010,14,32,12,6,0,2,1,10,3,1,2,3,0,2,1,,,
201029402935,6,3,10,50,8,114.59,2,3,4,2010,19,5,12,1,0,1,3,1,0,0,2,2,0,1,1,,,
201029402939,4,3,10,50,8,305.572,2,3,6,2010,1,4,14,0,0,1,3,10,0,0,2,2,1,1,7,,,
201029402945,6,3,10,50,8,114.59,2,3,6,2010,20,39,12,6,0,2,3,10,1,1,2,2,0,2,1,,,
201029402948,5,3,10,50,8,76.393,2,3,3,2010,9,42,12,6,0,2,1,1,2,1,2,2,0,2,1,,,
201029402952,3,3,10,50,8,38.197,1,3,6,2010,7,57,30,0,0,1,1,1,2,1,1,2,0,1,4,,,
201029402954,3,3,10,50,8,38.197,2,3,6,2010,15,16,12,1,0,2,1,1,2,2,2,2,0,2,1,,,
201029402956,4,3,10,50,8,305.572,2,3,1,2010,14,24,12,1,0,1,1,1,0,0,2,2,0,1,1,,,
201029402961,6,3,10,50,8,114.59,2,3,4,2010,15,55,12,1,0,1,1,1,0,0,2,2,0,1,1,,,
201029402974,5,3,5,50,8,59.826,2,4,7,2010,13,59,12,6,0,2,1,1,2,1,2,3,0,2,1,,,
201029402980,3,3,7,50,8,13.677,2,4,7,2010,18,39,12,1,0,1,1,1,2,1,2,1,0,1,1,,,
201029402982,4,3,7,50,8,300.895,2,4,4,2010,16,19,12,1,0,1,1,1,1,1,2,1,0,1,1,,,
201029402998,2,3,2,50,8,4.602,2,4,4,2010,11,10,12,1,0,2,1,1,0,0,2,3,0,2,1,,,
201029403007,1,3,2,50,8,4.602,3,4,5,2010,14,46,12,6,0,2,1,1,2,3,2,3,0,2,1,,,
201029403027,6,3,2,50,8,128.856,2,4,4,2010,14,5,12,6,0,2,1,1,0,0,2,3,0,2,1,,,
201029403036,3,3,2,50,8,18.408,2,4,5,2010,18,2,12,1,0,2,1,1,2,2,2,3,0,2,1,,,
201029403051,2,3,1,50,8,4.602,2,4,4,2010,2,52,12,1,0,1,3,10,0,0,1,3,0,1,1,,,
201029403053,6,3,1,50,8,128.856,2,4,1,2010,23,4,14,0,0,1,3,10,0,0,1,3,1,1,7,,,
201029403065,3,3,1,50,8,18.408,2,4,6,2010,18,6,12,6,0,2,1,1,2,1,2,3,0,2,1,,,
201029403085,2,3,3,50,8,4.602,3,4,5,2010,16,19,12,1,0,1,1,1,1,3,2,3,0,1,1,,,
201029403098,3,3,3,50,8,18.408,2,4,7,2010,14,56,12,7,0,1,1,1,2,4,2,3,0,1,1,,,
201029403103,1,3,3,50,8,4.602,1,4,1,2010,14,45,72,0,0,1,1,10,3,1,2,3,0,1,3,,,
201029403129,1,3,3,50,8,4.602,1,4,1,2010,19,16,31,0,0,1,3,1,4,2,2,3,0,1,4,,,
201029403132,2,3,3,50,8,4.602,2,4,2,2010,18,45,12,1,0,1,1,1,0,0,2,3,0,1,1,,,
201029403141,2,3,3,50,8,4.602,2,4,5,2010,8,44,12,1,1,18,1,10,2,1,2,3,0,1,1,,,
201029403144,2,3,3,50,8,4.602,2,4,5,2010,10,26,12,1,1,18,1,10,1,3,2,3,0,1,1,,,
201029403150,3,3,5,50,8,18.408,1,5,5,2010,19,30,22,0,0,2,1,10,2,1,2,3,0,2,1,,,
201029403181,4,3,5,50,8,294.528,1,4,7,2010,18,45,38,0,0,2,1,2,0,0,2,3,0,2,5,,,
201029403186,1,3,2,50,8,4.602,2,4,2,2010,20,38,12,6,0,2,3,1,3,3,2,3,0,2,1,,,
201029403217,6,3,2,50,8,128.856,2,4,6,2010,16,36,12,1,0,1,1,1,0,0,2,3,0,1,1,,,
201029403230,5,3,2,50,8,59.826,2,4,1,2010,18,14,12,6,0,2,1,1,2,1,2,3,0,2,1,,,
201029403232,2,3,2,50,8,4.602,2,4,3,2010,13,4,12,6,0,2,1,1,2,1,2,3,0,2,1,,,
201029403242,2,3,2,50,8,4.602,2,4,4,2010,10,50,12,6,0,4,1,1,1,1,2,3,0,1,1,,,
201029403278,3,3,1,50,8,18.408,1,5,1,2010,14,22,21,0,0,1,1,1,2,1,2,3,0,1,1,,,
201029403279,4,3,1,50,8,294.528,2,5,1,2010,14,50,12,2,0,2,1,1,1,1,2,3,0,2,1,,,
201029403288,4,3,4,50,8,294.528,2,4,5,2010,8,53,54,11,0,1,1,1,0,0,2,3,0,1,1,,,
201029403298,3,3,4,50,8,18.408,1,4,7,2010,12,56,21,0,0,1,1,1,2,1,2,3,0,1,1,,,
201029403299,5,3,4,50,8,59.826,2,4,7,2010,17,50,12,2,0,2,1,1,2,2,2,3,0,2,1,,,
201029403343,2,3,4,50,8,4.602,2,4,2,2010,11,41,12,6,0,4,1,1,1,1,2,3,0,1,1,,,
201029403385,3,3,2,50,8,18.408,2,5,3,2010,18,39,12,7,0,1,1,1,2,2,2,3,0,1,1,,,
201029403396,6,3,2,50,8,128.856,1,5,5,2010,3,45,18,0,0,1,3,1,0,0,1,3,0,1,2,,,
201029403413,1,3,2,50,8,4.602,1,5,1,2010,4,28,30,0,0,2,3,2,3,1,2,3,0,2,4,,,
201029403422,4,3,2,50,8,294.528,2,5,7,2010,3,4,12,1,0,2,3,1,0,0,2,3,0,2,1,,,
201029403424,1,3,2,50,8,4.602,1,5,7,2010,2,23,30,0,0,1,3,1,3,2,1,3,0,1,3,,,
201029403433,1,3,2,50,8,4.602,1,5,7,2010,20,20,1,0,0,1,5,1,3,1,2,3,0,1,4,,,
201029403448,5,3,1,50,8,59.826,2,5,7,2010,21,31,12,6,0,2,1,1,2,1,2,3,0,2,1,,,
201029403457,6,3,1,50,8,128.856,2,5,5,2010,18,30,12,6,0,2,1,1,0,0,2,3,0,3,1,,,
201029403476,3,3,1,50,8,18.408,2,5,1,2010,11,52,12,7,0,1,1,10,2,2,2,3,0,1,1,,,
201029403482,2,3,1,50,8,4.602,2,5,2,2010,11,8,12,7,0,1,1,1,1,1,2,3,0,1,1,,,
201029403484,2,3,1,50,8,4.602,2,5,2,2010,17,15,12,7,0,1,1,10,0,0,2,3,0,1,1,,,
201029403494,3,3,3,50,8,18.408,1,4,7,2010,19,3,22,0,0,2,1,1,2,1,2,3,0,3,1,,,
201029403501,2,3,3,50,8,4.602,2,4,1,2010,15,6,12,6,1,17,3,2,2,1,2,3,0,1,1,,,
201029403503,5,3,3,50,8,59.826,1,4,2,2010,2,56,30,0,0,1,3,1,1,1,2,3,0,1,3,,,
201029403505,2,3,3,50,8,4.602,2,4,2,2010,14,8,12,7,0,1,1,1,1,1,2,3,0,1,1,,,
201029403513,6,3,3,50,8,128.856,2,4,3,2010,15,37,12,1,0,1,1,1,0,0,2,3,0,1,1,,,
201029403516,1,3,3,50,8,4.602,2,4,4,2010,14,7,12,1,1,17,1,1,3,5,2,3,0,1,1,,,
201029403524,2,3,3,50,8,4.602,2,4,6,2010,9,33,12,6,0,2,1,10,3,1,2,3,0,2,1,,,
201029403539,1,3,3,50,8,4.602,6,4,5,2010,0,26,53,0,0,1,3,1,4,2,1,3,5,1,4,,,
201029403554,6,3,5,50,8,128.856,2,5,5,2010,5,30,14,0,0,1,1,1,0,0,2,3,1,1,7,,,
201029403559,6,3,7,50,8,136.771,1,4,5,2010,13,30,74,0,0,1,1,1,0,0,2,1,0,1,4,,,
201029403563,3,3,7,50,8,13.677,2,4,3,2010,18,0,12,6,0,2,1,1,2,1,2,1,0,3,1,,,
201029403567,1,3,7,50,8,13.677,1,5,1,2010,14,55,39,0,0,1,1,1,3,1,1,1,0,1,4,,,
201029403572,2,3,7,50,8,13.677,2,5,1,2010,3,21,12,7,0,1,3,10,0,0,1,1,0,1,1,,,
201029403577,2,3,7,50,8,13.677,5,5,5,2010,16,29,12,1,0,1,1,10,1,4,2,1,0,1,1,,,
201029403589,5,3,2,50,8,59.826,3,5,1,2010,9,5,12,6,0,2,1,1,2,1,2,3,0,4,1,,,
201029403590,3,3,2,50,8,18.408,1,5,6,2010,19,36,15,0,0,1,1,1,3,1,2,3,0,1,5,,,
201029403605,3,3,2,50,8,18.408,3,5,3,2010,18,20,12,1,0,2,1,1,2,2,2,3,0,2,1,,,
201029403608,6,3,2,50,8,128.856,3,5,4,2010,4,31,14,0,0,1,3,1,1,1,2,3,2,1,7,,,
201029403615,2,3,1,50,8,4.602,2,5,5,2010,10,43,12,6,0,2,1,1,1,1,2,3,0,2,1,,,
201029403626,1,3,1,50,8,4.602,1,5,6,2010,19,37,20,0,1,18,5,10,3,1,1,3,0,1,8,,,
201029403630,2,3,1,50,8,4.602,2,5,7,2010,6,47,12,6,0,1,4,10,1,1,2,3,0,1,1,,,
201029403636,2,3,1,50,8,4.602,3,5,1,2010,17,53,25,0,0,1,1,1,1,2,2,3,0,1,3,,,
201029403644,2,3,1,50,8,4.602,2,5,3,2010,13,35,12,1,0,2,1,1,1,2,2,3,0,3,1,,,
201029403645,2,3,1,50,8,4.602,3,5,3,2010,16,9,12,1,0,1,1,1,1,1,2,3,0,1,1,,,
201029403664,3,3,4,50,8,18.408,1,4,1,2010,2,10,34,0,0,1,3,2,2,1,2,3,0,1,4,,,
201029403665,6,3,4,50,8,128.856,1,4,1,2010,2,50,30,0,0,1,3,2,0,0,2,3,0,1,4,,,
201029403701,4,3,4,50,8,294.528,2,4,6,2010,10,30,14,0,0,1,1,2,0,0,2,3,1,1,7,,,
201029403703,5,3,4,50,8,59.826,1,4,7,2010,9,13,74,0,0,1,1,10,1,1,2,3,0,1,4,,,
201029403732,1,3,4,50,8,4.602,1,4,6,2010,6,7,74,0,0,1,3,1,3,1,2,3,0,1,4,,,
201029403736,2,3,4,50,8,4.602,3,4,6,2010,18,36,12,7,1,18,1,10,2,1,2,3,0,1,1,,,
201029403739,3,3,10,50,8,38.197,1,4,7,2010,12,34,33,0,0,1,1,10,4,2,2,2,0,1,4,,,
201029403744,5,3,10,50,8,76.393,2,4,5,2010,15,14,12,6,0,2,1,1,2,3,2,2,0,2,1,,,
201029403748,5,3,10,50,8,76.393,2,4,1,2010,12,12,12,6,0,2,1,10,2,3,2,2,0,2,1,,,
201029403751,3,3,10,50,8,38.197,3,4,3,2010,14,43,12,6,0,4,1,1,2,1,2,2,0,1,1,,,
201029403752,3,3,10,50,8,38.197,2,4,6,2010,12,19,12,1,0,2,1,10,2,1,2,2,0,2,1,,,
201029403753,4,3,10,50,8,305.572,2,4,7,2010,19,24,12,6,0,4,1,2,0,0,2,2,0,1,1,,,
201029403756,5,3,10,50,8,76.393,1,4,2,2010,23,53,30,0,0,2,3,1,2,1,2,2,0,3,3,,,
201029403757,6,3,10,50,8,114.59,2,4,3,2010,7,49,12,7,0,1,1,1,2,1,2,2,0,1,1,,,
201029403764,2,3,5,50,8,4.602,2,5,6,2010,7,20,12,7,0,1,1,10,2,1,2,3,0,1,1,,,
201029403768,3,3,5,50,8,18.408,1,5,5,2010,19,30,33,0,0,1,1,10,2,1,2,3,0,1,4,,,
201029403789,3,3,1,50,8,18.408,1,5,4,2010,5,48,21,0,1,18,4,1,4,1,2,3,0,1,1,,,
201029403803,6,3,1,50,8,128.856,2,5,6,2010,13,26,12,6,0,2,1,1,0,0,2,3,0,2,1,,,
201029403809,3,3,1,50,8,18.408,1,5,7,2010,9,44,21,0,0,2,1,10,2,1,2,3,0,2,1,,,
201029403832,5,3,1,50,8,59.826,2,5,5,2010,15,25,12,6,1,18,1,10,2,3,2,3,0,1,1,,,
201029403836,3,3,3,50,8,18.408,1,5,1,2010,18,16,21,0,0,2,1,1,2,1,2,3,0,2,1,,,
201029403838,2,3,3,50,8,4.602,2,5,2,2010,9,41,12,7,0,1,1,1,1,1,2,3,0,1,1,,,
201029403852,3,3,3,50,8,18.408,2,5,4,2010,14,9,12,1,0,2,1,1,2,1,2,3,0,8,1,,,
201029403862,4,3,3,50,8,294.528,2,5,6,2010,15,37,12,6,0,2,1,1,0,0,2,3,0,2,1,,,
201029403881,2,3,3,50,8,4.602,2,5,5,2010,13,50,12,1,0,4,1,1,0,0,2,3,0,1,1,,,
201029403890,6,3,3,50,8,128.856,1,5,6,2010,20,42,39,0,0,2,2,2,0,0,2,3,0,3,4,,,
201029403900,5,3,5,50,8,59.826,4,6,4,2010,8,40,12,6,0,2,1,1,1,3,2,3,0,2,1,,,
201029403915,3,3,5,50,8,18.408,1,5,6,2010,7,51,21,0,0,2,1,1,2,1,2,3,0,2,1,,,
201029403924,2,3,7,50,8,13.677,2,5,4,2010,13,40,12,6,0,4,1,1,1,1,2,1,0,1,1,,,
201029403925,6,3,7,50,8,136.771,1,5,4,2010,1,40,30,0,0,2,3,1,0,0,2,1,0,8,4,,,
201029403926,5,3,7,50,8,54.708,2,5,6,2010,14,18,12,6,0,2,1,1,2,1,2,1,0,3,1,,,
201029403948,3,3,2,50,8,18.408,2,5,7,2010,12,0,12,7,0,1,1,10,3,2,2,3,0,1,1,,,
201029403960,1,3,2,50,8,4.602,1,5,1,2010,1,54,39,0,1,19,3,1,4,1,1,3,0,1,4,,,
201029403964,3,3,2,50,8,18.408,1,5,1,2010,12,21,22,0,0,1,1,1,2,1,2,3,0,1,1,,,
201029403966,1,3,2,50,8,4.602,1,5,2,2010,3,21,33,0,1,5,2,1,3,2,2,3,0,1,4,,,
201029403993,3,3,2,50,8,18.408,2,5,7,2010,10,2,12,7,0,1,1,1,2,1,2,3,0,1,1,,,
201029404009,1,3,2,50,8,4.602,2,5,3,2010,19,7,77,0,1,18,1,1,3,2,2,3,0,1,10,,,
201029404040,4,3,1,50,8,294.528,2,5,1,2010,21,2,12,1,0,2,3,1,0,0,1,3,0,8,1,,,
201029404058,1,3,4,50,8,4.602,2,5,3,2010,14,23,12,6,0,2,1,1,3,3,2,3,0,2,1,,,
201029404065,2,3,4,50,8,4.602,2,5,5,2010,10,15,12,1,0,1,1,10,0,0,2,3,0,1,1,,,
201029404066,3,3,4,50,8,18.408,2,5,5,2010,11,55,12,6,0,2,1,1,2,1,2,3,0,3,1,,,
201029404067,6,3,4,50,8,128.856,2,5,5,2010,12,8,12,6,0,4,1,1,0,0,2,3,0,1,1,,,
201029404068,2,3,4,50,8,4.602,2,5,5,2010,14,26,12,1,0,2,1,1,1,1,2,3,0,2,1,,,
201029404100,2,3,4,50,8,4.602,2,5,6,2010,14,39,12,6,1,18,1,2,0,0,2,3,0,1,1,,,
201029404130,6,3,2,50,8,128.856,2,5,1,2010,11,50,12,1,0,2,1,1,0,0,2,3,0,2,1,,,
201029404132,2,3,2,50,8,4.602,2,5,4,2010,13,17,12,6,0,2,1,1,0,0,2,3,0,2,1,,,
201029404133,2,3,2,50,8,4.602,2,5,5,2010,6,44,12,7,0,1,4,1,0,0,2,3,0,1,1,,,
201029404137,3,3,2,50,8,18.408,3,5,5,2010,15,56,12,6,0,4,1,1,2,1,2,3,0,1,1,,,
201029404142,1,3,2,50,8,4.602,2,5,5,2010,20,3,12,6,0,2,2,1,3,2,2,3,0,2,1,,,
201029404156,4,3,2,50,8,294.528,2,5,7,2010,21,23,12,1,1,18,3,1,0,0,2,3,0,1,1,,,
201029404159,1,3,2,50,8,4.602,2,5,1,2010,3,48,12,1,1,2,3,1,3,1,2,3,0,4,1,,,
201029404178,2,3,1,50,8,4.602,2,6,3,2010,13,15,12,6,0,4,1,1,1,1,2,3,0,1,1,,,
201029404187,6,3,1,50,8,128.856,2,6,1,2010,16,15,12,6,0,2,1,1,0,0,2,3,0,2,1,,,
201029404191,2,3,1,50,8,4.602,2,6,2,2010,10,25,12,6,0,1,1,2,1,1,2,3,0,1,1,,,
201029404213,1,3,1,50,8,4.602,2,6,5,2010,18,25,12,6,0,2,1,1,3,2,1,3,0,2,1,,,
201029404217,5,3,1,50,8,59.826,2,6,6,2010,10,53,12,6,0,1,1,10,2,1,2,3,0,1,1,,,
201029404224,3,3,1,50,8,18.408,2,6,7,2010,16,24,12,6,0,4,1,1,2,1,2,3,0,1,1,,,
201029404229,2,3,3,50,8,4.602,2,5,1,2010,8,13,12,7,1,18,1,10,3,2,2,3,0,1,1,,,
201029404231,3,3,3,50,8,18.408,2,5,1,2010,19,42,12,1,0,1,1,1,2,1,1,3,0,1,1,,,
201029404247,1,3,3,50,8,4.602,1,5,6,2010,7,35,38,0,0,1,1,10,3,1,2,3,0,1,5,,,
201029404248,5,3,3,50,8,59.826,2,5,6,2010,8,46,12,6,1,2,1,10,2,2,2,3,0,3,1,,,
201029404263,1,3,3,50,8,4.602,1,5,2,2010,11,37,30,0,0,1,1,1,3,1,2,3,0,1,4,,,
201029404278,3,3,3,50,8,18.408,2,5,6,2010,1,7,12,6,0,2,2,1,2,1,2,3,0,3,1,,,
201029404296,2,3,7,50,8,13.677,2,6,5,2010,11,0,12,6,0,2,1,1,0,0,2,1,0,2,1,,,
201029404307,2,3,7,50,8,13.677,2,6,2,2010,17,1,12,6,0,4,1,1,0,0,2,1,0,1,1,,,
201029404315,3,3,5,50,8,18.408,2,6,3,2010,6,55,12,6,0,4,1,1,2,1,2,3,0,1,1,,,
201029404317,1,3,5,50,8,4.602,3,6,2,2010,15,0,12,6,0,2,1,10,3,1,2,3,0,2,1,,,
201029404319,6,3,5,50,8,128.856,2,6,7,2010,16,34,12,1,0,1,1,1,2,3,2,3,0,1,1,,,
201029404344,1,3,2,50,8,4.602,3,6,4,2010,14,6,12,1,0,2,1,1,3,1,2,3,0,2,1,,,
201029404348,1,3,2,50,8,4.602,1,6,5,2010,2,35,1,0,1,19,3,1,4,2,1,3,0,1,4,,,
201029404353,3,3,2,50,8,18.408,2,6,5,2010,14,33,12,6,0,2,1,10,2,1,2,3,0,3,1,,,
201029404356,2,3,2,50,8,4.602,2,6,6,2010,7,32,12,7,0,1,1,1,2,1,2,3,0,1,1,,,
201029404358,6,3,2,50,8,128.856,2,6,6,2010,11,18,12,6,0,2,1,1,2,1,1,3,0,2,1,,,
201029404360,2,3,2,50,8,4.602,2,6,6,2010,13,58,12,6,0,2,1,1,1,1,2,3,0,8,1,,,
201029404396,2,3,1,50,8,4.602,2,6,2,2010,12,38,12,7,0,1,1,1,1,1,2,3,0,1,1,,,
201029404398,1,3,1,50,8,4.602,2,6,2,2010,14,36,12,6,0,2,1,1,3,2,2,3,0,2,1,,,
201029404430,3,3,1,50,8,18.408,2,6,3,2010,13,37,12,7,0,1,1,10,2,1,2,3,0,1,1,,,
201029404445,2,3,4,50,8,4.602,2,5,2,2010,12,22,12,6,0,7,1,1,0,0,2,3,0,1,1,,,
201029404447,5,3,4,50,8,59.826,2,5,2,2010,17,0,12,6,0,2,1,2,1,1,2,3,0,3,1,,,
201029404465,2,3,4,50,8,4.602,2,5,5,2010,21,3,12,1,0,1,2,1,0,0,2,3,0,1,1,,,
201029404477,1,3,4,50,8,4.602,2,5,1,2010,4,25,12,6,0,2,3,10,3,1,2,3,0,2,1,,,
201029404481,3,3,4,50,8,18.408,1,5,2,2010,17,44,22,0,0,1,1,1,2,1,2,3,0,1,1,,,
201029404487,6,3,4,50,8,128.856,2,5,3,2010,23,1,14,0,0,1,3,1,0,0,1,3,1,1,7,,,
201029404492,1,3,4,50,8,4.602,2,5,6,2010,0,56,12,1,0,1,3,1,3,2,1,3,0,1,1,,,