CASENUM,STRATUM,REGION,PJ,PSU,PSUSTRAT,WEIGHT,VE_TOTAL,MONTH,WKDY_IM,YEAR,HOUR_IM,MINUTE_IM,EVENT1_IM,MANCOL_IM,RELJCT1_IM,RELJCT2_IM,LGTCON_IM,WEATHR_IM,MAXSEV_IM,NO_INJ_IM,ALCHL_IM,LAND_USE,PVH_INVL,TYP_INT,REL_ROAD,CF1,CF2,CF3
201029406922,3,3,2,50,8,18.408,1,9,7,2010,14,2,1,0,0,1,1,1,2,1,2,3,0,1,1,,,
201029406930,5,3,2,50,8,59.826,2,9,1,2010,21,56,12,6,0,2,3,1,1,2,2,3,0,2,1,,,
201029406951,2,3,2,50,8,4.602,2,9,5,2010,16,24,12,7,0,1,1,1,0,0,2,3,0,1,1,,,
201029406953,4,3,2,50,8,294.528,2,9,5,2010,23,2,12,6,0,2,3,1,0,0,2,3,0,2,1,,,
201029406975,6,3,2,50,8,128.856,3,9,2,2010,16,36,12,1,0,2,1,1,0,0,2,3,0,2,1,,,
201029406980,3,3,3,50,8,18.408,1,9,5,2010,0,30,74,0,0,1,3,1,2,1,2,3,0,1,4,,,
201029407002,3,3,3,50,8,18.408,2,9,3,2010,6,12,12,1,0,1,3,2,3,1,2,3,0,1,1,,,
201029407008,6,3,3,50,8,128.856,2,9,3,2010,18,7,12,1,1,5,1,10,1,2,2,3,0,1,1,,,
201029407048,2,3,1,50,8,4.602,2,9,5,2010,17,41,12,7,1,5,1,1,1,1,2,3,0,1,1,,,
201029407049,2,3,1,50,8,4.602,2,9,6,2010,9,52,12,6,0,2,1,1,1,1,2,3,0,2,1,,,
201029407051,2,3,1,50,8,4.602,2,9,6,2010,15,29,12,7,1,18,1,1,1,2,2,3,0,1,1,,,
201029407056,2,3,1,50,8,4.602,2,9,2,2010,19,50,12,7,0,1,3,2,0,0,2,3,0,1,1,,,
201029407061,3,3,1,50,8,18.408,1,9,1,2010,10,14,30,0,0,1,1,1,2,1,2,3,0,1,4,,,
201029407066,2,3,1,50,8,4.602,2,9,4,2010,3,45,12,1,0,1,3,1,0,0,2,3,0,1,1,,,
201029407077,1,3,1,50,8,4.602,2,9,7,2010,0,9,14,0,0,1,2,10,3,2,1,3,1,1,2,,,
201029407123,5,3,5,50,8,59.826,2,10,3,2010,14,33,12,6,0,4,1,1,1,2,2,3,0,1,1,,,
201029407131,4,3,5,50,8,294.528,2,10,6,2010,21,33,14,0,0,1,2,1,0,0,1,3,1,1,7,,,
201029407135,2,3,5,50,8,4.602,2,10,6,2010,10,40,12,6,0,2,1,1,1,1,2,3,0,2,1,,,
201029407141,3,3,5,50,8,18.408,1,8,1,2010,21,35,21,0,0,1,3,1,3,1,2,3,0,1,1,,,
201029407143,1,3,5,50,8,4.602,1,9,3,2010,21,45,59,0,0,2,3,1,3,1,2,3,0,2,4,,,
201029407154,1,3,2,50,8,4.602,1,9,4,2010,7,29,42,0,0,1,1,1,3,1,2,3,0,1,4,,,
201029407168,3,3,2,50,8,18.408,2,9,5,2010,18,46,12,1,1,2,1,1,2,2,2,3,0,2,1,,,
201029407213,1,3,4,50,8,4.602,1,9,6,2010,21,59,1,0,0,2,3,1,3,1,1,3,0,3,1,,,
201029407220,5,3,4,50,8,59.826,2,9,1,2010,15,29,12,6,0,2,1,1,2,1,2,3,0,3,1,,,
201029407239,2,3,4,50,8,4.602,2,9,4,2010,11,49,12,7,0,4,1,2,0,0,2,3,0,1,1,,,
201029407245,4,3,4,50,8,294.528,2,9,6,2010,19,10,12,6,0,1,1,1,0,0,2,3,0,1,1,,,
201029407265,3,3,4,50,8,18.408,1,9,3,2010,0,30,1,0,0,2,3,1,3,1,2,3,0,3,1,,,
201029407280,6,3,1,50,8,128.856,2,9,4,2010,8,40,12,6,0,2,1,1,0,0,2,3,0,2,1,,,
201029407299,2,3,1,50,8,4.602,2,10,2,2010,20,55,25,0,0,1,3,1,0,0,2,3,0,1,3,,,
201029407309,1,3,1,50,8,4.602,1,10,5,2010,2,11,59,0,0,2,3,1,3,1,1,3,0,2,3,,,
201029407312,5,3,1,50,8,59.826,2,10,5,2010,13,9,12,6,0,2,1,1,2,5,2,3,0,2,1,,,
201029407324,2,3,7,50,8,13.677,3,9,4,2010,8,59,12,1,0,2,1,1,2,2,2,1,0,8,1,,,
201029407327,1,3,7,50,8,13.677,1,9,2,2010,14,30,42,0,0,2,1,1,3,1,2,1,0,2,6,,,
201029407338,1,3,7,50,8,13.677,2,10,5,2010,17,58,12,6,0,2,1,1,3,1,2,1,0,8,1,,,
201029407386,5,3,3,50,8,59.826,1,9,1,2010,2,42,74,0,0,1,3,2,2,1,2,3,0,1,4,,,
201029407390,2,3,3,50,8,4.602,2,9,3,2010,9,15,12,7,0,2,1,1,2,1,2,3,0,8,1,,,
201029407395,4,3,3,50,8,294.528,1,9,5,2010,10,24,59,0,1,5,1,10,0,0,2,3,0,1,8,,,
201029407404,2,3,3,50,8,4.602,2,9,7,2010,7,36,12,6,0,1,4,2,2,1,2,3,0,1,1,,,
201029407406,3,3,3,50,8,18.408,1,9,7,2010,7,52,59,0,0,1,1,2,2,1,2,3,0,1,4,,,
201029407415,6,3,3,50,8,128.856,2,9,1,2010,5,49,14,0,0,1,2,5,0,0,1,3,1,1,7,,,
201029407424,2,3,3,50,8,4.602,2,9,4,2010,8,41,12,7,0,1,1,1,1,1,2,3,0,1,1,,,
201029407432,4,3,1,50,8,294.528,3,10,6,2010,8,15,12,1,0,1,1,1,0,0,2,3,0,1,1,,,
201029407438,2,3,1,50,8,4.602,2,10,6,2010,2,32,1,0,1,18,3,1,4,1,2,3,0,1,1,,,
201029407441,3,3,1,50,8,18.408,1,10,6,2010,19,17,22,0,0,2,1,1,2,1,2,3,0,2,1,,,
201029407452,2,3,1,50,8,4.602,2,10,2,2010,17,35,12,1,0,1,1,1,1,1,2,3,0,1,1,,,
201029407461,2,3,1,50,8,4.602,2,10,5,2010,16,0,12,1,0,1,1,1,1,1,2,3,0,1,1,,,
201029407473,3,3,5,50,8,18.408,1,10,3,2010,17,56,1,0,0,2,1,1,3,1,2,3,0,2,1,,,
201029407488,6,3,5,50,8,128.856,2,10,3,2010,16,51,12,1,0,1,1,1,0,0,2,3,0,1,1,,,
201029407499,6,3,2,50,8,128.856,2,9,6,2010,22,30,12,1,0,2,3,1,0,0,1,3,0,2,1,,,
201029407501,3,3,2,50,8,18.408,2,9,2,2010,18,45,12,7,0,2,1,1,2,1,2,3,0,8,1,,,
201029407518,2,3,2,50,8,4.602,2,10,3,2010,12,19,12,2,0,1,1,1,1,1,2,3,0,1,1,,,
201029407526,2,3,2,50,8,4.602,2,10,4,2010,9,58,12,6,0,2,1,1,0,0,2,3,0,3,1,,,
201029407567,6,3,1,50,8,128.856,1,10,7,2010,6,38,75,0,0,1,3,1,0,0,1,3,0,1,4,,,
201029407600,3,3,1,50,8,18.408,1,10,5,2010,22,14,75,0,1,5,3,1,3,1,1,3,0,1,8,,,
201029407607,1,3,1,50,8,4.602,1,10,7,2010,7,50,25,0,0,1,1,10,3,1,2,3,0,1,4,,,
201029407617,6,3,4,50,8,128.856,2,9,6,2010,8,44,12,6,0,2,1,1,1,1,2,3,0,2,1,,,
201029407668,2,3,4,50,8,4.602,2,9,4,2010,14,38,12,7,0,1,1,1,1,1,2,3,0,1,1,,,
201029407670,3,3,4,50,8,18.408,2,9,5,2010,7,54,12,1,0,1,1,1,2,3,2,3,0,1,1,,,
201029407671,1,3,4,50,8,4.602,2,9,5,2010,14,3,12,6,0,4,1,1,3,3,2,3,0,1,1,,,
201029407680,5,3,5,50,8,59.826,2,10,4,2010,16,41,12,2,0,4,1,1,2,2,2,3,0,1,1,,,
201029407699,2,3,2,50,8,4.602,3,10,5,2010,6,55,12,6,0,2,1,1,0,0,2,3,0,3,1,,,
201029407721,1,3,10,50,8,38.197,2,9,4,2010,18,58,12,2,0,2,5,2,3,4,2,2,0,3,1,,,
201029407725,6,3,10,50,8,114.59,3,9,3,2010,7,46,12,1,0,2,1,2,0,0,2,2,0,2,1,,,
201029407727,5,3,10,50,8,76.393,2,9,3,2010,14,46,12,6,0,2,1,2,1,3,2,2,0,2,1,,,
201029407729,6,3,10,50,8,114.59,2,9,5,2010,11,42,12,6,0,2,1,1,1,2,2,2,0,2,1,,,
201029407730,4,3,10,50,8,305.572,3,9,7,2010,12,51,12,1,0,7,1,10,0,0,2,2,0,1,1,,,
201029407732,3,3,10,50,8,38.197,2,9,4,2010,15,19,14,0,0,1,1,1,2,1,2,2,1,1,7,,,
201029407737,1,3,10,50,8,38.197,2,9,3,2010,7,33,12,6,0,4,1,10,3,2,2,2,0,1,1,,,
201029407759,1,3,1,50,8,4.602,2,10,3,2010,1,10,12,1,0,1,3,1,3,2,1,3,0,1,1,,,
201029407803,3,3,3,50,8,18.408,2,10,1,2010,13,45,12,6,0,4,1,1,3,1,2,3,0,1,1,,,
201029407819,2,3,5,50,8,4.602,2,10,4,2010,9,40,12,1,0,2,1,1,1,1,2,3,0,8,1,,,
201029407839,6,3,7,50,8,136.771,1,10,5,2010,0,30,18,0,1,5,2,1,0,0,2,1,0,1,1,,,
201029407840,2,3,7,50,8,13.677,2,10,5,2010,15,50,12,6,0,2,1,1,0,0,2,1,0,2,1,,,
201029407846,2,3,7,50,8,13.677,2,10,2,2010,10,15,12,6,0,2,1,1,0,0,2,1,0,2,1,,,
201029407847,5,3,7,50,8,54.708,2,10,4,2010,17,24,12,6,0,2,1,1,1,1,2,1,0,2,1,,,
201029407854,2,3,7,50,8,13.677,3,10,6,2010,10,6,12,7,0,1,1,1,1,1,2,1,0,1,1,,,
201029407858,5,3,7,50,8,54.708,2,10,7,2010,13,34,12,6,0,2,1,1,2,1,2,1,0,2,1,,,
201029407874,4,3,2,50,8,294.528,2,10,6,2010,12,33,12,7,0,1,1,1,0,0,2,3,0,1,1,,,
201029407876,6,3,2,50,8,128.856,2,10,6,2010,15,14,12,6,0,2,1,1,0,0,2,3,0,3,1,,,
201029407881,2,3,1,50,8,4.602,4,10,4,2010,17,0,12,7,0,1,1,1,1,2,2,3,0,1,1,,,
201029407885,5,3,1,50,8,59.826,2,10,4,2010,13,17,12,6,0,2,1,1,2,2,2,3,0,3,1,,,
201029407898,6,3,1,50,8,128.856,3,10,6,2010,12,28,12,1,0,1,1,1,1,1,2,3,0,1,1,,,
201029407910,4,3,1,50,8,294.528,2,10,7,2010,21,45,12,6,0,4,3,1,0,0,2,3,0,1,1,,,
201029407931,5,3,4,50,8,59.826,2,10,6,2010,11,59,12,6,0,2,1,1,1,2,2,3,0,2,1,,,
201029407936,1,3,4,50,8,4.602,2,10,7,2010,8,45,12,6,0,2,1,1,3,3,2,3,0,2,1,,,
201029407943,6,3,4,50,8,128.856,2,10,2,2010,14,12,12,6,0,2,1,1,1,1,2,3,0,2,1,,,
201029407959,3,3,4,50,8,18.408,2,10,5,2010,15,52,12,2,0,1,1,1,3,1,2,3,0,1,1,,,
201029407988,2,3,4,50,8,4.602,2,10,3,2010,12,49,12,6,0,2,1,1,1,1,2,3,0,3,1,,,
201029407994,3,3,4,50,8,18.408,1,10,5,2010,7,27,21,0,0,2,4,1,2,1,2,3,0,3,1,,,
201029407995,4,3,4,50,8,294.528,2,10,5,2010,17,43,12,7,0,1,1,1,0,0,2,3,0,1,1,,,
201029407997,2,3,4,50,8,4.602,2,10,6,2010,16,20,12,1,0,2,1,1,0,0,2,3,0,3,1,,,
201029408014,6,3,5,50,8,128.856,2,11,2,2010,6,0,12,1,0,1,4,1,0,0,2,3,0,1,1,,,
201029408064,3,3,2,50,8,18.408,2,10,2,2010,15,58,12,2,0,4,1,1,2,1,2,3,0,1,1,,,
201029408077,1,3,1,50,8,4.602,2,10,7,2010,8,59,12,6,0,2,1,1,3,2,2,3,0,2,1,,,
201029408090,1,3,1,50,8,4.602,2,11,6,2010,17,50,12,6,0,2,1,1,3,1,2,3,0,2,1,,,
201029408096,2,3,1,50,8,4.602,3,11,3,2010,9,55,12,7,1,18,1,1,1,1,2,3,0,1,1,,,
201029408120,3,3,1,50,8,18.408,1,11,1,2010,10,8,33,0,0,1,1,1,2,1,2,3,0,1,4,,,
201029408123,1,3,7,50,8,13.677,3,10,1,2010,11,37,12,1,1,18,1,1,3,2,2,1,0,1,1,,,
201029408125,6,3,7,50,8,136.771,1,10,1,2010,17,28,25,0,1,18,1,1,0,0,2,1,0,1,3,,,
201029408130,4,3,7,50,8,300.895,2,11,3,2010,12,30,12,1,0,2,1,2,0,0,2,1,0,2,1,,,
201029408135,5,3,7,50,8,54.708,2,10,1,2010,19,5,12,6,0,2,3,10,1,2,2,1,0,2,1,,,
201029408154,3,3,5,50,8,18.408,1,11,4,2010,16,30,21,0,0,2,1,1,2,1,2,3,0,8,1,,,
201029408156,4,3,5,50,8,294.528,2,11,6,2010,22,54,25,0,0,1,3,1,0,0,2,3,0,1,4,,,
201029408158,2,3,5,50,8,4.602,4,11,5,2010,7,33,12,1,0,1,1,1,1,1,2,3,0,1,1,,,
201029408172,2,3,2,50,8,4.602,2,11,3,2010,14,41,12,7,1,18,1,2,0,0,2,3,0,1,1,,,
201029408175,6,3,2,50,8,128.856,2,11,4,2010,7,53,12,1,0,2,1,2,0,0,2,3,0,2,1,,,
201029408202,1,3,2,50,8,4.602,2,10,1,2010,8,28,12,6,0,2,1,1,3,2,2,3,0,2,1,,,
201029408219,1,3,2,50,8,4.602,2,10,3,2010,8,54,12,6,0,2,1,1,3,2,2,3,0,2,1,,,
201029408222,6,3,2,50,8,128.856,1,10,3,2010,15,12,53,0,0,1,1,1,0,0,2,3,0,1,4,,,
201029408230,2,3,2,50,8,4.602,2,10,6,2010,6,45,12,7,1,18,4,10,1,1,2,3,0,1,1,,,
201029408233,3,3,2,50,8,18.408,3,10,7,2010,12,32,12,1,0,2,1,1,2,1,2,3,0,8,1,,,
201029408235,2,3,2,50,8,4.602,2,11,3,2010,21,26,12,6,1,18,3,2,0,0,2,3,0,1,1,,,
201029408250,5,3,2,50,8,59.826,2,11,1,2010,7,36,12,6,0,2,1,1,2,2,2,3,0,2,1,,,
201029408263,2,3,2,50,8,4.602,3,11,3,2010,9,9,12,1,0,1,1,1,2,1,2,3,0,1,1,,,
201029408275,2,3,2,50,8,4.602,3,11,2,2010,12,34,12,7,1,18,1,1,1,1,2,3,0,1,1,,,
201029408278,2,3,2,50,8,4.602,2,11,4,2010,9,5,12,7,1,18,1,10,0,0,2,3,0,1,1,,,
201029408305,2,3,1,50,8,4.602,2,11,3,2010,12,59,25,0,0,1,1,1,1,2,2,3,0,1,4,,,
201029408311,5,3,1,50,8,59.826,1,11,5,2010,22,28,25,0,0,1,3,1,1,1,2,3,0,1,4,,,
201029408314,6,3,1,50,8,128.856,2,11,6,2010,9,24,12,1,0,2,1,1,0,0,1,3,0,3,1,,,
201029408332,1,3,1,50,8,4.602,1,11,2,2010,12,41,30,0,0,1,1,10,3,3,2,3,0,1,3,,,
201029408341,1,3,4,50,8,4.602,1,10,7,2010,2,59,42,0,0,1,3,1,3,1,2,3,0,1,5,,,
201029408351,6,3,4,50,8,128.856,2,10,4,2010,18,16,14,0,0,1,1,1,1,1,2,3,1,1,2,,,
201029408389,5,3,4,50,8,59.826,2,10,5,2010,16,49,12,6,0,2,1,1,2,2,2,3,0,2,1,,,
201029408394,3,3,4,50,8,18.408,1,10,6,2010,17,55,22,0,0,2,1,1,2,1,2,3,0,2,1,,,
201029408410,3,3,10,50,8,38.197,1,10,6,2010,15,3,21,0,0,1,1,1,2,1,2,2,0,1,1,,,
201029408411,6,3,10,50,8,114.59,2,10,6,2010,23,33,14,0,0,1,3,1,2,1,2,2,1,1,7,,,
201029408414,5,3,10,50,8,76.393,1,10,3,2010,20,32,30,0,0,2,3,1,1,1,2,2,0,2,3,,,
201029408415,4,3,10,50,8,305.572,1,10,6,2010,5,43,53,0,0,4,3,1,0,0,2,2,0,1,4,,,
201029408422,3,3,10,50,8,38.197,1,10,7,2010,17,14,21,0,0,2,1,1,3,1,2,2,0,3,1,,,
201029408423,1,3,10,50,8,38.197,1,10,1,2010,13,23,33,0,0,1,1,1,3,1,2,2,0,1,4,,,
201029408426,3,3,10,50,8,38.197,1,10,4,2010,7,11,21,0,0,2,4,1,3,2,2,2,0,2,1,,,
201029408427,6,3,10,50,8,114.59,1,10,7,2010,2,18,74,0,0,1,3,1,1,1,2,2,0,1,4,,,
201029408428,4,3,10,50,8,305.572,2,10,7,2010,11,29,12,2,0,4,1,1,0,0,2,2,0,1,1,,,
201029408431,6,3,10,50,8,114.59,1,10,1,2010,6,10,30,0,0,1,3,1,1,1,1,2,0,1,3,,,
201029408432,3,3,10,50,8,38.197,1,10,2,2010,10,26,1,0,0,1,1,10,2,1,2,2,0,1,1,,,
201029408445,2,3,3,50,8,4.602,1,10,3,2010,13,0,1,0,0,1,1,1,2,1,2,3,0,1,1,,,
201029408449,5,3,3,50,8,59.826,4,10,4,2010,21,20,14,0,0,1,3,1,2,1,2,3,3,1,7,,,
201029408460,3,3,3,50,8,18.408,2,10,7,2010,13,58,12,6,0,2,1,2,2,1,2,3,0,2,1,,,
201029408470,6,3,3,50,8,128.856,1,10,2,2010,15,47,59,0,1,5,1,1,0,0,2,3,0,1,4,,,
201029408477,1,3,3,50,8,4.602,1,10,6,2010,4,41,1,0,0,1,3,1,3,2,2,3,0,1,4,,,
201029408480,4,3,3,50,8,294.528,2,10,6,2010,17,10,12,1,0,1,1,1,0,0,2,3,0,1,1,,,
201029408504,3,3,7,50,8,13.677,1,11,4,2010,17,47,22,0,0,2,3,10,2,1,2,1,0,2,1,,,
201029408508,6,3,7,50,8,136.771,2,11,1,2010,13,48,12,6,0,4,1,1,0,0,2,1,0,1,1,,,
201029408520,2,3,2,50,8,4.602,2,10,7,2010,9,50,12,6,0,2,1,2,0,0,2,3,0,3,1,,,
201029408522,6,3,2,50,8,128.856,2,10,7,2010,12,48,12,6,0,4,1,2,0,0,2,3,0,1,1,,,
201029408530,1,3,2,50,8,4.602,4,10,7,2010,23,55,12,6,0,2,3,10,3,4,2,3,0,2,1,,,
201029408534,1,3,2,50,8,4.602,2,10,2,2010,11,11,12,6,1,2,1,1,3,2,2,3,0,7,1,,,
201029408548,4,3,2,50,8,294.528,1,10,7,2010,5,4,41,0,0,4,3,1,0,0,2,3,0,1,5,,,
201029408566,2,3,2,50,8,4.602,2,11,4,2010,5,2,12,7,0,1,2,2,1,1,2,3,0,1,1,,,
201029408568,2,3,2,50,8,4.602,2,11,4,2010,9,54,12,6,0,2,1,2,1,1,2,3,0,3,1,,,
201029408579,6,3,2,50,8,128.856,1,11,1,2010,12,50,43,0,0,1,1,1,0,0,2,3,0,1,5,,,
201029408614,6,3,5,50,8,128.856,1,11,7,2010,8,30,39,0,0,1,1,1,0,0,2,3,0,1,5,,,
201029408643,3,3,2,50,8,18.408,2,11,3,2010,19,2,12,6,0,2,3,1,3,1,2,3,0,2,1,,,
201029408660,1,3,2,50,8,4.602,2,11,6,2010,9,47,12,6,0,2,1,1,3,2,2,3,0,2,1,,,
201029408676,2,3,1,50,8,4.602,3,11,4,2010,11,33,12,1,0,1,1,1,2,1,2,3,0,1,1,,,
201029408680,4,3,1,50,8,294.528,2,11,4,2010,19,59,12,7,0,1,3,1,0,0,1,3,0,1,1,,,
201029408683,1,3,1,50,8,4.602,1,11,5,2010,2,11,25,0,0,1,3,1,3,1,1,3,0,1,3,,,
201029408698,1,3,1,50,8,4.602,1,11,2,2010,3,13,39,0,0,1,3,2,3,1,1,3,0,1,3,,,
201029408718,3,3,1,50,8,18.408,1,12,4,2010,8,48,1,0,1,19,1,1,2,1,2,3,0,1,1,,,
201029408721,2,3,1,50,8,4.602,2,12,4,2010,18,22,12,6,0,2,2,1,2,1,2,3,0,2,1,,,
201029408722,2,3,1,50,8,4.602,2,12,4,2010,21,51,12,7,0,1,2,1,0,0,2,3,0,1,1,,,
201029408724,5,3,1,50,8,59.826,1,12,4,2010,21,24,53,0,0,1,3,1,1,1,2,3,0,1,4,,,
201029408736,6,3,1,50,8,128.856,2,12,6,2010,20,33,12,7,0,2,3,1,0,0,2,3,0,2,1,,,
201029408785,6,3,4,50,8,128.856,2,11,7,2010,12,19,12,6,0,2,1,1,0,0,2,3,0,8,1,,,
201029408786,3,3,4,50,8,18.408,2,11,7,2010,17,44,14,0,0,1,1,1,3,1,1,3,1,1,7,,,
201029408825,3,3,3,50,8,18.408,1,11,3,2010,11,23,74,0,0,1,1,2,2,1,2,3,0,1,4,,,
201029408827,2,3,3,50,8,4.602,4,11,3,2010,15,39,12,6,0,1,1,2,0,0,2,3,0,1,1,,,
201029408864,6,3,3,50,8,128.856,1,11,5,2010,17,20,34,0,0,1,5,2,2,1,2,3,0,1,4,,,
201029408865,3,3,3,50,8,18.408,2,11,5,2010,17,32,12,6,0,2,1,2,2,1,2,3,0,2,1,,,
201029408895,2,3,5,50,8,4.602,3,12,7,2010,13,44,12,1,0,1,1,1,1,2,2,3,0,1,1,,,
201029408909,3,3,5,50,8,18.408,1,12,7,2010,19,35,59,0,0,2,3,1,2,1,2,3,0,2,3,,,
201029408917,2,3,5,50,8,4.602,2,12,4,2010,19,48,12,6,0,2,3,1,2,1,2,3,0,8,1,,,
201029408934,5,3,5,50,8,59.826,3,12,7,2010,17,39,12,6,0,4,3,1,2,3,2,3,0,1,1,,,
201029408974,3,3,2,50,8,18.408,2,11,6,2010,19,48,12,1,1,19,3,1,2,1,2,3,0,1,1,,,
201029408975,6,3,2,50,8,128.856,3,11,7,2010,13,14,12,1,0,1,1,1,2,3,2,3,0,1,1,,,
201029408987,4,3,2,50,8,294.528,3,11,2,2010,11,45,12,1,0,1,1,10,0,0,2,3,0,1,1,,,
201029408992,5,3,2,50,8,59.826,3,11,3,2010,8,0,12,1,0,1,1,10,3,2,2,3,0,1,1,,,
201029409032,2,3,2,50,8,4.602,2,11,2,2010,7,25,12,6,0,4,1,1,0,0,2,3,0,1,1,,,
201029409058,2,3,1,50,8,4.602,2,12,6,2010,4,35,12,1,0,1,3,1,1,1,2,3,0,1,1,,,
201029409105,5,3,3,50,8,59.826,2,11,1,2010,2,59,12,6,1,18,3,1,2,4,2,3,0,1,1,,,
201029409109,1,3,3,50,8,4.602,1,11,2,2010,3,0,39,0,0,1,3,1,3,2,1,3,0,1,5,,,
201029409131,6,3,3,50,8,128.856,2,11,7,2010,16,23,14,0,0,1,1,1,0,0,2,3,1,1,7,,,
201029409135,4,3,3,50,8,294.528,1,11,2,2010,6,50,74,0,1,5,1,2,0,0,2,3,0,1,4,,,
201029409137,3,3,3,50,8,18.408,2,11,2,2010,8,2,12,2,0,2,1,10,3,1,2,3,0,3,1,,,
201029409146,1,3,7,50,8,13.677,5,12,4,2010,18,26,12,6,0,1,3,1,3,5,2,1,0,1,1,,,
201029409148,3,3,7,50,8,13.677,2,11,2,2010,14,55,12,1,0,2,1,1,3,1,2,1,0,2,1,,,
201029409156,6,3,7,50,8,136.771,2,12,6,2010,20,14,12,6,0,2,3,1,1,1,2,1,0,2,1,,,
201029409157,1,3,7,50,8,13.677,2,12,3,2010,14,56,12,6,0,2,1,1,3,2,2,1,0,2,1,,,
201029409171,6,3,5,50,8,128.856,1,12,3,2010,0,25,25,0,0,1,3,1,0,0,1,3,0,1,3,,,
201029409189,3,3,5,50,8,18.408,2,12,1,2010,12,50,12,6,0,1,1,1,2,1,2,3,0,1,1,,,
201029409195,6,3,2,50,8,128.856,1,12,5,2010,21,31,43,0,0,1,2,1,0,0,1,3,0,1,4,,,
201029409198,3,3,2,50,8,18.408,3,12,6,2010,6,43,12,1,0,1,2,1,2,1,2,3,0,1,1,,,
201029409205,2,3,2,50,8,4.602,3,12,6,2010,14,9,12,7,0,1,1,1,0,0,2,3,0,1,1,,,
201029409206,2,3,2,50,8,4.602,2,12,6,2010,15,20,12,9,0,1,1,1,2,1,2,3,0,1,1,,,
201029409226,3,3,2,50,8,18.408,1,12,2,2010,0,3,33,0,0,1,3,1,2,1,2,3,0,1,4,,,
201029409233,2,3,2,50,8,4.602,3,12,6,2010,4,31,12,6,0,2,3,1,3,1,2,3,0,2,1,,,
201029409243,5,3,2,50,8,59.826,4,12,6,2010,22,55,12,1,0,1,2,1,1,2,2,3,0,1,1,,,
201029409247,2,3,2,50,8,4.602,2,12,7,2010,9,46,12,7,0,1,1,1,0,0,2,3,0,1,1,,,
201029409266,6,3,2,50,8,128.856,2,12,3,2010,18,47,12,1,0,2,3,1,1,1,2,3,0,3,1,,,
201029409286,2,3,1,50,8,4.602,1,12,2,2010,11,0,20,0,1,19,1,10,0,0,2,3,0,1,8,,,
201029409291,5,3,1,50,8,59.826,1,12,3,2010,16,25,59,0,0,1,1,1,1,1,2,3,0,1,4,,,
201029409309,4,3,4,50,8,294.528,2,11,7,2010,4,8,12,7,0,1,3,1,0,0,2,3,0,1,1,,,
201029409313,3,3,4,50,8,18.408,1,11,7,2010,19,21,1,0,0,2,3,1,3,1,1,3,0,10,1,,,
201029409314,1,3,4,50,8,4.602,3,11,1,2010,1,17,12,1,0,1,3,10,4,4,1,3,0,1,1,,,
201029409316,5,3,4,50,8,59.826,2,11,1,2010,14,21,12,2,0,1,1,10,2,2,2,3,0,1,1,,,
201029409326,6,3,4,50,8,128.856,2,11,6,2010,3,8,12,1,0,2,3,1,0,0,1,3,0,3,1,,,
201029409335,1,3,4,50,8,4.602,1,11,2,2010,0,44,38,0,0,2,3,10,4,1,2,3,0,3,5,,,
201029409346,3,3,10,50,8,38.197,1,11,2,2010,14,54,1,0,0,1,1,1,2,1,2,2,0,1,1,,,
201029409349,6,3,10,50,8,114.59,3,11,5,2010,17,4,12,6,0,2,1,1,2,1,2,2,0,2,1,,,
201029409355,5,3,10,50,8,76.393,1,11,6,2010,7,58,19,0,0,1,1,2,2,1,2,2,0,1,5,,,
201029409357,6,3,10,50,8,114.59,2,11,5,2010,17,52,12,1,0,1,3,10,0,0,2,2,0,1,1,,,
201029409361,4,3,10,50,8,305.572,2,11,6,2010,7,26,12,6,0,2,1,1,0,0,2,2,0,2,1,,,
201029409370,6,3,10,50,8,114.59,2,11,6,2010,18,21,12,2,0,2,3,1,0,0,2,2,0,2,1,,,
201029409371,4,3,10,50,8,305.572,3,11,6,2010,19,20,12,1,0,2,2,10,0,0,2,2,0,3,1,,,
201029409372,2,3,10,50,8,38.197,2,11,7,2010,12,50,12,6,0,2,1,1,2,1,2,2,0,2,1,,,
201029409428,4,3,2,50,8,294.528,2,12,4,2010,9,36,12,1,0,1,1,1,1,1,2,3,0,1,1,,,
201029409433,3,3,2,50,8,18.408,2,12,4,2010,14,52,12,6,0,1,1,1,3,1,2,3,0,1,1,,,
201029409455,1,3,2,50,8,4.602,2,12,7,2010,9,4,12,7,1,18,1,1,3,2,1,3,0,1,1,,,
201029409461,6,3,2,50,8,128.856,2,12,1,2010,0,47,12,6,1,2,3,1,2,2,2,3,0,3,1,,,
201029409462,1,3,2,50,8,4.602,1,12,1,2010,1,36,25,0,0,1,3,1,3,1,2,3,0,1,3,,,
201029409464,1,3,2,50,8,4.602,3,12,1,2010,4,4,12,1,0,2,3,1,3,3,1,3,0,2,1,,,
201029409483,1,3,1,50,8,4.602,2,12,6,2010,10,37,12,6,0,2,1,10,3,1,2,3,0,2,1,,,
201029409487,4,3,1,50,8,294.528,2,12,7,2010,11,45,12,2,0,2,1,1,0,0,2,3,0,2,1,,,
201029409492,3,3,1,50,8,18.408,1,12,3,2010,19,52,1,0,0,1,2,1,3,2,2,3,0,1,3,,,
201029409494,6,3,1,50,8,128.856,2,12,4,2010,16,0,12,6,0,2,1,10,0,0,2,3,0,2,1,,,