CASENUM,STRATUM,REGION,PJ,PSU,PSUSTRAT,WEIGHT,VE_TOTAL,MONTH,WKDY_IM,YEAR,HOUR_IM,MINUTE_IM,EVENT1_IM,MANCOL_IM,RELJCT1_IM,RELJCT2_IM,LGTCON_IM,WEATHR_IM,MAXSEV_IM,NO_INJ_IM,ALCHL_IM,LAND_USE,PVH_INVL,TYP_INT,REL_ROAD,CF1,CF2,CF3
201029409536,3,3,7,50,8,13.677,1,12,3,2010,15,30,21,0,0,1,1,1,2,1,2,1,0,1,1,,,
201029409543,4,3,7,50,8,300.895,2,12,7,2010,23,20,12,6,0,4,3,1,0,0,1,1,0,1,1,,,
201029409559,3,3,2,50,8,18.408,3,12,5,2010,20,5,14,0,0,1,3,1,2,1,1,3,2,1,7,,,
201029409581,2,3,2,50,8,4.602,2,12,2,2010,12,43,12,6,0,1,1,1,0,0,2,3,0,1,1,,,
201029409591,6,3,2,50,8,128.856,2,12,3,2010,19,15,12,6,0,1,3,2,0,0,2,3,0,1,1,,,
201029409599,3,3,2,50,8,18.408,1,12,4,2010,18,42,22,0,0,1,3,1,2,1,2,3,0,1,1,,,
201029409604,2,3,2,50,8,4.602,2,12,5,2010,21,37,12,6,0,2,3,1,0,0,1,3,0,2,1,,,
201029409618,4,3,5,50,8,294.528,1,12,4,2010,17,5,39,0,0,1,1,10,0,0,2,3,0,1,4,,,
201029409619,2,3,5,50,8,4.602,2,12,5,2010,7,29,12,7,0,1,1,10,1,1,2,3,0,1,1,,,
201029409632,3,3,1,50,8,18.408,1,12,4,2010,19,32,21,0,0,2,3,1,2,1,2,3,0,2,1,,,
201029409722,3,3,4,50,8,18.408,2,12,3,2010,18,54,12,1,0,1,3,1,2,1,2,3,0,1,1,,,
201029409729,2,3,3,50,8,4.602,2,12,6,2010,14,50,12,7,0,1,1,1,0,0,2,3,0,1,1,,,
201029409731,2,3,3,50,8,4.602,2,12,7,2010,15,22,12,7,0,1,1,1,1,2,2,3,0,1,1,,,
201029409832,2,3,3,50,8,4.602,2,12,1,2010,16,41,12,7,1,18,1,1,0,0,2,3,0,1,1,,,
201029409838,3,3,3,50,8,18.408,1,12,4,2010,15,51,21,0,0,1,1,10,2,1,2,3,0,1,1,,,
201029409847,6,3,3,50,8,128.856,2,12,6,2010,7,34,12,7,1,18,4,1,1,2,2,3,0,1,1,,,
201029409863,1,3,3,50,8,4.602,1,12,7,2010,15,9,1,0,1,19,1,10,3,1,2,3,0,1,4,,,
201029409871,2,3,3,50,8,4.602,2,12,3,2010,18,0,25,0,0,1,3,2,2,1,2,3,0,1,3,,,
201029409872,1,3,3,50,8,4.602,2,12,3,2010,21,54,12,2,0,1,2,2,3,4,2,3,0,1,1,,,
201029409876,5,3,3,50,8,59.826,2,12,5,2010,8,7,12,1,1,5,1,10,2,2,2,3,0,1,1,,,
201029409880,3,3,5,50,8,18.408,2,12,6,2010,12,15,12,1,0,2,1,2,2,2,2,3,0,3,1,,,
201029410062,6,3,4,50,8,128.856,2,12,6,2010,14,5,12,1,0,1,1,10,1,1,2,3,0,1,1,,,
201029410087,1,3,4,50,8,4.602,2,12,5,2010,8,0,12,6,0,2,1,10,3,2,2,3,0,2,1,,,
201029410091,3,3,4,50,8,18.408,1,12,5,2010,17,56,21,0,0,2,2,10,2,1,2,3,0,3,1,,,
201029410096,1,3,4,50,8,4.602,2,12,6,2010,12,51,12,6,0,1,1,2,3,1,2,3,0,1,1,,,
201029410107,2,3,4,50,8,4.602,2,12,3,2010,15,42,12,6,0,2,1,2,0,0,2,3,0,2,1,,,
201029410114,2,3,4,50,8,4.602,2,12,4,2010,10,21,12,7,1,18,1,10,3,2,2,3,0,1,1,,,
201029410115,5,3,4,50,8,59.826,2,12,5,2010,8,20,12,6,0,2,1,1,1,3,2,3,0,2,1,,,
201029410119,4,3,4,50,8,294.528,2,12,6,2010,10,55,12,7,0,1,1,1,0,0,2,3,0,1,1,,,
201029410124,6,3,4,50,8,128.856,2,12,6,2010,20,50,12,1,0,1,2,1,0,0,1,3,0,1,1,,,
201029410129,6,3,10,50,8,114.59,1,12,1,2010,3,47,30,0,0,1,3,1,0,0,2,2,0,1,3,,,
201029410131,4,3,10,50,8,305.572,2,12,5,2010,20,15,12,1,0,2,3,1,0,0,2,2,0,2,1,,,
201029410135,3,3,10,50,8,38.197,2,12,2,2010,14,13,12,9,0,1,1,1,2,1,2,2,0,1,1,,,
201029410136,3,3,10,50,8,38.197,2,12,2,2010,15,13,12,6,0,2,1,1,2,2,2,2,0,3,1,,,
201029410137,3,3,10,50,8,38.197,2,12,4,2010,7,11,12,1,0,2,1,10,3,1,2,2,0,3,1,,,
201029410140,5,3,10,50,8,76.393,1,12,7,2010,9,25,38,0,0,1,1,1,1,1,2,2,0,1,5,,,
201029410145,6,3,10,50,8,114.59,3,12,4,2010,13,50,12,6,0,2,1,10,0,0,2,2,0,2,1,,,
201029410146,4,3,10,50,8,305.572,2,12,5,2010,15,52,12,6,0,2,1,10,0,0,2,2,0,2,1,,,
201029410151,5,3,10,50,8,76.393,2,12,3,2010,13,12,12,2,0,1,1,2,2,6,2,2,0,1,1,,,
201029410152,6,3,10,50,8,114.59,1,12,3,2010,14,48,73,0,0,1,1,2,0,0,2,2,0,1,4,,,
201029410153,3,3,10,50,8,38.197,1,12,6,2010,15,10,21,0,0,4,1,10,3,2,2,2,0,1,1,,,
201029410154,6,3,5,50,8,128.856,1,12,4,2010,4,15,39,0,0,1,3,10,0,0,2,3,0,1,5,,,
201029500368,1,2,3,91,5,5.639,2,1,6,2010,16,47,12,2,0,1,3,1,3,1,1,3,0,1,1,,,
201029500435,4,2,4,91,5,296.789,2,1,1,2010,14,0,14,0,0,1,1,1,0,0,2,3,1,1,7,,,
201029500530,1,2,15,91,5,5.167,3,1,7,2010,13,28,12,1,0,2,1,1,3,1,2,2,0,8,1,,,
201029500536,3,2,15,91,5,15.502,1,1,2,2010,20,55,21,0,0,2,3,1,3,1,2,2,0,2,1,,,
201029500645,6,2,46,91,5,133.177,3,1,3,2010,9,26,12,6,0,2,1,1,0,0,2,1,0,8,1,,,
201029500649,4,2,46,91,5,295.949,2,1,5,2010,10,25,14,0,0,1,1,4,0,0,2,1,1,1,6,,,
201029500658,5,2,46,91,5,59.19,1,1,1,2010,1,10,42,0,0,2,3,8,2,1,1,1,0,3,4,,,
201029500677,4,2,46,91,5,295.949,2,1,3,2010,10,45,12,6,0,4,1,1,0,0,2,1,0,1,1,,,
201029500679,3,2,46,91,5,14.797,1,1,3,2010,15,31,21,0,0,1,1,8,2,1,2,1,0,1,1,,,
201029500704,2,2,32,91,5,10.363,2,1,7,2010,10,48,12,6,0,2,1,1,0,0,2,1,0,8,1,,,
201029500721,2,2,32,91,5,10.363,2,1,3,2010,15,10,12,6,0,2,1,1,0,0,2,1,0,8,1,,,
201029500723,4,2,32,91,5,290.161,2,1,5,2010,7,30,12,6,0,2,1,4,0,0,2,1,0,8,1,,,
201029500737,2,2,24,91,5,7.52,2,1,5,2010,10,40,12,7,0,1,1,4,0,0,2,1,0,1,1,,,
201029500740,2,2,24,91,5,7.52,1,1,2,2010,12,50,74,0,0,2,1,1,0,0,2,1,0,8,4,,,
201029500748,4,2,24,91,5,293.272,2,1,7,2010,11,18,12,7,0,1,1,8,0,0,2,1,0,1,1,,,
201029500756,1,2,24,91,5,7.52,2,1,1,2010,16,1,12,6,0,2,1,1,4,5,1,1,0,8,1,,,
201029500770,3,2,24,91,5,15.04,2,1,7,2010,19,4,14,0,0,4,3,1,2,1,2,1,1,1,3,,,
201029500784,5,2,19,91,5,61.172,2,1,4,2010,8,9,12,6,0,4,1,1,2,1,2,2,0,1,1,,,
201029500794,4,2,19,91,5,292.265,2,1,6,2010,16,50,12,1,0,2,5,1,0,0,2,2,0,8,1,,,
201029500797,6,2,19,91,5,129.14,3,1,7,2010,17,45,12,1,0,2,2,1,0,0,2,2,0,8,1,,,
201029500821,1,2,19,91,5,6.797,1,1,3,2010,21,36,1,0,0,1,3,1,3,2,1,2,0,1,1,,,
201029500857,1,2,1,91,5,2.793,3,1,6,2010,8,20,12,2,0,1,1,4,4,3,2,3,0,1,1,,,
201029500885,6,2,1,91,5,131.252,1,1,6,2010,18,36,33,0,0,1,2,4,0,0,2,3,0,1,4,,,
201029500886,3,2,1,91,5,16.756,2,1,6,2010,19,45,12,1,0,2,3,1,2,1,2,3,0,8,1,,,
201029500901,1,2,1,91,5,2.793,1,1,7,2010,6,20,59,0,0,1,2,1,3,1,1,3,0,1,4,,,
201029500905,4,2,1,91,5,296.016,2,1,3,2010,21,45,12,6,0,2,2,1,0,0,2,3,0,3,1,,,
201029500922,2,2,3,91,5,5.639,1,1,6,2010,19,25,33,0,1,19,3,1,2,1,2,3,0,3,4,,,
201029500951,4,2,3,91,5,293.243,2,1,5,2010,9,5,12,1,0,1,1,1,0,0,2,3,0,1,1,,,
201029501007,4,2,7,91,5,294.308,2,1,2,2010,12,10,12,1,0,4,1,1,0,0,2,3,0,1,1,,,
201029501017,6,2,7,91,5,130.175,1,1,5,2010,19,46,42,0,0,1,3,2,0,0,2,3,0,1,4,,,
201029501075,4,2,4,91,5,296.789,2,1,2,2010,9,0,12,1,0,1,1,1,0,0,2,3,0,1,1,,,
201029501094,5,2,4,91,5,60.457,3,1,1,2010,4,31,14,0,0,1,3,1,3,2,1,3,2,1,7,,,
201029501105,6,2,4,91,5,131.906,3,2,4,2010,11,58,12,1,0,2,1,1,1,2,2,3,0,3,1,,,
201029501168,4,2,15,91,5,294.531,2,1,3,2010,12,30,12,1,0,2,1,1,0,0,2,2,0,8,1,,,
201029501225,6,2,15,91,5,129.18,2,2,2,2010,19,33,12,1,0,2,2,4,0,0,2,2,0,2,1,,,
201029501240,4,2,9,91,5,294.208,2,1,6,2010,9,50,12,1,0,2,1,1,0,0,2,3,0,2,1,,,
201029501245,3,2,9,91,5,19.879,1,1,6,2010,22,6,42,0,0,1,3,4,2,1,2,3,0,1,4,,,
201029501274,6,2,9,91,5,131.201,5,2,7,2010,23,13,14,0,0,2,3,1,0,0,2,3,4,1,7,,,
201029501287,5,2,9,91,5,59.637,3,2,3,2010,16,10,12,6,0,2,1,4,1,1,2,3,0,2,1,,,
201029501317,6,2,14,91,5,129.352,2,1,4,2010,8,50,12,1,0,1,1,1,0,0,2,3,0,1,1,,,
201029501327,4,2,14,91,5,293.983,2,1,3,2010,9,9,12,7,0,1,1,1,0,0,2,3,0,1,1,,,
201029501359,5,2,14,91,5,58.797,2,2,7,2010,21,35,12,6,0,2,3,1,2,1,2,3,0,2,1,,,
201029501363,2,2,14,91,5,11.759,2,2,3,2010,8,30,12,6,0,4,1,8,0,0,2,3,0,1,1,,,
201029501380,4,2,46,91,5,295.949,2,2,5,2010,16,11,14,0,0,1,1,1,0,0,2,1,1,1,7,,,
201029501387,6,2,46,91,5,133.177,2,2,3,2010,15,15,12,6,0,2,1,1,0,0,2,1,0,2,1,,,
201029501409,2,2,32,91,5,10.363,2,2,6,2010,15,5,12,7,0,2,1,1,0,0,2,1,0,8,1,,,
201029501422,2,2,32,91,5,10.363,3,2,2,2010,12,22,12,1,0,1,1,1,0,0,2,1,0,1,1,,,
201029501427,4,2,32,91,5,290.161,2,2,4,2010,20,35,12,7,0,2,3,4,0,0,2,1,0,8,1,,,
201029501458,6,2,3,91,5,129.704,3,2,4,2010,13,19,14,0,0,1,1,4,0,0,2,3,2,1,7,,,
201029501481,4,2,3,91,5,293.243,2,2,4,2010,9,54,12,6,0,4,1,1,0,0,2,3,0,1,1,,,
201029501489,2,2,3,91,5,5.639,2,2,7,2010,18,37,12,7,0,1,3,1,0,0,2,3,0,1,1,,,
201029501504,5,2,1,91,5,58.645,2,1,1,2010,21,40,12,6,0,4,3,1,2,2,1,3,0,1,1,,,
201029501520,2,2,1,91,5,2.793,2,1,3,2010,15,15,12,1,0,2,1,1,0,0,2,3,0,2,1,,,
201029501543,2,2,1,91,5,2.793,2,2,3,2010,4,34,12,1,0,2,2,4,5,1,2,3,0,8,1,,,
201029501556,1,2,1,91,5,2.793,1,2,7,2010,22,22,24,0,0,1,2,1,3,1,2,3,0,1,1,,,
201029501598,1,2,24,91,5,7.52,1,2,2,2010,16,20,42,0,0,1,1,1,3,1,2,1,0,1,4,,,
201029501599,2,2,24,91,5,7.52,2,2,2,2010,18,51,12,1,0,2,3,1,0,0,2,1,0,3,1,,,
201029501602,1,2,24,91,5,7.52,2,2,3,2010,20,50,12,6,0,2,3,1,3,1,2,1,0,2,1,,,
201029501637,3,2,24,91,5,15.04,3,2,3,2010,6,37,12,1,0,1,4,1,2,2,2,1,0,1,1,,,
201029501639,4,2,24,91,5,293.272,2,2,3,2010,17,28,12,7,0,1,1,1,0,0,2,1,0,1,1,,,
201029501665,1,2,19,91,5,6.797,2,2,3,2010,15,30,12,1,0,1,1,1,3,2,1,2,0,1,1,,,
201029501666,4,2,19,91,5,292.265,2,2,5,2010,8,30,12,6,0,2,1,1,0,0,2,2,0,8,,,,
201029501723,4,2,19,91,5,292.265,2,2,2,2010,17,45,14,0,0,1,5,4,0,0,2,2,1,1,7,,,
201029501735,6,2,19,91,5,129.14,1,2,1,2010,2,24,74,0,0,2,3,1,2,1,2,2,0,3,4,,,
201029501801,4,2,4,91,5,296.789,3,2,7,2010,13,3,12,6,0,2,1,1,0,0,2,3,0,8,1,,,
201029501827,5,2,7,91,5,56.598,2,2,3,2010,6,0,12,1,0,1,4,4,1,1,2,3,0,1,1,,,
201029501841,4,2,7,91,5,294.308,2,2,4,2010,18,50,12,1,0,2,3,1,0,0,2,3,0,8,1,,,
201029501883,6,2,7,91,5,130.175,2,2,4,2010,11,20,12,6,0,2,1,1,0,0,2,3,0,8,1,,,
201029501907,1,2,7,91,5,5.66,2,3,5,2010,15,35,12,6,0,2,1,1,3,2,2,3,0,2,1,,,
201029501924,4,2,55,91,5,289.298,3,1,2,2010,21,0,14,0,0,1,2,4,0,0,2,1,2,1,7,,,
201029501928,5,2,55,91,5,64.288,2,1,4,2010,18,13,12,6,0,2,3,4,2,1,2,1,0,2,1,,,
201029501932,6,2,55,91,5,128.577,2,2,3,2010,23,16,12,6,0,2,3,2,0,0,2,1,0,2,1,,,
201029501939,3,2,55,91,5,16.072,1,2,4,2010,14,51,21,0,0,2,1,1,2,1,2,1,0,2,1,,,
201029501950,5,2,55,91,5,64.288,1,3,4,2010,19,58,42,0,0,1,3,2,2,1,2,1,0,1,4,,,
201029501967,4,2,67,91,5,301.455,2,1,2,2010,19,0,12,6,0,2,3,1,0,0,2,1,0,8,1,,,
201029501975,3,2,67,91,5,21.532,2,1,6,2010,18,50,14,0,0,1,3,1,3,6,2,1,1,1,7,,,
201029501981,6,2,67,91,5,129.195,2,1,6,2010,20,10,14,0,0,1,2,4,0,0,2,1,1,1,7,,,
201029501983,5,2,67,91,5,64.597,2,1,1,2010,1,6,12,6,0,2,3,1,2,2,1,1,0,3,1,,,
201029501985,1,2,67,91,5,21.532,4,2,5,2010,12,38,12,6,0,2,1,1,4,4,2,1,0,2,1,,,
201029501988,4,2,67,91,5,301.455,2,2,5,2010,12,30,12,1,0,2,1,1,0,0,2,1,0,8,1,,,
201029501996,1,2,67,91,5,21.532,1,2,6,2010,15,7,74,0,0,1,1,1,4,1,2,1,0,1,4,,,
201029502004,3,2,67,91,5,21.532,1,2,1,2010,9,31,21,0,0,1,1,1,3,1,2,1,0,1,1,,,
201029502007,4,2,67,91,5,301.455,2,2,3,2010,7,32,12,1,0,2,1,4,0,0,2,1,0,3,1,,,
201029502014,3,2,67,91,5,21.532,2,2,1,2010,4,0,12,6,0,2,3,1,2,1,2,1,0,3,1,,,
201029502037,4,2,9,91,5,294.208,2,2,7,2010,17,40,12,1,0,2,3,1,0,0,2,3,0,2,1,,,
201029502059,3,2,9,91,5,19.879,2,2,7,2010,11,15,12,6,0,4,1,1,2,1,2,3,0,1,1,,,
201029502066,1,2,9,91,5,3.976,1,3,2,2010,8,2,59,0,0,1,1,8,3,1,2,3,0,1,4,,,
201029502089,1,2,9,91,5,3.976,2,3,3,2010,15,44,12,6,0,2,1,2,3,1,2,3,0,2,1,,,
201029502156,6,2,1,91,5,131.252,1,3,6,2010,14,31,24,0,0,1,1,1,0,0,2,3,0,1,1,,,
201029502170,4,2,14,91,5,293.983,2,2,5,2010,11,55,12,7,0,2,1,1,0,0,2,3,0,4,1,,,
201029502171,6,2,14,91,5,129.352,2,2,5,2010,8,10,12,1,0,2,1,1,1,1,2,3,0,2,1,,,
201029502210,5,2,15,91,5,56.839,2,2,7,2010,18,6,12,6,0,2,2,1,2,1,2,2,0,2,1,,,
201029502215,4,2,15,91,5,294.531,2,3,2,2010,18,10,12,1,0,2,3,1,0,0,2,2,0,2,1,,,
201029502239,1,2,15,91,5,5.167,2,3,4,2010,18,2,12,6,0,2,5,1,3,4,2,2,0,8,1,,,
201029502256,1,2,15,91,5,5.167,2,3,3,2010,22,25,12,6,0,2,3,1,3,2,1,2,0,3,1,,,
201029502280,2,2,3,91,5,5.639,2,2,4,2010,17,30,12,6,0,2,1,1,0,0,2,3,0,2,1,,,
201029502288,3,2,3,91,5,16.918,1,2,6,2010,15,41,21,0,0,1,1,1,3,1,2,3,0,1,1,,,
201029502331,2,2,3,91,5,5.639,1,3,7,2010,9,15,39,0,0,1,1,2,0,0,2,3,0,1,4,,,
201029502335,4,2,3,91,5,293.243,2,3,1,2010,16,36,12,7,0,1,1,1,0,0,2,3,0,1,1,,,
201029502351,5,2,3,91,5,56.393,1,3,7,2010,19,24,7,0,0,1,3,4,2,1,2,3,0,1,1,,,
201029502370,4,2,113,91,5,304.121,2,1,5,2010,15,51,12,1,0,1,1,4,1,1,2,8,0,1,1,,,
201029502377,6,2,113,91,5,121.648,2,1,3,2010,20,49,12,1,0,2,2,1,0,0,1,8,0,8,1,,,
201029502380,2,2,113,91,5,30.412,2,1,2,2010,16,30,12,1,0,2,5,1,2,1,2,8,0,8,1,,,
201029502386,4,2,113,91,5,304.121,2,1,1,2010,9,48,12,1,0,2,1,1,0,0,2,8,0,8,1,,,
201029502398,6,2,113,91,5,121.648,3,2,6,2010,21,30,12,1,0,2,2,1,0,0,2,8,0,8,1,,,
201029502399,4,2,113,91,5,304.121,2,2,7,2010,12,20,12,1,0,2,1,1,0,0,2,8,0,8,1,,,
201029502410,6,2,113,91,5,121.648,2,3,5,2010,15,26,12,1,0,2,1,1,0,0,2,8,0,3,1,,,
201029502418,6,2,113,91,5,121.648,1,3,1,2010,4,25,42,0,0,1,2,1,0,0,1,8,0,1,6,,,
201029502464,4,2,4,91,5,296.789,2,3,6,2010,19,16,14,0,0,1,2,1,0,0,2,3,1,1,7,,,
201029502491,1,2,4,91,5,5.496,2,3,5,2010,6,45,12,6,0,2,1,1,3,4,2,3,0,2,1,,,
201029502502,6,2,4,91,5,131.906,2,3,3,2010,17,37,12,6,0,2,1,1,0,0,2,3,0,2,1,,,
201029502509,4,2,46,91,5,295.949,2,3,2,2010,18,30,12,7,0,1,3,1,0,0,2,1,0,1,1,,,
201029502536,4,2,46,91,5,295.949,2,3,1,2010,22,35,14,0,0,1,3,1,0,0,2,1,1,1,7,,,
201029502549,3,2,32,91,5,20.726,1,3,7,2010,9,45,22,0,0,1,1,1,2,1,2,1,0,1,1,,,
201029502555,6,2,32,91,5,134.718,2,3,2,2010,11,30,12,6,0,2,1,1,0,0,2,1,0,8,1,,,
201029502572,5,2,32,91,5,62.177,2,3,3,2010,8,40,12,6,0,4,1,1,1,2,2,1,0,1,1,,,
201029502582,1,2,1,91,5,2.793,1,3,6,2010,14,40,25,0,0,1,1,1,3,1,2,3,0,1,3,,,
201029502590,4,2,1,91,5,296.016,2,3,7,2010,23,30,14,0,0,4,2,2,0,0,2,3,1,1,7,,,
201029502634,5,2,112,91,5,60.824,2,1,2,2010,15,23,12,6,0,2,1,1,2,2,2,8,0,2,1,,,
201029502637,6,2,112,91,5,121.648,2,1,7,2010,9,12,12,1,0,2,1,1,0,0,2,8,0,2,1,,,
201029502638,4,2,112,91,5,304.121,1,1,5,2010,19,30,42,0,0,1,3,1,0,0,2,8,0,1,4,,,
201029502649,3,2,112,91,5,30.412,2,2,7,2010,11,45,12,6,0,4,1,1,2,2,2,8,0,1,1,,,
201029502655,6,2,112,91,5,121.648,3,2,7,2010,13,57,12,2,0,2,1,1,0,0,2,8,0,2,1,,,
201029502657,4,2,112,91,5,304.121,2,2,1,2010,1,30,14,0,0,1,3,1,0,0,2,8,1,1,7,,,
201029502660,5,2,112,91,5,60.824,2,2,3,2010,7,10,12,6,0,1,1,4,1,1,2,8,0,1,1,,,
201029502671,4,2,112,91,5,304.121,2,3,3,2010,0,51,12,6,1,5,3,1,0,0,2,8,0,1,1,,,
201029502680,3,2,112,91,5,30.412,1,3,6,2010,17,27,1,0,0,1,1,1,3,1,2,8,0,1,1,,,
201029502682,4,2,112,91,5,304.121,2,3,6,2010,12,18,12,1,0,2,1,1,0,0,2,8,0,2,1,,,
201029502685,6,2,112,91,5,121.648,2,3,7,2010,7,40,12,6,0,2,1,1,0,0,2,8,0,2,1,,,
201029502691,6,2,112,91,5,121.648,2,4,3,2010,15,58,12,6,0,2,1,1,0,0,2,8,0,2,1,,,
201029502719,4,2,9,91,5,294.208,2,3,6,2010,14,6,12,7,0,2,1,1,0,0,2,3,0,2,1,,,
201029502728,3,2,9,91,5,19.879,1,3,7,2010,22,15,21,0,0,2,3,1,3,3,2,3,0,2,1,,,
201029502791,3,2,19,91,5,20.391,2,3,6,2010,9,44,12,6,0,2,1,1,2,3,2,2,0,2,1,,,
201029502792,4,2,19,91,5,292.265,2,3,6,2010,18,12,12,6,0,2,3,2,0,0,2,2,0,8,1,,,
201029502840,4,2,19,91,5,292.265,2,3,4,2010,20,16,12,1,0,2,3,1,0,0,2,2,0,8,1,,,
201029502856,4,2,7,91,5,294.308,2,3,1,2010,15,26,12,6,0,2,1,2,0,0,2,3,0,8,1,,,
201029502930,4,2,7,91,5,294.308,2,4,3,2010,7,40,12,1,0,2,1,2,1,1,2,3,0,8,1,,,
201029502942,2,2,7,91,5,5.66,2,3,2,2010,11,25,12,6,0,2,1,1,3,2,2,3,0,2,1,,,
201029502954,4,2,15,91,5,294.531,2,3,1,2010,21,51,14,0,0,1,5,1,0,0,2,2,1,1,7,,,
201029502974,6,2,15,91,5,129.18,2,4,7,2010,16,26,12,6,0,4,1,1,0,0,2,2,0,1,1,,,
201029503038,6,2,24,91,5,127.836,3,3,4,2010,15,47,12,1,0,2,1,1,1,3,2,1,0,2,1,,,
201029503047,1,2,24,91,5,7.52,2,3,2,2010,2,43,12,2,0,2,3,1,3,2,1,1,0,2,1,,,
201029503050,5,2,24,91,5,60.158,2,3,5,2010,12,32,12,6,0,2,1,1,1,1,2,1,0,2,1,,,
201029503053,2,2,24,91,5,7.52,2,3,5,2010,15,10,12,7,0,2,1,1,0,0,2,1,0,2,1,,,
201029503064,4,2,24,91,5,293.272,2,3,2,2010,13,5,12,1,0,2,1,1,0,0,2,1,0,2,1,,,
201029503067,3,2,24,91,5,15.04,2,3,5,2010,15,55,12,6,0,4,1,1,2,1,2,1,0,1,1,,,
201029503126,2,2,3,91,5,5.639,2,3,3,2010,21,31,12,6,0,2,3,1,0,0,2,3,0,8,1,,,
201029503129,6,2,3,91,5,129.704,3,3,4,2010,17,19,12,6,0,2,1,1,0,0,2,3,1,8,1,,,
201029503154,4,2,3,91,5,293.243,2,4,7,2010,14,32,12,1,0,1,1,1,0,0,2,3,0,1,1,,,
201029503209,4,2,4,91,5,296.789,2,4,5,2010,16,50,12,6,0,2,1,1,0,0,2,3,0,8,1,,,
201029503235,3,2,4,91,5,16.488,1,4,6,2010,17,51,22,0,0,2,1,1,3,1,2,3,0,2,1,,,
201029503272,4,2,4,91,5,296.789,2,4,1,2010,12,55,12,6,0,4,1,2,0,0,2,3,0,1,1,,,
201029503279,1,2,4,91,5,5.496,2,4,2,2010,11,0,12,6,0,2,1,1,3,1,2,3,0,8,1,,,
201029503368,4,2,14,91,5,293.983,2,4,5,2010,7,0,14,0,0,1,4,1,0,0,2,3,1,1,7,,,
201029503385,6,2,14,91,5,129.352,2,4,7,2010,19,52,12,6,0,2,5,1,0,0,2,3,0,2,1,,,
201029503389,3,2,14,91,5,23.519,1,4,4,2010,7,16,22,0,0,2,1,1,2,1,2,3,0,2,1,,,
201029503411,4,2,46,91,5,295.949,2,4,3,2010,17,40,14,0,0,1,1,1,0,0,2,1,1,1,7,,,
201029503433,4,2,46,91,5,295.949,2,4,2,2010,18,30,12,2,0,2,1,1,0,0,2,1,0,8,1,,,
201029503439,6,2,46,91,5,133.177,2,4,5,2010,18,11,14,0,0,1,1,1,0,0,2,1,1,1,7,,,
201029503481,4,2,9,91,5,294.208,3,4,5,2010,7,41,12,1,0,2,1,1,0,0,2,3,0,3,1,,,
201029503500,3,2,9,91,5,19.879,2,4,3,2010,7,47,12,6,0,2,1,1,2,1,2,3,0,2,1,,,
201029503545,6,2,9,91,5,131.201,2,5,1,2010,16,30,12,6,0,2,1,1,0,0,2,3,0,2,1,,,
201029503549,4,2,32,91,5,290.161,1,4,6,2010,15,24,19,0,0,1,1,1,0,0,2,1,0,1,5,,,
201029503563,3,2,32,91,5,20.726,2,4,5,2010,14,24,12,6,0,4,1,1,3,1,2,1,0,1,1,,,
201029503582,2,2,32,91,5,10.363,2,4,2,2010,18,20,12,6,0,4,1,1,2,1,2,1,0,1,1,,,
201029503594,6,2,7,91,5,130.175,1,4,2,2010,0,48,38,0,0,1,3,1,0,0,1,3,0,1,10,,,
201029503645,3,2,7,91,5,16.979,2,4,4,2010,18,20,12,1,0,2,1,1,2,1,2,3,0,8,1,,,
201029503654,4,2,7,91,5,294.308,2,5,2,2010,10,34,12,1,0,2,1,1,0,0,2,3,0,8,1,,,
201029503665,5,2,19,91,5,61.172,2,4,3,2010,17,50,12,6,0,2,1,1,2,2,2,2,0,8,1,,,
201029503696,4,2,19,91,5,292.265,2,4,6,2010,19,59,14,0,0,1,1,1,0,0,2,2,1,1,6,,,
201029503725,6,2,19,91,5,129.14,3,5,2,2010,18,20,12,1,0,2,1,1,0,0,2,2,0,8,1,,,
201029503728,3,2,19,91,5,20.391,2,5,3,2010,16,49,12,1,0,2,1,1,3,1,2,2,0,8,1,,,
201029503782,4,2,9,91,5,294.208,2,5,2,2010,7,25,14,0,0,1,1,1,0,0,2,3,1,1,7,,,
201029503818,3,2,9,91,5,19.879,1,5,1,2010,18,45,22,0,0,2,1,1,2,1,2,3,0,2,1,,,
201029503877,4,2,1,91,5,296.016,1,4,3,2010,1,30,34,0,0,1,2,1,0,0,2,3,0,1,4,,,
201029503916,5,2,14,91,5,58.797,1,4,3,2010,22,33,33,0,0,2,3,1,2,1,2,3,0,3,4,,,
201029503929,4,2,14,91,5,293.983,2,5,4,2010,15,40,12,1,0,1,1,1,0,0,2,3,0,1,1,,,
201029503998,1,2,4,91,5,5.496,2,5,4,2010,10,50,12,2,0,2,1,1,3,3,2,3,0,3,1,,,
201029504010,1,2,4,91,5,5.496,3,5,5,2010,13,30,12,6,0,2,1,1,3,1,2,3,0,2,1,,,
201029504012,4,2,4,91,5,296.789,2,5,6,2010,9,9,12,1,0,2,1,1,0,0,2,3,0,8,1,,,
201029504042,3,2,4,91,5,16.488,2,5,6,2010,8,17,12,6,0,2,1,1,2,1,2,3,0,2,1,,,