CASENUM,STRATUM,REGION,PJ,PSU,PSUSTRAT,WEIGHT,VE_TOTAL,MONTH,WKDY_IM,YEAR,HOUR_IM,MINUTE_IM,EVENT1_IM,MANCOL_IM,RELJCT1_IM,RELJCT2_IM,LGTCON_IM,WEATHR_IM,MAXSEV_IM,NO_INJ_IM,ALCHL_IM,LAND_USE,PVH_INVL,TYP_INT,REL_ROAD,CF1,CF2,CF3
201029504048,5,2,4,91,5,60.457,3,5,1,2010,16,40,12,6,0,2,1,1,2,1,2,3,0,2,1,,,
201029504066,1,2,4,91,5,5.496,3,5,4,2010,12,54,12,6,0,2,1,1,3,1,2,3,1,2,1,,,
201029504088,4,2,15,91,5,294.531,2,4,7,2010,0,1,12,6,0,2,3,2,0,0,1,2,0,2,1,,,
201029504128,3,2,15,91,5,15.502,1,5,4,2010,0,6,30,0,0,1,3,1,2,1,2,2,0,1,4,,,
201029504159,4,2,15,91,5,294.531,2,5,5,2010,19,44,14,0,0,1,5,1,0,0,2,2,1,1,7,,,
201029504209,6,2,15,91,5,129.18,2,5,6,2010,1,31,14,0,0,1,3,1,0,0,2,2,1,1,7,,,
201029504216,3,2,46,91,5,14.797,1,4,6,2010,16,21,22,0,0,2,1,1,2,2,2,1,0,8,1,,,
201029504222,4,2,46,91,5,295.949,2,5,3,2010,16,29,12,10,0,1,1,1,0,0,2,1,0,1,1,,,
201029504237,3,2,46,91,5,14.797,1,5,7,2010,11,35,21,0,0,2,1,1,2,1,2,1,0,8,1,,,
201029504247,4,2,46,91,5,295.949,2,5,6,2010,23,7,12,6,0,2,3,1,0,0,2,1,0,8,1,,,
201029504257,6,2,46,91,5,133.177,2,5,2,2010,18,38,12,6,0,2,1,1,1,1,2,1,0,3,1,,,
201029504262,4,2,32,91,5,290.161,2,5,7,2010,3,0,12,6,0,2,3,1,0,0,2,1,0,8,1,,,
201029504266,5,2,32,91,5,62.177,2,5,3,2010,20,35,12,6,0,2,3,1,2,3,2,1,0,2,1,,,
201029504276,2,2,32,91,5,10.363,2,5,3,2010,15,57,12,6,0,4,1,2,0,0,2,1,0,1,1,,,
201029504284,6,2,32,91,5,134.718,3,5,6,2010,15,37,12,1,0,1,1,1,0,0,2,1,0,1,1,,,
201029504291,1,2,32,91,5,10.363,2,5,6,2010,17,8,12,1,0,2,1,2,3,1,2,1,0,8,1,,,
201029504298,2,2,32,91,5,10.363,3,5,4,2010,6,46,12,6,0,2,1,1,0,0,2,1,0,8,1,,,
201029504301,4,2,32,91,5,290.161,2,5,5,2010,16,18,12,2,0,1,1,1,0,0,2,1,0,1,1,,,
201029504326,3,2,3,91,5,16.918,2,5,1,2010,11,45,12,6,0,2,1,1,2,1,2,3,0,3,1,,,
201029504347,4,2,3,91,5,293.243,2,5,3,2010,8,40,12,8,0,1,1,2,0,0,2,3,0,1,1,,,
201029504371,6,2,3,91,5,129.704,2,5,6,2010,1,55,14,0,0,1,3,2,0,0,2,3,1,1,7,,,
201029504411,4,2,3,91,5,293.243,2,6,3,2010,21,25,12,7,0,1,3,1,0,0,2,3,0,1,1,,,
201029504421,4,2,24,91,5,293.272,2,4,2,2010,15,45,12,6,0,1,1,1,0,0,2,1,0,1,1,,,
201029504429,6,2,24,91,5,127.836,2,5,1,2010,12,25,12,6,0,2,1,1,0,0,2,1,0,8,1,,,
201029504460,1,2,24,91,5,7.52,1,5,2,2010,3,15,42,0,0,4,3,2,3,1,1,1,0,1,6,,,
201029504461,2,2,24,91,5,7.52,2,5,2,2010,8,11,12,8,0,1,1,2,0,0,2,1,0,1,1,,,
201029504465,2,2,24,91,5,7.52,1,5,3,2010,16,13,74,0,1,2,1,1,0,0,2,1,0,3,4,,,
201029504475,3,2,24,91,5,15.04,2,5,5,2010,23,5,12,1,0,2,3,2,2,1,2,1,0,2,1,,,
201029504484,4,2,24,91,5,293.272,2,5,3,2010,8,40,12,6,0,4,1,1,0,0,2,1,0,1,1,,,
201029504508,6,2,24,91,5,127.836,2,5,1,2010,18,30,12,1,0,1,1,1,0,0,2,1,0,1,1,,,
201029504572,4,2,7,91,5,294.308,2,5,4,2010,9,15,12,1,0,2,1,1,0,0,2,3,0,8,1,,,
201029504579,6,2,7,91,5,130.175,1,5,5,2010,21,20,42,0,0,1,3,1,0,0,2,3,0,1,6,,,
201029504580,3,2,7,91,5,16.979,1,5,5,2010,21,55,1,0,0,1,3,1,2,1,2,3,0,1,4,,,
201029504622,4,2,19,91,5,292.265,2,5,3,2010,21,16,12,1,0,2,3,1,0,0,2,2,0,8,1,,,
201029504655,3,2,19,91,5,20.391,1,5,6,2010,21,54,21,0,0,2,3,1,2,1,2,2,0,3,1,,,
201029504664,1,2,19,91,5,6.797,1,5,2,2010,15,10,46,0,0,2,1,1,3,1,2,2,0,2,4,,,
201029504689,4,2,19,91,5,292.265,3,6,3,2010,15,9,12,1,0,2,1,1,0,0,2,2,0,8,1,,,
201029504748,4,2,55,91,5,289.298,2,3,5,2010,17,40,12,7,0,1,1,1,0,0,2,1,0,1,1,,,
201029504771,5,2,55,91,5,64.288,1,4,4,2010,19,27,42,0,0,2,5,1,2,1,2,1,0,2,4,,,
201029504772,4,2,55,91,5,289.298,2,4,7,2010,6,4,14,0,0,1,1,1,0,0,2,1,1,1,7,,,
201029504778,6,2,55,91,5,128.577,2,4,7,2010,2,29,12,6,0,4,2,2,0,0,2,1,0,1,1,,,
201029504783,3,2,55,91,5,16.072,2,4,4,2010,14,53,12,6,0,2,1,1,3,4,2,1,0,2,1,,,
201029504786,5,2,55,91,5,64.288,4,5,1,2010,2,57,33,0,0,1,3,2,2,2,2,1,3,1,4,,,
201029504798,3,2,55,91,5,16.072,1,5,2,2010,20,55,21,0,0,1,2,1,3,2,1,1,0,1,1,,,
201029504801,3,2,55,91,5,16.072,1,5,1,2010,19,10,22,0,0,4,1,1,3,1,2,1,0,1,1,,,
201029504806,1,2,55,91,5,16.072,2,5,2,2010,0,1,12,6,0,2,3,1,3,4,2,1,0,2,1,,,
201029504808,4,2,55,91,5,289.298,2,6,3,2010,12,36,12,6,0,4,1,2,0,0,2,1,0,1,1,,,
201029504817,1,2,55,91,5,16.072,2,5,3,2010,20,41,12,6,0,1,5,1,4,7,2,1,0,1,1,,,
201029504868,4,2,9,91,5,294.208,2,5,6,2010,16,48,12,2,0,2,1,1,0,0,2,3,0,2,1,,,
201029504899,3,2,9,91,5,19.879,1,6,7,2010,22,24,21,0,0,2,3,2,3,2,2,3,0,2,1,,,
201029504932,5,2,9,91,5,59.637,3,6,1,2010,15,40,12,1,0,2,1,2,2,2,2,3,0,8,1,,,
201029504968,3,2,1,91,5,16.756,1,5,1,2010,18,50,24,0,0,1,1,1,3,1,2,3,0,1,1,,,
201029504982,6,2,1,91,5,131.252,1,5,6,2010,11,35,74,0,0,1,1,2,0,0,2,3,0,1,4,,,
201029504994,1,2,1,91,5,2.793,1,5,2,2010,0,15,75,0,0,1,2,1,3,2,2,3,0,1,4,,,
201029505025,1,2,1,91,5,2.793,2,5,2,2010,14,0,12,8,0,1,1,2,3,6,2,3,0,1,1,,,
201029505028,5,2,1,91,5,58.645,1,6,3,2010,1,19,75,0,0,2,3,1,2,1,1,3,0,2,4,,,
201029505055,4,2,1,91,5,296.016,1,6,3,2010,5,5,24,0,0,1,4,2,0,0,2,3,0,1,1,,,
201029505068,3,2,4,91,5,16.488,1,5,1,2010,14,24,1,0,0,1,1,1,2,2,2,3,0,1,1,,,
201029505078,2,2,4,91,5,5.496,2,5,1,2010,7,54,12,6,0,2,1,1,0,0,2,3,0,2,1,,,
201029505079,1,2,4,91,5,5.496,2,5,5,2010,13,35,12,6,0,2,1,1,3,1,2,3,0,8,1,,,
201029505080,6,2,4,91,5,131.906,2,6,3,2010,8,55,12,1,0,4,1,1,0,0,2,3,0,1,1,,,
201029505131,1,2,4,91,5,5.496,2,6,7,2010,11,0,12,2,0,1,1,2,3,2,2,3,0,1,1,,,
201029505154,4,2,4,91,5,296.789,2,6,4,2010,19,0,12,1,0,2,1,1,1,1,2,3,0,2,1,,,
201029505189,4,2,15,91,5,294.531,2,6,6,2010,13,5,12,1,0,4,1,1,0,0,2,2,0,1,1,,,
201029505191,5,2,15,91,5,56.839,2,6,6,2010,18,27,12,6,0,1,1,1,2,3,2,2,0,1,1,,,
201029505220,3,2,15,91,5,15.502,2,6,6,2010,10,30,12,6,0,4,1,1,2,1,2,2,0,1,1,,,
201029505235,2,2,15,91,5,5.167,3,6,5,2010,19,27,12,6,0,4,1,1,1,1,2,2,0,1,1,,,
201029505240,1,2,15,91,5,5.167,2,6,6,2010,17,3,12,2,0,1,1,2,3,2,2,2,0,1,1,,,
201029505263,4,2,15,91,5,294.531,2,6,7,2010,12,55,12,1,0,2,1,1,0,0,2,2,0,8,1,,,
201029505275,5,2,7,91,5,56.598,2,6,4,2010,15,24,12,6,0,2,1,1,1,2,2,3,0,3,1,,,
201029505316,6,2,7,91,5,130.175,2,6,5,2010,17,20,12,1,0,2,1,1,0,0,2,3,0,3,1,,,
201029505317,4,2,7,91,5,294.308,3,6,5,2010,17,33,12,1,0,2,1,1,0,0,2,3,0,8,1,,,
201029505321,3,2,7,91,5,16.979,2,6,7,2010,14,30,1,0,0,2,1,1,2,2,2,3,0,2,1,,,
201029505345,5,2,24,91,5,60.158,2,6,2,2010,13,6,12,6,0,2,1,1,2,1,2,1,0,3,1,,,
201029505349,2,2,24,91,5,7.52,2,6,4,2010,16,30,12,6,0,4,1,1,2,1,2,1,0,1,1,,,
201029505352,2,2,24,91,5,7.52,2,6,6,2010,7,58,12,1,0,1,1,1,0,0,2,1,0,1,1,,,
201029505371,4,2,24,91,5,293.272,2,6,7,2010,10,30,12,1,0,1,1,1,0,0,2,1,0,1,1,,,
201029505458,4,2,46,91,5,295.949,2,6,5,2010,15,43,14,0,0,4,1,1,0,0,2,1,1,1,7,,,
201029505464,3,2,46,91,5,14.797,2,6,4,2010,9,2,12,1,0,2,1,1,2,1,2,1,0,8,1,,,
201029505480,3,2,46,91,5,14.797,1,6,4,2010,9,22,21,0,0,2,1,1,2,1,2,1,0,8,1,,,
201029505483,4,2,46,91,5,295.949,2,6,5,2010,22,30,14,0,0,1,3,1,0,0,2,1,1,1,7,,,
201029505503,3,2,46,91,5,14.797,1,6,1,2010,19,26,21,0,0,1,1,1,2,1,2,1,0,1,1,,,
201029505508,4,2,46,91,5,295.949,2,6,4,2010,17,13,12,1,0,1,1,1,0,0,2,1,0,1,1,,,
201029505555,3,2,1,91,5,16.756,1,6,3,2010,18,0,22,0,0,1,1,1,2,1,2,3,0,1,1,,,
201029505562,1,2,1,91,5,2.793,1,6,5,2010,16,45,25,0,0,1,1,1,3,4,2,3,0,1,3,,,
201029505580,1,2,1,91,5,2.793,2,6,3,2010,18,15,12,6,0,2,1,1,3,1,2,3,0,2,1,,,
201029505602,5,2,3,91,5,56.393,2,6,3,2010,7,58,12,6,0,2,1,2,2,1,2,3,0,2,1,,,
201029505625,3,2,3,91,5,16.918,1,6,5,2010,17,1,21,0,0,1,1,1,2,1,2,3,0,1,1,,,
201029505660,2,2,32,91,5,10.363,1,6,7,2010,2,11,1,0,0,2,3,1,2,2,2,1,0,3,1,,,
201029505680,3,2,32,91,5,20.726,2,6,5,2010,16,42,12,1,0,1,1,1,2,1,2,1,0,1,1,,,
201029505683,4,2,32,91,5,290.161,2,6,6,2010,17,19,12,7,0,1,1,2,0,0,2,1,0,1,,,,
201029505692,2,2,32,91,5,10.363,2,6,2,2010,9,1,12,1,0,4,1,2,2,2,2,1,0,1,1,,,
201029505706,6,2,32,91,5,134.718,2,6,7,2010,1,4,14,0,0,1,3,1,0,0,2,1,1,1,7,,,
201029505724,2,2,32,91,5,10.363,2,7,3,2010,12,51,12,1,0,2,1,1,0,0,2,1,0,8,1,,,
201029505739,1,2,24,91,5,7.52,2,7,5,2010,10,40,12,6,0,4,1,1,3,3,2,1,0,1,1,,,
201029505776,6,2,4,91,5,131.906,2,6,3,2010,15,0,12,1,0,1,1,1,1,1,2,3,0,1,1,,,
201029505777,1,2,4,91,5,5.496,3,6,4,2010,12,1,12,6,0,2,1,1,3,1,2,3,0,2,1,,,
201029505805,4,2,113,91,5,304.121,2,3,2,2010,10,30,12,1,0,2,1,1,0,0,2,8,0,8,1,,,
201029505812,5,2,113,91,5,60.824,2,4,2,2010,19,24,12,1,0,1,2,1,2,3,2,8,0,1,1,,,
201029505818,6,2,113,91,5,121.648,2,4,5,2010,21,44,12,6,0,2,3,1,0,0,2,8,0,2,1,,,
201029505823,5,2,113,91,5,60.824,2,4,7,2010,6,2,12,1,0,1,4,2,1,2,2,8,0,1,1,,,
201029505829,4,2,113,91,5,304.121,2,4,3,2010,17,10,12,1,0,1,1,1,0,0,2,8,0,1,1,,,
201029505840,6,2,113,91,5,121.648,1,5,3,2010,23,32,42,0,0,1,2,1,0,0,1,8,0,1,5,,,
201029505842,4,2,113,91,5,304.121,2,5,4,2010,12,31,12,1,0,1,1,2,0,0,2,8,0,1,1,,,
201029505848,6,2,113,91,5,121.648,1,5,7,2010,0,23,42,0,0,1,2,5,0,0,2,8,0,1,4,,,
201029505858,4,2,113,91,5,304.121,3,6,5,2010,17,28,12,1,0,2,1,1,1,1,2,8,0,2,1,,,
201029505864,5,2,113,91,5,60.824,3,6,4,2010,15,43,12,1,0,2,1,1,2,3,2,8,0,8,1,,,
201029505868,6,2,113,91,5,121.648,2,6,2,2010,14,52,12,1,0,2,1,1,0,0,2,8,0,8,1,,,
201029505871,5,2,113,91,5,60.824,2,6,5,2010,8,4,12,6,0,2,1,1,1,1,2,8,0,2,1,,,
201029505876,3,2,113,91,5,30.412,2,6,3,2010,14,17,12,1,0,2,1,1,2,1,2,8,0,3,1,,,
201029505877,4,2,113,91,5,304.121,3,6,4,2010,18,5,12,1,0,1,1,1,0,0,2,8,0,1,1,,,
201029505881,6,2,113,91,5,121.648,2,6,3,2010,6,11,12,6,0,2,1,1,0,0,2,8,0,2,1,,,
201029505889,5,2,113,91,5,60.824,2,7,1,2010,1,52,12,1,0,2,2,1,2,2,1,8,0,2,1,,,
201029505903,4,2,14,91,5,293.983,2,6,6,2010,18,26,12,6,0,2,1,1,0,0,2,3,0,2,1,,,
201029505974,3,2,14,91,5,23.519,1,6,2,2010,16,5,21,0,0,2,1,1,2,2,2,3,0,8,3,,,
201029505990,1,2,14,91,5,11.759,2,6,5,2010,11,10,12,6,0,2,1,1,3,3,2,3,0,2,1,,,
201029505994,4,2,14,91,5,293.983,3,7,5,2010,16,5,12,1,0,2,1,1,0,0,2,3,0,2,1,,,
201029506006,6,2,14,91,5,129.352,2,6,5,2010,18,50,12,1,0,1,1,1,0,0,2,3,0,1,1,,,
201029506057,4,2,9,91,5,294.208,2,6,2,2010,15,50,12,1,0,2,1,1,0,0,2,3,0,3,1,,,
201029506073,6,2,9,91,5,131.201,2,6,5,2010,15,55,12,6,0,2,1,1,0,0,2,3,0,8,1,,,
201029506132,3,2,9,91,5,19.879,2,7,1,2010,11,43,12,1,0,1,1,1,2,1,2,3,0,1,1,,,
201029506142,4,2,19,91,5,292.265,1,6,1,2010,4,15,24,0,0,1,3,1,0,0,2,2,0,1,1,,,
201029506154,5,2,19,91,5,61.172,2,6,5,2010,11,45,12,1,0,2,1,1,2,1,2,2,0,3,1,,,
201029506184,6,2,19,91,5,129.14,3,6,7,2010,0,30,12,1,0,1,2,1,0,0,2,2,0,1,1,,,
201029506187,1,2,19,91,5,6.797,2,6,1,2010,0,2,12,1,0,1,2,1,3,1,2,2,0,1,1,,,
201029506197,3,2,19,91,5,20.391,3,6,3,2010,16,0,12,1,0,2,1,1,2,2,2,2,0,8,1,,,
201029506206,4,2,19,91,5,292.265,2,7,6,2010,13,58,12,1,0,1,1,1,0,0,2,2,0,1,1,,,
201029506272,4,2,4,91,5,296.789,2,7,6,2010,18,40,12,7,0,1,1,1,0,0,2,3,0,1,1,,,
201029506298,3,2,4,91,5,16.488,2,7,6,2010,17,45,12,1,0,1,1,1,2,1,2,3,0,1,1,,,
201029506304,2,2,24,91,5,7.52,2,7,4,2010,11,20,12,6,0,2,1,1,0,0,2,1,0,8,1,,,
201029506309,3,2,24,91,5,15.04,1,7,6,2010,4,7,1,0,0,1,2,1,2,1,1,1,0,1,1,,,
201029506311,4,2,24,91,5,293.272,2,7,1,2010,12,25,12,1,0,1,1,1,0,0,2,1,0,1,1,,,
201029506332,1,2,15,91,5,5.167,4,7,7,2010,16,30,12,6,0,2,1,1,3,9,2,2,0,2,1,,,
201029506348,1,2,15,91,5,5.167,2,7,5,2010,15,7,12,2,0,2,1,1,3,2,1,2,0,2,1,,,
201029506375,3,2,15,91,5,15.502,2,7,7,2010,18,20,12,1,0,1,1,1,2,1,2,2,0,1,1,,,
201029506386,4,2,15,91,5,294.531,2,7,4,2010,21,24,12,6,0,2,3,1,0,0,2,2,0,2,1,,,
201029506423,2,2,1,91,5,2.793,2,6,2,2010,22,20,12,2,0,1,2,1,3,2,1,3,0,1,1,,,
201029506447,2,2,1,91,5,2.793,2,7,4,2010,23,50,12,8,0,1,2,1,0,0,2,3,0,1,1,,,
201029506484,4,2,3,91,5,293.243,2,7,1,2010,12,15,12,2,0,2,1,1,0,0,2,3,0,8,1,,,
201029506500,1,2,3,91,5,5.639,2,7,1,2010,22,2,12,6,0,4,3,10,3,2,2,3,0,1,1,,,
201029506501,3,2,3,91,5,16.918,2,7,1,2010,14,18,12,1,0,2,1,1,2,1,1,3,0,8,1,,,
201029506576,4,2,9,91,5,294.208,2,7,7,2010,14,34,12,1,0,1,1,1,0,0,2,3,0,1,1,,,
201029506593,2,2,9,91,5,3.976,2,7,4,2010,13,15,12,1,0,2,1,1,2,2,2,3,0,2,1,,,
201029506635,1,2,46,91,5,14.797,2,7,5,2010,16,22,12,1,0,2,1,1,3,2,2,1,0,2,1,,,
201029506637,2,2,46,91,5,14.797,2,7,6,2010,12,11,12,1,0,2,1,1,0,0,2,1,0,3,1,,,
201029506641,6,2,46,91,5,133.177,2,7,1,2010,14,40,12,7,0,2,1,1,0,0,2,1,0,8,1,,,
201029506660,4,2,46,91,5,295.949,2,7,5,2010,8,41,14,0,0,1,1,1,0,0,2,1,1,1,6,,,
201029506683,4,2,46,91,5,295.949,2,7,4,2010,20,30,14,0,0,1,3,1,0,0,2,1,1,1,7,,,
201029506685,3,2,46,91,5,14.797,1,7,7,2010,1,30,21,0,0,1,3,2,2,1,1,1,0,1,1,,,
201029506693,4,2,32,91,5,290.161,2,7,6,2010,14,55,12,6,0,4,1,1,0,0,2,1,0,1,1,,,
201029506695,5,2,32,91,5,62.177,2,7,7,2010,12,10,12,6,0,2,1,1,1,2,2,1,0,8,1,,,
201029506698,3,2,32,91,5,20.726,2,7,3,2010,6,48,12,1,0,1,1,1,2,1,2,1,0,1,1,,,
201029506708,3,2,32,91,5,20.726,2,7,7,2010,7,35,12,1,0,2,1,1,2,1,2,1,0,8,1,,,
201029506734,4,2,32,91,5,290.161,2,7,5,2010,8,30,12,6,0,2,1,1,0,0,2,1,0,2,1,,,
201029506738,6,2,32,91,5,134.718,2,8,1,2010,13,35,12,7,0,2,1,1,0,0,2,1,0,8,1,,,
201029506756,4,2,112,91,5,304.121,3,4,5,2010,8,53,12,1,0,1,1,1,0,0,2,8,0,1,1,,,
201029506757,6,2,112,91,5,121.648,4,4,5,2010,15,15,12,1,0,1,1,1,0,0,2,8,0,1,1,,,
201029506764,3,2,112,91,5,30.412,2,5,1,2010,19,49,12,6,0,2,1,1,2,1,2,8,0,3,1,,,
201029506770,4,2,112,91,5,304.121,2,5,5,2010,19,13,12,7,0,1,1,1,0,0,2,8,0,1,1,,,
201029506781,4,2,112,91,5,304.121,2,5,5,2010,16,10,12,1,0,2,1,2,0,0,2,8,0,3,1,,,
201029506783,5,2,112,91,5,60.824,2,5,7,2010,11,1,12,6,0,2,1,1,1,3,2,8,0,2,1,,,
201029506790,6,2,112,91,5,121.648,2,5,4,2010,16,0,12,7,0,1,1,1,0,0,2,8,0,1,1,,,
201029506797,4,2,112,91,5,304.121,2,6,5,2010,17,2,12,1,1,2,1,1,0,0,2,8,0,3,1,,,
201029506810,4,2,112,91,5,304.121,2,6,4,2010,9,5,12,2,0,2,1,2,0,0,2,8,0,2,1,,,
201029506811,6,2,112,91,5,121.648,2,6,5,2010,13,42,12,1,0,2,1,1,1,1,2,8,0,2,1,,,
201029506816,5,2,112,91,5,60.824,3,7,2,2010,15,50,12,2,0,2,1,1,1,1,1,8,0,3,1,,,
201029506824,6,2,112,91,5,121.648,2,7,7,2010,16,27,12,6,0,2,1,1,0,0,2,8,0,2,1,,,
201029506829,4,2,112,91,5,304.121,2,8,4,2010,13,48,12,6,0,1,1,8,0,0,2,8,0,1,1,,,
201029506833,3,2,112,91,5,30.412,1,8,1,2010,3,7,1,0,0,1,2,1,3,1,2,8,0,1,4,,,
201029506848,1,2,24,91,5,7.52,2,8,1,2010,5,7,12,6,0,2,4,1,3,3,2,1,0,2,1,,,
201029506915,1,2,7,91,5,5.66,1,7,2,2010,2,21,39,0,0,2,3,1,3,1,2,3,0,8,5,,,
201029506923,3,2,7,91,5,16.979,1,7,4,2010,15,12,1,0,0,1,1,1,2,1,2,3,0,1,1,,,
201029506927,4,2,7,91,5,294.308,2,7,5,2010,11,50,12,1,0,2,1,1,1,1,2,3,0,2,1,,,
201029506994,4,2,7,91,5,294.308,2,7,3,2010,12,50,12,7,0,2,1,1,0,0,2,3,0,8,1,,,
201029507006,3,2,7,91,5,16.979,1,8,2,2010,16,20,22,0,0,2,1,1,2,1,2,3,0,2,1,,,
201029507010,1,2,7,91,5,5.66,2,8,4,2010,8,6,12,6,0,2,1,2,3,1,2,3,0,2,1,,,
201029507022,4,2,67,91,5,301.455,2,3,6,2010,12,59,12,9,0,4,1,1,0,0,2,1,0,1,1,,,
201029507024,6,2,67,91,5,129.195,3,3,2,2010,6,34,14,0,0,1,1,1,2,1,2,1,2,1,7,,,
201029507027,3,2,67,91,5,21.532,1,3,6,2010,17,37,21,0,0,1,1,1,2,1,2,1,0,1,1,,,
201029507030,3,2,67,91,5,21.532,2,4,5,2010,17,1,12,6,0,2,1,1,2,1,2,1,0,2,1,,,
201029507041,4,2,67,91,5,301.455,2,4,5,2010,7,20,12,1,0,2,1,1,0,0,2,1,0,2,1,,,
201029507057,4,2,67,91,5,301.455,1,5,5,2010,20,31,18,0,0,1,3,1,0,0,2,1,0,1,1,,,
201029507066,5,2,67,91,5,64.597,2,5,1,2010,12,10,12,6,0,2,1,1,2,3,2,1,0,2,1,,,
201029507067,3,2,67,91,5,21.532,2,5,3,2010,15,0,14,0,0,1,1,1,2,1,2,1,1,1,7,,,
201029507070,3,2,67,91,5,21.532,2,5,6,2010,17,50,12,6,0,4,1,1,2,4,2,1,0,1,1,,,
201029507072,6,2,67,91,5,129.195,2,5,6,2010,12,7,12,6,0,2,1,1,0,0,2,1,0,8,1,,,
201029507083,4,2,67,91,5,301.455,2,6,2,2010,16,44,12,7,0,2,1,1,0,0,2,1,0,8,1,,,
201029507087,1,2,67,91,5,21.532,5,6,6,2010,17,25,12,2,0,2,5,2,4,3,2,1,0,8,1,,,
201029507099,5,2,67,91,5,64.597,3,7,6,2010,14,53,12,6,0,2,1,1,1,5,2,1,0,2,1,,,
201029507102,4,2,67,91,5,301.455,2,7,7,2010,17,46,14,0,0,1,1,1,0,0,2,1,1,1,7,,,
201029507109,6,2,67,91,5,129.195,2,7,7,2010,11,19,12,6,0,2,1,1,0,0,2,1,0,3,1,,,
201029507115,1,2,67,91,5,21.532,2,7,5,2010,7,35,12,6,0,2,1,1,3,2,2,1,0,2,1,,,
201029507122,2,2,67,91,5,21.532,2,7,4,2010,18,30,12,6,0,2,1,1,1,1,2,1,0,3,1,,,
201029507124,4,2,67,91,5,301.455,2,7,5,2010,10,39,12,1,0,2,1,1,0,0,2,1,0,8,1,,,
201029507126,3,2,67,91,5,21.532,1,7,7,2010,15,0,21,0,0,2,1,1,3,1,2,1,0,8,1,,,
201029507147,4,2,19,91,5,292.265,2,7,3,2010,20,35,12,7,0,2,3,1,0,0,2,2,0,8,1,,,
201029507160,6,2,19,91,5,129.14,1,7,7,2010,3,37,33,0,0,1,3,2,0,0,1,2,0,1,4,,,
201029507164,3,2,19,91,5,20.391,1,7,1,2010,13,22,22,0,0,2,1,1,2,1,2,2,0,2,1,,,
201029507191,5,2,19,91,5,61.172,2,7,7,2010,13,46,12,7,0,2,1,1,1,1,2,2,0,2,1,,,
201029507193,1,2,19,91,5,6.797,1,8,3,2010,3,31,42,0,0,1,3,2,3,2,2,2,0,1,4,,,
201029507195,1,2,19,91,5,6.797,3,8,2,2010,13,45,12,6,0,1,1,1,3,4,2,2,0,1,1,,,
201029507211,4,2,19,91,5,292.265,2,8,5,2010,16,27,12,6,0,2,1,1,0,0,2,2,0,8,1,,,
201029507259,6,2,3,91,5,129.704,2,7,7,2010,17,3,12,6,0,2,1,1,0,0,2,3,0,8,1,,,
201029507273,3,2,3,91,5,16.918,2,8,4,2010,19,23,12,7,0,2,1,1,3,1,2,3,0,3,1,,,
201029507285,4,2,3,91,5,293.243,2,8,3,2010,10,40,12,1,1,2,1,1,0,0,2,3,0,8,1,,,
201029507356,3,2,9,91,5,19.879,1,8,2,2010,23,15,21,0,0,2,3,1,2,1,2,3,0,3,1,,,
201029507374,4,2,9,91,5,294.208,3,8,5,2010,12,20,12,1,0,2,1,1,0,0,2,3,0,2,1,,,
201029507423,6,2,24,91,5,127.836,2,8,6,2010,16,30,12,6,0,4,1,1,1,1,2,1,0,1,1,,,
201029507442,6,2,15,91,5,129.18,2,7,5,2010,11,27,12,6,0,2,1,1,0,0,2,2,0,8,1,,,
201029507467,3,2,15,91,5,15.502,5,8,4,2010,17,33,12,1,0,2,1,1,3,1,2,2,0,2,1,,,
201029507479,1,2,15,91,5,5.167,2,8,7,2010,1,39,12,2,0,1,3,1,3,1,2,2,0,1,1,,,
201029507508,4,2,15,91,5,294.531,2,8,5,2010,12,30,12,6,0,4,1,1,0,0,2,2,0,1,1,,,
201029507544,3,2,15,91,5,15.502,2,8,4,2010,13,43,12,6,0,2,1,1,2,1,2,2,0,8,1,,,
201029507549,1,2,15,91,5,5.167,2,8,3,2010,2,35,12,2,0,2,3,1,3,1,2,2,0,2,1,,,
201029507564,5,2,46,91,5,59.19,2,8,4,2010,14,50,12,1,0,1,1,2,1,1,2,1,0,1,1,,,
201029507566,6,2,46,91,5,133.177,2,8,4,2010,15,10,12,6,0,2,1,2,0,0,2,1,0,2,1,,,
201029507577,4,2,46,91,5,295.949,2,8,4,2010,8,25,14,0,0,1,1,1,1,1,2,1,1,1,7,,,
201029507582,3,2,46,91,5,14.797,1,8,3,2010,15,45,22,0,0,2,1,1,3,1,2,1,0,2,1,,,
201029507584,3,2,46,91,5,14.797,1,8,2,2010,8,50,1,0,0,6,1,1,2,1,2,1,0,1,4,,,
201029507596,3,2,46,91,5,14.797,1,8,2,2010,18,39,15,0,0,2,1,1,3,1,2,1,0,8,1,,,
201029507598,3,2,46,91,5,14.797,1,8,7,2010,16,31,22,0,0,2,1,1,3,1,2,1,0,2,1,,,
201029507610,4,2,1,91,5,296.016,2,7,6,2010,12,10,12,1,0,1,1,1,0,0,2,3,0,1,1,,,
201029507623,6,2,1,91,5,131.252,2,7,4,2010,14,35,12,8,1,18,1,1,3,1,1,3,0,1,1,,,
201029507698,3,2,1,91,5,16.756,2,8,5,2010,8,30,12,1,0,2,1,1,2,1,2,3,0,8,1,,,
201029507752,6,2,7,91,5,130.175,1,8,7,2010,8,15,33,0,0,1,1,1,0,0,2,3,0,1,3,,,