CASENUM,STRATUM,REGION,PJ,PSU,PSUSTRAT,WEIGHT,VE_TOTAL,MONTH,WKDY_IM,YEAR,HOUR_IM,MINUTE_IM,EVENT1_IM,MANCOL_IM,RELJCT1_IM,RELJCT2_IM,LGTCON_IM,WEATHR_IM,MAXSEV_IM,NO_INJ_IM,ALCHL_IM,LAND_USE,PVH_INVL,TYP_INT,REL_ROAD,CF1,CF2,CF3
201029511898,6,2,4,91,5,131.906,2,12,6,2010,11,52,12,2,0,4,1,8,0,0,2,3,0,1,3,,,
201029511900,2,2,24,91,5,7.52,3,12,4,2010,11,22,74,0,0,1,1,1,2,2,2,1,0,1,2,,,
201029511958,6,2,46,91,5,133.177,2,12,3,2010,23,1,14,0,0,1,3,1,0,0,2,1,1,1,7,,,
201029511966,4,2,46,91,5,295.949,2,12,5,2010,8,30,14,0,0,1,2,1,0,0,2,1,1,1,7,,,
201029511972,5,2,46,91,5,59.19,1,12,7,2010,3,18,46,0,0,2,3,4,2,1,1,1,0,8,3,,,
201029511998,4,2,15,91,5,294.531,2,12,4,2010,8,35,12,6,0,2,1,1,0,0,2,2,0,2,1,,,
201029512039,6,2,15,91,5,129.18,2,12,4,2010,14,20,12,6,0,2,1,1,0,0,2,2,0,2,1,,,
201029512105,4,2,55,91,5,289.298,1,11,6,2010,16,55,24,0,0,1,3,1,0,0,2,1,0,1,1,,,
201029512108,6,2,55,91,5,128.577,2,11,1,2010,19,45,12,6,0,2,3,1,2,2,2,1,0,2,1,,,
201029512109,1,2,55,91,5,16.072,1,11,2,2010,8,39,30,0,0,2,1,1,3,1,2,1,0,8,4,,,
201029512110,1,2,55,91,5,16.072,2,11,2,2010,17,56,12,6,0,2,2,2,3,3,2,1,0,3,1,,,
201029512121,3,2,55,91,5,16.072,1,12,3,2010,10,25,19,0,0,1,1,4,2,2,2,1,0,1,4,,,
201029512185,4,2,9,91,5,294.208,2,12,7,2010,17,40,12,1,0,1,3,2,0,0,2,3,0,1,1,,,
201029512228,3,2,9,91,5,19.879,2,12,2,2010,18,37,12,1,0,2,3,4,2,2,2,3,0,2,1,,,
201029512255,1,2,9,91,5,3.976,4,12,1,2010,15,23,12,6,0,1,1,1,3,5,2,3,0,1,1,,,
201029512396,1,2,19,91,5,6.797,2,12,2,2010,14,26,12,2,0,2,1,1,3,1,2,2,0,2,1,,,
201029512401,4,2,19,91,5,292.265,2,12,3,2010,8,30,12,1,0,1,1,1,0,0,2,2,0,1,1,,,
201029512431,1,2,19,91,5,6.797,1,12,4,2010,1,29,30,0,0,1,2,1,4,2,1,2,0,1,4,,,
201029512455,6,2,19,91,5,129.14,2,12,3,2010,0,46,12,6,0,2,3,4,2,1,2,2,0,2,1,,,
201029512462,4,2,19,91,5,292.265,2,12,4,2010,15,50,12,6,0,2,1,1,5,1,2,2,0,8,1,,,
201029512524,6,2,67,91,5,129.195,1,11,3,2010,9,58,33,0,0,1,1,1,0,0,2,1,0,1,4,,,
201029512534,6,2,67,91,5,129.195,1,12,7,2010,9,2,42,0,0,1,1,4,0,0,2,1,0,1,4,,,
201029512536,4,2,67,91,5,301.455,2,12,7,2010,11,24,12,7,0,1,1,4,0,0,2,1,0,1,1,,,
201029512542,3,2,67,91,5,21.532,2,12,3,2010,14,10,12,6,0,2,1,1,2,1,2,1,0,2,1,,,
201029512554,6,2,67,91,5,129.195,2,12,5,2010,6,40,12,6,0,2,4,1,0,0,2,1,0,2,1,,,
201029512629,1,2,1,91,5,2.793,2,12,5,2010,14,40,12,6,0,4,1,1,3,1,2,3,0,1,1,,,
201029512643,4,2,1,91,5,296.016,2,12,3,2010,16,15,12,1,0,1,1,1,0,0,2,3,0,1,1,,,
201029512830,6,2,113,91,5,121.648,2,11,2,2010,16,35,12,2,0,1,1,2,0,0,2,8,0,1,1,,,
201029512834,5,2,113,91,5,60.824,2,11,7,2010,3,39,12,7,0,1,6,1,2,1,2,8,0,1,1,,,
201029512838,4,2,113,91,5,304.121,2,11,3,2010,10,27,14,0,0,1,1,1,8,0,2,8,1,1,7,,,
201029512844,6,2,113,91,5,121.648,2,12,7,2010,21,20,12,6,0,4,3,4,0,0,2,8,0,1,1,,,
201029512855,4,2,113,91,5,304.121,2,12,4,2010,11,17,12,6,0,4,1,1,0,0,2,8,0,1,1,,,
201029512857,6,2,113,91,5,121.648,2,12,3,2010,13,38,12,1,0,1,1,1,0,0,2,8,0,1,1,,,
201029512888,2,2,7,91,5,5.66,2,12,5,2010,14,0,12,1,0,2,1,1,0,0,2,3,0,3,1,,,
201029512897,1,2,7,91,5,5.66,1,12,7,2010,6,38,42,0,0,1,4,1,3,1,2,3,0,1,6,,,
201029512899,6,2,7,91,5,130.175,2,12,7,2010,14,19,12,6,0,4,1,1,0,0,2,3,0,1,1,,,
201029512929,4,2,7,91,5,294.308,3,12,5,2010,15,10,12,1,0,1,1,1,0,0,2,3,0,1,1,,,
201029600357,5,4,4,94,11,63.036,2,1,7,2010,16,15,12,7,0,1,1,1,1,1,2,1,0,1,1,,,
201029600367,6,4,4,94,11,126.073,1,1,7,2010,7,55,25,0,0,1,4,1,0,0,2,1,0,1,3,,,
201029600373,4,4,4,94,11,299.423,2,1,7,2010,13,22,12,1,0,4,1,1,0,0,2,1,0,1,1,,,
201029600379,2,4,5,94,11,31.217,2,1,5,2010,17,39,12,6,0,2,3,1,1,1,2,1,0,8,1,,,
201029600385,4,4,5,94,11,280.955,2,1,4,2010,15,15,14,0,0,1,5,4,0,0,2,1,1,1,7,,,
201029600387,6,4,5,94,11,124.869,2,1,3,2010,16,38,12,1,0,2,1,1,0,0,2,1,0,1,1,,,
201029600393,5,4,5,94,11,62.434,2,1,3,2010,17,15,12,1,0,2,3,1,1,2,2,1,0,8,1,,,
201029600398,5,4,2,94,11,63.036,2,1,6,2010,10,55,12,2,0,1,1,1,1,1,2,8,0,1,1,,,
201029600411,6,4,2,94,11,126.073,2,1,2,2010,17,25,12,1,0,1,2,1,0,0,2,8,0,1,1,,,
201029600418,2,4,2,94,11,15.759,2,1,5,2010,9,0,12,1,0,2,1,1,0,0,2,8,0,8,1,,,
201029600430,5,4,2,94,11,63.036,1,1,6,2010,3,0,38,0,0,1,2,1,2,2,1,8,0,1,5,,,
201029600433,4,4,2,94,11,299.423,1,1,6,2010,21,50,59,0,0,2,2,1,0,0,2,8,0,8,4,,,
201029600444,5,4,2,94,11,63.036,1,1,6,2010,21,15,17,0,0,1,2,1,2,2,2,8,0,1,4,,,
201029600445,3,4,2,94,11,15.759,4,1,5,2010,7,30,12,1,0,1,1,1,3,3,2,8,0,1,1,,,
201029600453,6,4,2,94,11,126.073,2,1,2,2010,8,30,12,6,0,2,1,1,1,1,2,8,0,6,1,,,
201029600463,4,4,1,94,11,299.423,2,1,3,2010,9,30,12,1,0,5,1,1,0,0,2,3,0,8,1,,,
201029600473,1,4,1,94,11,15.759,2,1,4,2010,15,53,12,6,0,4,1,4,3,1,2,3,0,1,1,,,
201029600479,6,4,1,94,11,126.073,2,1,4,2010,23,30,12,6,0,2,3,4,0,0,2,3,0,8,1,,,
201029600493,4,4,1,94,11,299.423,2,1,6,2010,15,16,12,1,0,1,1,1,0,0,2,3,0,1,1,,,
201029600514,4,4,1,94,11,299.423,2,1,3,2010,15,10,12,1,0,2,1,1,0,0,2,3,0,8,1,,,
201029600533,4,4,1,94,11,299.423,2,1,5,2010,19,32,12,1,0,2,3,1,0,0,2,3,0,8,1,,,
201029600540,3,4,1,94,11,15.759,1,1,6,2010,14,59,22,0,0,2,1,1,2,1,2,3,0,8,1,,,
201029600551,6,4,3,94,11,126.073,1,1,6,2010,1,24,40,0,0,2,3,1,0,0,1,3,0,2,4,,,
201029600563,4,4,3,94,11,299.423,2,1,7,2010,8,53,12,6,0,2,1,1,0,0,2,3,0,8,1,,,
201029600589,4,4,3,94,11,299.423,2,1,4,2010,14,56,12,1,0,2,1,1,0,0,2,3,0,2,1,,,
201029600616,6,4,1,94,11,126.073,2,1,5,2010,18,55,12,6,0,2,3,1,0,0,2,3,0,8,1,,,
201029600618,5,4,1,94,11,63.036,2,1,5,2010,14,0,12,6,0,2,1,1,2,2,2,3,0,8,1,,,
201029600620,4,4,1,94,11,299.423,2,1,7,2010,12,10,12,9,0,1,1,1,0,0,2,3,0,1,1,,,
201029600645,3,4,1,94,11,15.759,1,1,6,2010,15,29,1,0,0,2,1,1,2,1,2,3,0,8,1,,,
201029600647,4,4,1,94,11,299.423,3,1,6,2010,16,40,12,1,0,2,5,1,0,0,2,3,0,8,1,,,
201029600662,3,4,1,94,11,15.759,1,1,2,2010,22,3,1,0,0,2,3,1,2,1,2,3,0,8,1,,,
201029600666,5,4,1,94,11,63.036,2,1,3,2010,20,31,12,1,0,4,2,1,1,1,2,3,0,1,1,,,
201029600669,3,4,1,94,11,15.759,1,1,4,2010,7,50,21,0,0,2,1,1,2,1,2,3,0,8,1,,,
201029600670,4,4,1,94,11,299.423,2,1,4,2010,15,33,14,0,0,1,1,1,0,0,2,3,1,1,7,,,
201029600677,6,4,1,94,11,126.073,2,1,5,2010,7,25,14,0,0,1,1,1,0,0,2,3,1,1,7,,,
201029600692,1,4,2,94,11,15.759,1,1,1,2010,14,4,74,0,0,1,1,1,3,2,1,8,0,1,4,,,
201029600694,5,4,2,94,11,63.036,2,1,4,2010,9,20,12,1,0,4,1,1,3,2,2,8,0,1,1,,,
201029600703,4,4,2,94,11,299.423,3,1,2,2010,18,15,12,1,0,2,2,1,1,1,2,8,0,8,1,,,
201029600713,5,4,2,94,11,63.036,1,1,5,2010,9,10,17,0,0,1,1,1,1,1,2,8,0,1,4,,,
201029600718,6,4,2,94,11,126.073,1,1,5,2010,4,41,43,0,0,1,2,1,0,0,2,8,0,1,4,,,
201029600722,1,4,2,94,11,15.759,1,1,6,2010,1,20,24,0,0,1,2,5,3,1,2,8,0,1,1,,,
201029600723,3,4,2,94,11,15.759,1,1,6,2010,13,15,22,0,0,2,1,1,2,1,2,8,0,8,1,,,
201029600729,5,4,2,94,11,63.036,2,1,7,2010,13,5,12,2,0,2,1,1,2,3,2,8,0,8,1,,,
201029600737,6,4,4,94,11,126.073,2,1,5,2010,8,22,12,6,0,2,1,1,0,0,2,1,0,2,1,,,
201029600751,6,4,4,94,11,126.073,2,1,2,2010,17,18,12,1,0,1,2,1,0,0,2,1,0,1,1,,,
201029600752,3,4,4,94,11,15.759,1,1,3,2010,7,9,21,0,0,2,4,1,3,1,1,1,0,3,1,,,
201029600764,3,4,4,94,11,15.759,1,1,7,2010,17,39,22,0,0,2,3,1,2,1,2,1,0,2,1,,,
201029600766,6,4,4,94,11,126.073,2,1,1,2010,15,39,12,6,0,2,1,1,1,2,2,1,0,2,1,,,
201029600771,5,4,4,94,11,63.036,2,1,4,2010,19,33,12,6,0,2,3,1,1,1,2,1,0,2,1,,,
201029600778,4,4,4,94,11,299.423,2,1,7,2010,10,57,12,1,0,2,1,1,0,0,2,1,0,2,1,,,
201029600791,5,4,4,94,11,63.036,3,1,4,2010,8,36,12,1,1,18,1,1,1,2,2,1,0,1,1,,,
201029600794,2,4,4,94,11,15.759,2,1,5,2010,11,28,12,8,0,1,1,1,1,1,2,1,0,1,1,,,
201029600797,6,4,4,94,11,126.073,2,1,6,2010,8,36,12,1,0,1,1,1,0,0,2,1,0,1,1,,,
201029600802,1,4,4,94,11,15.759,2,1,7,2010,12,32,12,6,0,2,1,1,3,2,2,1,0,2,1,,,
201029600809,4,4,5,94,11,280.955,1,2,1,2010,4,20,25,0,0,1,3,1,0,0,2,1,0,1,3,,,
201029600820,6,4,5,94,11,124.869,4,1,4,2010,8,45,12,1,0,2,1,1,0,0,2,1,0,2,1,,,
201029600822,4,4,5,94,11,280.955,2,1,6,2010,12,0,12,7,0,1,1,1,0,0,2,1,0,1,1,,,
201029600832,4,4,5,94,11,280.955,2,1,2,2010,15,58,12,6,0,2,5,1,0,0,2,1,0,2,1,,,
201029600833,5,4,5,94,11,62.434,2,1,3,2010,17,28,54,11,0,1,3,1,1,1,2,1,0,1,1,,,
201029600842,4,4,1,94,11,299.423,2,1,6,2010,17,19,12,7,0,2,3,1,0,0,2,3,0,8,1,,,
201029600868,6,4,1,94,11,126.073,2,2,5,2010,16,10,14,0,0,1,1,8,0,0,2,3,1,1,7,,,
201029600869,4,4,1,94,11,299.423,2,2,5,2010,17,25,12,1,0,2,1,1,0,0,2,3,0,8,1,,,
201029600879,5,4,1,94,11,63.036,1,2,1,2010,9,50,31,0,0,2,1,4,2,1,2,3,0,8,4,,,
201029600897,4,4,1,94,11,299.423,1,2,3,2010,19,21,59,0,0,2,5,4,0,0,2,3,0,8,4,,,
201029600917,6,4,2,94,11,126.073,1,2,1,2010,8,0,25,0,0,1,1,4,0,0,2,8,0,1,3,,,
201029600926,3,4,2,94,11,15.759,1,2,1,2010,8,40,25,0,0,1,1,4,2,2,2,8,0,1,3,,,
201029600929,1,4,2,94,11,15.759,3,2,2,2010,7,30,12,8,0,1,1,4,3,1,2,8,0,1,1,,,
201029600932,4,4,2,94,11,299.423,2,2,2,2010,14,55,12,2,0,1,1,4,0,0,2,8,0,1,1,,,
201029600935,6,4,2,94,11,126.073,1,2,2,2010,9,3,25,0,0,1,1,4,0,0,2,8,0,1,3,,,
201029600942,5,4,2,94,11,63.036,2,2,3,2010,6,5,12,6,0,2,4,1,1,1,2,8,0,8,1,,,
201029600950,6,4,2,94,11,126.073,2,2,2,2010,12,20,12,6,0,2,1,1,0,0,2,8,0,2,1,,,
201029600956,5,4,3,94,11,63.036,2,1,4,2010,6,1,12,6,0,2,3,1,1,3,2,3,0,2,1,,,
201029600958,6,4,3,94,11,126.073,2,1,4,2010,15,12,12,1,0,1,1,1,0,0,2,3,0,1,1,,,
201029600960,4,4,3,94,11,299.423,2,1,4,2010,18,25,14,0,0,4,2,1,0,0,2,3,1,1,7,,,
201029600961,3,4,3,94,11,15.759,1,1,4,2010,17,42,22,0,0,4,3,1,2,1,2,3,0,1,1,,,
201029600984,1,4,3,94,11,15.759,3,1,3,2010,18,6,12,1,0,2,3,1,3,2,2,3,0,2,1,,,
201029600988,4,4,3,94,11,299.423,2,1,4,2010,18,28,12,1,0,2,3,1,0,0,2,3,0,8,1,,,
201029600990,1,4,3,94,11,15.759,3,1,4,2010,18,53,12,8,0,1,2,1,3,4,2,3,0,1,1,,,
201029600993,6,4,3,94,11,126.073,1,1,5,2010,12,45,33,0,0,4,1,1,0,0,2,3,0,1,4,,,
201029601013,1,4,3,94,11,15.759,2,1,4,2010,18,35,12,6,0,2,3,4,3,2,2,3,0,2,1,,,
201029601015,5,4,3,94,11,63.036,1,1,4,2010,21,17,38,0,0,1,3,4,1,1,2,3,0,1,5,,,
201029601017,6,4,3,94,11,126.073,1,1,4,2010,23,16,42,0,0,1,3,4,0,0,2,3,0,1,4,,,
201029601026,4,4,3,94,11,299.423,2,1,5,2010,14,54,12,6,0,2,1,1,1,1,2,3,0,2,1,,,
201029601041,6,4,3,94,11,126.073,2,2,2,2010,16,16,12,1,0,2,1,1,0,0,2,3,0,2,1,,,
201029601055,4,4,3,94,11,299.423,1,2,6,2010,10,12,43,0,0,1,1,1,0,0,2,3,0,1,4,,,
201029601067,6,4,3,94,11,126.073,1,2,2,2010,9,1,33,0,0,2,1,4,0,0,2,3,0,8,4,,,
201029601078,1,4,3,94,11,15.759,2,2,3,2010,17,54,12,6,0,4,3,1,3,1,2,3,0,1,1,,,
201029601080,6,4,1,94,11,126.073,2,2,4,2010,14,32,12,1,0,2,1,1,0,0,2,3,0,8,1,,,
201029601093,4,4,1,94,11,299.423,2,2,6,2010,15,38,12,1,0,2,1,1,5,1,2,3,0,8,1,,,
201029601101,5,4,1,94,11,63.036,2,2,1,2010,19,25,12,6,0,2,3,1,1,2,2,3,0,8,1,,,
201029601110,6,4,1,94,11,126.073,2,2,3,2010,13,31,12,1,0,2,1,1,1,1,2,3,0,8,1,,,
201029601117,3,4,1,94,11,15.759,1,2,5,2010,7,24,1,0,0,2,1,1,3,1,2,3,0,8,1,,,
201029601129,4,4,1,94,11,299.423,1,2,6,2010,8,38,59,0,0,1,1,1,0,0,2,3,0,1,4,,,
201029601139,6,4,1,94,11,126.073,1,2,6,2010,20,13,30,0,0,2,3,4,0,0,2,3,0,8,4,,,
201029601157,6,4,1,94,11,126.073,2,2,2,2010,14,57,12,1,0,2,1,1,0,0,2,3,0,8,1,,,
201029601163,4,4,1,94,11,299.423,2,2,3,2010,9,13,12,1,0,2,1,1,0,0,2,3,0,8,1,,,
201029601170,6,4,1,94,11,126.073,2,2,3,2010,19,10,12,2,0,2,3,1,1,1,2,3,0,8,1,,,
201029601189,5,4,2,94,11,63.036,1,2,6,2010,5,50,74,0,0,1,2,4,1,1,2,8,0,1,4,,,
201029601190,6,4,2,94,11,126.073,1,2,7,2010,5,50,74,0,0,1,2,4,0,0,2,8,0,1,4,,,
201029601199,6,4,2,94,11,126.073,1,2,1,2010,13,0,38,0,0,1,1,4,0,0,2,8,0,1,5,,,
201029601214,5,4,2,94,11,63.036,2,2,5,2010,16,10,12,2,0,1,5,4,1,1,2,8,0,1,1,,,
201029601218,6,4,2,94,11,126.073,2,2,6,2010,17,40,12,1,0,2,1,1,0,0,2,8,0,8,1,,,
201029601240,4,4,4,94,11,299.423,1,2,4,2010,12,20,59,0,0,4,1,1,0,0,2,1,0,1,4,,,
201029601243,1,4,4,94,11,15.759,2,2,5,2010,12,16,12,8,0,1,1,1,3,1,2,1,0,1,1,,,
201029601249,6,4,4,94,11,126.073,1,2,1,2010,9,34,75,0,1,19,1,4,0,0,2,1,0,1,4,,,
201029601256,5,4,4,94,11,63.036,1,2,2,2010,9,32,34,0,0,1,1,4,1,1,2,1,0,1,4,,,
201029601265,6,4,4,94,11,126.073,2,2,3,2010,17,44,12,1,0,2,3,1,0,0,2,1,0,2,1,,,
201029601280,6,4,4,94,11,126.073,2,2,3,2010,7,41,12,6,0,2,1,1,0,0,2,1,0,2,1,,,
201029601291,5,4,4,94,11,63.036,2,2,5,2010,7,45,12,6,0,4,1,1,1,2,2,1,0,1,1,,,
201029601294,4,4,4,94,11,299.423,2,2,5,2010,12,36,12,7,0,1,1,1,0,0,2,1,0,1,1,,,
201029601307,6,4,4,94,11,126.073,1,2,5,2010,22,51,33,0,0,2,3,4,0,0,2,1,0,8,4,,,
201029601322,6,4,4,94,11,126.073,1,2,1,2010,5,31,46,0,0,2,3,4,0,0,2,1,0,7,4,,,
201029601327,5,4,4,94,11,63.036,2,2,2,2010,16,15,12,6,0,2,1,1,0,0,2,1,0,2,1,,,
201029601337,3,4,5,94,11,31.217,2,2,3,2010,7,13,14,0,0,1,1,4,2,1,2,1,1,1,7,,,
201029601341,6,4,5,94,11,124.869,2,2,4,2010,14,20,12,1,0,2,1,1,1,2,2,1,0,8,1,,,
201029601349,4,4,5,94,11,280.955,2,2,6,2010,13,46,12,6,0,2,1,1,0,0,2,1,0,2,1,,,
201029601355,6,4,5,94,11,124.869,2,3,3,2010,15,58,12,1,0,1,1,1,0,0,2,1,0,1,1,,,
201029601357,1,4,5,94,11,31.217,3,3,4,2010,17,47,12,6,0,2,5,1,3,1,2,1,0,8,1,,,
201029601360,3,4,1,94,11,15.759,1,2,3,2010,8,50,22,0,0,4,1,1,3,1,2,3,0,1,1,,,
201029601375,3,4,1,94,11,15.759,2,2,1,2010,12,32,12,1,0,2,1,1,2,1,2,3,0,8,1,,,
201029601377,3,4,1,94,11,15.759,1,3,2,2010,11,55,22,0,0,4,1,1,3,1,2,3,0,1,1,,,
201029601384,4,4,1,94,11,299.423,2,3,3,2010,14,5,12,6,0,2,1,1,0,0,2,3,0,8,1,,,
201029601390,6,4,1,94,11,126.073,2,3,3,2010,19,58,12,1,0,2,3,1,0,0,2,3,0,8,1,,,
201029601393,3,4,1,94,11,15.759,1,3,4,2010,16,0,22,0,0,2,1,1,2,1,2,3,0,8,1,,,
201029601404,3,4,1,94,11,15.759,1,3,5,2010,22,32,22,0,0,2,3,1,2,2,2,3,0,8,1,,,
201029601405,5,4,1,94,11,63.036,2,3,6,2010,2,17,14,0,0,1,2,1,2,1,1,3,1,1,7,,,
201029601414,4,4,1,94,11,299.423,2,3,7,2010,2,0,14,0,0,1,2,1,0,0,2,3,1,1,7,,,
201029601419,3,4,1,94,11,15.759,1,3,1,2010,21,42,22,0,0,4,3,1,2,1,2,3,0,1,1,,,
201029601422,4,4,2,94,11,299.423,2,2,3,2010,14,0,12,6,0,1,1,1,0,0,2,8,0,1,1,,,
201029601424,6,4,2,94,11,126.073,1,2,3,2010,22,20,35,0,0,1,2,1,0,0,2,8,0,1,4,,,
201029601428,1,4,2,94,11,15.759,3,3,3,2010,5,20,12,6,0,2,3,1,3,1,2,8,0,2,1,,,
201029601445,6,4,2,94,11,126.073,2,3,5,2010,14,10,12,6,0,2,1,1,0,0,2,8,0,8,1,,,
201029601452,5,4,2,94,11,63.036,2,3,6,2010,18,30,12,6,0,4,1,1,2,4,2,8,0,1,1,,,
201029601464,4,4,3,94,11,299.423,2,2,4,2010,12,2,14,0,0,1,1,1,0,0,2,3,1,1,7,,,
201029601465,5,4,3,94,11,63.036,1,2,5,2010,22,47,43,0,0,2,3,1,2,1,1,3,0,2,4,,,
201029601474,6,4,3,94,11,126.073,1,2,1,2010,8,39,43,0,0,1,1,4,0,0,2,3,0,1,6,,,
201029601480,3,4,3,94,11,15.759,2,2,2,2010,13,16,12,1,0,1,1,1,3,1,2,3,0,1,1,,,
201029601487,3,4,3,94,11,15.759,1,2,3,2010,11,26,22,0,0,2,1,1,3,1,2,3,0,2,1,,,
201029601492,5,4,3,94,11,63.036,3,2,4,2010,11,57,12,2,0,2,1,1,2,1,2,3,0,2,1,,,
201029601500,4,4,3,94,11,299.423,1,2,5,2010,19,55,38,0,0,1,2,4,0,0,2,3,0,1,5,,,
201029601516,6,4,3,94,11,126.073,3,2,7,2010,16,15,12,1,0,2,1,4,0,0,2,3,0,2,1,,,
201029601517,1,4,3,94,11,15.759,1,2,7,2010,16,24,33,0,0,1,1,4,3,1,2,3,0,1,4,,,
201029601526,4,4,3,94,11,299.423,2,2,1,2010,6,0,14,0,0,1,3,1,0,0,2,3,1,1,7,,,
201029601534,3,4,3,94,11,15.759,1,2,2,2010,12,13,22,0,0,1,1,1,2,1,2,3,0,1,1,,,
201029601536,5,4,3,94,11,63.036,2,2,2,2010,14,3,12,6,0,2,1,1,1,1,2,3,0,2,1,,,
201029601538,1,4,3,94,11,15.759,2,2,2,2010,19,43,12,2,0,2,3,1,3,2,2,3,0,2,1,,,
201029601539,1,4,3,94,11,15.759,2,2,3,2010,6,54,12,2,0,2,1,1,3,1,2,3,0,2,1,,,
201029601551,1,4,3,94,11,15.759,3,2,4,2010,14,35,12,6,0,2,1,1,3,2,2,3,0,2,1,,,
201029601557,4,4,3,94,11,299.423,2,2,6,2010,17,15,12,1,0,2,1,1,0,0,2,3,0,2,1,,,
201029601558,6,4,3,94,11,126.073,2,2,7,2010,12,17,12,1,0,1,1,1,0,0,2,3,0,1,1,,,
201029601561,1,4,3,94,11,15.759,1,2,1,2010,1,9,42,0,0,2,3,1,3,4,1,3,0,3,6,,,
201029601581,3,4,3,94,11,15.759,1,3,7,2010,12,57,22,0,0,2,1,1,2,1,2,3,0,2,1,,,
201029601583,3,4,3,94,11,15.759,3,3,7,2010,13,47,12,1,0,1,1,1,2,2,2,3,0,1,1,,,
201029601587,5,4,3,94,11,63.036,1,3,1,2010,6,44,33,0,0,1,3,1,2,1,2,3,0,1,4,,,
201029601590,4,4,3,94,11,299.423,2,3,1,2010,11,20,12,1,0,2,1,1,0,0,2,3,0,2,1,,,
201029601592,6,4,3,94,11,126.073,2,3,2,2010,7,7,12,6,0,2,1,1,0,0,2,3,0,2,1,,,
201029601611,5,4,3,94,11,63.036,2,3,5,2010,5,58,12,6,0,2,4,1,2,1,2,3,0,2,1,,,
201029601618,6,4,1,94,11,126.073,2,3,2,2010,21,26,12,6,0,2,3,1,0,0,2,3,0,8,1,,,
201029601629,3,4,1,94,11,15.759,1,3,4,2010,17,11,22,0,0,4,1,4,2,1,2,3,0,1,1,,,
201029601632,3,4,1,94,11,15.759,1,3,5,2010,14,0,22,0,0,2,1,1,2,1,2,3,0,8,1,,,
201029601635,4,4,1,94,11,299.423,2,3,5,2010,15,8,12,6,0,4,1,1,0,0,2,3,0,1,1,,,
201029601650,3,4,1,94,11,15.759,1,3,3,2010,12,30,22,0,0,2,1,1,2,1,2,3,0,8,1,,,
201029601653,3,4,1,94,11,15.759,1,3,4,2010,10,20,22,0,0,2,1,1,2,1,2,3,0,8,1,,,
201029601661,5,4,1,94,11,63.036,2,3,4,2010,17,13,12,2,0,2,1,1,1,3,2,3,0,8,1,,,
201029601665,4,4,1,94,11,299.423,2,3,5,2010,16,31,12,6,0,4,1,1,0,0,2,3,0,1,1,,,
201029601667,6,4,1,94,11,126.073,2,3,5,2010,17,51,12,1,0,2,1,1,0,0,2,3,0,8,1,,,
201029601693,2,4,2,94,11,15.759,2,3,1,2010,12,15,12,2,0,1,1,4,0,0,2,8,0,1,1,,,
201029601699,6,4,2,94,11,126.073,2,3,3,2010,17,55,12,6,0,1,1,1,0,0,2,8,0,1,1,,,
201029601700,5,4,2,94,11,63.036,2,3,3,2010,15,15,12,6,0,2,1,1,2,2,2,8,0,8,1,,,
201029601702,1,4,2,94,11,15.759,2,3,2,2010,13,30,12,6,0,1,1,1,3,3,1,8,0,1,1,,,
201029601706,4,4,2,94,11,299.423,2,3,5,2010,10,0,12,6,0,2,1,1,0,0,2,8,0,8,1,,,
201029601714,6,4,2,94,11,126.073,1,3,6,2010,7,0,38,0,0,1,2,4,0,0,2,8,0,1,5,,,
201029601716,5,4,2,94,11,63.036,2,3,6,2010,8,30,12,6,0,1,1,4,2,1,2,8,0,1,1,,,
201029601718,1,4,2,94,11,15.759,1,3,6,2010,22,10,25,0,1,18,2,3,3,1,2,8,0,1,3,,,
201029601728,6,4,2,94,11,126.073,1,3,2,2010,9,35,32,0,0,1,1,1,0,0,2,8,0,1,4,,,
201029601739,5,4,2,94,11,63.036,1,3,7,2010,13,30,43,0,0,1,1,6,2,2,2,8,0,1,4,,,
201029601740,4,4,4,94,11,299.423,2,2,5,2010,13,52,12,1,1,5,1,1,0,0,2,1,0,1,1,,,
201029601744,6,4,4,94,11,126.073,2,2,1,2010,15,13,12,1,0,1,1,1,0,0,2,1,0,1,1,,,
201029601764,6,4,4,94,11,126.073,1,3,6,2010,18,31,59,0,0,1,3,1,0,0,2,1,0,1,3,,,
201029601777,2,4,4,94,11,15.759,2,3,4,2010,17,10,12,1,0,2,1,2,0,0,2,1,0,8,1,,,
201029601779,4,4,4,94,11,299.423,2,3,5,2010,13,12,12,1,0,2,1,1,0,0,2,1,0,2,1,,,
201029601781,6,4,4,94,11,126.073,2,3,5,2010,15,20,12,6,0,2,1,1,0,0,2,1,0,2,1,,,
201029601789,1,4,4,94,11,15.759,2,3,2,2010,7,57,12,1,0,2,1,1,3,2,2,1,0,3,1,,,
201029601794,3,4,4,94,11,15.759,1,3,3,2010,14,1,1,0,1,18,1,1,2,1,2,1,0,1,1,,,
201029601795,3,4,4,94,11,15.759,1,3,3,2010,16,43,15,0,0,2,1,1,2,1,2,1,0,2,1,,,
201029601808,4,4,4,94,11,299.423,1,3,6,2010,16,40,35,0,1,5,1,4,0,0,2,1,0,1,8,,,