CASENUM,STRATUM,REGION,PJ,PSU,PSUSTRAT,WEIGHT,VE_TOTAL,MONTH,WKDY_IM,YEAR,HOUR_IM,MINUTE_IM,EVENT1_IM,MANCOL_IM,RELJCT1_IM,RELJCT2_IM,LGTCON_IM,WEATHR_IM,MAXSEV_IM,NO_INJ_IM,ALCHL_IM,LAND_USE,PVH_INVL,TYP_INT,REL_ROAD,CF1,CF2,CF3
201029603411,1,4,3,94,11,15.759,1,5,1,2010,22,21,33,0,0,1,3,1,3,2,2,3,0,1,4,,,
201029603428,4,4,3,94,11,299.423,2,6,6,2010,14,17,12,9,0,2,1,1,0,0,2,3,0,2,1,,,
201029603430,5,4,3,94,11,63.036,2,7,7,2010,10,8,12,6,0,2,1,1,2,5,2,3,0,2,1,,,
201029603437,6,4,3,94,11,126.073,2,6,2,2010,16,19,12,1,0,2,1,1,0,0,2,3,0,8,1,,,
201029603448,5,4,3,94,11,63.036,2,7,6,2010,14,11,12,6,0,2,1,1,1,2,2,3,0,2,1,,,
201029603452,3,4,3,94,11,15.759,1,6,5,2010,11,28,22,0,0,2,1,1,2,1,2,3,0,3,1,,,
201029603459,4,4,3,94,11,299.423,2,6,6,2010,16,46,12,1,0,1,1,1,0,0,2,3,0,1,1,,,
201029603463,3,4,3,94,11,15.759,1,6,6,2010,22,5,22,0,0,2,3,2,2,1,2,3,0,2,1,,,
201029603485,4,4,3,94,11,299.423,1,6,3,2010,17,35,59,0,0,4,1,1,0,0,2,3,0,1,4,,,
201029603488,6,4,3,94,11,126.073,2,6,4,2010,17,43,12,6,0,2,1,1,0,0,2,3,0,2,1,,,
201029603505,3,4,3,94,11,15.759,2,6,7,2010,11,34,12,1,0,1,1,1,2,2,2,3,0,1,1,,,
201029603508,5,4,3,94,11,63.036,2,6,7,2010,21,34,12,1,0,2,3,1,1,1,2,3,0,2,1,,,
201029603514,4,4,3,94,11,299.423,1,6,2,2010,16,37,21,0,0,1,1,1,5,1,2,3,0,1,1,,,
201029603521,6,4,3,94,11,126.073,2,6,4,2010,16,15,12,6,0,2,1,1,0,0,2,3,0,2,1,,,
201029603532,5,4,3,94,11,63.036,3,6,7,2010,8,1,12,1,0,2,1,1,1,2,2,3,0,8,1,,,
201029603539,1,4,3,94,11,15.759,2,6,2,2010,17,45,12,6,0,2,1,1,3,1,2,3,0,2,1,,,
201029603542,4,4,3,94,11,299.423,2,6,3,2010,17,23,12,1,0,1,1,1,0,0,2,3,0,1,1,,,
201029603568,6,4,3,94,11,126.073,3,7,4,2010,10,19,12,8,0,2,1,1,0,0,2,3,0,2,1,,,
201029603571,4,4,3,94,11,299.423,2,7,4,2010,16,48,12,1,0,1,1,1,0,0,2,3,0,1,1,,,
201029603579,3,4,3,94,11,15.759,1,7,6,2010,14,21,22,0,0,2,1,1,2,1,2,3,0,2,1,,,
201029603584,6,4,3,94,11,126.073,2,7,7,2010,12,50,10,0,0,1,1,8,0,0,2,3,0,1,1,,,
201029603602,5,4,2,94,11,63.036,4,7,4,2010,17,0,12,1,0,1,1,1,2,4,2,8,0,1,1,,,
201029603604,1,4,2,94,11,15.759,1,7,4,2010,10,5,17,0,0,1,1,2,3,1,2,8,0,1,5,,,
201029603608,1,4,2,94,11,15.759,1,7,6,2010,17,10,1,0,0,1,1,1,3,1,2,8,0,1,4,,,
201029603615,6,4,2,94,11,126.073,1,7,2,2010,7,10,33,0,0,2,1,1,0,0,2,8,0,8,4,,,
201029603622,3,4,2,94,11,15.759,1,7,4,2010,18,0,22,0,0,2,1,1,3,1,2,8,0,3,1,,,
201029603624,4,4,2,94,11,299.423,2,7,6,2010,16,15,12,1,0,2,1,1,0,0,2,8,0,8,1,,,
201029603627,5,4,2,94,11,63.036,1,7,1,2010,14,50,17,0,0,1,1,1,2,2,2,8,0,1,6,,,
201029603635,6,4,2,94,11,126.073,1,7,3,2010,23,39,38,0,0,1,2,1,0,0,2,8,0,1,5,,,
201029603638,3,4,2,94,11,15.759,1,7,7,2010,16,50,74,0,0,1,1,1,3,2,2,8,0,1,4,,,
201029603641,2,4,3,94,11,15.759,2,6,4,2010,11,49,12,1,0,1,1,1,1,1,2,3,0,1,1,,,
201029603653,6,4,1,94,11,126.073,3,6,4,2010,9,50,12,1,0,1,1,1,0,0,2,3,0,1,1,,,
201029603654,5,4,1,94,11,63.036,2,7,6,2010,16,35,12,6,0,4,1,1,3,3,2,3,0,1,1,,,
201029603655,3,4,1,94,11,15.759,1,7,3,2010,10,43,22,0,0,2,1,1,2,1,2,3,0,8,1,,,
201029603660,3,4,1,94,11,15.759,2,7,4,2010,15,13,21,0,0,1,1,1,3,1,2,3,0,1,1,,,
201029603677,4,4,1,94,11,299.423,2,7,7,2010,6,57,12,1,0,2,1,1,0,0,2,3,0,8,1,,,
201029603679,3,4,1,94,11,15.759,1,7,7,2010,10,52,22,0,0,4,1,1,2,1,2,3,0,1,1,,,
201029603684,6,4,1,94,11,126.073,2,7,2,2010,10,10,12,2,0,2,1,1,0,0,2,3,0,8,1,,,
201029603701,3,4,1,94,11,15.759,1,7,3,2010,17,47,22,0,0,1,1,1,2,1,2,3,0,1,1,,,
201029603704,6,4,1,94,11,126.073,2,7,4,2010,12,26,12,1,0,1,1,1,0,0,2,3,0,1,1,,,
201029603709,4,4,1,94,11,299.423,2,7,5,2010,8,30,12,1,0,2,1,1,0,0,2,3,0,8,1,,,
201029603727,6,4,1,94,11,126.073,2,7,1,2010,16,11,12,1,0,6,1,1,0,0,2,3,0,1,1,,,
201029603740,4,4,1,94,11,299.423,2,7,4,2010,7,55,12,6,0,4,1,1,0,0,2,3,0,1,1,,,
201029603755,6,4,1,94,11,126.073,2,7,4,2010,18,13,12,1,0,2,1,1,1,1,2,3,0,8,1,,,
201029603757,5,4,1,94,11,63.036,2,7,5,2010,22,25,12,1,0,2,3,1,2,2,1,3,0,8,1,,,
201029603769,3,4,5,94,11,31.217,1,7,2,2010,11,42,1,0,0,2,1,1,3,1,2,1,0,2,1,,,
201029603771,5,4,5,94,11,62.434,1,7,3,2010,0,18,38,0,0,1,3,1,2,1,2,1,0,1,5,,,
201029603776,4,4,5,94,11,280.955,3,7,5,2010,17,0,12,1,0,1,1,1,0,0,2,1,0,1,1,,,
201029603781,3,4,5,94,11,31.217,1,7,6,2010,19,24,22,0,0,4,1,1,2,1,2,1,0,1,1,,,
201029603786,3,4,5,94,11,31.217,1,7,2,2010,17,19,22,0,0,2,1,1,3,1,2,1,0,8,1,,,
201029603789,5,4,5,94,11,62.434,1,7,7,2010,19,11,33,0,0,2,1,1,2,1,2,1,0,3,4,,,
201029603791,6,4,5,94,11,124.869,2,6,6,2010,16,0,12,1,0,2,1,2,1,1,2,1,0,8,1,,,
201029603796,6,4,4,94,11,126.073,2,6,3,2010,11,4,12,1,0,2,1,1,0,0,2,1,0,2,1,,,
201029603807,3,4,4,94,11,15.759,1,7,6,2010,14,8,22,0,0,2,1,2,2,1,2,1,0,3,1,,,
201029603815,4,4,4,94,11,299.423,2,7,1,2010,18,12,12,1,0,2,1,2,0,0,2,1,0,3,1,,,
201029603816,6,4,4,94,11,126.073,1,7,1,2010,21,24,25,0,1,18,3,2,0,0,2,1,0,1,4,,,
201029603818,3,4,4,94,11,15.759,4,7,2,2010,18,39,12,1,0,2,1,1,2,1,2,1,0,3,1,,,
201029603821,3,4,4,94,11,15.759,1,7,3,2010,10,24,1,0,0,2,1,1,2,1,2,1,0,8,1,,,
201029603824,5,4,4,94,11,63.036,1,7,3,2010,20,48,25,0,1,18,3,1,1,2,2,1,0,1,4,,,
201029603839,3,4,4,94,11,15.759,1,7,3,2010,17,21,15,0,0,2,1,1,2,1,2,1,0,2,1,,,
201029603845,4,4,4,94,11,299.423,2,7,4,2010,14,28,12,1,0,2,1,1,0,0,2,1,0,2,1,,,
201029603852,6,4,4,94,11,126.073,2,7,5,2010,23,20,12,6,1,2,6,1,0,0,2,1,0,2,1,,,
201029603861,3,4,4,94,11,15.759,1,7,3,2010,18,9,22,0,0,2,1,1,2,1,2,1,0,2,1,,,
201029603869,5,4,4,94,11,63.036,2,7,6,2010,14,18,12,6,0,2,1,1,1,1,2,1,0,2,1,,,
201029603870,3,4,4,94,11,15.759,1,7,6,2010,15,26,22,0,0,2,1,1,2,1,2,1,0,2,1,,,
201029603882,3,4,4,94,11,15.759,3,7,3,2010,16,15,12,1,0,1,1,1,2,1,2,1,0,1,1,,,
201029603884,4,4,4,94,11,299.423,2,7,3,2010,16,56,14,0,0,1,1,1,0,0,2,1,1,1,7,,,
201029603885,6,4,4,94,11,126.073,2,7,3,2010,17,31,12,1,0,1,1,1,0,0,2,1,0,1,1,,,
201029603891,5,4,2,94,11,63.036,3,7,4,2010,16,25,12,1,0,1,1,1,2,3,2,8,0,1,1,,,
201029603900,1,4,2,94,11,15.759,2,7,6,2010,16,35,12,6,0,2,1,1,3,2,2,8,0,2,1,,,
201029603913,4,4,2,94,11,299.423,1,8,1,2010,20,50,24,0,0,1,1,1,0,0,2,8,0,1,1,,,
201029603914,3,4,2,94,11,15.759,1,8,1,2010,18,7,1,0,0,1,1,1,3,1,2,8,0,1,4,,,
201029603918,3,4,2,94,11,15.759,1,7,2,2010,19,0,1,0,0,1,1,1,2,1,2,8,0,1,6,,,
201029603921,4,4,1,94,11,299.423,2,7,7,2010,8,30,14,0,0,1,1,1,0,0,2,3,1,1,7,,,
201029603929,3,4,1,94,11,15.759,1,7,2,2010,13,58,22,0,0,2,1,1,2,1,2,3,0,8,1,,,
201029603945,3,4,1,94,11,15.759,1,7,4,2010,18,21,22,0,0,2,1,1,2,1,2,3,0,8,1,,,
201029603949,4,4,1,94,11,299.423,2,7,5,2010,14,55,12,1,0,1,1,1,0,0,2,3,0,1,1,,,
201029603953,2,4,1,94,11,15.759,2,7,6,2010,7,48,12,6,1,2,1,1,1,1,2,3,0,8,1,,,
201029603965,6,4,1,94,11,126.073,2,8,1,2010,16,30,12,6,0,2,1,1,0,0,2,3,0,8,1,,,
201029603975,4,4,1,94,11,299.423,2,8,2,2010,17,33,12,1,1,5,1,1,0,0,2,3,0,1,1,,,
201029603990,2,4,1,94,11,15.759,2,8,6,2010,8,53,12,1,0,1,1,1,0,0,2,3,0,1,1,,,
201029604004,5,4,3,94,11,63.036,3,7,3,2010,9,17,12,1,0,1,1,1,0,0,2,3,0,1,1,,,
201029604008,3,4,3,94,11,15.759,1,7,3,2010,21,19,22,0,0,2,3,1,3,1,2,3,0,3,1,,,
201029604009,3,4,3,94,11,15.759,1,7,4,2010,5,56,22,0,0,2,1,1,3,1,2,3,0,2,1,,,
201029604014,6,4,3,94,11,126.073,2,7,5,2010,10,23,12,7,0,1,1,1,0,0,2,3,0,1,1,,,
201029604020,4,4,3,94,11,299.423,1,7,6,2010,19,54,22,0,0,2,1,1,0,0,2,3,0,2,1,,,
201029604024,5,4,3,94,11,63.036,3,7,2,2010,17,10,12,1,0,2,1,1,1,1,2,3,0,2,1,,,
201029604038,3,4,3,94,11,15.759,1,7,7,2010,15,53,33,0,0,1,1,1,2,1,2,3,0,1,3,,,
201029604042,6,4,3,94,11,126.073,2,7,1,2010,14,28,12,6,0,1,1,1,0,0,2,3,0,1,1,,,
201029604049,5,4,3,94,11,63.036,2,7,3,2010,8,18,12,6,0,2,1,1,1,1,2,3,0,2,1,,,
201029604050,3,4,3,94,11,15.759,1,7,3,2010,10,21,22,0,0,2,1,1,2,1,2,3,0,2,1,,,
201029604054,4,4,3,94,11,299.423,2,7,5,2010,15,55,14,0,0,1,1,2,0,0,2,3,1,1,7,,,
201029604066,3,4,3,94,11,15.759,1,7,7,2010,21,59,21,0,0,1,2,1,3,1,1,3,0,1,1,,,
201029604081,4,4,3,94,11,299.423,2,8,4,2010,21,57,12,6,0,2,3,1,0,0,2,3,0,8,1,,,
201029604093,6,4,3,94,11,126.073,2,8,1,2010,11,34,12,6,0,2,1,1,0,0,2,3,0,2,1,,,
201029604096,5,4,3,94,11,63.036,4,8,2,2010,7,46,12,1,0,1,1,2,2,1,2,3,0,1,1,,,
201029604113,4,4,3,94,11,299.423,2,8,6,2010,12,53,12,6,0,2,1,1,0,0,2,3,0,3,1,,,
201029604116,6,4,3,94,11,126.073,2,8,6,2010,17,21,12,6,0,2,1,1,0,0,2,3,0,3,1,,,
201029604121,2,4,2,94,11,15.759,2,8,3,2010,12,40,12,6,0,2,1,1,3,1,2,8,0,8,1,,,
201029604124,3,4,2,94,11,15.759,2,8,4,2010,16,45,12,1,0,1,1,1,3,1,2,8,0,1,1,,,
201029604125,1,4,2,94,11,15.759,1,8,5,2010,16,20,31,0,0,1,1,1,4,1,2,8,0,1,4,,,
201029604127,6,4,2,94,11,126.073,1,8,6,2010,6,15,31,0,0,1,4,1,0,0,2,8,0,1,4,,,
201029604138,3,4,2,94,11,15.759,1,8,3,2010,18,10,22,0,0,2,1,1,2,1,2,8,0,8,1,,,
201029604139,5,4,2,94,11,63.036,2,8,3,2010,8,20,12,6,0,2,1,1,0,0,2,8,0,8,1,,,
201029604142,3,4,2,94,11,15.759,1,8,7,2010,13,20,22,0,0,2,1,1,2,2,2,8,0,8,1,,,
201029604147,6,4,1,94,11,126.073,2,8,6,2010,13,34,12,1,0,1,1,1,1,1,2,3,0,1,1,,,
201029604157,5,4,1,94,11,63.036,2,8,7,2010,21,54,12,6,0,2,3,1,1,1,1,3,0,8,1,,,
201029604161,6,4,1,94,11,126.073,2,8,1,2010,21,27,12,6,0,2,3,1,0,0,2,3,0,8,1,,,
201029604171,4,4,1,94,11,299.423,2,8,3,2010,22,50,12,1,0,2,3,1,0,0,2,3,0,8,1,,,
201029604176,6,4,1,94,11,126.073,2,8,3,2010,12,44,12,6,0,2,1,1,0,0,2,3,0,8,1,,,
201029604195,3,4,1,94,11,15.759,1,8,7,2010,0,13,21,0,0,2,3,1,3,1,1,3,0,8,1,,,
201029604196,6,4,1,94,11,126.073,2,8,7,2010,13,46,12,6,0,2,1,1,0,0,2,3,0,8,1,,,
201029604204,3,4,1,94,11,15.759,1,8,2,2010,13,50,22,0,0,2,1,1,2,1,2,3,0,8,1,,,
201029604205,1,4,2,94,11,15.759,1,9,4,2010,17,5,31,0,0,1,1,1,3,2,2,8,0,1,4,,,
201029604213,4,4,2,94,11,299.423,1,9,6,2010,15,0,31,0,0,1,1,1,0,0,2,8,0,1,4,,,
201029604214,6,4,2,94,11,126.073,2,9,6,2010,18,1,12,1,0,4,1,1,1,1,2,8,0,1,1,,,
201029604218,3,4,2,94,11,15.759,1,9,4,2010,7,45,1,0,0,2,1,1,2,1,2,8,0,8,1,,,
201029604224,3,4,1,94,11,15.759,1,8,2,2010,17,27,22,0,0,2,1,1,2,1,2,3,0,8,1,,,
201029604230,6,4,1,94,11,126.073,2,8,3,2010,13,11,12,1,0,2,1,1,0,0,2,3,0,8,1,,,
201029604233,4,4,1,94,11,299.423,1,8,3,2010,19,25,22,0,0,2,1,1,0,0,2,3,0,8,1,,,
201029604234,3,4,1,94,11,15.759,1,8,3,2010,20,0,22,0,0,2,5,1,3,1,2,3,0,8,1,,,
201029604250,3,4,1,94,11,15.759,1,8,6,2010,14,50,15,0,0,2,1,1,2,1,2,3,0,8,1,,,
201029604260,4,4,1,94,11,299.423,2,8,1,2010,7,55,14,0,0,1,1,1,0,0,2,3,1,1,7,,,
201029604262,6,4,1,94,11,126.073,2,8,1,2010,12,2,12,1,0,2,1,1,0,0,2,3,0,8,1,,,
201029604267,5,4,1,94,11,63.036,3,8,1,2010,12,25,14,0,0,1,1,1,2,1,2,3,2,1,7,,,
201029604270,3,4,1,94,11,15.759,1,8,2,2010,8,46,22,0,0,2,1,1,2,1,2,3,0,8,1,,,
201029604278,3,4,1,94,11,15.759,1,8,3,2010,13,14,21,0,0,4,1,1,3,1,2,3,0,1,1,,,
201029604282,6,4,1,94,11,126.073,2,8,3,2010,17,58,12,1,0,2,1,1,0,0,2,3,0,8,1,,,
201029604283,3,4,1,94,11,15.759,1,8,3,2010,18,10,21,0,0,2,1,1,2,1,2,3,0,8,1,,,
201029604286,3,4,1,94,11,15.759,1,8,3,2010,17,42,1,0,0,1,1,1,2,1,2,3,0,1,1,,,
201029604290,3,4,1,94,11,15.759,1,8,4,2010,16,18,22,0,0,4,1,1,2,1,2,3,0,1,1,,,
201029604295,3,4,1,94,11,15.759,1,8,4,2010,17,35,22,0,0,4,1,1,2,1,2,3,0,1,1,,,
201029604300,4,4,1,94,11,299.423,1,8,5,2010,16,30,8,0,0,1,1,1,0,0,2,3,0,1,4,,,
201029604306,3,4,1,94,11,15.759,1,8,5,2010,17,0,22,0,0,4,1,1,2,1,2,3,0,1,1,,,
201029604310,3,4,1,94,11,15.759,1,8,6,2010,15,44,22,0,0,2,1,1,2,1,2,3,0,8,1,,,
201029604318,6,4,1,94,11,126.073,2,8,7,2010,14,25,12,6,0,2,1,1,0,0,2,3,0,8,1,,,
201029604319,3,4,1,94,11,15.759,1,8,1,2010,22,58,22,0,0,2,3,1,2,1,2,3,0,8,1,,,
201029604343,6,4,4,94,11,126.073,2,8,2,2010,15,52,12,6,0,2,1,1,0,0,2,1,0,8,1,,,
201029604344,1,4,4,94,11,15.759,2,8,2,2010,21,44,12,6,0,2,3,2,3,5,2,1,0,2,1,,,
201029604346,5,4,4,94,11,63.036,1,8,3,2010,17,24,1,0,0,1,1,1,1,2,2,1,0,1,4,,,
201029604349,1,4,4,94,11,15.759,2,8,4,2010,15,58,12,6,0,4,1,1,3,1,2,1,0,1,1,,,
201029604357,4,4,4,94,11,299.423,2,8,5,2010,19,16,12,7,0,1,1,1,0,0,2,1,0,1,1,,,
201029604369,6,4,4,94,11,126.073,2,8,3,2010,13,54,12,6,0,2,1,1,0,0,2,1,0,3,1,,,
201029604374,5,4,4,94,11,63.036,2,8,4,2010,12,0,12,6,0,2,1,1,0,0,2,1,0,2,1,,,
201029604387,3,4,4,94,11,15.759,1,8,3,2010,17,13,1,0,0,1,1,1,2,1,2,1,0,1,2,,,
201029604389,1,4,4,94,11,15.759,1,8,4,2010,15,49,5,0,0,1,1,1,3,1,2,1,0,1,1,,,
201029604391,6,4,4,94,11,126.073,2,8,5,2010,17,13,12,1,0,2,1,1,0,0,2,1,0,3,1,,,
201029604402,4,4,4,94,11,299.423,2,8,2,2010,21,28,12,7,0,1,3,1,0,0,2,1,0,1,1,,,
201029604409,6,4,4,94,11,126.073,2,8,5,2010,20,28,12,1,0,2,3,1,0,0,2,1,0,2,1,,,
201029604427,4,4,4,94,11,299.423,2,9,4,2010,8,2,12,1,0,1,1,1,0,0,2,1,0,1,1,,,
201029604440,6,4,4,94,11,126.073,2,9,2,2010,7,36,12,1,0,1,1,1,0,0,2,1,0,1,1,,,
201029604447,4,4,5,94,11,280.955,2,8,2,2010,11,45,12,6,0,1,1,1,0,0,2,1,0,1,1,,,
201029604458,4,4,5,94,11,280.955,2,8,5,2010,8,53,12,1,0,2,1,1,0,0,2,1,0,8,1,,,
201029604461,1,4,5,94,11,31.217,3,8,6,2010,16,46,12,6,0,2,1,1,3,3,2,1,0,2,1,,,
201029604462,3,4,5,94,11,31.217,1,8,2,2010,18,55,22,0,0,2,1,1,2,1,2,1,0,8,1,,,
201029604463,5,4,5,94,11,62.434,1,9,4,2010,21,49,1,0,0,2,5,1,4,3,2,1,0,8,4,,,
201029604464,6,4,5,94,11,124.869,2,9,5,2010,16,15,12,1,0,2,1,1,1,1,2,1,0,2,1,,,
201029604475,6,4,5,94,11,124.869,1,9,7,2010,8,58,30,0,0,1,1,1,0,0,2,1,0,1,4,,,
201029604481,3,4,2,94,11,15.759,1,9,5,2010,7,30,1,0,1,5,1,1,2,1,2,8,0,1,1,,,
201029604487,5,4,2,94,11,63.036,2,9,2,2010,18,38,12,1,0,2,1,1,0,0,2,8,0,8,1,,,
201029604495,3,4,2,94,11,15.759,1,8,6,2010,8,15,1,0,0,1,1,1,4,1,2,8,0,1,4,,,
201029604499,3,4,2,94,11,15.759,1,8,4,2010,14,15,1,0,0,1,1,1,2,2,2,8,0,1,4,,,
201029604500,6,4,2,94,11,126.073,2,8,4,2010,12,5,12,1,0,1,1,1,0,0,2,8,0,1,1,,,
201029604503,4,4,2,94,11,299.423,1,8,4,2010,13,30,31,0,0,1,1,1,0,0,2,8,0,1,4,,,
201029604514,4,4,1,94,11,299.423,2,8,3,2010,12,39,12,7,0,1,1,1,0,0,2,3,0,1,1,,,
201029604532,3,4,1,94,11,15.759,1,9,4,2010,18,8,22,0,0,2,1,1,2,1,2,3,0,2,1,,,
201029604537,4,4,1,94,11,299.423,2,9,5,2010,15,7,12,7,0,1,1,1,0,0,2,3,0,1,1,,,
201029604547,6,4,1,94,11,126.073,2,9,6,2010,13,27,12,6,0,4,1,1,0,0,2,3,0,1,1,,,
201029604561,4,4,1,94,11,299.423,3,9,2,2010,22,8,12,1,0,1,3,1,0,0,2,3,0,1,1,,,
201029604571,3,4,1,94,11,15.759,1,9,3,2010,17,30,22,0,0,2,1,1,2,1,2,3,0,8,1,,,
201029604586,6,4,1,94,11,126.073,2,9,4,2010,17,57,12,1,0,1,1,1,0,0,2,3,0,1,1,,,
201029604589,4,4,1,94,11,299.423,2,9,7,2010,19,0,12,6,0,1,1,1,0,0,2,3,0,1,1,,,
201029604601,5,4,1,94,11,63.036,2,9,7,2010,13,32,12,6,0,2,1,1,1,1,2,3,0,8,1,,,
201029604605,3,4,1,94,11,15.759,1,9,1,2010,21,22,22,0,0,2,3,1,0,0,2,3,0,8,1,,,
201029604618,4,4,1,94,11,299.423,2,9,3,2010,11,40,12,1,0,2,1,1,0,0,2,3,0,8,1,,,
201029604622,6,4,1,94,11,126.073,2,9,3,2010,19,30,12,6,0,2,3,1,0,0,2,3,0,8,1,,,
201029604633,5,4,3,94,11,63.036,2,8,2,2010,13,49,12,2,0,2,1,1,3,4,2,3,0,2,1,,,
201029604634,3,4,3,94,11,15.759,2,8,2,2010,19,0,12,1,0,2,1,1,2,1,2,3,0,8,1,,,
201029604639,3,4,3,94,11,15.759,1,8,3,2010,18,10,22,0,0,2,1,1,2,1,2,3,0,2,1,,,
201029604648,1,4,3,94,11,15.759,2,8,6,2010,10,45,14,0,0,1,1,1,3,1,1,3,1,1,7,,,
201029604652,4,4,3,94,11,299.423,2,8,7,2010,3,24,38,0,0,1,3,1,0,0,2,3,1,1,5,,,
201029604653,3,4,3,94,11,15.759,1,8,7,2010,13,3,22,0,0,2,1,1,2,1,2,3,0,2,1,,,
201029604661,6,4,3,94,11,126.073,2,8,2,2010,10,17,12,6,0,4,1,1,0,0,2,3,0,1,1,,,
201029604665,5,4,3,94,11,63.036,2,8,3,2010,10,41,12,6,0,2,1,1,1,2,2,3,0,2,1,,,
201029604676,3,4,3,94,11,15.759,1,8,5,2010,14,31,22,0,0,2,1,1,2,1,2,3,0,5,1,,,
201029604678,6,4,3,94,11,126.073,2,8,5,2010,17,46,12,6,0,2,1,1,0,0,2,3,0,8,1,,,
201029604693,4,4,3,94,11,299.423,1,8,6,2010,16,28,59,0,0,2,1,1,0,0,2,3,0,8,,,,
201029604694,3,4,3,94,11,15.759,1,8,1,2010,16,10,22,0,0,4,1,1,2,1,2,3,0,1,1,,,
201029604696,3,4,3,94,11,15.759,2,8,2,2010,15,8,12,1,0,1,1,1,3,1,2,3,0,1,1,,,
201029604702,3,4,3,94,11,15.759,1,8,3,2010,12,30,33,0,0,2,1,1,2,1,1,3,0,2,4,,,
201029604714,2,4,3,94,11,15.759,1,9,5,2010,8,40,30,0,0,1,1,1,0,0,2,3,0,1,4,,,
201029604717,6,4,3,94,11,126.073,1,9,6,2010,12,36,59,0,0,2,1,1,0,0,2,3,0,3,3,,,
201029604725,3,4,3,94,11,15.759,1,9,7,2010,10,8,22,0,0,4,1,1,2,1,2,3,0,1,1,,,
201029604727,5,4,3,94,11,63.036,2,9,7,2010,14,31,12,1,0,1,1,1,0,0,2,3,0,1,1,,,
201029604728,4,4,3,94,11,299.423,2,9,7,2010,17,52,12,1,0,2,1,1,0,0,1,3,0,8,1,,,
201029604749,1,4,3,94,11,15.759,2,9,4,2010,19,6,12,6,0,2,3,1,3,2,2,3,0,2,1,,,
201029604756,3,4,3,94,11,15.759,1,9,6,2010,7,48,21,0,0,2,1,1,3,1,2,3,0,2,1,,,
201029604757,4,4,3,94,11,299.423,2,9,6,2010,8,2,12,7,0,2,1,1,0,0,2,3,0,2,1,,,
201029604762,6,4,3,94,11,126.073,2,9,7,2010,7,12,12,6,0,2,1,1,0,0,2,3,0,2,1,,,
201029604787,6,4,2,94,11,126.073,2,9,6,2010,17,32,12,1,0,1,1,1,0,0,2,8,0,1,1,,,
201029604800,5,4,2,94,11,63.036,2,9,5,2010,23,30,12,1,0,1,2,1,1,1,1,8,0,1,1,,,
201029604805,4,4,2,94,11,299.423,2,9,2,2010,9,40,12,1,0,1,1,1,0,0,2,8,0,1,1,,,
201029604808,6,4,2,94,11,126.073,1,9,1,2010,20,27,24,0,0,1,2,1,0,0,2,8,0,1,1,,,
201029604814,3,4,2,94,11,15.759,1,9,1,2010,0,50,1,0,0,2,3,1,3,1,2,8,0,3,1,,,
201029604827,5,4,2,94,11,63.036,1,10,1,2010,23,5,17,0,0,1,2,1,2,1,1,8,0,1,4,,,
201029604829,1,4,2,94,11,15.759,2,9,5,2010,12,45,12,6,0,2,1,1,4,2,2,8,0,3,1,,,
201029604835,5,4,4,94,11,63.036,1,9,4,2010,7,31,38,0,0,1,1,1,2,1,2,1,0,1,5,,,
201029604839,3,4,4,94,11,15.759,1,9,5,2010,11,14,22,0,0,2,1,1,2,1,2,1,0,2,1,,,
201029604843,1,4,4,94,11,15.759,2,9,6,2010,8,19,12,6,0,2,1,1,3,2,2,1,0,2,1,,,
201029604846,4,4,4,94,11,299.423,2,9,7,2010,16,18,14,0,0,1,1,1,0,0,2,1,1,1,7,,,
201029604852,6,4,4,94,11,126.073,4,9,4,2010,7,55,12,1,0,1,1,1,1,1,2,1,0,1,1,,,
201029604865,6,4,4,94,11,126.073,1,9,7,2010,21,5,32,0,0,4,3,1,0,0,2,1,0,1,4,,,
201029604871,5,4,4,94,11,63.036,2,9,3,2010,16,57,12,6,0,2,1,1,1,1,2,1,0,8,1,,,
201029604881,6,4,4,94,11,126.073,2,10,7,2010,12,6,12,1,1,5,1,1,0,0,2,1,0,1,1,,,
201029604893,4,4,4,94,11,299.423,2,10,3,2010,12,11,12,1,0,2,1,1,1,1,2,1,0,3,1,,,
201029604897,6,4,4,94,11,126.073,1,10,5,2010,0,52,74,0,0,1,2,2,0,0,2,1,0,1,4,,,
201029604907,5,4,4,94,11,63.036,2,10,2,2010,8,22,14,0,0,1,1,1,1,1,2,1,1,1,7,,,
201029604925,4,4,4,94,11,299.423,2,10,6,2010,7,19,12,6,0,2,1,1,0,0,2,1,0,2,1,,,
201029604926,6,4,4,94,11,126.073,2,10,6,2010,12,56,12,1,0,2,1,1,0,0,2,1,0,2,1,,,
201029604931,4,4,5,94,11,280.955,2,9,1,2010,17,39,12,1,0,2,1,1,0,0,2,1,0,2,1,,,
201029604942,4,4,5,94,11,280.955,2,10,7,2010,16,31,12,1,0,1,1,1,0,0,2,1,0,1,1,,,
201029604945,5,4,5,94,11,62.434,1,10,3,2010,13,52,38,0,0,2,1,1,2,1,2,1,0,3,5,,,