CASENUM,STRATUM,REGION,PJ,PSU,PSUSTRAT,WEIGHT,VE_TOTAL,MONTH,WKDY_IM,YEAR,HOUR_IM,MINUTE_IM,EVENT1_IM,MANCOL_IM,RELJCT1_IM,RELJCT2_IM,LGTCON_IM,WEATHR_IM,MAXSEV_IM,NO_INJ_IM,ALCHL_IM,LAND_USE,PVH_INVL,TYP_INT,REL_ROAD,CF1,CF2,CF3
201029604948,6,4,5,94,11,124.869,2,10,3,2010,11,52,12,6,0,1,1,1,0,0,2,1,0,1,1,,,
201029604956,4,4,5,94,11,280.955,2,10,2,2010,18,59,12,6,0,2,3,1,0,0,2,1,0,8,1,,,
201029604964,6,4,5,94,11,124.869,2,10,2,2010,17,33,12,2,0,2,1,1,0,0,2,1,0,2,1,,,
201029604976,3,4,1,94,11,15.759,1,9,5,2010,9,9,22,0,0,2,1,1,2,1,2,3,0,8,1,,,
201029604982,4,4,1,94,11,299.423,2,9,6,2010,9,11,12,1,0,2,1,1,0,0,2,3,0,8,1,,,
201029604993,3,4,1,94,11,15.759,1,9,7,2010,16,50,22,0,0,4,1,1,2,1,2,3,0,1,1,,,
201029604997,6,4,1,94,11,126.073,3,9,1,2010,3,0,14,0,0,1,2,1,0,0,1,3,2,1,7,,,
201029605007,5,4,1,94,11,63.036,2,9,5,2010,21,21,12,6,1,2,3,1,1,1,2,3,0,8,1,,,
201029605015,4,4,1,94,11,299.423,2,9,3,2010,6,20,12,1,1,5,1,1,1,1,2,3,0,1,1,,,
201029605028,6,4,1,94,11,126.073,1,9,6,2010,2,47,33,0,0,1,3,1,0,0,1,3,0,1,3,,,
201029605049,6,4,1,94,11,126.073,2,9,3,2010,13,9,12,1,0,2,1,1,0,0,2,3,0,8,1,,,
201029605050,4,4,1,94,11,299.423,2,9,3,2010,15,6,12,1,0,2,1,1,1,1,2,3,0,8,1,,,
201029605055,3,4,1,94,11,15.759,1,9,4,2010,8,0,22,0,0,2,1,1,2,1,2,3,0,8,1,,,
201029605075,3,4,1,94,11,15.759,1,10,6,2010,13,58,22,0,0,2,1,1,2,1,2,3,0,8,1,,,
201029605076,4,4,1,94,11,299.423,2,10,6,2010,16,44,12,1,0,2,1,1,0,0,2,3,0,8,1,,,
201029605083,6,4,1,94,11,126.073,2,10,1,2010,8,4,12,6,0,2,1,1,0,0,2,3,0,8,1,,,
201029605087,5,4,1,94,11,63.036,2,10,1,2010,19,50,12,6,0,2,3,1,2,1,2,3,0,8,1,,,
201029605107,3,4,1,94,11,15.759,1,10,5,2010,6,45,59,0,0,2,4,1,3,1,2,3,0,8,4,,,
201029605109,4,4,1,94,11,299.423,2,10,5,2010,9,25,12,1,0,1,1,1,0,0,2,3,0,1,1,,,
201029605117,6,4,1,94,11,126.073,2,10,6,2010,12,17,12,6,0,2,1,1,0,0,2,3,0,8,1,,,
201029605135,4,4,1,94,11,299.423,1,10,2,2010,16,8,15,0,0,2,1,1,0,0,2,3,0,8,1,,,
201029605145,6,4,1,94,11,126.073,1,10,5,2010,2,33,1,0,0,2,3,1,0,0,2,3,0,8,4,,,
201029605156,5,4,1,94,11,63.036,3,10,6,2010,2,9,14,0,0,1,3,1,2,1,1,3,2,1,7,,,
201029605163,3,4,1,94,11,15.759,1,10,6,2010,15,27,22,0,0,2,1,1,2,1,2,3,0,8,1,,,
201029605166,4,4,1,94,11,299.423,2,10,6,2010,17,3,12,1,0,1,1,1,0,0,2,3,0,1,1,,,
201029605191,4,4,3,94,11,299.423,2,9,4,2010,17,5,12,1,0,2,5,1,1,1,2,3,0,2,1,,,
201029605196,6,4,3,94,11,126.073,2,9,4,2010,18,20,12,6,0,2,5,1,0,0,2,3,0,2,1,,,
201029605212,5,4,3,94,11,63.036,3,9,3,2010,7,20,12,1,0,2,1,1,2,1,2,3,0,2,1,,,
201029605218,4,4,3,94,11,299.423,2,9,3,2010,7,55,12,1,0,2,1,1,0,0,2,3,0,8,1,,,
201029605231,6,4,3,94,11,126.073,2,9,5,2010,8,41,14,0,0,1,1,1,0,0,2,3,1,1,7,,,
201029605235,3,4,3,94,11,15.759,1,9,7,2010,21,53,22,0,0,2,3,1,3,1,2,3,0,2,1,,,
201029605251,3,4,3,94,11,15.759,1,9,4,2010,18,16,22,0,0,2,1,1,2,1,2,3,0,6,1,,,
201029605252,6,4,3,94,11,126.073,2,9,5,2010,7,18,14,0,0,1,1,1,0,0,2,3,1,1,7,,,
201029605268,6,4,3,94,11,126.073,2,9,7,2010,17,46,12,6,0,2,1,1,1,2,2,3,0,2,1,,,
201029605270,4,4,3,94,11,299.423,1,9,5,2010,7,36,22,0,0,2,1,1,5,1,2,3,0,2,1,,,
201029605277,5,4,3,94,11,63.036,1,9,1,2010,0,4,42,0,0,1,3,1,2,1,1,3,0,1,6,,,
201029605282,1,4,3,94,11,15.759,2,10,1,2010,21,33,12,6,0,2,2,1,3,5,1,3,0,2,1,,,
201029605295,6,4,3,94,11,126.073,2,10,2,2010,7,20,12,2,0,2,1,1,0,0,2,3,0,2,1,,,
201029605310,4,4,3,94,11,299.423,2,10,2,2010,7,34,12,6,0,4,1,1,0,0,2,3,0,1,1,,,
201029605319,5,4,3,94,11,63.036,2,10,1,2010,19,29,12,6,0,1,3,1,1,1,2,3,0,1,1,,,
201029605330,6,4,3,94,11,126.073,2,10,1,2010,18,10,12,6,0,1,5,1,0,0,2,3,0,1,1,,,
201029605345,6,4,2,94,11,126.073,1,10,4,2010,19,24,24,0,0,1,2,1,0,0,2,8,0,1,1,,,
201029605352,5,4,2,94,11,63.036,2,10,7,2010,16,20,12,1,0,2,1,1,2,2,2,8,0,8,1,,,
201029605356,3,4,1,94,11,15.759,1,10,3,2010,12,15,22,0,0,2,1,2,2,1,2,3,0,8,1,,,
201029605365,6,4,1,94,11,126.073,2,10,3,2010,18,57,12,6,0,4,2,1,0,0,2,3,0,1,1,,,
201029605367,5,4,1,94,11,63.036,2,10,2,2010,18,30,12,1,0,2,3,2,1,1,2,3,0,8,1,,,
201029605371,3,4,1,94,11,15.759,1,10,3,2010,14,15,22,0,0,2,1,1,2,1,2,3,0,8,1,,,
201029605372,3,4,1,94,11,15.759,1,10,3,2010,16,51,22,0,0,2,1,1,2,1,2,3,0,8,1,,,
201029605375,4,4,1,94,11,299.423,2,10,4,2010,13,27,12,1,0,1,1,1,0,0,2,3,0,1,1,,,
201029605385,6,4,1,94,11,126.073,3,10,5,2010,16,54,12,1,0,2,1,1,1,3,2,3,0,8,1,,,
201029605389,1,4,1,94,11,15.759,2,10,6,2010,12,24,12,6,0,4,1,1,3,2,2,3,0,1,1,,,
201029605396,3,4,1,94,11,15.759,1,10,7,2010,16,19,22,0,0,2,1,1,2,1,2,3,0,8,1,,,
201029605398,3,4,1,94,11,15.759,2,10,1,2010,12,6,12,7,0,1,1,1,2,1,2,3,0,1,1,,,
201029605407,4,4,1,94,11,299.423,2,10,2,2010,17,24,12,7,0,1,1,1,0,0,2,3,0,1,1,,,
201029605429,4,4,1,94,11,299.423,2,10,4,2010,16,53,45,0,0,1,1,1,0,0,2,3,1,1,1,,,
201029605432,2,4,2,94,11,15.759,1,10,2,2010,9,15,17,0,0,1,1,1,1,1,2,8,0,1,4,,,
201029605438,4,4,2,94,11,299.423,1,10,3,2010,14,50,22,0,0,4,1,1,1,1,2,8,0,1,1,,,
201029605471,4,4,4,94,11,299.423,2,10,7,2010,15,12,12,1,0,2,1,1,1,1,2,1,0,3,1,,,
201029605472,6,4,4,94,11,126.073,1,10,1,2010,3,23,33,0,0,2,3,1,0,0,1,1,0,2,4,,,
201029605478,3,4,4,94,11,15.759,2,10,3,2010,7,26,12,1,0,2,1,1,2,1,2,1,0,8,1,,,
201029605493,6,4,4,94,11,126.073,1,10,7,2010,15,10,30,0,0,2,1,1,0,0,2,1,0,2,4,,,
201029605504,5,4,4,94,11,63.036,3,11,2,2010,18,40,12,2,0,2,3,1,1,1,2,1,0,2,1,,,
201029605508,4,4,4,94,11,299.423,2,11,4,2010,6,30,12,7,0,1,3,1,0,0,2,1,0,1,1,,,
201029605516,3,4,4,94,11,15.759,1,11,6,2010,17,22,21,0,0,1,5,1,2,1,2,1,0,1,1,,,
201029605522,6,4,4,94,11,126.073,2,11,7,2010,16,34,12,1,0,2,1,1,0,0,2,1,0,2,1,,,
201029605526,5,4,5,94,11,62.434,2,10,3,2010,22,57,12,1,0,2,3,1,1,1,1,1,0,8,1,,,
201029605530,5,4,5,94,11,62.434,3,10,6,2010,18,35,12,1,0,1,1,1,1,1,2,1,0,1,1,,,
201029605531,4,4,5,94,11,280.955,2,10,1,2010,16,0,14,0,0,4,1,1,0,0,2,1,1,1,7,,,
201029605538,5,4,5,94,11,62.434,2,11,4,2010,21,30,12,2,0,2,3,1,2,2,2,1,0,2,1,,,
201029605542,6,4,5,94,11,124.869,2,11,6,2010,18,20,12,1,0,1,3,1,0,0,2,1,0,1,1,,,
201029605548,6,4,2,94,11,126.073,2,10,2,2010,17,45,12,6,0,2,1,2,0,0,2,8,0,3,1,,,
201029605550,1,4,2,94,11,15.759,2,10,3,2010,19,5,12,6,0,2,2,1,3,5,2,8,0,3,1,,,
201029605552,5,4,2,94,11,63.036,2,10,5,2010,9,20,12,6,0,2,1,1,2,1,2,8,0,8,1,,,
201029605566,6,4,2,94,11,126.073,1,10,7,2010,2,45,42,0,0,4,6,1,2,1,2,8,0,1,4,,,
201029605576,4,4,2,94,11,299.423,2,11,3,2010,17,5,12,1,0,2,1,1,0,0,2,8,0,8,1,,,
201029605589,5,4,2,94,11,63.036,3,11,7,2010,23,0,12,1,0,1,2,1,2,3,1,8,0,1,1,,,
201029605600,3,4,2,94,11,15.759,1,11,5,2010,7,25,1,0,0,1,1,3,2,1,1,8,0,1,4,,,
201029605601,6,4,2,94,11,126.073,2,11,4,2010,21,59,12,6,0,2,3,1,0,0,2,8,0,8,1,,,
201029605608,4,4,2,94,11,299.423,1,11,7,2010,22,30,1,0,0,1,2,1,0,0,2,8,0,1,4,,,
201029605611,3,4,1,94,11,15.759,1,10,5,2010,8,48,1,0,0,4,1,1,2,1,2,3,0,1,1,,,
201029605618,6,4,1,94,11,126.073,2,10,5,2010,9,30,12,1,0,2,1,1,0,0,2,3,0,8,1,,,
201029605621,3,4,1,94,11,15.759,1,10,6,2010,10,4,1,0,0,2,1,1,2,1,2,3,0,8,1,,,
201029605640,3,4,1,94,11,15.759,1,10,6,2010,9,10,22,0,0,4,1,1,2,1,2,3,0,1,1,,,
201029605643,4,4,1,94,11,299.423,1,11,2,2010,12,36,22,0,0,2,1,1,2,1,2,3,0,8,1,,,
201029605645,3,4,1,94,11,15.759,2,10,7,2010,22,12,1,0,0,2,3,1,2,1,2,3,0,8,1,,,
201029605648,3,4,1,94,11,15.759,1,11,2,2010,14,0,22,0,0,2,1,1,2,1,2,3,0,8,1,,,
201029605650,3,4,1,94,11,15.759,1,11,3,2010,12,16,1,0,0,2,1,1,2,1,2,3,0,8,1,,,
201029605653,3,4,1,94,11,15.759,1,11,3,2010,15,37,22,0,0,2,1,1,2,1,2,3,0,8,1,,,
201029605663,5,4,1,94,11,63.036,2,11,6,2010,7,21,12,6,0,2,1,1,1,2,2,3,0,8,1,,,
201029605664,6,4,1,94,11,126.073,2,11,6,2010,13,9,14,0,0,1,1,1,0,0,2,3,1,1,6,,,
201029605668,4,4,1,94,11,299.423,2,11,6,2010,14,23,12,6,0,2,1,1,0,0,2,3,0,8,1,,,
201029605672,3,4,1,94,11,15.759,1,11,1,2010,0,57,21,0,0,2,3,1,3,1,1,3,0,8,1,,,
201029605697,4,4,1,94,11,299.423,2,11,4,2010,23,0,12,1,0,1,3,1,0,0,2,3,0,1,1,,,
201029605706,6,4,1,94,11,126.073,2,11,5,2010,22,38,12,6,0,2,3,1,0,0,2,3,0,8,1,,,
201029605711,3,4,1,94,11,15.759,1,11,6,2010,14,16,21,0,0,2,1,1,3,1,2,3,0,8,1,,,
201029605722,6,4,2,94,11,126.073,1,11,2,2010,9,45,42,0,0,1,1,1,0,0,2,8,0,1,4,,,
201029605735,1,4,2,94,11,15.759,2,11,1,2010,15,0,12,2,0,1,1,1,3,6,2,8,0,1,1,,,
201029605738,5,4,2,94,11,63.036,1,11,2,2010,17,30,35,0,0,1,5,1,1,1,1,8,0,1,4,,,
201029605744,6,4,2,94,11,126.073,1,11,1,2010,21,37,25,0,0,1,2,4,0,0,2,8,0,1,3,,,
201029605759,6,4,2,94,11,126.073,2,12,6,2010,17,30,12,1,0,1,2,6,0,0,2,8,0,1,1,,,
201029605763,5,4,2,94,11,63.036,1,12,7,2010,23,20,34,0,0,2,2,1,1,1,1,8,0,3,4,,,
201029605770,4,4,2,94,11,299.423,2,12,4,2010,7,35,12,2,0,2,1,1,1,1,2,8,0,8,1,,,
201029605775,5,4,3,94,11,63.036,2,10,6,2010,21,58,12,2,0,1,3,1,1,1,2,3,0,1,1,,,
201029605777,4,4,3,94,11,299.423,2,10,7,2010,12,10,12,1,0,2,1,1,0,0,2,3,0,2,1,,,
201029605797,5,4,3,94,11,63.036,2,10,3,2010,14,37,12,1,0,1,1,1,1,1,2,3,0,1,1,,,
201029605803,3,4,3,94,11,15.759,2,10,4,2010,13,26,12,1,0,2,1,1,3,1,2,3,0,8,1,,,
201029605806,6,4,3,94,11,126.073,4,10,4,2010,17,18,12,1,0,2,1,10,1,2,2,3,0,8,1,,,
201029605809,4,4,3,94,11,299.423,2,10,5,2010,12,50,12,6,0,2,1,1,1,1,2,3,0,2,1,,,
201029605810,3,4,3,94,11,15.759,1,10,5,2010,18,0,22,0,0,2,5,1,2,1,2,3,0,2,1,,,
201029605833,6,4,3,94,11,126.073,2,10,4,2010,9,45,12,2,0,2,1,1,0,0,2,3,0,2,1,,,
201029605838,1,4,3,94,11,15.759,2,10,4,2010,16,0,12,6,0,2,1,1,3,2,2,3,0,3,1,,,
201029605842,4,4,3,94,11,299.423,2,10,5,2010,7,55,12,1,0,2,1,1,0,0,2,3,0,2,1,,,
201029605850,6,4,3,94,11,126.073,3,10,7,2010,16,4,12,1,0,2,1,1,0,0,2,3,0,8,1,,,
201029605852,3,4,3,94,11,15.759,1,10,7,2010,12,33,21,0,0,2,1,1,4,1,2,3,0,2,1,,,
201029605861,5,4,3,94,11,63.036,3,11,2,2010,16,24,12,1,0,1,1,1,2,3,2,3,0,1,1,,,
201029605874,4,4,3,94,11,299.423,2,11,4,2010,18,22,12,9,0,1,1,1,0,0,2,3,0,1,1,,,
201029605883,1,4,3,94,11,15.759,2,11,6,2010,16,29,12,6,0,2,1,1,3,2,2,3,0,3,1,,,
201029605884,6,4,3,94,11,126.073,2,11,6,2010,16,41,12,1,0,2,1,1,0,0,2,3,0,8,1,,,
201029605885,5,4,3,94,11,63.036,2,11,6,2010,18,37,12,6,0,2,3,1,2,2,2,3,0,2,1,,,
201029605901,5,4,3,94,11,63.036,2,11,3,2010,13,43,12,6,0,2,1,2,1,1,2,3,0,2,1,,,
201029605912,6,4,3,94,11,126.073,2,11,6,2010,17,16,12,6,0,2,2,1,0,0,2,3,0,2,1,,,
201029605915,4,4,3,94,11,299.423,2,11,1,2010,2,24,12,6,0,2,3,4,0,0,1,3,0,8,1,,,
201029605921,5,4,3,94,11,63.036,2,11,2,2010,10,40,12,6,0,2,1,1,2,2,2,3,0,3,1,,,
201029605922,3,4,3,94,11,15.759,1,11,2,2010,16,48,22,0,0,2,5,1,2,1,2,3,0,2,1,,,
201029605926,3,4,3,94,11,15.759,2,11,3,2010,14,52,12,1,0,2,1,1,3,4,2,3,0,2,1,,,
201029605937,5,4,3,94,11,63.036,2,11,5,2010,8,29,12,6,0,2,1,1,2,1,2,3,0,2,1,,,
201029605948,6,4,3,94,11,126.073,2,11,7,2010,17,29,12,6,0,4,3,1,0,0,2,3,0,1,1,,,
201029605953,4,4,3,94,11,299.423,2,11,2,2010,13,12,12,6,0,2,1,1,0,0,2,3,0,2,1,,,
201029605966,6,4,3,94,11,126.073,2,11,5,2010,9,15,12,6,0,2,1,1,0,0,2,3,0,2,1,,,
201029605982,5,4,3,94,11,63.036,3,12,4,2010,16,2,12,6,0,2,1,1,2,1,2,3,0,2,1,,,
201029605985,6,4,3,94,11,126.073,2,12,4,2010,23,44,12,6,0,2,3,1,0,0,1,3,0,2,1,,,
201029605993,4,4,1,94,11,299.423,2,11,1,2010,1,0,14,0,0,2,3,1,0,0,2,3,1,8,6,,,
201029605995,3,4,1,94,11,15.759,1,11,1,2010,12,54,1,0,0,1,1,1,3,1,2,3,0,1,4,,,
201029606003,3,4,1,94,11,15.759,1,11,2,2010,13,45,22,0,0,2,1,1,2,1,2,3,0,8,1,,,
201029606004,1,4,1,94,11,15.759,1,11,2,2010,18,37,30,0,0,1,2,1,3,1,1,3,0,1,4,,,
201029606011,5,4,1,94,11,63.036,3,11,4,2010,14,0,12,1,0,2,1,1,1,1,2,3,0,8,1,,,
201029606021,4,4,1,94,11,299.423,2,11,5,2010,22,26,14,0,0,1,3,1,0,0,2,3,1,1,6,,,
201029606037,3,4,1,94,11,15.759,3,11,6,2010,14,30,12,1,0,1,1,1,3,2,2,3,0,1,1,,,
201029606043,6,4,1,94,11,126.073,2,11,7,2010,10,10,12,1,0,1,1,1,1,1,2,3,0,1,1,,,
201029606047,4,4,1,94,11,299.423,2,11,7,2010,14,16,12,7,0,2,1,1,0,0,2,3,0,8,1,,,
201029606053,3,4,1,94,11,15.759,1,11,2,2010,20,31,1,0,0,1,2,1,3,1,1,3,0,1,4,,,
201029606058,3,4,1,94,11,15.759,1,11,2,2010,8,15,22,0,0,2,4,1,2,1,2,3,0,8,1,,,
201029606074,4,4,1,94,11,299.423,2,11,1,2010,22,31,14,0,0,4,2,10,0,0,2,3,1,1,6,,,
201029606081,6,4,1,94,11,126.073,2,11,2,2010,13,31,12,1,0,2,1,1,0,0,2,3,0,8,1,,,
201029606102,4,4,1,94,11,299.423,2,12,5,2010,1,30,14,0,0,1,2,1,0,0,2,3,1,1,7,,,
201029606107,6,4,1,94,11,126.073,2,12,5,2010,13,59,12,1,0,1,1,1,0,0,2,3,0,1,1,,,
201029606126,4,4,1,94,11,299.423,1,12,2,2010,13,1,59,0,0,1,1,1,0,0,2,3,0,1,4,,,
201029606140,6,4,1,94,11,126.073,2,12,4,2010,15,39,12,1,0,2,1,1,0,0,2,3,0,8,1,,,
201029606152,3,4,1,94,11,15.759,1,12,5,2010,16,55,1,0,0,2,2,1,2,1,2,3,0,8,1,,,
201029606154,4,4,1,94,11,299.423,2,12,5,2010,20,26,12,1,0,2,3,1,0,0,2,3,0,8,1,,,
201029606165,3,4,1,94,11,15.759,1,12,7,2010,14,42,22,0,0,2,1,1,2,1,2,3,0,8,1,,,
201029606194,4,4,5,94,11,280.955,2,12,3,2010,16,26,12,1,0,2,5,1,0,0,2,1,0,3,1,,,
201029606207,4,4,5,94,11,280.955,2,12,6,2010,17,47,12,1,0,2,3,1,0,0,2,1,0,8,1,,,
201029606220,6,4,5,94,11,124.869,2,12,4,2010,11,19,12,6,0,2,1,1,0,0,2,1,0,3,1,,,
201029606228,6,4,2,94,11,126.073,2,12,6,2010,6,18,12,8,0,1,2,1,0,0,2,8,0,1,1,,,
201029606237,1,4,2,94,11,15.759,1,12,7,2010,17,30,35,0,0,1,2,1,4,1,2,8,0,1,4,,,
201029606251,4,4,4,94,11,299.423,2,11,4,2010,15,46,12,1,0,2,1,1,0,0,2,1,0,8,1,,,
201029606256,5,4,4,94,11,63.036,3,11,5,2010,14,47,12,1,0,2,1,1,1,1,2,1,0,8,1,,,
201029606269,6,4,4,94,11,126.073,2,11,2,2010,12,45,14,0,0,1,1,1,0,0,2,1,1,1,7,,,
201029606284,1,4,4,94,11,15.759,3,11,4,2010,20,5,14,0,0,1,2,1,3,1,2,1,2,1,7,,,
201029606287,4,4,4,94,11,299.423,3,11,6,2010,6,51,12,1,0,1,1,1,0,0,2,1,0,1,1,,,
201029606293,6,4,4,94,11,126.073,2,11,7,2010,22,49,12,1,1,5,2,1,0,0,2,1,0,1,1,,,
201029606306,6,4,4,94,11,126.073,2,11,4,2010,16,15,12,1,1,5,1,1,0,0,2,1,0,1,1,,,
201029606307,1,4,4,94,11,15.759,1,11,5,2010,10,47,31,0,0,1,1,1,3,1,1,1,0,1,4,,,
201029606326,6,4,4,94,11,126.073,2,11,3,2010,17,22,12,6,0,2,3,1,0,0,2,1,0,8,1,,,
201029606327,4,4,4,94,11,299.423,2,11,3,2010,17,46,12,1,0,1,3,1,0,0,2,1,0,1,1,,,
201029606334,5,4,4,94,11,63.036,2,12,4,2010,18,57,12,1,0,1,3,1,1,1,2,1,0,1,1,,,
201029606335,1,4,4,94,11,15.759,1,12,4,2010,19,53,1,0,0,1,3,1,4,1,2,1,0,1,3,,,
201029606348,1,4,4,94,11,15.759,2,12,2,2010,7,29,12,6,0,2,1,1,3,2,2,1,0,3,1,,,
201029606356,6,4,4,94,11,126.073,2,12,4,2010,17,36,12,1,0,1,2,1,0,0,2,1,0,1,1,,,
201029606360,4,4,4,94,11,299.423,2,12,5,2010,16,54,12,1,0,2,3,1,0,0,2,1,0,8,1,,,
201029606371,6,4,4,94,11,126.073,4,12,2,2010,17,17,12,1,0,1,2,1,0,0,2,1,0,1,1,,,
201029606372,3,4,4,94,11,15.759,1,12,2,2010,18,34,22,0,0,2,3,1,2,1,2,1,0,8,1,,,
201029606376,5,4,4,94,11,63.036,1,12,4,2010,12,19,25,0,0,1,1,1,0,0,2,1,0,1,3,,,
201029606389,3,4,4,94,11,15.759,1,12,5,2010,18,10,21,0,0,1,3,1,3,1,2,1,0,1,1,,,
201029606411,6,4,1,94,11,126.073,2,12,3,2010,10,51,12,1,0,1,1,1,0,0,2,3,0,1,1,,,
201029606412,4,4,1,94,11,299.423,2,12,3,2010,12,23,12,6,0,2,1,1,0,0,2,3,0,8,1,,,
201029606418,5,4,1,94,11,63.036,2,12,3,2010,20,14,12,1,0,2,3,1,1,1,2,3,0,8,1,,,
201029606426,6,4,1,94,11,126.073,3,12,3,2010,18,6,12,1,0,1,3,1,1,1,2,3,0,1,1,,,
201029606446,4,4,1,94,11,299.423,2,12,6,2010,6,49,12,1,0,2,1,4,0,0,2,3,0,8,1,,,
201029606449,6,4,1,94,11,126.073,2,12,6,2010,11,29,12,1,0,5,1,4,0,0,2,3,0,1,1,,,
201029606465,3,4,2,94,11,15.759,1,12,3,2010,8,25,1,0,0,1,1,1,2,1,2,8,0,1,4,,,
201029606472,6,4,2,94,11,126.073,1,12,1,2010,18,30,17,0,0,1,2,1,0,0,2,8,0,1,4,,,
201029606475,1,4,2,94,11,15.759,1,12,5,2010,5,0,31,0,0,1,2,1,3,1,1,8,0,1,4,,,
201029606478,1,4,2,94,11,15.759,1,12,5,2010,4,0,1,0,0,1,2,1,3,1,1,8,0,1,4,,,
201029606492,4,4,3,94,11,299.423,2,12,7,2010,16,11,12,1,0,1,1,1,0,0,2,3,0,1,1,,,
201029606501,5,4,3,94,11,63.036,2,12,2,2010,15,46,12,6,0,2,1,1,2,1,2,3,0,2,1,,,
201029606505,1,4,3,94,11,15.759,2,12,3,2010,17,31,12,6,0,2,3,1,4,2,2,3,0,2,1,,,
201029606510,6,4,3,94,11,126.073,3,12,4,2010,17,14,12,1,0,2,3,1,0,0,2,3,0,8,1,,,
201029606525,4,4,3,94,11,299.423,2,12,7,2010,14,12,12,6,0,2,1,1,0,0,2,3,0,3,1,,,
201029606530,5,4,3,94,11,63.036,2,12,1,2010,2,22,14,0,0,1,3,1,2,1,2,3,1,1,7,,,
201029606543,1,4,3,94,11,15.759,3,12,3,2010,15,32,12,1,0,1,1,1,3,1,2,3,0,1,1,,,
201029606544,1,4,3,94,11,15.759,3,12,3,2010,17,17,12,1,0,2,3,1,3,4,2,3,0,3,1,,,
201029606550,4,4,3,94,11,299.423,2,12,4,2010,13,24,12,1,0,2,1,1,0,0,2,3,0,8,1,,,
201029606562,6,4,3,94,11,126.073,3,12,6,2010,11,32,12,1,0,1,1,1,0,0,2,3,0,1,1,,,
201029606567,5,4,3,94,11,63.036,2,12,1,2010,9,41,12,1,0,2,1,1,2,1,2,3,0,2,1,,,
201029606578,4,4,3,94,11,299.423,2,12,3,2010,13,29,12,1,0,1,1,1,0,0,2,3,0,1,1,,,
201029606582,3,4,3,94,11,15.759,2,12,4,2010,8,34,12,6,0,4,1,1,3,1,2,3,0,1,1,,,
201029606591,6,4,3,94,11,126.073,3,12,6,2010,15,27,12,6,0,1,1,1,1,2,2,3,0,1,1,,,
201029606611,6,4,3,94,11,126.073,1,12,5,2010,11,23,17,0,0,1,1,4,0,0,2,3,0,1,4,,,
201029606614,4,4,3,94,11,299.423,2,12,5,2010,15,0,12,7,0,2,1,4,0,0,2,3,0,8,1,,,
201029606637,6,4,1,94,11,126.073,3,12,2,2010,12,50,12,1,0,1,1,1,1,1,2,3,0,1,1,,,
201029606645,4,4,1,94,11,299.423,2,12,3,2010,15,55,12,1,0,2,5,1,0,0,2,3,0,8,1,,,
201029606650,3,4,1,94,11,15.759,1,12,4,2010,11,29,22,0,0,2,1,1,3,1,2,3,0,8,1,,,
201029606665,6,4,1,94,11,126.073,2,12,3,2010,17,45,12,6,0,2,2,1,0,0,2,3,0,8,1,,,
201029606675,4,4,1,94,11,299.423,2,12,5,2010,9,45,12,1,0,1,1,4,0,0,2,3,0,1,1,,,
201029606761,5,4,2,94,11,63.036,1,12,3,2010,19,20,1,0,0,1,2,1,2,1,2,8,0,1,6,,,
201029606763,2,4,2,94,11,15.759,1,12,5,2010,13,5,31,0,0,1,1,1,0,0,2,8,0,1,6,,,
201029606768,6,4,2,94,11,126.073,1,12,4,2010,20,30,35,0,0,1,2,1,0,0,1,8,0,1,6,,,
201029606772,2,4,2,94,11,15.759,2,12,5,2010,10,0,12,8,0,1,1,1,1,1,2,8,0,1,1,,,
201029606774,3,4,2,94,11,15.759,1,12,5,2010,18,18,21,0,0,1,2,4,3,1,2,8,0,1,1,,,
201029606776,4,4,2,94,11,299.423,2,12,6,2010,18,25,12,1,0,2,2,1,0,0,2,8,0,8,1,,,
201029606784,5,4,2,94,11,63.036,1,12,6,2010,8,30,42,0,0,1,1,1,2,1,2,8,0,1,6,,,
201029606791,6,4,4,94,11,126.073,2,12,2,2010,17,12,12,1,0,1,3,1,0,0,2,1,0,1,1,,,
201029606800,4,4,4,94,11,299.423,3,12,4,2010,17,29,12,1,0,1,2,1,1,1,2,1,0,1,1,,,
201029606805,5,4,4,94,11,63.036,2,12,5,2010,19,16,12,6,0,2,2,2,2,5,2,1,0,2,1,,,
201029606809,6,4,4,94,11,126.073,2,12,1,2010,19,52,12,6,0,4,3,1,0,0,1,1,0,1,1,,,
201029606897,4,4,5,94,11,280.955,2,12,2,2010,14,10,12,1,0,2,1,1,0,0,2,1,0,2,1,,,
201029606906,6,4,5,94,11,124.869,2,12,5,2010,10,39,12,6,0,2,1,4,0,0,2,1,0,2,1,,,
201029606910,4,4,5,94,11,280.955,2,12,6,2010,13,50,12,1,0,2,1,4,0,0,2,1,0,8,1,,,
201029700495,5,4,2,96,14,58.0,1,1,4,2010,3,37,25,0,0,1,2,1,1,1,2,3,0,1,3,,,