CASENUM,STRATUM,REGION,PJ,PSU,PSUSTRAT,WEIGHT,VE_TOTAL,MONTH,WKDY_IM,YEAR,HOUR_IM,MINUTE_IM,EVENT1_IM,MANCOL_IM,RELJCT1_IM,RELJCT2_IM,LGTCON_IM,WEATHR_IM,MAXSEV_IM,NO_INJ_IM,ALCHL_IM,LAND_USE,PVH_INVL,TYP_INT,REL_ROAD,CF1,CF2,CF3
201029700529,6,4,2,96,14,130.0,2,1,2,2010,20,45,12,1,0,1,3,10,0,0,2,3,0,1,1,,,
201029700566,1,4,2,96,14,2.0,1,1,2,2010,11,43,35,0,0,1,1,1,3,2,2,3,0,1,6,,,
201029700604,5,4,20,96,14,55.064,2,1,3,2010,12,47,14,0,0,1,1,1,2,1,2,3,1,1,7,,,
201029700611,3,4,20,96,14,18.355,1,1,6,2010,18,8,21,0,0,2,3,1,2,1,2,3,0,2,1,,,
201029700626,6,4,20,96,14,128.483,3,1,1,2010,2,30,14,0,0,1,3,1,0,0,1,3,2,1,7,,,
201029700645,4,4,20,96,14,293.676,2,1,4,2010,17,15,12,7,0,2,3,1,0,0,2,3,0,2,1,,,
201029700706,6,4,1,97,11,133.372,2,1,7,2010,13,0,12,1,1,18,1,1,1,1,2,8,0,1,1,,,
201029700720,3,4,1,97,11,13.337,1,1,7,2010,16,30,1,0,0,1,1,10,2,1,2,8,0,1,1,,,
201029700722,5,4,1,97,11,53.349,2,1,5,2010,6,30,12,6,0,1,2,1,2,1,2,8,0,1,1,,,
201029700730,2,4,1,97,11,13.337,3,1,3,2010,14,0,12,1,0,1,1,1,1,2,2,8,0,1,1,,,
201029700732,6,4,1,97,11,133.372,2,1,3,2010,21,0,12,8,1,18,2,10,0,0,2,8,0,1,1,,,
201029700734,4,4,1,97,11,293.418,2,1,4,2010,8,40,12,7,0,1,1,10,0,0,2,8,0,1,1,,,
201029700764,6,4,1,97,11,133.372,1,1,2,2010,6,30,25,0,0,1,1,1,0,0,2,8,0,1,3,,,
201029700768,5,4,1,97,11,53.349,1,1,3,2010,4,30,59,0,0,1,2,1,2,1,1,8,0,1,4,,,
201029700773,4,4,1,97,11,293.418,2,1,5,2010,12,55,12,1,0,1,1,1,1,1,2,8,0,1,1,,,
201029700775,3,4,1,97,11,13.337,1,1,6,2010,8,12,1,0,0,2,1,1,3,1,2,8,0,8,1,,,
201029700786,5,4,3,97,11,53.349,2,1,3,2010,14,20,12,6,0,2,1,10,2,3,2,3,0,2,1,,,
201029700849,6,4,3,97,11,133.372,2,1,1,2010,11,24,12,6,0,2,1,1,0,0,2,3,0,2,1,,,
201029700850,1,4,3,97,11,13.337,2,1,7,2010,5,45,12,2,0,1,2,1,3,2,1,3,0,1,1,,,
201029700868,6,4,3,97,11,133.372,2,1,6,2010,16,0,12,6,0,2,1,1,1,2,2,3,0,3,1,,,
201029700875,4,4,3,97,11,293.418,2,1,3,2010,13,40,12,1,0,1,1,10,0,0,2,3,0,1,1,,,
201029700884,5,4,3,97,11,53.349,2,2,6,2010,1,12,12,6,0,2,3,1,1,1,2,3,0,2,1,,,
201029700895,3,4,3,97,11,13.337,1,2,5,2010,18,14,21,0,0,2,5,1,2,1,2,3,0,2,1,,,
201029700907,3,4,4,97,11,13.337,1,2,7,2010,23,10,1,0,0,2,3,10,3,1,1,3,0,8,1,,,
201029700925,3,4,4,97,11,13.337,1,1,4,2010,17,55,21,0,0,2,3,10,2,1,2,3,0,2,1,,,
201029700927,4,4,4,97,11,293.418,2,1,7,2010,19,23,12,1,0,2,3,1,0,0,2,3,0,2,1,,,
201029700934,6,4,4,97,11,133.372,1,1,4,2010,15,8,39,0,0,1,1,1,0,0,2,3,0,1,4,,,
201029700939,5,4,4,97,11,53.349,2,1,4,2010,18,0,12,6,0,2,3,1,1,1,2,3,0,8,1,,,
201029700945,5,4,3,97,11,53.349,2,1,6,2010,21,22,14,0,0,2,3,1,1,1,2,3,1,2,7,,,
201029700953,6,4,3,97,11,133.372,2,1,2,2010,16,15,12,1,0,1,1,1,0,0,1,3,0,1,1,,,
201029700958,4,4,3,97,11,293.418,2,1,3,2010,9,36,12,1,0,2,1,1,0,0,2,3,0,2,1,,,
201029700982,3,4,2,97,11,13.337,1,1,1,2010,15,0,1,0,0,2,1,1,2,1,2,8,0,3,1,,,
201029700985,6,4,2,97,11,133.372,2,1,4,2010,15,0,12,1,0,1,1,1,1,1,2,8,0,1,1,,,
201029700989,5,4,2,97,11,53.349,2,1,1,2010,16,35,12,1,0,2,1,1,1,2,2,8,0,3,1,,,
201029700991,4,4,2,97,11,293.418,1,2,4,2010,19,59,38,0,0,1,3,2,0,0,2,8,0,1,5,,,
201029700992,3,4,2,97,11,13.337,2,2,2,2010,15,0,12,6,0,2,1,1,3,2,2,8,0,8,1,,,
201029701010,6,4,2,97,11,133.372,3,2,4,2010,2,21,14,0,0,1,2,1,0,0,2,8,2,1,7,,,
201029701034,4,4,2,97,11,293.418,2,1,4,2010,13,12,12,6,0,2,1,1,0,0,2,8,0,2,1,,,
201029701037,5,4,2,97,11,53.349,2,1,5,2010,7,18,12,1,0,2,1,1,1,1,2,8,0,2,1,,,
201029701038,6,4,2,97,11,133.372,2,1,4,2010,15,30,12,1,0,1,1,2,0,0,2,8,0,1,1,,,
201029701116,4,4,11,96,14,294.94,2,1,7,2010,14,30,12,1,0,1,1,1,0,0,2,3,0,1,1,,,
201029701156,5,4,11,96,14,58.988,2,1,5,2010,10,10,12,7,0,1,1,1,1,1,2,3,0,1,1,,,
201029701176,6,4,11,96,14,131.084,2,1,2,2010,4,20,12,1,0,1,3,2,0,0,2,3,0,1,1,,,
201029701188,4,4,11,96,14,294.94,1,1,2,2010,12,40,25,0,0,1,1,2,2,1,2,3,0,1,3,,,
201029701199,2,4,11,96,14,6.554,4,1,4,2010,13,10,12,7,0,1,1,2,2,2,2,3,0,1,1,,,
201029701218,6,4,11,96,14,131.084,2,1,6,2010,21,40,14,0,0,1,2,10,0,0,1,3,1,1,3,,,
201029701252,5,4,11,96,14,58.988,1,1,1,2010,19,30,1,0,0,1,5,1,1,1,2,3,0,1,5,,,
201029701261,6,4,8,96,14,131.811,3,1,7,2010,7,45,25,0,0,1,1,1,1,1,2,3,0,1,3,,,
201029701273,4,4,8,96,14,294.637,2,1,2,2010,12,15,12,7,0,1,1,1,0,0,2,3,0,1,1,,,
201029701306,3,4,8,96,14,15.507,1,1,7,2010,20,50,1,0,0,2,3,10,2,1,2,3,0,3,1,,,
201029701320,6,4,8,96,14,131.811,3,1,5,2010,22,10,12,1,0,2,3,1,0,0,1,3,0,8,1,,,
201029701332,4,4,8,96,14,294.637,2,1,6,2010,19,30,12,1,0,1,3,1,0,0,2,3,0,1,1,,,
201029701354,5,4,8,96,14,54.275,2,1,2,2010,11,5,12,2,0,1,1,2,1,1,2,3,0,1,1,,,
201029701364,2,4,8,96,14,7.754,2,1,3,2010,13,10,33,0,0,1,1,2,0,0,2,3,0,1,2,,,
201029701368,6,4,8,96,14,131.811,3,1,4,2010,13,0,12,7,0,1,1,2,0,0,2,3,0,1,1,,,
201029701384,2,4,8,96,14,7.754,2,1,6,2010,12,30,12,7,0,1,1,2,1,1,2,3,0,1,1,,,
201029701399,4,4,8,96,14,294.637,3,1,5,2010,8,20,12,1,0,1,1,1,1,1,2,3,0,1,1,,,
201029701403,2,4,8,96,14,7.754,4,1,6,2010,12,31,12,1,0,1,1,1,1,2,2,3,0,1,1,,,
201029701416,5,4,8,96,14,54.275,1,1,7,2010,2,1,39,0,0,1,3,1,2,2,1,3,0,1,4,,,
201029701428,5,4,43,96,14,63.804,2,3,3,2010,14,51,12,6,0,2,1,1,1,1,2,2,0,2,1,,,
201029701446,5,4,43,96,14,63.804,1,1,1,2010,19,52,33,0,0,1,3,1,1,1,2,2,0,1,4,,,
201029701449,4,4,43,96,14,287.116,2,2,5,2010,9,11,12,1,0,1,1,1,0,0,1,2,0,1,1,,,
201029701451,3,4,43,96,14,15.951,1,2,4,2010,9,47,21,0,0,2,1,10,2,1,2,2,0,2,1,,,
201029701483,5,4,6,96,14,55.099,1,1,7,2010,5,55,30,0,0,1,3,1,1,1,2,3,0,1,4,,,
201029701521,2,4,3,96,14,2.0,3,1,6,2010,18,55,12,6,0,1,3,1,1,1,2,3,0,1,1,,,
201029701633,4,4,11,96,14,294.94,2,2,4,2010,19,15,12,7,0,1,2,1,0,0,2,3,0,1,1,,,
201029701655,2,4,11,96,14,6.554,2,2,7,2010,6,50,12,6,0,1,1,2,2,1,2,3,0,1,1,,,
201029701666,6,4,11,96,14,131.084,3,2,2,2010,7,30,12,7,1,18,1,1,0,0,2,3,0,1,1,,,
201029701729,6,4,11,96,14,131.084,1,2,5,2010,14,20,33,0,0,2,1,1,1,1,2,3,0,2,4,,,
201029701771,5,4,11,96,14,58.988,2,2,6,2010,8,20,12,6,0,2,1,1,2,2,2,3,0,2,1,,,
201029701777,4,4,11,96,14,294.94,4,2,4,2010,14,30,12,1,0,1,1,1,0,0,2,3,0,1,1,,,
201029701857,4,4,3,96,14,296.0,2,2,2,2010,21,50,12,6,0,2,3,1,0,0,2,3,0,2,1,,,
201029701869,1,4,3,96,14,2.0,2,2,7,2010,23,30,12,6,1,18,2,1,3,3,1,3,0,1,1,,,
201029701890,2,4,3,96,14,2.0,2,2,4,2010,22,35,12,6,0,1,2,1,0,0,1,3,0,1,1,,,
201029701921,6,4,18,96,14,131.423,2,2,4,2010,8,15,12,6,0,2,1,1,1,1,2,3,0,2,1,,,
201029701927,5,4,18,96,14,55.602,2,2,1,2010,8,45,12,6,0,2,1,1,2,1,2,3,0,2,1,,,
201029701985,6,4,9,97,11,133.372,2,1,3,2010,10,41,12,1,0,1,1,2,0,0,2,1,0,1,1,,,
201029701986,4,4,9,97,11,293.418,1,1,3,2010,13,5,25,0,0,1,1,2,0,0,2,1,0,1,3,,,
201029702001,6,4,9,97,11,133.372,1,1,5,2010,9,25,25,0,0,1,1,1,0,0,2,1,0,1,3,,,
201029702006,3,4,9,97,11,13.337,1,1,6,2010,18,55,1,0,0,2,3,1,3,1,2,1,0,3,1,,,
201029702013,1,4,9,97,11,13.337,1,2,6,2010,5,55,1,0,1,19,2,2,3,2,2,1,0,1,4,,,
201029702028,4,4,9,97,11,293.418,2,2,7,2010,13,25,12,1,0,1,1,1,0,0,2,1,0,1,1,,,
201029702035,6,4,9,97,11,133.372,1,2,6,2010,8,20,38,0,0,1,1,1,0,0,2,1,0,1,5,,,
201029702039,1,4,9,97,11,13.337,2,2,7,2010,20,45,12,2,0,1,3,2,3,2,1,1,0,1,1,,,
201029702057,6,4,9,97,11,133.372,1,2,7,2010,8,56,33,0,1,19,1,2,0,0,2,1,0,1,8,,,
201029702060,3,4,9,97,11,13.337,2,2,1,2010,21,10,1,0,0,1,2,1,2,1,1,1,0,1,1,,,
201029702063,1,4,1,97,11,13.337,1,2,7,2010,7,8,35,0,0,1,1,2,0,0,2,8,0,1,5,,,
201029702069,6,4,1,97,11,133.372,1,2,7,2010,11,55,74,0,0,1,1,2,1,1,2,8,0,1,4,,,
201029702078,1,4,1,97,11,13.337,1,2,5,2010,12,40,33,0,1,19,1,10,3,1,2,8,0,1,4,,,
201029702084,5,4,1,97,11,53.349,3,2,2,2010,16,40,12,1,0,1,1,10,1,1,2,8,0,1,1,,,
201029702098,3,4,1,97,11,13.337,1,2,6,2010,18,39,1,0,0,1,3,1,3,1,2,8,0,1,2,,,
201029702102,6,4,1,97,11,133.372,1,2,7,2010,21,50,1,0,0,1,2,1,0,0,2,8,0,1,4,,,
201029702103,4,4,1,97,11,293.418,2,2,7,2010,14,20,12,1,0,4,1,1,0,0,2,8,0,1,1,,,
201029702111,1,4,1,97,11,13.337,1,2,5,2010,1,30,25,0,0,1,3,10,3,1,1,8,0,1,3,,,
201029702117,3,4,1,97,11,13.337,1,2,7,2010,11,48,1,0,0,1,1,10,2,1,2,8,0,1,2,,,
201029702118,2,4,1,97,11,13.337,2,2,3,2010,17,12,12,6,0,1,1,10,0,0,2,8,0,1,1,,,
201029702131,6,4,1,97,11,133.372,1,2,6,2010,23,15,33,0,1,19,3,2,0,0,2,8,0,1,8,,,
201029702141,5,4,2,97,11,53.349,2,3,4,2010,20,9,12,6,0,2,1,1,2,1,2,8,0,2,1,,,
201029702148,6,4,2,97,11,133.372,2,3,2,2010,17,24,12,6,1,2,1,1,0,0,2,8,0,8,1,,,
201029702153,4,4,2,97,11,293.418,2,2,3,2010,13,30,12,1,0,2,1,1,0,0,2,8,0,2,1,,,
201029702180,6,4,2,97,11,133.372,1,3,6,2010,15,57,33,0,0,1,1,1,1,1,2,8,0,1,4,,,
201029702187,3,4,2,97,11,13.337,1,3,7,2010,15,10,18,0,0,2,1,10,3,1,2,8,0,8,1,,,
201029702194,5,4,2,97,11,53.349,1,3,3,2010,5,14,42,0,0,1,2,10,1,1,2,8,0,1,4,,,
201029702201,6,4,2,97,11,133.372,2,3,2,2010,18,50,12,1,0,1,2,1,0,0,2,8,0,1,1,,,
201029702207,4,4,2,97,11,293.418,1,3,7,2010,22,23,33,0,0,2,3,10,0,0,1,8,0,3,4,,,
201029702216,3,4,2,97,11,13.337,1,2,7,2010,7,35,33,0,0,1,1,1,3,1,2,8,0,1,3,,,
201029702229,4,4,5,97,11,287.55,2,2,1,2010,10,31,12,7,0,4,1,1,0,0,2,1,0,1,1,,,
201029702252,4,4,3,97,11,293.418,2,3,2,2010,12,38,12,1,0,2,1,1,0,0,1,3,0,2,1,,,
201029702256,5,4,3,97,11,53.349,2,3,4,2010,19,0,12,6,0,2,1,1,2,3,2,3,0,2,1,,,
201029702272,6,4,3,97,11,133.372,2,3,7,2010,1,20,12,6,0,2,3,1,0,0,1,3,0,2,1,,,
201029702331,4,4,20,96,14,293.676,2,2,6,2010,13,5,12,1,0,2,1,1,1,1,2,3,0,8,1,,,
201029702345,3,4,20,96,14,18.355,1,2,1,2010,12,46,22,0,0,2,1,1,2,1,2,3,0,2,1,,,
201029702352,6,4,20,96,14,128.483,2,2,1,2010,9,25,12,6,0,2,1,1,0,0,2,3,0,2,1,,,
201029702354,5,4,20,96,14,55.064,2,2,5,2010,12,58,12,6,0,2,1,1,1,1,2,3,0,2,1,,,
201029702387,3,4,20,96,14,18.355,1,4,6,2010,15,35,22,0,0,2,1,1,2,1,2,3,0,8,1,,,
201029702397,4,4,20,96,14,293.676,3,3,4,2010,18,55,12,1,1,2,1,1,0,0,2,3,0,8,1,,,
201029702435,3,4,20,96,14,18.355,2,3,5,2010,16,35,1,0,0,1,1,10,2,1,2,3,0,1,1,,,
201029702443,4,4,2,96,14,296.0,3,2,3,2010,6,35,12,1,1,18,3,10,0,0,2,3,0,1,1,,,
201029702475,1,4,2,96,14,2.0,1,2,1,2010,13,30,35,0,0,1,1,1,3,1,2,3,0,1,4,,,
201029702497,2,4,2,96,14,2.0,2,2,6,2010,8,5,74,0,0,1,1,1,2,1,2,3,0,1,4,,,
201029702542,5,4,2,96,14,58.0,2,2,7,2010,0,45,12,7,0,1,2,2,1,1,1,3,0,1,1,,,
201029702551,2,4,2,96,14,2.0,3,2,1,2010,10,58,12,1,0,1,1,10,1,1,2,3,0,1,1,,,
201029702563,6,4,2,96,14,130.0,2,2,4,2010,7,50,12,2,0,2,1,10,0,0,2,3,0,3,1,,,
201029702620,6,4,1,96,14,130.0,1,2,6,2010,12,57,59,0,1,19,1,2,0,0,2,3,0,1,8,,,
201029702622,2,4,1,96,14,2.0,2,2,7,2010,9,50,12,6,1,18,1,10,1,1,2,3,0,1,1,,,
201029702679,4,4,1,96,14,296.0,2,2,5,2010,10,15,12,7,1,18,1,1,0,0,2,3,0,1,1,,,
201029702680,5,4,1,96,14,58.0,1,2,5,2010,16,28,39,0,1,18,1,1,2,1,2,3,0,1,4,,,
201029702733,6,4,43,96,14,127.607,2,4,3,2010,13,9,12,6,0,2,1,1,2,3,2,2,0,2,1,,,
201029702741,3,4,43,96,14,15.951,1,3,2,2010,8,35,22,0,0,2,1,1,2,1,2,2,0,3,1,,,
201029702745,3,4,43,96,14,15.951,1,3,1,2010,13,50,21,0,0,2,1,1,4,1,2,2,0,3,1,,,
201029702751,6,4,8,96,14,131.811,1,2,2,2010,9,50,1,0,0,1,1,1,0,0,2,3,0,1,2,,,
201029702753,2,4,8,96,14,7.754,2,2,2,2010,13,30,12,1,0,1,1,1,0,0,2,3,0,1,1,,,
201029702795,6,4,8,96,14,131.811,3,2,3,2010,8,30,12,1,1,18,1,10,0,0,2,3,0,1,1,,,
201029702809,4,4,8,96,14,294.637,2,2,4,2010,18,50,12,1,0,1,2,1,0,0,2,3,0,1,1,,,
201029702819,3,4,8,96,14,15.507,1,2,5,2010,20,25,1,0,1,19,2,1,2,1,1,3,0,1,8,,,
201029702842,2,4,8,96,14,7.754,2,2,3,2010,11,0,12,1,0,1,1,1,1,1,2,3,0,1,1,,,
201029702847,6,4,8,96,14,131.811,2,2,4,2010,7,30,12,1,0,2,1,1,0,0,2,3,0,8,1,,,
201029702850,2,4,8,96,14,7.754,4,2,4,2010,15,35,12,1,0,1,1,1,1,2,2,3,0,1,1,,,
201029702869,2,4,8,96,14,7.754,2,2,1,2010,15,30,12,7,0,1,1,1,1,3,2,3,0,1,1,,,
201029702875,4,4,8,96,14,294.637,3,2,2,2010,8,40,12,1,1,5,1,1,1,1,2,3,0,1,1,,,
201029702876,5,4,8,96,14,54.275,2,2,2,2010,14,6,12,6,0,2,1,1,1,2,2,3,0,2,1,,,
201029702888,3,4,8,96,14,15.507,1,2,4,2010,17,40,21,0,0,2,3,10,2,1,2,3,0,2,1,,,
201029702902,6,4,8,96,14,131.811,1,2,7,2010,3,40,33,0,0,2,3,2,0,0,2,3,0,2,4,,,
201029702938,3,4,20,96,14,18.355,1,4,5,2010,20,15,21,0,0,2,5,1,2,2,2,3,0,3,1,,,
201029702942,6,4,20,96,14,128.483,3,4,5,2010,6,20,12,6,0,2,4,1,0,0,2,3,0,2,1,,,
201029702947,4,4,20,96,14,293.676,1,4,4,2010,14,20,22,0,0,2,1,1,1,1,2,3,0,8,1,,,
201029702961,2,4,1,96,14,2.0,2,3,2,2010,10,10,12,1,0,5,1,1,1,1,2,3,0,1,1,,,
201029703193,3,4,2,96,14,18.0,1,3,1,2010,10,25,1,0,0,1,1,1,2,1,2,3,0,1,1,,,
201029703232,4,4,2,96,14,296.0,2,3,4,2010,18,40,12,1,0,1,1,1,0,0,2,3,0,1,1,,,
201029703246,4,4,9,97,11,293.418,2,3,4,2010,9,0,12,7,0,1,1,10,0,0,2,1,0,1,1,,,
201029703257,6,4,9,97,11,133.372,1,3,6,2010,17,39,42,0,0,1,1,1,0,0,2,1,0,1,4,,,
201029703258,3,4,9,97,11,13.337,2,3,7,2010,15,30,12,8,0,1,1,1,2,1,2,1,0,1,1,,,
201029703260,5,4,9,97,11,53.349,1,3,1,2010,1,15,35,0,0,1,3,1,2,1,1,1,0,1,6,,,
201029703274,2,4,9,97,11,13.337,1,3,7,2010,2,40,1,0,0,1,3,1,0,0,2,1,0,1,4,,,
201029703280,6,4,9,97,11,133.372,1,4,6,2010,2,50,33,0,1,5,2,1,0,0,2,1,0,1,4,,,
201029703286,3,4,9,97,11,13.337,1,4,4,2010,11,0,1,0,0,1,1,6,3,1,2,1,0,1,6,,,
201029703294,4,4,9,97,11,293.418,1,4,3,2010,9,10,33,0,0,1,1,1,0,0,2,1,0,1,4,,,
201029703319,1,4,9,97,11,13.337,2,4,4,2010,14,45,12,7,0,1,1,1,3,1,2,1,0,1,1,,,
201029703335,4,4,1,97,11,293.418,2,3,5,2010,17,47,12,1,0,1,3,1,0,0,2,8,0,1,1,,,
201029703346,6,4,1,97,11,133.372,1,3,2,2010,6,15,1,0,0,1,1,1,0,0,2,8,0,1,4,,,
201029703352,1,4,1,97,11,13.337,1,3,6,2010,19,25,42,0,0,1,3,1,3,1,1,8,0,1,4,,,
201029703355,3,4,1,97,11,13.337,1,3,6,2010,11,54,1,0,0,1,1,1,2,1,2,8,0,1,1,,,
201029703365,5,4,1,97,11,53.349,1,3,5,2010,1,39,33,0,0,1,2,1,2,1,1,8,0,1,4,,,
201029703373,6,4,1,97,11,133.372,1,3,5,2010,19,25,25,0,0,1,3,1,0,0,2,8,0,1,5,,,
201029703380,4,4,1,97,11,293.418,2,3,3,2010,16,7,14,0,0,1,1,1,0,0,2,8,1,1,7,,,
201029703400,6,4,2,97,11,133.372,3,3,1,2010,20,37,12,6,0,2,3,1,1,1,2,8,0,2,1,,,
201029703427,4,4,2,97,11,293.418,2,3,3,2010,13,45,12,1,0,2,1,1,0,0,2,8,0,2,1,,,
201029703438,4,4,3,97,11,293.418,2,4,5,2010,13,0,12,6,0,4,1,1,1,1,2,3,0,1,1,,,
201029703448,5,4,3,97,11,53.349,2,4,5,2010,14,36,12,6,0,2,1,1,1,2,2,3,0,8,1,,,
201029703452,3,4,3,97,11,13.337,2,4,1,2010,14,36,33,0,0,4,1,1,3,1,2,3,1,1,4,,,
201029703466,3,4,4,97,11,13.337,2,3,3,2010,16,10,12,1,0,2,1,1,2,1,2,3,0,8,1,,,
201029703468,6,4,4,97,11,133.372,2,4,2,2010,1,29,12,6,0,2,3,2,1,1,2,3,0,8,1,,,
201029703470,5,4,4,97,11,53.349,2,3,4,2010,8,45,12,1,0,2,1,1,1,1,2,3,0,8,1,,,
201029703471,4,4,4,97,11,293.418,2,4,4,2010,19,13,12,6,0,2,1,1,0,0,1,3,0,8,1,,,
201029703504,4,4,18,96,14,293.176,1,2,2,2010,18,38,22,0,0,2,3,1,1,1,2,3,0,2,1,,,
201029703535,6,4,3,96,14,130.0,3,3,4,2010,19,26,20,0,0,1,2,10,0,0,2,3,0,1,10,,,
201029703615,3,4,3,96,14,18.0,2,3,5,2010,14,45,1,0,0,2,1,1,3,1,2,3,1,8,1,,,
201029703654,6,4,11,96,14,131.084,2,3,7,2010,8,10,12,1,0,1,1,1,0,0,2,3,0,1,1,,,
201029703657,2,4,11,96,14,6.554,3,3,5,2010,14,30,12,1,0,1,1,1,2,1,2,3,0,1,1,,,
201029703663,2,4,11,96,14,6.554,2,3,4,2010,3,37,12,1,0,1,2,1,0,0,2,3,0,1,1,,,
201029703683,5,4,11,96,14,58.988,3,3,1,2010,12,7,12,7,0,1,1,1,1,2,2,3,0,1,1,,,
201029703697,4,4,11,96,14,294.94,2,3,5,2010,7,17,12,1,0,1,1,1,0,0,2,3,0,1,1,,,
201029703719,6,4,11,96,14,131.084,1,3,7,2010,21,30,35,0,1,19,2,1,0,0,2,3,0,1,8,,,
201029703729,3,4,11,96,14,19.663,2,3,6,2010,10,32,12,7,1,18,1,1,2,1,2,3,0,1,1,,,
201029703779,4,4,11,96,14,294.94,3,3,2,2010,7,40,12,1,0,1,1,1,1,1,2,3,0,1,1,,,
201029703793,6,4,11,96,14,131.084,2,3,4,2010,17,10,12,1,0,1,1,1,0,0,2,3,0,1,1,,,
201029703851,4,4,6,96,14,293.862,1,3,7,2010,12,52,21,0,0,2,1,1,1,1,2,3,0,2,1,,,
201029703864,1,4,6,96,14,6.122,3,3,7,2010,1,8,43,0,0,1,3,1,3,3,1,3,2,1,1,,,
201029703873,6,4,6,96,14,128.565,2,3,6,2010,20,37,12,1,0,2,3,1,0,0,2,3,0,3,1,,,
201029703890,6,4,33,96,14,134.358,1,3,4,2010,4,17,30,0,0,1,3,1,0,0,1,2,0,1,4,,,
201029703896,5,4,33,96,14,57.582,2,3,1,2010,19,25,43,0,0,2,3,1,1,1,2,2,1,2,4,,,
201029703934,6,4,8,96,14,131.811,3,3,1,2010,3,40,14,0,0,1,3,1,0,0,2,3,2,1,7,,,
201029703939,4,4,8,96,14,294.637,2,3,2,2010,16,30,12,1,0,1,1,1,0,0,2,3,0,1,1,,,
201029703947,5,4,8,96,14,54.275,4,3,4,2010,7,10,12,1,0,1,1,1,1,1,2,3,0,1,1,,,
201029703979,2,4,8,96,14,7.754,3,3,3,2010,8,40,12,7,1,18,1,1,3,4,2,3,0,1,1,,,
201029703981,6,4,8,96,14,131.811,3,3,3,2010,10,0,12,1,0,1,1,1,0,0,2,3,0,1,1,,,
201029704008,4,4,8,96,14,294.637,2,3,6,2010,8,20,12,8,0,2,1,1,0,0,2,3,0,2,1,,,
201029704025,1,4,8,96,14,7.754,2,3,1,2010,3,5,12,7,1,18,3,1,3,5,1,3,0,1,1,,,
201029704053,2,4,8,96,14,7.754,2,3,2,2010,9,38,12,1,0,1,1,1,1,1,2,3,0,1,1,,,
201029704059,6,4,8,96,14,131.811,3,3,3,2010,8,15,12,6,0,2,1,1,1,1,2,3,0,3,1,,,
201029704092,4,4,8,96,14,294.637,2,3,1,2010,16,40,12,7,0,1,1,1,0,0,2,3,0,1,1,,,
201029704101,6,4,8,96,14,131.811,3,3,3,2010,7,40,12,1,0,1,1,1,0,0,2,3,0,1,1,,,
201029704115,3,4,1,97,11,13.337,2,4,1,2010,13,35,12,6,0,1,1,1,4,2,2,8,0,1,1,,,
201029704118,2,4,1,97,11,13.337,1,4,5,2010,11,0,1,0,0,1,1,1,0,0,2,8,0,1,4,,,
201029704120,6,4,1,97,11,133.372,3,4,5,2010,17,30,12,1,0,1,1,1,0,0,2,8,0,1,1,,,
201029704142,4,4,1,97,11,293.418,2,4,2,2010,16,0,12,1,0,1,1,1,0,0,2,8,0,1,1,,,
201029704145,5,4,1,97,11,53.349,2,4,5,2010,5,23,12,1,0,1,2,1,1,1,2,8,0,1,1,,,
201029704147,6,4,1,97,11,133.372,2,4,2,2010,8,10,12,1,0,1,1,1,0,0,2,8,0,1,1,,,
201029704156,3,4,1,97,11,13.337,2,4,1,2010,13,50,43,0,0,1,1,1,3,1,2,8,1,1,4,,,
201029704179,5,4,1,97,11,53.349,2,4,4,2010,17,25,12,1,0,1,1,1,1,1,2,8,0,1,1,,,
201029704184,6,4,1,97,11,133.372,1,4,6,2010,16,35,25,0,0,1,1,1,0,0,2,8,0,1,3,,,
201029704185,3,4,2,97,11,13.337,1,4,7,2010,7,59,22,0,0,2,1,1,2,1,2,8,0,8,1,,,
201029704190,6,4,2,97,11,133.372,2,4,5,2010,21,8,12,1,0,2,3,1,0,0,2,8,0,2,1,,,
201029704202,2,4,2,97,11,13.337,3,5,7,2010,8,25,12,7,0,2,1,1,2,1,2,8,0,8,1,,,
201029704206,5,4,2,97,11,53.349,2,5,5,2010,14,38,12,6,0,2,1,1,1,1,2,8,0,3,1,,,
201029704219,6,4,2,97,11,133.372,1,5,7,2010,17,55,30,0,0,1,1,1,0,0,2,8,0,1,4,,,
201029704223,4,4,2,97,11,293.418,1,4,5,2010,5,40,22,0,0,2,4,10,1,1,2,8,0,7,1,,,
201029704232,5,4,2,97,11,53.349,2,5,4,2010,6,46,14,0,0,1,1,1,1,1,2,8,1,1,7,,,
201029704247,6,4,2,97,11,133.372,1,4,6,2010,23,45,33,0,0,1,3,1,0,0,1,8,0,1,4,,,
201029704257,3,4,2,97,11,13.337,1,4,5,2010,11,56,22,0,0,2,1,1,2,1,2,8,0,2,1,,,
201029704259,5,4,2,97,11,53.349,2,4,4,2010,7,45,12,6,0,2,1,10,2,3,2,8,0,3,1,,,
201029704268,6,4,5,97,11,123.236,3,5,1,2010,21,20,12,6,0,2,3,1,0,0,2,1,1,2,1,,,
201029704278,6,4,3,97,11,133.372,2,5,7,2010,8,0,12,6,0,2,1,1,2,1,2,3,0,2,1,,,