CASENUM,STRATUM,REGION,PJ,PSU,PSUSTRAT,WEIGHT,VE_TOTAL,MONTH,WKDY_IM,YEAR,HOUR_IM,MINUTE_IM,EVENT1_IM,MANCOL_IM,RELJCT1_IM,RELJCT2_IM,LGTCON_IM,WEATHR_IM,MAXSEV_IM,NO_INJ_IM,ALCHL_IM,LAND_USE,PVH_INVL,TYP_INT,REL_ROAD,CF1,CF2,CF3
201029708692,1,4,1,96,14,2.0,3,8,6,2010,13,50,12,2,0,1,1,1,3,6,2,3,0,1,1,,,
201029708754,6,4,1,96,14,130.0,2,8,5,2010,4,45,12,1,0,1,3,1,0,0,2,3,0,1,1,,,
201029708761,4,4,1,96,14,296.0,2,8,2,2010,15,40,12,1,0,1,1,1,0,0,2,3,0,1,1,,,
201029708882,1,4,2,96,14,2.0,1,8,1,2010,12,53,33,0,1,5,1,1,3,2,2,3,0,1,4,,,
201029708936,6,4,8,96,14,131.811,1,8,3,2010,6,15,25,0,0,1,1,1,0,0,2,3,0,1,3,,,
201029708948,4,4,8,96,14,294.637,2,8,5,2010,16,10,12,1,0,1,1,1,0,0,2,3,0,1,1,,,
201029708954,3,4,8,96,14,15.507,1,8,7,2010,8,0,1,0,1,5,1,10,2,1,2,3,0,1,1,,,
201029708988,2,4,8,96,14,7.754,2,8,6,2010,4,10,12,7,0,1,2,1,2,1,1,3,0,1,1,,,
201029708996,6,4,8,96,14,131.811,2,8,7,2010,14,40,14,0,0,1,1,1,0,0,2,3,1,1,7,,,
201029709013,2,4,8,96,14,7.754,3,8,3,2010,15,10,12,1,0,1,1,1,1,1,2,3,0,1,1,,,
201029709018,4,4,8,96,14,294.637,2,8,4,2010,7,20,12,1,0,1,1,1,0,0,2,3,0,1,1,,,
201029709019,5,4,8,96,14,54.275,2,8,2,2010,7,10,12,6,0,2,1,1,1,1,2,3,0,2,1,,,
201029709070,6,4,8,96,14,131.811,3,8,4,2010,17,50,12,1,0,1,1,10,0,0,2,3,0,1,1,,,
201029709071,4,4,8,96,14,294.637,2,8,2,2010,13,35,12,1,0,2,1,1,0,0,2,3,0,8,1,,,
201029709109,2,4,9,97,11,13.337,2,7,7,2010,5,55,12,1,0,1,1,10,3,1,2,1,0,1,1,,,
201029709129,4,4,9,97,11,293.418,1,7,5,2010,14,15,74,0,0,1,1,1,0,0,2,1,0,1,4,,,
201029709133,6,4,9,97,11,133.372,1,7,6,2010,6,10,42,0,0,1,1,10,2,1,2,1,0,1,4,,,
201029709160,5,4,9,97,11,53.349,1,7,7,2010,1,50,34,0,1,5,3,1,1,1,1,1,0,1,4,,,
201029709163,6,4,9,97,11,133.372,2,8,2,2010,10,46,43,0,0,4,1,1,2,1,2,1,0,1,4,,,
201029709169,4,4,9,97,11,293.418,2,8,6,2010,14,25,12,1,0,1,1,1,0,0,2,1,0,1,1,,,
201029709197,5,4,9,97,11,53.349,2,8,1,2010,20,50,74,0,0,1,2,1,3,1,1,1,0,1,3,,,
201029709204,2,4,9,97,11,13.337,1,8,4,2010,6,50,1,0,0,1,1,1,3,1,2,1,0,1,1,,,
201029709206,3,4,9,97,11,13.337,1,8,4,2010,18,47,1,0,1,5,1,1,2,1,2,1,0,1,1,,,
201029709215,4,4,9,97,11,293.418,1,8,1,2010,2,40,58,0,0,1,3,1,0,0,2,1,0,1,5,,,
201029709219,5,4,9,97,11,53.349,1,8,1,2010,0,40,42,0,0,1,2,1,2,1,1,1,0,1,4,,,
201029709223,6,4,3,97,11,133.372,2,9,1,2010,18,0,12,6,0,2,1,1,0,0,2,3,0,2,1,,,
201029709232,4,4,3,97,11,293.418,2,10,6,2010,10,15,12,6,0,4,1,1,1,1,2,3,0,1,1,,,
201029709233,3,4,3,97,11,13.337,1,8,4,2010,17,42,21,0,0,1,1,1,3,1,2,3,0,1,1,,,
201029709256,5,4,3,97,11,53.349,2,10,5,2010,9,55,12,6,0,2,1,1,1,1,2,3,0,2,1,,,
201029709271,4,4,3,97,11,293.418,2,10,1,2010,11,20,12,7,0,4,1,10,0,0,2,3,0,1,1,,,
201029709272,6,4,3,97,11,133.372,2,10,5,2010,17,37,12,6,0,2,1,1,0,0,1,3,0,2,1,,,
201029709313,4,4,2,97,11,293.418,2,9,3,2010,15,2,12,1,0,2,1,1,1,1,2,8,0,8,1,,,
201029709319,6,4,2,97,11,133.372,2,9,6,2010,16,31,12,6,0,4,1,1,2,2,2,8,0,1,1,,,
201029709328,5,4,2,97,11,53.349,2,10,7,2010,18,19,12,6,0,2,3,1,2,2,2,8,0,3,1,,,
201029709346,4,4,2,97,11,293.418,2,10,3,2010,8,51,12,1,0,2,1,1,0,0,2,8,0,2,1,,,
201029709354,5,4,2,97,11,53.349,2,10,4,2010,8,59,12,1,0,2,1,10,1,1,2,8,0,2,1,,,
201029709366,5,4,2,97,11,53.349,2,9,6,2010,10,5,12,2,0,2,1,1,2,2,2,8,0,2,1,,,
201029709369,6,4,2,97,11,133.372,1,9,6,2010,16,37,42,0,0,2,1,1,1,1,2,8,0,3,4,,,
201029709389,4,4,2,97,11,293.418,2,10,7,2010,12,17,12,7,0,2,1,1,0,0,2,8,0,2,1,,,
201029709396,4,4,5,97,11,287.55,2,10,4,2010,15,25,14,0,0,1,1,1,0,0,2,1,1,1,7,,,
201029709467,2,4,11,96,14,6.554,3,7,2,2010,16,6,12,1,0,1,1,1,2,2,2,3,0,1,1,,,
201029709475,4,4,11,96,14,294.94,2,7,4,2010,18,30,12,1,0,1,1,1,0,0,2,3,0,1,1,,,
201029709514,6,4,11,96,14,131.084,1,7,6,2010,17,50,25,0,0,1,1,1,0,0,2,3,0,1,3,,,
201029709528,5,4,11,96,14,58.988,2,7,1,2010,0,35,12,7,0,1,2,1,1,1,2,3,0,1,1,,,
201029709539,4,4,11,96,14,294.94,2,7,4,2010,8,55,12,1,0,1,1,1,0,0,2,3,0,1,1,,,
201029709596,6,4,11,96,14,131.084,2,8,1,2010,2,26,12,1,0,1,3,1,0,0,1,3,0,1,1,,,
201029709617,4,4,11,96,14,294.94,2,8,4,2010,17,20,12,1,0,1,1,1,0,0,2,3,0,1,1,,,
201029709651,6,4,11,96,14,131.084,2,8,2,2010,11,0,12,6,0,2,1,1,0,0,2,3,0,2,1,,,
201029709653,1,4,11,96,14,6.554,1,8,2,2010,4,20,35,0,0,1,2,1,3,1,2,3,0,1,4,,,
201029709660,3,4,11,96,14,19.663,2,8,4,2010,18,45,12,1,0,1,1,1,2,1,1,3,0,1,1,,,
201029709666,5,4,11,96,14,58.988,2,8,5,2010,17,45,12,6,0,2,1,1,2,1,2,3,0,2,1,,,
201029709670,1,4,11,96,14,6.554,1,8,7,2010,21,25,25,0,0,1,2,1,3,1,2,3,0,1,3,,,
201029709699,4,4,11,96,14,294.94,3,8,6,2010,13,40,12,1,0,1,1,1,1,1,2,3,0,1,1,,,
201029709729,6,4,11,96,14,131.084,3,8,3,2010,13,10,12,1,0,2,1,1,1,1,2,3,0,8,1,,,
201029709753,4,4,8,96,14,294.637,3,6,6,2010,16,15,12,1,1,18,1,1,0,0,2,3,0,1,1,,,
201029709770,6,4,8,96,14,131.811,1,6,2,2010,15,10,25,0,0,1,1,1,1,1,2,3,0,1,3,,,
201029709815,4,4,8,96,14,294.637,2,6,3,2010,14,10,12,7,0,5,1,1,0,0,2,3,0,1,1,,,
201029709825,6,4,8,96,14,131.811,2,6,6,2010,15,15,25,0,0,1,1,1,0,0,2,3,0,1,3,,,
201029709874,6,4,8,96,14,131.811,2,6,6,2010,18,8,12,1,0,2,1,1,1,1,2,3,0,8,1,,,
201029709875,5,4,8,96,14,54.275,2,6,7,2010,10,5,12,1,0,1,1,10,2,2,2,3,0,1,1,,,
201029709877,4,4,8,96,14,294.637,2,6,7,2010,11,15,12,1,0,1,1,1,1,1,2,3,0,1,1,,,
201029709918,5,4,8,96,14,54.275,2,7,7,2010,12,20,12,6,0,4,1,1,1,2,2,3,0,1,1,,,
201029709921,3,4,8,96,14,15.507,1,7,7,2010,19,0,1,0,0,1,1,1,2,1,2,3,0,1,1,,,
201029709944,6,4,8,96,14,131.811,3,7,5,2010,13,40,12,1,0,1,1,1,0,0,2,3,0,1,1,,,
201029709945,2,4,8,96,14,7.754,2,7,5,2010,15,10,12,1,0,1,1,1,1,1,2,3,0,1,1,,,
201029709947,4,4,8,96,14,294.637,3,7,5,2010,18,20,12,1,1,5,1,1,1,1,2,3,0,1,1,,,
201029709970,5,4,8,96,14,54.275,1,7,3,2010,14,10,1,0,0,1,1,1,2,1,2,3,0,1,1,,,
201029709992,2,4,8,96,14,7.754,1,7,6,2010,4,15,8,0,1,5,3,10,0,0,2,3,0,1,1,,,
201029709998,6,4,8,96,14,131.811,2,7,6,2010,19,15,12,1,0,1,1,1,0,0,2,3,0,1,1,,,
201029710006,4,4,8,96,14,294.637,2,7,1,2010,3,36,12,7,0,1,3,1,0,0,1,3,0,1,1,,,
201029710058,6,4,8,96,14,131.811,2,7,2,2010,23,15,12,1,0,1,2,1,0,0,2,3,0,1,1,,,
201029710067,4,4,8,96,14,294.637,2,7,4,2010,17,45,12,7,0,1,1,1,0,0,2,3,0,1,1,,,
201029710135,4,4,3,96,14,296.0,2,8,7,2010,0,35,12,1,0,1,3,1,0,0,1,3,0,1,1,,,
201029710136,6,4,3,96,14,130.0,1,8,7,2010,4,10,74,0,0,1,3,1,0,0,1,3,0,1,3,,,
201029710142,3,4,3,96,14,18.0,2,8,1,2010,12,0,12,7,1,5,1,1,3,1,2,3,0,1,1,,,
201029710174,2,4,3,96,14,2.0,2,8,3,2010,22,15,12,7,0,1,3,1,1,1,2,3,0,1,1,,,
201029710375,2,4,1,96,14,2.0,3,9,2,2010,18,20,12,7,0,1,3,1,0,0,2,3,0,1,1,,,
201029710389,6,4,33,96,14,134.358,2,7,5,2010,17,35,12,6,0,4,1,1,0,0,2,2,0,1,1,,,
201029710406,3,4,33,96,14,19.194,1,8,5,2010,1,5,59,0,0,1,3,1,3,1,1,2,0,1,3,,,
201029710417,3,4,33,96,14,19.194,1,9,1,2010,1,54,21,0,0,2,3,1,3,1,1,2,0,2,1,,,
201029710419,2,4,33,96,14,9.597,2,9,7,2010,9,25,12,6,0,2,1,1,3,3,2,2,0,2,1,,,
201029710424,4,4,33,96,14,297.507,2,9,5,2010,23,0,12,1,0,2,3,5,0,0,2,2,0,2,1,,,
201029710426,5,4,33,96,14,57.582,2,10,4,2010,12,16,12,6,0,4,1,10,1,1,2,2,0,1,1,,,
201029710456,5,4,6,96,14,55.099,2,7,6,2010,6,15,12,7,0,1,1,1,1,1,2,3,0,1,1,,,
201029710471,6,4,6,96,14,128.565,3,7,2,2010,21,35,12,1,0,1,3,1,0,0,1,3,1,1,1,,,
201029710490,4,4,6,96,14,293.862,2,10,3,2010,20,20,12,1,0,2,3,1,1,1,2,3,0,3,1,,,
201029710524,6,4,6,96,14,128.565,1,8,1,2010,14,34,1,0,0,1,1,1,0,0,2,3,0,1,1,,,
201029710527,5,4,6,96,14,55.099,7,8,4,2010,22,9,12,6,0,1,3,1,2,8,2,3,4,1,1,,,
201029710569,6,4,2,96,14,130.0,2,9,3,2010,14,45,12,1,0,1,1,10,0,0,2,3,0,1,1,,,
201029710605,4,4,2,96,14,296.0,2,9,3,2010,9,25,12,1,0,1,1,1,0,0,2,3,0,1,1,,,
201029710606,2,4,2,96,14,2.0,3,9,3,2010,11,45,12,7,0,1,1,1,1,1,2,3,0,1,1,,,
201029710616,1,4,2,96,14,2.0,1,9,4,2010,0,10,25,0,0,1,3,1,3,2,1,3,0,1,3,,,
201029710722,3,4,20,96,14,18.355,1,9,3,2010,13,40,1,0,0,2,1,10,2,1,2,3,0,8,1,,,
201029710743,4,4,20,96,14,293.676,2,10,5,2010,19,36,12,1,0,2,3,1,0,0,2,3,0,8,1,,,
201029710763,3,4,20,96,14,18.355,1,8,3,2010,16,43,21,0,0,2,1,1,2,1,2,3,0,2,1,,,
201029710787,6,4,20,96,14,128.483,1,9,5,2010,0,40,46,0,0,2,3,1,0,0,1,3,0,2,4,,,
201029710809,4,4,20,96,14,293.676,2,9,5,2010,11,0,12,1,0,2,1,1,0,0,2,3,0,2,1,,,
201029710881,4,4,20,96,14,293.676,2,9,3,2010,14,45,12,6,0,4,1,1,0,0,2,3,0,1,1,,,
201029710892,6,4,1,97,11,133.372,2,9,4,2010,16,17,12,6,0,2,1,1,2,3,2,8,0,3,1,,,
201029710908,6,4,1,97,11,133.372,1,9,1,2010,7,55,30,0,0,4,1,10,1,1,2,8,0,1,4,,,
201029710923,1,4,1,97,11,13.337,1,9,1,2010,16,20,1,0,0,1,1,1,3,1,1,8,0,1,4,,,
201029710928,4,4,1,97,11,293.418,2,9,2,2010,8,10,12,9,0,1,1,1,0,0,2,8,0,1,1,,,
201029710931,5,4,1,97,11,53.349,2,9,2,2010,13,55,12,6,0,2,1,10,2,6,2,8,0,3,1,,,
201029710952,6,4,1,97,11,133.372,2,9,4,2010,7,55,12,6,0,1,1,1,1,1,2,8,0,1,1,,,
201029710954,3,4,1,97,11,13.337,1,9,5,2010,14,30,1,0,0,1,1,1,3,1,2,8,0,1,4,,,
201029710963,1,4,1,97,11,13.337,1,10,1,2010,20,45,30,0,0,1,1,1,3,1,1,8,0,1,4,,,
201029710967,5,4,1,97,11,53.349,2,10,2,2010,6,20,12,1,1,18,4,2,1,1,2,8,0,1,1,,,
201029710972,4,4,1,97,11,293.418,2,10,6,2010,13,35,12,1,0,1,1,1,0,0,2,8,0,1,1,,,
201029710990,6,4,1,97,11,133.372,1,10,1,2010,22,30,42,0,0,1,2,1,0,0,2,8,0,1,6,,,
201029710994,5,4,1,97,11,53.349,1,10,6,2010,7,20,33,0,0,1,1,1,1,1,2,8,0,1,4,,,
201029711012,6,4,1,97,11,133.372,1,10,2,2010,9,40,38,0,0,1,1,2,0,0,1,8,0,1,5,,,
201029711015,5,4,1,97,11,53.349,2,10,3,2010,12,10,12,6,0,1,1,10,2,2,2,8,0,1,1,,,
201029711020,4,4,1,97,11,293.418,2,10,6,2010,15,5,12,1,0,2,1,10,1,1,2,8,0,10,1,,,
201029711038,6,4,1,97,11,133.372,1,10,1,2010,17,23,38,0,0,1,2,1,0,0,1,8,0,1,5,,,
201029711041,5,4,3,97,11,53.349,5,11,3,2010,12,23,12,6,0,2,1,1,2,2,2,3,0,3,1,,,
201029711057,4,4,3,97,11,293.418,2,11,5,2010,11,0,12,6,0,2,1,1,0,0,2,3,0,2,1,,,
201029711061,6,4,3,97,11,133.372,2,11,6,2010,19,13,12,1,0,2,5,1,1,1,2,3,0,3,1,,,
201029711085,5,4,3,97,11,53.349,2,11,6,2010,10,15,12,6,0,2,1,1,1,2,2,3,0,2,1,,,
201029711087,4,4,3,97,11,293.418,1,11,2,2010,11,50,1,0,0,2,1,1,2,1,2,3,0,2,1,,,
201029711096,6,4,2,97,11,133.372,1,11,3,2010,14,15,33,0,0,2,1,1,0,0,2,8,0,8,3,,,
201029711114,6,4,2,97,11,133.372,2,11,4,2010,18,35,12,1,0,2,3,1,0,0,2,8,0,2,1,,,
201029711125,3,4,2,97,11,13.337,1,11,7,2010,21,42,21,0,0,2,3,1,2,1,2,8,0,3,1,,,
201029711128,5,4,2,97,11,53.349,2,11,2,2010,16,40,12,1,0,1,1,1,1,1,2,8,0,1,1,,,
201029711146,6,4,2,97,11,133.372,2,11,2,2010,14,11,12,1,0,1,1,1,1,1,2,8,0,1,1,,,
201029711154,5,4,2,97,11,53.349,1,10,6,2010,13,55,43,0,0,1,1,1,2,1,2,8,0,1,4,,,
201029711166,3,4,2,97,11,13.337,2,10,7,2010,15,16,12,1,0,1,1,1,3,1,2,8,0,1,1,,,
201029711172,3,4,5,97,11,20.539,1,11,6,2010,12,50,15,0,0,2,1,1,1,1,2,1,0,2,1,,,
201029711173,6,4,5,97,11,123.236,2,11,2,2010,13,0,14,0,0,1,1,1,0,0,2,1,1,1,7,,,
201029711177,5,4,5,97,11,61.618,2,10,6,2010,18,50,12,6,0,2,3,1,1,2,2,1,0,2,1,,,
201029711181,4,4,4,97,11,293.418,1,11,1,2010,17,45,21,0,0,2,3,1,1,1,2,3,0,3,1,,,
201029711195,5,4,4,97,11,53.349,3,10,7,2010,8,53,12,6,0,2,1,1,1,2,2,3,0,2,1,,,
201029711210,4,4,4,97,11,293.418,2,10,5,2010,20,3,12,6,0,2,3,10,0,0,2,3,0,2,1,,,
201029711231,2,4,11,96,14,6.554,2,9,5,2010,6,30,12,7,0,1,1,10,0,0,2,3,0,1,1,,,
201029711253,3,4,11,96,14,19.663,1,9,2,2010,22,9,21,0,1,2,3,1,2,1,2,3,0,8,1,,,
201029711271,4,4,11,96,14,294.94,2,9,3,2010,7,58,12,1,0,1,1,10,0,0,2,3,0,1,1,,,
201029711280,6,4,11,96,14,131.084,2,9,5,2010,7,50,12,1,1,18,1,1,0,0,2,3,0,1,1,,,
201029711284,5,4,11,96,14,58.988,3,9,1,2010,0,1,12,7,0,1,3,1,2,1,1,3,0,1,1,,,
201029711330,2,4,11,96,14,6.554,1,9,7,2010,4,10,72,0,0,1,2,1,2,1,2,3,0,1,3,,,
201029711337,2,4,11,96,14,6.554,2,9,3,2010,12,35,12,7,1,18,1,10,0,0,2,3,0,1,1,,,
201029711344,4,4,11,96,14,294.94,3,9,2,2010,7,45,12,1,1,18,1,1,1,1,2,3,0,1,1,,,
201029711379,5,4,11,96,14,58.988,3,9,1,2010,21,53,12,7,0,1,2,1,3,3,1,3,0,1,1,,,
201029711450,6,4,8,96,14,131.811,1,9,4,2010,2,40,39,0,1,5,3,10,0,0,1,3,0,1,4,,,
201029711453,4,4,8,96,14,294.637,2,9,4,2010,13,0,12,1,0,4,1,2,0,0,2,3,0,1,1,,,
201029711457,5,4,8,96,14,54.275,2,9,5,2010,7,40,12,2,0,2,1,10,1,3,2,3,0,2,1,,,
201029711510,4,4,8,96,14,294.637,2,9,5,2010,21,24,12,6,0,4,3,1,0,0,2,3,0,1,1,,,
201029711518,3,4,8,96,14,15.507,1,9,6,2010,13,30,1,0,0,1,1,1,3,1,2,3,0,1,1,,,
201029711524,5,4,8,96,14,54.275,2,9,7,2010,10,25,12,1,0,1,1,1,1,1,2,3,0,1,1,,,
201029711527,6,4,8,96,14,131.811,2,9,7,2010,15,40,12,1,0,1,1,1,0,0,2,3,0,1,1,,,
201029711531,2,4,8,96,14,7.754,2,9,1,2010,2,0,12,1,0,1,3,10,4,1,1,3,0,1,1,,,
201029711549,2,4,8,96,14,7.754,2,9,5,2010,9,20,12,1,1,17,1,1,2,3,2,3,0,1,1,,,
201029711556,3,4,8,96,14,15.507,1,9,4,2010,22,55,1,0,0,1,3,1,2,1,1,3,0,1,1,,,
201029711574,4,4,8,96,14,294.637,2,9,6,2010,16,0,12,1,0,1,1,1,0,0,2,3,0,1,1,,,
201029711629,1,4,3,96,14,2.0,1,9,7,2010,23,30,39,0,0,1,2,1,3,1,1,3,0,1,4,,,
201029711693,1,4,3,96,14,2.0,1,9,4,2010,12,55,33,0,1,18,1,1,3,1,2,3,0,1,4,,,
201029711773,1,4,1,96,14,2.0,2,10,1,2010,3,16,12,1,0,1,3,1,4,1,1,3,0,1,1,,,
201029711789,1,4,1,96,14,2.0,1,10,7,2010,7,28,38,0,0,1,4,1,3,1,2,3,0,1,5,,,
201029711814,4,4,1,96,14,296.0,2,10,4,2010,12,50,12,1,0,1,1,2,0,0,2,3,0,1,1,,,
201029711824,6,4,1,96,14,130.0,1,10,6,2010,2,29,33,0,1,5,3,1,0,0,1,3,0,1,8,,,
201029711976,5,4,2,96,14,58.0,2,10,2,2010,14,15,12,7,1,18,1,2,2,1,2,3,0,1,1,,,
201029711997,6,4,2,96,14,130.0,2,10,5,2010,6,5,12,1,0,1,4,10,0,0,2,3,0,1,1,,,
201029712134,6,4,20,96,14,128.483,3,12,4,2010,17,1,14,0,0,1,3,1,2,1,2,3,2,1,7,,,
201029712148,5,4,20,96,14,55.064,2,12,4,2010,16,0,12,6,0,2,1,1,1,1,2,3,0,2,1,,,
201029712166,3,4,20,96,14,18.355,1,12,6,2010,18,55,21,0,0,1,3,1,2,1,2,3,0,1,7,,,
201029712203,6,4,20,96,14,128.483,3,11,3,2010,23,59,14,0,0,1,3,1,0,0,2,3,2,1,7,,,
201029712222,5,4,20,96,14,55.064,1,11,2,2010,16,26,25,0,0,4,1,1,2,1,2,3,0,1,4,,,
201029712240,4,4,11,96,14,294.94,2,10,6,2010,19,15,12,1,0,1,2,1,0,0,2,3,0,1,1,,,
201029712261,2,4,11,96,14,6.554,2,10,3,2010,21,20,12,6,1,5,3,2,4,1,2,3,0,1,1,,,
201029712280,5,4,11,96,14,58.988,3,10,5,2010,16,50,12,1,0,1,1,1,2,2,2,3,0,1,1,,,
201029712301,6,4,11,96,14,131.084,2,10,1,2010,0,1,12,1,0,1,2,1,0,0,1,3,0,1,1,,,
201029712306,4,4,11,96,14,294.94,3,10,3,2010,6,15,12,1,0,1,3,1,0,0,2,3,0,1,1,,,
201029712375,4,4,11,96,14,294.94,1,10,7,2010,14,0,25,0,0,1,1,10,1,1,2,3,0,1,3,,,
201029712389,6,4,11,96,14,131.084,2,10,1,2010,3,40,12,7,0,1,3,1,0,0,2,3,0,1,1,,,
201029712436,4,4,8,96,14,294.637,2,10,2,2010,20,45,12,7,0,1,2,2,0,0,2,3,0,1,1,,,
201029712470,6,4,8,96,14,131.811,1,10,1,2010,5,25,25,0,0,1,2,1,0,0,1,3,0,1,4,,,
201029712485,4,4,8,96,14,294.637,2,10,4,2010,13,10,12,1,0,1,1,1,0,0,2,3,0,1,1,,,
201029712535,4,4,8,96,14,294.637,2,10,7,2010,11,15,12,7,0,1,1,1,0,0,2,3,0,1,1,,,
201029712551,6,4,8,96,14,131.811,3,10,6,2010,19,35,12,1,0,1,2,10,1,1,2,3,0,1,1,,,
201029712569,3,4,8,96,14,15.507,1,10,3,2010,17,25,22,0,0,1,1,1,2,1,2,3,0,1,1,,,
201029712583,5,4,8,96,14,54.275,1,10,5,2010,9,8,38,0,0,1,1,1,1,1,2,3,0,1,10,,,
201029712590,4,4,8,96,14,294.637,2,10,6,2010,6,50,12,7,0,1,4,1,0,0,2,3,0,1,1,,,
201029712632,2,4,3,96,14,2.0,1,10,4,2010,2,10,33,0,1,5,3,2,2,1,2,3,0,1,4,,,
201029712648,4,4,3,96,14,296.0,2,10,1,2010,1,30,12,2,0,1,3,1,0,0,2,3,0,1,1,,,
201029712709,5,4,3,96,14,58.0,2,10,2,2010,19,30,14,0,0,1,5,1,0,0,2,3,1,1,5,,,
201029712754,4,4,43,96,14,287.116,2,10,4,2010,20,38,14,0,0,1,3,1,0,0,1,2,1,1,7,,,
201029712774,6,4,43,96,14,127.607,1,9,7,2010,13,38,19,0,0,1,1,1,0,0,2,2,0,1,5,,,
201029712783,3,4,43,96,14,15.951,1,8,2,2010,20,20,1,0,0,2,3,1,3,1,2,2,0,3,1,,,
201029712794,4,4,43,96,14,287.116,2,11,4,2010,23,47,14,0,0,1,3,1,0,0,2,2,1,1,7,,,
201029712817,6,4,9,97,11,133.372,1,9,7,2010,3,15,20,0,0,1,3,1,0,0,2,1,0,1,3,,,
201029712834,5,4,9,97,11,53.349,2,9,4,2010,20,36,12,1,0,6,2,1,1,1,2,1,0,1,1,,,
201029712837,2,4,9,97,11,13.337,2,9,5,2010,19,35,12,1,0,1,1,1,2,1,2,1,0,1,1,,,
201029712841,4,4,9,97,11,293.418,2,9,5,2010,9,25,12,7,0,1,1,10,0,0,2,1,0,1,1,,,
201029712856,6,4,9,97,11,133.372,1,10,7,2010,11,15,74,0,1,5,1,2,0,0,2,1,0,1,4,,,
201029712858,1,4,9,97,11,13.337,1,10,7,2010,20,50,33,0,0,1,3,1,3,1,1,1,0,1,3,,,
201029712886,6,4,9,97,11,133.372,2,10,7,2010,11,12,12,7,1,18,1,10,0,0,2,1,0,1,1,,,
201029712888,4,4,9,97,11,293.418,1,10,7,2010,19,45,74,0,0,1,2,10,0,0,2,1,0,1,4,,,
201029712905,3,4,9,97,11,13.337,1,10,6,2010,14,15,35,0,0,1,1,1,2,2,2,1,0,1,3,,,
201029712907,6,4,9,97,11,133.372,3,10,3,2010,7,55,12,1,0,2,1,1,0,0,2,1,0,8,1,,,
201029712917,3,4,9,97,11,13.337,2,10,7,2010,14,40,12,6,0,2,1,1,3,1,2,1,0,3,1,,,
201029712919,5,4,9,97,11,53.349,1,11,2,2010,16,5,25,0,0,1,1,1,2,2,2,1,0,1,3,,,
201029712934,5,4,9,97,11,53.349,4,11,3,2010,18,3,12,1,0,1,3,1,2,3,2,1,0,1,1,,,
201029712939,4,4,9,97,11,293.418,1,11,7,2010,16,15,35,0,0,1,1,1,0,0,2,1,0,1,3,,,
201029712941,6,4,9,97,11,133.372,1,11,2,2010,13,15,1,0,0,1,1,1,0,0,2,1,0,1,4,,,
201029712950,3,4,9,97,11,13.337,2,11,5,2010,16,50,12,7,0,1,3,10,2,1,2,1,0,1,1,,,
201029712961,6,4,9,97,11,133.372,1,11,5,2010,3,56,1,0,0,1,2,1,0,0,1,1,0,1,3,,,
201029712977,1,4,9,97,11,13.337,2,12,1,2010,22,55,33,0,0,1,2,2,3,1,2,1,0,1,4,,,
201029712979,6,4,9,97,11,133.372,3,12,2,2010,7,36,12,1,0,1,1,10,1,1,2,1,0,1,1,,,
201029712997,4,4,9,97,11,293.418,2,12,4,2010,17,22,12,1,0,1,3,1,0,0,2,1,0,1,1,,,
201029712998,5,4,9,97,11,53.349,1,12,4,2010,7,50,35,0,0,1,1,10,2,1,2,1,0,1,4,,,
201029713007,6,4,9,97,11,133.372,1,12,1,2010,3,33,25,0,0,1,2,2,0,0,2,1,0,1,3,,,
201029713027,5,4,9,97,11,53.349,1,12,3,2010,22,45,25,0,0,1,2,1,2,3,2,1,0,1,3,,,
201029713045,4,4,4,97,11,293.418,3,12,4,2010,20,30,14,0,0,1,2,1,0,0,2,3,2,1,7,,,
201029713084,6,4,3,97,11,133.372,2,12,7,2010,22,41,12,2,0,1,3,2,0,0,2,3,0,1,1,,,
201029713089,4,4,3,97,11,293.418,2,12,4,2010,14,35,12,1,0,2,1,10,0,0,2,3,0,2,1,,,
201029713094,5,4,3,97,11,53.349,3,12,3,2010,18,5,12,1,0,1,1,1,0,0,2,3,0,1,1,,,
201029713121,4,4,2,97,11,293.418,2,11,6,2010,14,31,12,1,0,4,1,1,0,0,2,8,0,1,1,,,
201029713123,3,4,2,97,11,13.337,1,12,6,2010,20,20,21,0,0,2,3,1,3,1,2,8,0,3,1,,,
201029713126,3,4,2,97,11,13.337,1,11,4,2010,11,10,1,0,0,4,1,10,2,1,2,8,0,1,1,,,
201029713135,6,4,2,97,11,133.372,2,12,6,2010,16,56,12,1,0,4,5,1,1,1,2,8,0,1,1,,,
201029713146,3,4,2,97,11,13.337,1,12,6,2010,18,35,21,0,0,2,3,2,2,1,2,8,0,2,1,,,
201029713161,5,4,2,97,11,53.349,2,12,5,2010,11,25,12,6,0,4,1,1,1,2,2,8,0,1,1,,,
201029713164,4,4,2,97,11,293.418,2,12,5,2010,20,59,14,0,0,1,3,1,0,0,2,8,1,1,7,,,