CASENUM,STRATUM,REGION,PJ,PSU,PSUSTRAT,WEIGHT,VE_TOTAL,MONTH,WKDY_IM,YEAR,HOUR_IM,MINUTE_IM,EVENT1_IM,MANCOL_IM,RELJCT1_IM,RELJCT2_IM,LGTCON_IM,WEATHR_IM,MAXSEV_IM,NO_INJ_IM,ALCHL_IM,LAND_USE,PVH_INVL,TYP_INT,REL_ROAD,CF1,CF2,CF3
201029713166,6,4,2,97,11,133.372,2,12,2,2010,17,40,12,2,0,2,3,1,0,0,2,8,0,3,1,,,
201029713195,6,4,2,97,11,133.372,2,12,3,2010,12,14,12,6,0,2,1,2,0,0,2,8,0,8,1,,,
201029713206,4,4,2,97,11,293.418,3,12,2,2010,15,16,12,1,0,2,1,1,1,2,2,8,0,8,1,,,
201029713224,1,4,1,96,14,2.0,1,11,2,2010,21,20,33,0,0,1,3,1,3,1,1,3,0,1,4,,,
201029713315,4,4,1,96,14,296.0,2,11,5,2010,20,0,12,6,0,2,2,1,0,0,2,3,0,2,1,,,
201029713346,4,4,2,96,14,296.0,2,11,3,2010,15,0,12,1,0,1,1,1,0,0,2,3,0,1,1,,,
201029713376,6,4,2,96,14,130.0,2,11,7,2010,18,20,12,7,0,1,3,1,0,0,2,3,0,1,1,,,
201029713462,2,4,2,96,14,2.0,3,11,3,2010,18,35,12,1,0,1,2,1,3,2,2,3,0,1,1,,,
201029713499,6,4,8,96,14,131.811,2,11,2,2010,12,10,12,1,0,1,1,1,1,2,2,3,0,1,1,,,
201029713535,4,4,8,96,14,294.637,2,11,7,2010,12,10,12,1,0,1,1,1,0,0,2,3,0,1,1,,,
201029713567,6,4,8,96,14,131.811,2,11,5,2010,15,10,12,1,0,1,1,1,0,0,2,3,0,1,1,,,
201029713595,4,4,8,96,14,294.637,2,11,3,2010,15,10,12,7,0,1,1,1,0,0,2,3,0,1,1,,,
201029713618,5,4,8,96,14,54.275,3,11,6,2010,22,50,12,6,0,2,3,2,1,3,2,3,0,2,1,,,
201029713635,6,4,8,96,14,131.811,2,11,3,2010,19,32,12,1,0,1,3,10,1,2,2,3,0,1,1,,,
201029713661,4,4,8,96,14,294.637,2,11,3,2010,8,15,14,0,0,4,1,1,0,0,2,3,1,1,7,,,
201029713676,1,4,11,96,14,6.554,4,11,2,2010,2,30,12,1,0,1,3,1,3,2,2,3,0,1,1,,,
201029713693,4,4,11,96,14,294.94,2,11,4,2010,19,10,12,1,0,1,3,1,0,0,2,3,0,1,1,,,
201029713705,6,4,11,96,14,131.084,1,11,1,2010,20,10,35,0,0,1,2,10,0,0,2,3,0,1,4,,,
201029713754,5,4,11,96,14,58.988,2,11,4,2010,10,0,12,1,0,1,1,1,2,2,2,3,0,1,1,,,
201029713768,6,4,11,96,14,131.084,3,11,6,2010,16,50,12,1,0,1,5,1,0,0,2,3,0,1,1,,,
201029713771,4,4,11,96,14,294.94,2,11,6,2010,5,50,12,1,0,1,3,1,0,0,2,3,0,1,1,,,
201029713805,2,4,11,96,14,6.554,2,11,3,2010,8,23,12,1,0,1,1,1,1,2,2,3,0,1,1,,,
201029713811,6,4,3,96,14,130.0,1,11,2,2010,2,10,33,0,1,18,3,1,0,0,1,3,0,1,4,,,
201029713910,1,4,1,97,11,13.337,3,11,5,2010,12,20,12,2,0,1,1,1,4,3,2,8,0,1,1,,,
201029713921,5,4,1,97,11,53.349,1,11,1,2010,2,20,31,0,0,1,2,1,2,1,1,8,0,1,4,,,
201029713933,4,4,1,97,11,293.418,2,11,6,2010,15,10,12,1,0,1,1,1,0,0,2,8,0,1,1,,,
201029713943,2,4,1,97,11,13.337,1,11,2,2010,5,16,1,0,0,1,4,1,0,0,2,8,0,1,4,,,
201029713952,6,4,1,97,11,133.372,1,11,6,2010,21,55,30,0,0,1,3,1,0,0,2,8,0,1,4,,,
201029713962,5,4,1,97,11,53.349,1,11,3,2010,18,15,1,0,0,1,2,10,0,0,2,8,0,1,4,,,
201029713977,4,4,1,97,11,293.418,2,12,7,2010,17,15,12,8,0,1,3,1,1,1,2,8,0,1,1,,,
201029713979,6,4,1,97,11,133.372,1,12,1,2010,17,30,34,0,0,1,2,2,0,0,2,8,0,1,4,,,
201029713997,6,4,1,97,11,133.372,3,12,2,2010,8,0,12,1,0,1,1,1,1,1,2,8,0,1,1,,,
201029714008,5,4,1,97,11,53.349,2,12,6,2010,6,50,12,6,0,2,1,2,2,3,2,8,0,8,1,,,
201029714020,6,4,1,97,11,133.372,1,12,4,2010,9,30,1,0,0,1,1,2,0,0,2,8,0,1,1,,,
201029714027,3,4,1,97,11,13.337,2,12,4,2010,10,59,12,1,0,1,1,1,2,1,2,8,0,1,4,,,
201029714037,4,4,1,97,11,293.418,2,12,5,2010,12,15,12,1,0,1,1,1,0,0,2,8,0,1,1,,,
201029714040,6,4,1,97,11,133.372,1,12,6,2010,20,48,35,0,1,19,2,1,1,2,2,8,0,1,4,,,
201029714056,1,4,6,96,14,6.122,2,11,4,2010,18,7,12,7,0,1,3,1,3,1,2,3,0,1,1,,,
201029714063,5,4,6,96,14,55.099,2,12,3,2010,15,33,12,6,0,4,1,1,2,2,2,3,0,1,1,,,
201029714075,1,4,6,96,14,6.122,2,8,6,2010,18,0,12,6,0,2,5,1,4,3,2,3,0,2,1,,,
201029714092,6,4,33,96,14,134.358,2,11,7,2010,13,38,12,6,0,2,1,1,0,0,2,2,0,8,1,,,
201029714117,4,4,18,96,14,293.176,2,10,2,2010,16,36,12,6,1,2,1,10,0,0,2,3,0,8,1,,,
201029714122,5,4,18,96,14,55.602,2,10,6,2010,19,37,12,6,0,4,3,1,2,3,2,3,0,1,1,,,
201029714168,6,4,18,96,14,131.423,4,11,6,2010,11,4,12,6,0,2,1,1,1,1,2,3,1,2,1,,,
201029714195,6,4,1,96,14,130.0,2,12,4,2010,5,30,12,1,1,18,4,1,0,0,2,3,0,1,1,,,
201029714227,3,4,1,96,14,18.0,2,12,6,2010,13,15,12,6,0,4,1,1,2,1,2,3,0,1,1,,,
201029714345,1,4,2,96,14,2.0,2,12,3,2010,12,0,12,7,0,1,1,1,3,2,2,3,0,1,1,,,
201029714358,6,4,2,96,14,130.0,1,12,5,2010,14,9,25,0,0,1,1,1,0,0,2,3,0,1,4,,,
201029714367,5,4,2,96,14,58.0,2,12,7,2010,16,20,12,1,1,5,1,1,1,1,2,3,0,1,1,,,
201029714370,3,4,2,96,14,18.0,2,12,7,2010,2,20,12,1,0,1,3,1,3,2,2,3,0,1,1,,,
201029714454,6,4,11,96,14,131.084,2,12,7,2010,11,20,12,6,0,2,1,1,0,0,2,3,0,2,1,,,
201029714459,3,4,11,96,14,19.663,2,12,6,2010,9,35,12,7,0,1,1,1,2,1,2,3,0,1,1,,,
201029714493,4,4,11,96,14,294.94,2,12,7,2010,12,45,12,7,0,1,1,1,0,0,2,3,0,1,1,,,
201029714505,5,4,11,96,14,58.988,2,12,3,2010,22,26,12,1,0,1,3,1,2,3,2,3,0,1,1,,,
201029714516,1,4,11,96,14,6.554,1,12,4,2010,13,45,25,0,0,1,1,10,3,1,2,3,0,1,3,,,
201029714520,6,4,11,96,14,131.084,2,12,6,2010,9,20,12,1,0,1,1,2,0,0,2,3,0,1,1,,,
201029714577,4,4,11,96,14,294.94,2,12,4,2010,6,0,12,7,0,1,4,2,0,0,2,3,0,1,1,,,
201029714607,5,4,8,96,14,54.275,5,12,1,2010,21,20,12,7,0,1,3,2,2,3,2,3,0,1,1,,,
201029714612,6,4,8,96,14,131.811,1,12,2,2010,15,20,74,0,1,5,1,1,0,0,2,3,0,1,4,,,
201029714637,4,4,8,96,14,294.637,2,12,1,2010,11,5,12,1,0,1,1,1,0,0,2,3,0,1,1,,,
201029714653,6,4,8,96,14,131.811,2,12,3,2010,15,45,12,1,0,1,1,1,0,0,2,3,0,1,1,,,
201029714699,6,4,8,96,14,131.811,1,12,5,2010,20,15,1,0,1,5,3,10,1,1,2,3,0,1,1,,,
201029714714,4,4,8,96,14,294.637,2,12,3,2010,12,42,12,7,0,1,1,1,0,0,2,3,0,1,1,,,
201029714762,4,4,3,96,14,296.0,2,12,4,2010,12,0,14,0,0,2,1,1,0,0,2,3,1,8,7,,,
201029714801,1,4,3,96,14,2.0,2,12,5,2010,0,44,25,0,0,1,3,2,4,7,1,3,1,1,5,,,
201052900148,2,2,7,72,13,2.0,2,12,5,2010,13,5,12,7,1,18,1,1,2,3,2,8,0,1,1,,,
201052900150,2,2,7,72,13,2.0,2,12,5,2010,21,0,25,0,1,18,3,4,0,0,2,8,0,1,3,,,
201052900151,2,2,7,72,13,2.0,2,12,7,2010,2,45,12,1,1,18,2,1,0,0,2,8,0,1,1,,,
201052900152,2,2,7,72,13,2.0,3,12,3,2010,13,30,12,7,0,1,1,1,0,0,2,8,0,1,1,,,
201052900153,2,2,7,72,13,2.0,2,12,3,2010,5,20,12,1,1,18,3,1,0,0,2,8,0,1,1,,,
201052900154,2,2,7,72,13,2.0,2,12,6,2010,17,35,12,1,1,18,3,1,2,2,2,8,0,1,1,,,
201052900191,4,2,7,72,13,296.0,3,12,6,2010,16,40,12,1,1,18,2,1,0,0,2,8,0,1,1,,,
201052900211,2,2,1,72,13,5.0,1,12,1,2010,23,52,71,0,0,1,2,1,0,0,2,3,0,1,1,,,
201052900216,2,2,4,72,13,5.0,1,12,1,2010,1,7,71,0,0,6,2,4,0,0,2,3,0,1,1,,,
201052900219,2,2,6,72,13,5.0,2,12,2,2010,11,37,12,6,0,2,1,1,0,0,2,3,0,2,1,,,
201052900220,2,2,6,72,13,5.0,2,12,5,2010,16,0,12,7,0,1,5,1,0,0,2,3,0,1,1,,,
201052900221,2,2,6,72,13,5.0,2,12,7,2010,1,11,12,6,1,2,3,4,2,1,2,3,0,3,1,,,
201064301926,3,4,1,79,10,22.188,1,1,7,2010,12,45,22,0,0,2,1,10,3,1,2,3,0,2,1,,,
201064301934,5,4,1,79,10,55.47,2,1,3,2010,23,10,12,6,0,2,3,1,1,1,2,3,0,2,1,,,
201064301952,5,4,1,79,10,55.47,3,1,7,2010,8,25,14,0,0,1,1,1,1,1,2,3,2,1,7,,,
201064301956,4,4,1,79,10,299.538,2,1,2,2010,10,20,14,0,0,1,1,1,0,0,2,3,1,1,7,,,
201064301959,6,4,1,79,10,133.128,2,1,1,2010,13,20,12,6,0,1,1,1,1,1,2,3,0,1,1,,,
201064301961,3,4,1,79,10,22.188,1,1,5,2010,19,0,21,0,0,2,3,1,2,1,2,3,0,2,1,,,
201064301962,1,4,1,79,10,11.094,2,1,5,2010,9,0,12,2,0,2,1,2,3,2,2,3,0,2,1,,,
201064301977,3,4,1,79,10,22.188,1,1,5,2010,19,15,22,0,0,2,3,1,1,1,2,3,0,8,1,,,
201064301990,5,4,1,79,10,55.47,4,1,6,2010,17,40,12,1,0,2,5,1,1,2,2,3,0,8,1,,,
201064302002,6,4,1,79,10,133.128,2,1,1,2010,17,15,12,6,0,4,1,1,2,1,2,3,0,1,1,,,
201064302007,5,4,1,79,10,55.47,2,1,6,2010,8,40,12,6,0,2,1,10,1,1,2,3,0,2,1,,,
201064302009,1,4,1,79,10,11.094,1,1,4,2010,22,0,30,0,0,1,3,10,3,1,1,3,0,1,4,,,
201064302028,5,4,1,79,10,55.47,2,2,4,2010,16,55,12,8,0,2,1,2,1,2,2,3,0,8,1,,,
201064302047,4,4,1,79,10,299.538,1,2,3,2010,7,0,21,0,0,4,1,1,1,1,2,3,0,1,1,,,
201064302048,1,4,1,79,10,11.094,3,2,3,2010,10,45,12,6,0,2,1,1,3,1,2,3,0,2,1,,,
201064302054,6,4,1,79,10,133.128,4,2,5,2010,16,25,12,6,0,2,1,1,0,0,2,3,0,2,1,,,
201064302069,5,4,1,79,10,55.47,2,2,6,2010,16,5,12,6,0,4,1,1,2,4,2,3,0,1,1,,,
201064302073,4,4,1,79,10,299.538,1,3,7,2010,16,45,22,0,0,2,1,1,1,1,2,3,0,8,1,,,
201064302076,6,4,1,79,10,133.128,2,3,6,2010,10,0,12,6,0,2,1,1,1,1,2,3,0,8,1,,,
201064302085,5,4,1,79,10,55.47,2,3,1,2010,11,10,12,6,0,4,1,1,2,2,2,3,0,1,1,,,
201064302096,5,4,1,79,10,55.47,4,3,3,2010,13,0,12,7,0,1,1,1,2,1,2,3,2,1,1,,,
201064302105,1,4,1,79,10,11.094,2,3,6,2010,10,5,12,6,0,2,1,1,3,2,2,3,0,2,1,,,
201064302110,1,4,1,79,10,11.094,1,3,7,2010,2,30,59,0,0,1,2,10,3,1,2,3,0,1,4,,,
201064302120,3,4,1,79,10,22.188,1,3,4,2010,16,45,21,0,0,2,1,1,3,1,2,3,0,2,1,,,
201064302125,6,4,1,79,10,133.128,2,3,5,2010,13,50,12,1,0,4,1,1,0,0,2,3,0,1,1,,,
201064302127,5,4,1,79,10,55.47,1,3,6,2010,20,55,1,0,0,1,3,1,2,1,2,3,0,1,1,,,
201064302136,3,4,1,79,10,22.188,1,3,3,2010,12,15,21,0,0,2,1,1,2,1,2,3,0,8,1,,,
201064302149,2,4,1,79,10,11.094,2,3,4,2010,15,50,12,1,0,2,1,1,0,0,2,3,0,3,1,,,
201064302154,4,4,1,79,10,299.538,2,3,5,2010,15,0,12,1,0,2,1,1,0,0,2,3,0,8,1,,,
201064302157,6,4,1,79,10,133.128,3,3,3,2010,11,5,12,6,0,4,1,1,1,2,2,3,1,1,1,,,
201064302158,5,4,1,79,10,55.47,1,3,3,2010,17,0,30,0,0,1,1,1,1,1,2,3,0,1,4,,,
201064302179,6,4,1,79,10,133.128,1,3,1,2010,3,40,43,0,0,1,3,1,0,0,2,3,0,1,4,,,
201064302183,1,4,1,79,10,11.094,2,3,5,2010,14,53,12,6,0,2,1,1,3,3,2,3,0,2,1,,,
201064302188,3,4,1,79,10,22.188,1,3,4,2010,17,5,21,0,0,2,1,1,2,2,2,3,0,2,1,,,
201064302190,5,4,1,79,10,55.47,2,3,7,2010,17,30,12,6,0,2,1,1,0,0,2,3,0,2,1,,,
201064302207,3,4,1,79,10,22.188,3,4,4,2010,13,0,12,1,0,1,1,1,2,1,2,3,0,1,1,,,
201064302218,3,4,1,79,10,22.188,1,4,4,2010,7,50,22,0,0,2,1,1,2,1,2,3,0,2,1,,,
201064302219,5,4,1,79,10,55.47,2,4,3,2010,19,30,12,6,0,2,3,1,3,1,2,3,0,2,1,,,
201064302227,6,4,1,79,10,133.128,2,4,1,2010,11,35,12,1,0,2,1,1,1,1,2,3,0,8,1,,,
201064302244,3,4,1,79,10,22.188,1,4,7,2010,13,25,21,0,0,1,1,1,2,1,2,3,0,1,1,,,
201064302257,6,4,1,79,10,133.128,4,4,5,2010,9,0,12,6,0,4,1,1,1,1,2,3,2,1,1,,,
201064302263,4,4,1,79,10,299.538,2,4,3,2010,16,20,14,0,0,2,1,2,0,0,2,3,1,2,7,,,
201064302269,5,4,1,79,10,55.47,2,4,1,2010,10,55,12,6,0,2,1,1,2,3,2,3,0,8,1,,,
201064302283,5,4,1,79,10,55.47,2,4,6,2010,20,0,12,2,0,1,1,1,1,1,2,3,0,1,1,,,
201064302288,3,4,1,79,10,22.188,1,4,2,2010,20,0,21,0,0,1,3,1,2,1,2,3,0,1,1,,,
201064302295,5,4,1,79,10,55.47,2,5,2,2010,12,10,12,6,0,4,1,10,1,2,2,3,0,1,1,,,
201064302296,4,4,1,79,10,299.538,2,5,7,2010,13,15,12,6,0,4,1,1,0,0,2,3,0,1,1,,,
201064302311,5,4,1,79,10,55.47,2,5,3,2010,1,50,12,6,0,2,3,10,2,1,2,3,0,2,1,,,
201064302316,3,4,1,79,10,22.188,1,5,2,2010,7,55,22,0,0,2,1,1,2,1,2,3,0,8,1,,,
201064302319,1,4,1,79,10,11.094,2,5,1,2010,1,30,14,0,0,1,3,1,3,1,1,3,1,1,7,,,
201064302330,5,4,1,79,10,55.47,2,5,3,2010,9,10,12,1,0,2,1,1,1,1,2,3,0,8,1,,,
201064302332,3,4,1,79,10,22.188,1,5,2,2010,8,10,22,0,0,2,1,1,2,1,2,3,0,2,1,,,
201064302339,3,4,1,79,10,22.188,1,5,6,2010,18,55,21,0,0,1,5,1,2,1,2,3,0,1,1,,,
201064302363,2,4,1,79,10,11.094,2,5,5,2010,3,45,12,7,0,2,3,1,0,0,2,3,0,2,1,,,
201064302374,5,4,1,79,10,55.47,4,5,3,2010,7,35,12,1,0,2,1,1,1,1,2,3,0,8,1,,,
201064302375,4,4,1,79,10,299.538,2,5,3,2010,7,55,55,1,0,4,1,1,1,1,2,3,0,1,4,,,
201064302378,3,4,1,79,10,22.188,1,5,2,2010,15,0,21,0,0,2,1,1,2,1,2,3,0,3,1,,,
201064302380,6,4,1,79,10,133.128,3,5,1,2010,14,30,12,6,0,2,1,1,2,1,2,3,0,2,1,,,
201064302393,5,4,1,79,10,55.47,2,5,3,2010,16,40,12,6,0,4,1,10,2,4,2,3,0,1,1,,,
201064302396,1,4,1,79,10,11.094,2,5,2,2010,0,40,12,6,0,2,3,10,3,1,2,3,0,2,1,,,
201064302421,6,4,1,79,10,133.128,1,6,6,2010,19,15,30,0,0,1,1,1,2,1,2,3,0,1,4,,,
201064302434,3,4,1,79,10,22.188,3,6,6,2010,16,0,12,1,0,1,1,1,2,2,2,3,0,1,1,,,
201064302458,2,4,1,79,10,11.094,2,6,5,2010,11,20,12,6,0,2,1,1,2,1,2,3,0,8,1,,,
201064302459,6,4,1,79,10,133.128,2,6,5,2010,3,35,12,6,0,2,3,1,0,0,2,3,0,8,1,,,
201064302468,3,4,1,79,10,22.188,1,6,2,2010,12,15,22,0,0,4,1,1,2,1,2,3,0,1,1,,,
201064302476,5,4,1,79,10,55.47,2,6,3,2010,9,15,12,2,0,2,1,1,2,1,2,3,0,8,1,,,
201064302485,4,4,1,79,10,299.538,1,6,3,2010,12,55,21,0,0,4,1,1,1,1,2,3,0,1,1,,,
201064302498,6,4,1,79,10,133.128,3,6,2,2010,20,10,12,1,0,2,1,1,1,1,2,3,0,8,1,,,
201064302507,5,4,1,79,10,55.47,2,6,5,2010,7,50,12,6,0,2,1,1,0,0,2,3,0,2,1,,,
201064302525,6,4,1,79,10,133.128,3,7,6,2010,15,15,12,1,0,1,1,1,1,1,2,3,0,1,1,,,
201064302531,1,4,1,79,10,11.094,3,7,4,2010,1,5,12,2,0,2,3,1,3,2,1,3,0,2,1,,,
201064302537,5,4,1,79,10,55.47,3,7,6,2010,13,35,12,2,0,2,1,1,1,1,2,3,0,8,1,,,
201064302553,1,4,1,79,10,11.094,3,7,6,2010,16,35,12,6,0,2,1,1,3,3,2,3,0,2,1,,,
201064302554,4,4,1,79,10,299.538,2,7,6,2010,8,40,12,9,0,4,1,1,0,0,2,3,0,1,1,,,
201064302559,6,4,1,79,10,133.128,4,7,3,2010,16,20,14,0,0,1,1,1,0,0,2,3,3,1,7,,,
201064302573,5,4,1,79,10,55.47,2,7,4,2010,18,25,12,1,0,2,1,1,2,1,2,3,0,8,1,,,
201064302576,3,4,1,79,10,22.188,1,7,7,2010,0,50,21,0,0,2,3,1,2,1,2,3,0,8,1,,,
201064302582,3,4,1,79,10,22.188,1,7,6,2010,8,0,21,0,0,2,1,1,3,1,2,3,0,8,1,,,
201064302608,5,4,1,79,10,55.47,2,7,2,2010,12,50,12,6,0,2,1,1,1,1,2,3,0,2,1,,,
201064302613,6,4,1,79,10,133.128,2,7,7,2010,8,55,12,6,0,2,1,1,0,0,2,3,0,2,1,,,
201064302635,5,4,1,79,10,55.47,2,7,7,2010,11,5,12,1,0,2,1,1,1,1,2,3,0,2,1,,,
201064302636,3,4,1,79,10,22.188,1,7,6,2010,16,40,22,0,0,4,1,1,2,1,2,3,0,1,1,,,
201064302640,4,4,1,79,10,299.538,2,7,6,2010,7,15,12,1,0,1,1,1,0,0,2,3,0,1,1,,,
201064302646,6,4,1,79,10,133.128,3,7,4,2010,9,30,12,1,0,1,1,1,1,2,2,3,0,1,1,,,
201064302651,1,4,1,79,10,11.094,2,7,3,2010,1,55,14,0,0,1,3,1,3,1,1,3,1,1,7,,,
201064302654,3,4,1,79,10,22.188,1,8,3,2010,19,30,22,0,0,2,1,1,2,1,2,3,0,2,1,,,
201064302672,5,4,1,79,10,55.47,4,8,2,2010,15,40,12,1,0,1,1,1,2,2,2,3,0,1,1,,,
201064302688,4,4,1,79,10,299.538,2,8,5,2010,18,45,12,1,0,2,1,1,1,1,2,3,0,8,1,,,
201064302695,5,4,1,79,10,55.47,2,9,4,2010,6,20,12,6,0,2,4,1,1,2,2,3,0,8,1,,,
201064302717,5,4,1,79,10,55.47,2,9,3,2010,5,15,12,2,0,2,3,1,2,2,1,3,0,8,1,,,
201064302721,3,4,1,79,10,22.188,2,9,3,2010,8,30,14,0,0,1,1,1,2,1,1,3,1,1,7,,,
201064302726,6,4,1,79,10,133.128,1,9,2,2010,1,50,33,0,0,1,3,1,0,0,2,3,0,1,4,,,
201064302736,4,4,1,79,10,299.538,2,9,7,2010,21,30,12,1,0,2,3,1,0,0,2,3,0,8,1,,,
201064302744,5,4,1,79,10,55.47,2,9,3,2010,13,5,12,6,0,2,1,1,2,2,2,3,0,8,1,,,
201064302756,3,4,1,79,10,22.188,1,9,5,2010,10,20,1,0,0,4,1,1,2,1,2,3,0,1,1,,,
201064302765,3,4,1,79,10,22.188,2,10,1,2010,14,40,12,6,0,2,1,1,3,1,2,3,0,8,1,,,
201064302772,5,4,1,79,10,55.47,2,9,3,2010,16,10,12,2,0,2,1,10,2,2,2,3,0,8,1,,,
201064302785,6,4,1,79,10,133.128,2,10,6,2010,16,25,12,7,0,1,1,1,0,0,2,3,0,1,1,,,
201064302793,4,4,1,79,10,299.538,2,10,1,2010,19,20,14,0,0,1,3,1,0,0,2,3,1,1,7,,,
201064302802,3,4,1,79,10,22.188,2,9,3,2010,23,55,12,6,0,1,3,1,2,1,2,3,0,1,1,,,
201064302817,1,4,1,79,10,11.094,1,10,2,2010,4,5,30,0,0,2,3,10,3,1,1,3,0,8,4,,,
201064302828,3,4,1,79,10,22.188,1,10,3,2010,7,30,22,0,0,4,1,10,2,1,2,3,0,1,1,,,
201064302834,6,4,1,79,10,133.128,5,10,7,2010,9,40,14,0,0,1,1,1,0,0,2,3,4,1,7,,,
201064302844,5,4,1,79,10,55.47,2,10,4,2010,11,20,12,6,0,2,1,1,2,1,2,3,0,8,1,,,
201064302861,6,4,1,79,10,133.128,2,10,4,2010,16,20,12,6,0,2,1,10,1,1,2,3,0,8,1,,,
201064302884,3,4,1,79,10,22.188,1,11,3,2010,8,30,15,0,0,2,1,1,2,1,2,3,0,3,1,,,
201064302886,6,4,1,79,10,133.128,2,10,7,2010,17,5,12,6,0,2,1,1,2,2,2,3,0,2,1,,,
201064302892,1,4,1,79,10,11.094,1,11,5,2010,2,25,33,0,0,1,3,1,3,1,1,3,0,1,4,,,
201064302895,5,4,1,79,10,55.47,2,11,3,2010,12,45,12,2,0,2,1,6,1,3,2,3,0,8,1,,,
201064302911,5,4,1,79,10,55.47,2,11,2,2010,15,0,12,6,0,4,1,1,1,1,2,3,0,1,1,,,
201064302913,1,4,1,79,10,11.094,4,11,2,2010,7,40,14,0,0,1,1,1,3,1,2,3,3,1,7,,,
201064302920,3,4,1,79,10,22.188,1,11,7,2010,19,35,21,0,0,2,3,2,2,1,2,3,0,2,1,,,
201064302923,1,4,1,79,10,11.094,3,11,7,2010,3,20,14,0,0,1,3,1,3,1,1,3,2,1,7,,,
201064302925,6,4,1,79,10,133.128,2,11,6,2010,12,40,12,7,0,1,1,1,1,1,2,3,0,1,1,,,
201064302929,4,4,1,79,10,299.538,2,11,4,2010,17,50,12,2,0,2,3,1,1,1,2,3,0,2,1,,,
201064302930,5,4,1,79,10,55.47,2,11,5,2010,21,39,14,0,0,1,3,1,1,2,2,3,1,1,7,,,
201064302954,6,4,1,79,10,133.128,2,11,1,2010,8,5,12,6,0,2,1,2,2,4,2,3,0,2,1,,,
201064302957,3,4,1,79,10,22.188,1,11,6,2010,21,40,22,0,0,1,3,1,2,1,2,3,0,1,1,,,
201064302970,5,4,1,79,10,55.47,2,12,1,2010,9,5,12,6,0,2,1,1,1,1,2,3,0,8,1,,,
201064302979,6,4,1,79,10,133.128,2,12,3,2010,1,20,12,6,0,2,3,1,0,0,2,3,0,2,1,,,
201064302986,3,4,1,79,10,22.188,1,12,7,2010,20,15,21,0,0,1,3,1,2,2,2,3,0,1,1,,,
201064302993,4,4,1,79,10,299.538,1,12,5,2010,12,10,21,0,0,1,1,1,1,1,2,3,0,1,1,,,
201064303017,6,4,1,79,10,133.128,2,12,4,2010,6,50,12,6,0,2,1,10,0,0,2,3,0,8,1,,,
201064303019,5,4,1,79,10,55.47,2,12,3,2010,5,30,12,6,0,2,3,1,1,1,2,3,0,2,1,,,
201064303026,3,4,1,79,10,22.188,2,12,7,2010,15,55,12,6,0,2,1,2,2,1,2,3,0,8,1,,,
201064303046,3,4,1,79,10,22.188,1,12,4,2010,6,50,21,0,0,2,1,2,3,1,1,3,0,8,1,,,
201064303059,5,4,1,79,10,55.47,2,12,7,2010,20,25,12,7,0,2,3,2,1,1,2,3,0,8,1,,,
201064303067,3,4,1,79,10,22.188,1,12,3,2010,22,0,21,0,0,2,3,2,2,1,2,3,0,2,1,,,
201064303076,5,4,1,79,10,55.47,2,12,2,2010,18,45,12,6,0,2,3,1,2,2,1,3,0,2,1,,,
201064303084,6,4,1,79,10,133.128,2,12,6,2010,8,45,12,6,0,1,1,1,2,2,2,3,0,1,1,,,
201064303093,4,4,1,79,10,299.538,2,12,1,2010,2,30,12,1,0,2,3,2,1,1,2,3,0,8,1,,,
201065510777,3,3,2,43,9,12.222,1,1,6,2010,12,19,21,0,0,1,1,1,2,1,2,8,0,1,2,,,
201065510780,6,3,10,43,9,114.694,2,1,1,2010,18,29,12,6,0,2,3,1,0,0,2,8,0,3,1,,,
201065510792,4,3,2,43,9,293.316,1,1,1,2010,22,5,24,0,0,1,2,1,0,0,2,8,0,1,1,,,
201065510794,5,3,2,43,9,61.108,2,1,2,2010,11,41,12,6,0,2,1,1,2,1,2,8,0,2,1,,,
201065510798,2,3,2,43,9,12.222,3,1,4,2010,18,0,12,1,0,1,2,1,1,2,2,8,0,1,1,,,
201065510813,3,3,2,43,9,12.222,1,1,7,2010,21,0,1,0,0,1,2,1,2,1,2,8,0,1,,,,
201065510828,4,3,2,43,9,293.316,2,1,2,2010,14,29,12,1,0,2,1,1,0,0,2,8,0,8,1,,,
201065510833,6,3,2,43,9,134.436,1,1,2,2010,22,13,30,0,0,2,2,1,0,0,1,8,0,3,5,,,
201065510855,4,3,10,43,9,286.735,2,1,6,2010,17,5,12,1,1,5,1,1,0,0,2,8,0,2,1,,,
201065510861,6,3,10,43,9,114.694,2,1,5,2010,16,36,12,6,0,2,1,2,1,1,2,8,0,2,1,,,
201065510862,4,3,10,43,9,286.735,2,1,6,2010,12,15,12,6,0,2,1,10,0,0,2,8,0,2,1,,,
201065510865,6,3,1,43,9,134.436,2,1,1,2010,6,40,14,0,0,1,2,1,0,0,2,3,1,1,7,,,
201065510870,4,3,1,43,9,293.316,2,1,1,2010,11,51,12,1,0,1,1,1,0,0,2,3,0,1,1,,,
201065510892,3,3,1,43,9,12.222,1,1,2,2010,3,51,74,0,0,1,2,2,2,1,2,3,0,1,4,,,
201065510898,4,3,1,43,9,293.316,1,1,2,2010,5,21,25,0,0,2,3,2,0,0,1,3,0,1,4,,,