CASENUM,STRATUM,REGION,PJ,PSU,PSUSTRAT,WEIGHT,VE_TOTAL,MONTH,WKDY_IM,YEAR,HOUR_IM,MINUTE_IM,EVENT1_IM,MANCOL_IM,RELJCT1_IM,RELJCT2_IM,LGTCON_IM,WEATHR_IM,MAXSEV_IM,NO_INJ_IM,ALCHL_IM,LAND_USE,PVH_INVL,TYP_INT,REL_ROAD,CF1,CF2,CF3
201068705083,3,2,3,11,6,19.051,2,4,7,2010,20,35,12,6,0,2,3,1,2,1,2,8,0,3,1,,,
201068705094,1,2,3,11,6,19.051,1,4,6,2010,15,40,33,0,0,1,1,10,3,2,2,8,0,1,4,,,
201068705095,4,2,3,11,6,285.76,3,4,6,2010,15,54,12,1,0,2,1,10,1,1,2,8,0,3,1,,,
201068705104,3,2,3,11,6,19.051,1,4,2,2010,16,27,22,0,0,2,1,1,2,2,2,8,0,2,1,,,
201068705113,4,2,3,11,6,285.76,2,4,3,2010,13,25,12,1,0,2,1,10,0,0,2,8,0,8,1,,,
201068705130,4,2,3,11,6,285.76,2,4,5,2010,15,15,12,6,0,4,1,1,0,0,2,8,0,1,1,,,
201068705147,4,2,3,11,6,285.76,2,4,2,2010,11,22,12,1,0,2,1,1,0,0,2,8,0,3,1,,,
201068705151,3,2,3,11,6,19.051,1,4,2,2010,16,25,22,0,0,2,1,1,3,1,2,8,0,3,1,,,
201068705159,6,2,3,11,6,133.355,2,4,4,2010,17,20,12,6,0,2,1,2,2,2,2,8,0,3,1,,,
201068705168,3,2,3,11,6,19.051,1,4,7,2010,12,52,21,0,0,1,1,10,2,1,1,8,0,1,1,,,
201068705170,4,2,3,11,6,285.76,2,4,6,2010,23,40,14,0,0,4,3,10,0,0,2,8,1,1,7,,,
201068705181,6,2,3,11,6,133.355,2,4,4,2010,17,8,12,1,0,2,1,1,0,0,2,8,0,8,1,,,
201068705187,4,2,3,11,6,285.76,2,4,5,2010,20,54,14,0,0,1,1,1,1,1,2,8,1,1,7,,,
201068705202,4,2,3,11,6,285.76,2,5,1,2010,18,17,12,1,0,2,1,2,0,0,2,8,0,2,1,,,
201068705220,3,2,3,11,6,19.051,1,4,5,2010,16,59,22,0,0,2,1,1,2,1,2,8,0,3,1,,,
201068705221,4,2,3,11,6,285.76,2,4,6,2010,16,2,12,1,0,2,1,10,0,0,2,8,0,8,1,,,
201068705237,4,2,3,11,6,285.76,2,5,1,2010,22,5,12,6,0,2,2,10,0,0,2,8,0,8,1,,,
201068705258,4,2,3,11,6,285.76,2,5,5,2010,12,1,12,6,0,4,1,2,0,0,2,8,0,1,1,,,
201068705266,1,2,3,11,6,19.051,1,5,7,2010,0,32,42,0,0,1,2,1,3,1,1,8,0,1,4,,,
201068705277,4,2,3,11,6,285.76,2,5,4,2010,8,9,12,1,0,2,1,1,0,0,2,8,0,2,1,,,
201068705286,3,2,3,11,6,19.051,1,5,5,2010,18,53,33,0,0,1,1,1,2,1,2,8,0,1,4,,,
201068705291,6,2,3,11,6,133.355,4,5,5,2010,11,57,12,1,0,2,1,10,0,0,2,8,0,3,1,,,
201068705295,4,2,3,11,6,285.76,2,5,2,2010,21,25,12,6,0,2,3,2,0,0,2,8,0,2,1,,,
201068705311,4,2,3,11,6,285.76,2,5,6,2010,13,20,12,6,0,2,1,10,0,0,2,8,0,3,1,,,
201068705328,2,2,3,11,6,19.051,2,5,2,2010,10,34,12,6,0,4,1,1,0,0,2,8,0,1,1,,,
201068705332,4,2,3,11,6,285.76,2,5,3,2010,10,50,12,7,0,1,1,1,0,0,2,8,0,1,1,,,
201068705348,4,2,3,11,6,285.76,2,5,3,2010,14,7,12,1,0,2,1,1,1,1,2,8,0,8,1,,,
201068705351,6,2,3,11,6,133.355,2,5,4,2010,5,24,12,6,0,2,4,1,1,1,2,8,0,2,1,,,
201068705366,4,2,3,11,6,285.76,2,5,2,2010,9,5,14,0,0,1,1,1,0,0,2,8,1,1,7,,,
201068705379,5,2,3,11,6,57.152,1,5,7,2010,17,23,24,0,0,1,1,1,2,1,2,8,0,1,1,,,
201068705387,4,2,3,11,6,285.76,2,6,4,2010,16,52,12,1,0,2,1,1,0,0,2,8,0,8,1,,,
201068705393,1,2,3,11,6,19.051,1,6,6,2010,3,20,25,0,0,1,3,1,3,1,1,8,0,1,4,,,
201068705405,4,2,3,11,6,285.76,2,6,2,2010,17,12,14,0,0,4,1,1,0,0,2,8,1,1,7,,,
201068705411,6,2,3,11,6,133.355,1,6,4,2010,11,59,33,0,0,2,1,10,0,0,2,8,0,8,4,,,
201068705427,4,2,3,11,6,285.76,2,6,4,2010,17,35,12,7,0,2,1,1,0,0,2,8,0,8,1,,,
201068705444,4,2,3,11,6,285.76,1,6,1,2010,0,3,42,0,0,1,3,10,0,0,2,8,0,1,4,,,
201068705449,6,2,3,11,6,133.355,1,6,2,2010,23,30,30,0,0,4,3,10,2,1,2,8,0,1,4,,,
201068705464,5,2,3,11,6,57.152,2,6,5,2010,18,0,12,6,0,2,1,1,2,4,2,8,0,2,1,,,
201068705467,1,2,3,11,6,19.051,2,6,1,2010,1,10,12,6,0,2,3,2,3,2,1,8,0,3,1,,,
201068705469,4,2,3,11,6,285.76,3,6,7,2010,0,18,12,7,0,1,3,10,0,0,1,8,0,1,1,,,
201068705485,3,2,3,11,6,19.051,1,6,7,2010,22,36,39,0,0,1,3,1,2,2,2,8,0,1,4,,,
201068705487,4,2,3,11,6,285.76,2,6,1,2010,10,39,12,6,0,2,1,1,0,0,2,8,0,2,1,,,
201068705502,4,2,3,11,6,285.76,2,6,5,2010,16,23,12,1,0,2,1,1,0,0,2,8,0,8,1,,,
201068705523,4,2,3,11,6,285.76,2,6,7,2010,19,28,12,2,0,4,1,1,0,0,2,8,0,1,1,,,
201068705538,4,2,3,11,6,285.76,2,6,4,2010,17,16,12,1,0,1,1,1,0,0,2,8,0,1,1,,,
201068705543,3,2,3,11,6,19.051,1,6,7,2010,16,51,22,0,0,1,1,1,2,1,2,8,0,1,1,,,
201068705554,6,2,3,11,6,133.355,2,7,7,2010,10,54,12,1,0,2,1,1,0,0,2,8,0,8,1,,,
201068705557,4,2,3,11,6,285.76,1,7,5,2010,14,37,33,0,0,1,1,2,0,0,2,8,0,1,4,,,
201068705558,3,2,3,11,6,19.051,1,6,6,2010,21,30,21,0,0,2,1,10,2,1,2,8,0,8,1,,,
201068705574,4,2,3,11,6,285.76,1,7,4,2010,10,2,22,0,0,2,1,1,1,1,2,8,0,2,1,,,
201068705586,5,2,3,11,6,57.152,1,7,1,2010,1,2,59,0,0,2,3,1,1,1,1,8,0,2,4,,,
201068705594,4,2,3,11,6,285.76,3,7,5,2010,17,5,12,1,0,2,1,10,1,1,2,8,0,8,1,,,
201068705610,6,2,3,11,6,133.355,2,7,3,2010,19,26,12,1,0,2,1,10,0,0,2,8,0,3,1,,,
201068705612,4,2,3,11,6,285.76,2,7,4,2010,10,20,12,1,0,2,1,1,0,0,2,8,0,3,1,,,
201068705637,4,2,3,11,6,285.76,1,7,4,2010,14,59,33,0,0,2,1,1,0,0,2,8,0,3,4,,,
201068705658,3,2,3,11,6,19.051,2,7,2,2010,10,9,12,7,0,4,1,10,2,1,2,8,0,1,1,,,
201068705660,4,2,3,11,6,285.76,2,7,2,2010,16,56,12,1,0,1,1,1,1,1,2,8,0,1,1,,,
201068705676,4,2,3,11,6,285.76,2,7,4,2010,15,30,12,1,0,2,1,1,0,0,2,8,0,8,1,,,
201068705692,4,2,3,11,6,285.76,3,7,5,2010,15,50,12,1,0,4,1,1,0,0,2,8,0,1,1,,,
201068705708,4,2,3,11,6,285.76,2,7,7,2010,13,30,12,6,0,2,1,10,0,0,2,8,0,2,1,,,
201068705726,4,2,3,11,6,285.76,2,7,5,2010,21,8,12,1,0,1,6,10,0,0,2,8,0,1,7,,,
201068705734,3,2,3,11,6,19.051,2,7,1,2010,21,27,12,6,0,4,3,1,2,1,2,8,0,1,1,,,
201068705742,5,2,3,11,6,57.152,1,7,6,2010,18,13,30,0,0,1,1,1,1,1,2,8,0,1,4,,,
201068705747,6,2,3,11,6,133.355,1,8,1,2010,2,40,42,0,0,1,3,1,0,0,2,8,0,1,4,,,
201068705749,4,2,3,11,6,285.76,2,8,2,2010,15,25,12,6,0,4,1,1,0,0,2,8,0,1,1,,,
201068705765,3,2,3,11,6,19.051,1,7,4,2010,9,27,22,0,0,2,1,1,2,1,2,8,0,2,1,,,
201068705767,4,2,3,11,6,285.76,2,8,2,2010,9,59,12,1,0,2,1,1,0,0,2,8,0,8,1,,,
201068705787,4,2,3,11,6,285.76,2,8,3,2010,22,48,12,7,0,2,3,1,0,0,2,8,0,2,1,,,
201068705792,6,2,3,11,6,133.355,1,8,2,2010,18,22,31,0,0,2,1,1,0,0,2,8,0,8,4,,,
201068705794,3,2,3,11,6,19.051,1,8,3,2010,18,43,22,0,0,2,1,1,2,2,2,8,0,3,1,,,
201068705805,4,2,3,11,6,285.76,3,8,6,2010,13,11,12,1,0,1,1,1,1,1,2,8,0,1,1,,,
201068705820,3,2,3,11,6,19.051,1,8,2,2010,11,15,15,0,0,2,1,1,2,1,2,8,0,2,1,,,
201068705822,4,2,3,11,6,285.76,2,8,5,2010,13,20,12,6,0,4,1,10,0,0,2,8,0,1,1,,,
201068705840,4,2,3,11,6,285.76,2,8,7,2010,15,17,12,6,0,2,1,2,0,0,2,8,0,2,1,,,
201068705847,3,2,3,11,6,19.051,1,8,3,2010,15,54,1,0,0,2,1,10,2,1,2,8,0,8,1,,,
201068705857,4,2,3,11,6,285.76,1,8,2,2010,16,28,32,0,0,2,1,1,1,1,2,8,0,3,4,,,
201068705863,3,2,3,11,6,19.051,2,8,3,2010,11,10,12,7,0,4,1,10,2,1,2,8,0,1,1,,,
201068705875,4,2,3,11,6,285.76,2,8,2,2010,10,52,12,1,0,2,1,1,0,0,2,8,0,2,1,,,
201068705883,5,2,3,11,6,57.152,2,9,4,2010,2,28,12,6,0,2,3,1,1,4,2,8,0,2,1,,,
201068705901,3,2,3,11,6,19.051,2,9,6,2010,17,40,12,6,0,4,1,10,3,1,2,8,0,1,1,,,
201068705902,4,2,3,11,6,285.76,2,9,7,2010,8,53,12,7,0,2,1,10,0,0,2,8,0,8,1,,,
201068705904,6,2,3,11,6,133.355,2,9,1,2010,19,22,12,1,0,2,1,1,0,0,2,8,0,8,1,,,
201068705919,4,2,3,11,6,285.76,2,9,6,2010,15,30,12,1,0,2,1,1,1,2,2,8,0,8,1,,,
201068705938,4,2,3,11,6,285.76,2,9,4,2010,19,5,12,1,0,2,1,1,1,1,2,8,0,8,1,,,
201068705951,6,2,3,11,6,133.355,3,9,1,2010,18,48,12,1,0,2,1,1,0,0,2,8,0,8,1,,,
201068705961,4,2,3,11,6,285.76,2,9,5,2010,15,32,12,1,0,2,1,2,0,0,2,8,0,8,1,,,
201068705980,4,2,3,11,6,285.76,2,9,7,2010,13,5,12,6,0,4,1,10,0,0,2,8,0,1,1,,,
201068705998,1,2,3,11,6,19.051,1,9,4,2010,6,30,19,0,0,2,3,2,3,1,1,8,0,3,5,,,
201068705999,4,2,3,11,6,285.76,2,9,4,2010,8,50,12,7,0,1,1,10,0,0,2,8,0,1,1,,,
201068706007,5,2,3,11,6,57.152,1,9,5,2010,3,30,42,0,0,1,3,10,2,2,1,8,0,1,4,,,
201068706016,3,2,3,11,6,19.051,1,9,1,2010,16,8,22,0,0,2,1,1,2,1,2,8,0,3,1,,,
201068706020,4,2,3,11,6,285.76,2,9,3,2010,6,54,12,1,0,2,4,1,0,0,2,8,0,8,1,,,
201068706021,3,2,3,11,6,19.051,1,9,3,2010,14,8,22,0,0,2,1,1,3,1,2,8,0,3,1,,,
201068706033,6,2,3,11,6,133.355,3,9,6,2010,19,15,12,1,0,2,1,10,0,0,2,8,0,8,1,,,
201068706040,4,2,3,11,6,285.76,2,9,1,2010,18,40,12,1,0,2,1,10,1,1,2,8,0,8,1,,,
201068706041,3,2,3,11,6,19.051,1,9,2,2010,11,24,21,0,0,2,1,1,2,1,2,8,0,2,1,,,
201068706058,3,2,3,11,6,19.051,1,9,1,2010,2,49,21,0,0,4,3,1,3,2,2,8,0,1,1,,,
201068706060,4,2,3,11,6,285.76,2,9,5,2010,16,43,12,1,0,4,1,10,0,0,2,8,0,1,1,,,
201068706077,4,2,3,11,6,285.76,2,10,6,2010,11,0,12,6,0,2,1,1,0,0,2,8,0,8,1,,,
201068706093,4,2,3,11,6,285.76,2,10,1,2010,15,10,14,0,0,1,1,10,0,0,2,8,1,1,7,,,
201068706104,3,2,3,11,6,19.051,1,10,3,2010,8,8,1,0,0,2,1,10,2,1,2,8,0,3,1,,,
201068706106,6,2,3,11,6,133.355,4,10,3,2010,15,20,14,0,0,1,1,10,0,0,2,8,3,1,7,,,
201068706111,4,2,3,11,6,285.76,2,10,4,2010,15,25,12,6,0,4,1,1,1,1,2,8,0,1,1,,,
201068706120,3,2,3,11,6,19.051,1,10,2,2010,7,58,1,0,0,2,1,1,2,1,2,8,0,3,1,,,
201068706125,3,2,3,11,6,19.051,1,10,5,2010,16,12,21,0,0,2,1,1,2,1,2,8,0,2,1,,,
201068706131,3,2,3,11,6,19.051,2,10,6,2010,15,49,12,6,0,2,1,1,2,1,2,8,0,7,1,,,
201068706134,4,2,3,11,6,285.76,2,10,7,2010,11,17,12,6,0,4,1,1,0,0,2,8,0,1,1,,,
201068706142,3,2,3,11,6,19.051,1,10,1,2010,21,29,21,0,0,1,2,1,2,2,1,8,0,1,1,,,
201068706150,4,2,3,11,6,285.76,2,10,3,2010,9,22,12,1,1,5,1,1,0,0,2,8,0,2,1,,,
201068706152,1,2,3,11,6,19.051,1,10,3,2010,11,3,33,0,0,2,1,1,3,1,2,8,0,3,4,,,
201068706165,3,2,3,11,6,19.051,2,10,1,2010,17,35,22,0,0,2,1,1,2,1,2,8,0,2,1,,,
201068706170,3,2,3,11,6,19.051,1,10,6,2010,22,9,15,0,0,1,3,1,2,1,2,8,0,1,1,,,
201068706171,4,2,3,11,6,285.76,2,10,6,2010,14,40,12,1,0,2,1,1,0,0,2,8,0,8,1,,,
201068706173,3,2,3,11,6,19.051,1,10,7,2010,11,41,1,0,0,2,1,1,2,1,2,8,0,3,1,,,
201068706174,6,2,3,11,6,133.355,2,10,7,2010,16,49,12,1,0,1,1,1,0,0,2,8,0,1,1,,,
201068706189,4,2,3,11,6,285.76,4,10,4,2010,18,0,12,1,0,1,5,2,1,1,2,8,0,1,1,,,
201068706190,3,2,3,11,6,19.051,1,10,4,2010,22,33,21,0,0,2,2,2,2,1,2,8,0,3,1,,,
201068706196,5,2,3,11,6,57.152,2,10,6,2010,6,40,12,1,0,1,3,1,2,2,2,8,0,1,1,,,
201068706213,4,2,3,11,6,285.76,2,10,2,2010,10,18,12,1,1,5,1,1,0,0,2,8,0,1,1,,,
201068706229,4,2,3,11,6,285.76,2,10,6,2010,7,15,12,7,0,1,4,1,0,0,2,8,0,1,1,,,
201068706234,6,2,3,11,6,133.355,3,10,6,2010,19,16,14,0,0,1,2,1,0,0,2,8,2,1,7,,,
201068706238,2,2,3,11,6,19.051,2,10,2,2010,10,0,54,11,0,2,1,10,0,0,2,8,0,8,1,,,
201068706246,3,2,3,11,6,19.051,1,10,6,2010,16,6,21,0,0,2,1,1,2,1,2,8,0,2,1,,,
201068706247,4,2,3,11,6,285.76,2,10,6,2010,20,15,12,6,0,2,3,1,0,0,2,8,0,8,1,,,
201068706252,3,2,3,11,6,19.051,1,10,1,2010,14,54,21,0,0,2,1,1,2,1,2,8,0,3,1,,,
201068706268,4,2,3,11,6,285.76,2,10,5,2010,14,53,12,6,0,4,1,10,1,1,2,8,0,1,1,,,
201068706275,3,2,3,11,6,19.051,1,10,3,2010,12,40,21,0,0,2,1,1,3,2,2,8,0,2,1,,,
201068706277,6,2,3,11,6,133.355,3,10,5,2010,14,55,12,1,0,1,1,10,1,1,2,8,0,1,1,,,
201068706290,4,2,3,11,6,285.76,2,10,7,2010,15,2,12,1,0,2,1,10,0,0,2,8,0,8,1,,,
201068706306,4,2,3,11,6,285.76,2,11,3,2010,13,49,12,1,0,2,1,1,0,0,2,8,0,2,1,,,
201068706325,4,2,3,11,6,285.76,2,10,7,2010,13,30,12,1,0,2,1,10,0,0,2,8,0,2,1,,,
201068706329,6,2,3,11,6,133.355,2,10,1,2010,16,33,12,6,0,2,1,1,0,0,2,8,0,8,1,,,
201068706343,4,2,3,11,6,285.76,2,11,6,2010,14,39,14,0,0,1,1,10,0,0,2,8,1,1,7,,,
201068706358,4,2,3,11,6,285.76,2,11,3,2010,15,34,12,6,0,2,1,1,0,0,2,8,0,8,1,,,
201068706377,4,2,3,11,6,285.76,2,11,4,2010,15,30,12,7,0,2,1,10,0,0,2,8,0,2,1,,,
201068706390,5,2,3,11,6,57.152,3,11,6,2010,8,21,12,1,0,1,1,1,2,2,2,8,0,1,1,,,
201068706396,4,2,3,11,6,285.76,2,11,6,2010,17,36,12,7,0,1,5,1,0,0,2,8,0,1,1,,,
201068706405,3,2,3,11,6,19.051,1,11,2,2010,14,30,22,0,0,2,1,1,2,1,2,8,0,3,1,,,
201068706414,3,2,3,11,6,19.051,1,11,3,2010,21,57,21,0,0,2,2,2,2,1,2,8,0,3,1,,,
201068706415,4,2,3,11,6,285.76,2,11,4,2010,1,24,12,7,0,1,2,2,0,0,2,8,0,1,1,,,
201068706416,6,2,3,11,6,133.355,2,11,4,2010,15,35,12,6,0,4,1,1,2,2,2,8,0,1,1,,,
201068706422,3,2,3,11,6,19.051,1,11,1,2010,17,39,22,0,0,4,3,1,2,1,2,8,0,1,1,,,
201068706434,4,2,3,11,6,285.76,2,11,5,2010,20,50,12,1,0,4,3,1,0,0,2,8,0,1,1,,,
201068706453,4,2,3,11,6,285.76,2,11,2,2010,17,31,12,1,0,2,2,10,0,0,2,8,0,8,1,,,
201068706472,4,2,3,11,6,285.76,2,11,4,2010,9,37,12,1,0,2,1,1,0,0,2,8,0,2,1,,,
201068706474,6,2,3,11,6,133.355,2,11,4,2010,10,55,12,2,0,2,1,10,0,0,2,8,0,2,1,,,
201068706485,1,2,3,11,6,19.051,3,11,6,2010,19,37,12,6,0,2,3,10,3,2,2,8,0,2,1,,,
201068706490,4,2,3,11,6,285.76,2,11,3,2010,10,13,12,6,0,4,1,2,0,0,2,8,0,1,1,,,
201068706512,4,2,3,11,6,285.76,1,11,1,2010,3,0,33,0,0,1,3,1,0,0,2,8,0,1,4,,,
201068706528,4,2,3,11,6,285.76,2,12,4,2010,14,53,12,1,0,2,1,10,0,0,2,8,0,8,1,,,
201068706537,6,2,3,11,6,133.355,1,12,7,2010,0,4,30,0,0,1,2,1,0,0,1,8,0,1,4,,,
201068706545,4,2,3,11,6,285.76,1,12,1,2010,22,54,24,0,0,1,2,1,0,0,2,8,0,1,1,,,
201068804220,2,2,4,11,6,19.051,2,1,2,2010,5,15,25,0,0,1,2,4,2,1,2,2,0,1,3,,,
201068804222,4,2,4,11,6,285.76,1,1,2,2010,5,40,25,0,0,1,2,4,0,0,2,2,0,1,3,,,
201068804230,6,2,4,11,6,133.355,1,1,2,2010,7,38,30,0,0,1,1,4,1,1,2,2,0,1,4,,,
201068804238,4,2,4,11,6,285.76,1,1,2,2010,9,55,25,0,0,1,1,4,0,0,2,2,0,1,3,,,
201068804257,4,2,4,11,6,285.76,2,1,4,2010,7,40,12,1,0,1,4,10,0,0,2,2,0,1,1,,,
201068804297,1,2,4,11,6,19.051,1,1,1,2010,21,30,1,0,0,1,2,10,3,1,2,2,0,1,4,,,
201068804299,2,2,4,11,6,19.051,2,1,6,2010,5,52,12,7,0,1,2,4,0,0,2,2,0,1,1,,,
201068804307,4,2,4,11,6,285.76,1,1,5,2010,12,30,34,0,1,5,1,4,0,0,2,2,0,1,8,,,
201068804325,4,2,4,11,6,285.76,2,1,4,2010,7,30,12,1,0,1,2,10,0,0,2,2,0,1,1,,,
201068804335,2,2,4,11,6,19.051,2,1,5,2010,23,0,12,7,0,1,2,1,0,0,2,2,0,1,1,,,
201068804343,4,2,4,11,6,285.76,1,1,1,2010,19,57,25,0,0,1,2,1,1,3,1,2,0,1,3,,,
201068804347,5,2,4,11,6,57.152,1,1,2,2010,18,24,74,0,0,1,2,1,1,1,2,2,0,1,3,,,
201068804359,4,2,4,11,6,285.76,1,1,6,2010,20,16,24,0,0,1,2,10,0,0,2,2,0,1,1,,,
201068804361,6,2,4,11,6,133.355,2,1,6,2010,19,45,12,1,0,1,2,1,0,0,2,2,0,1,1,,,
201068804373,4,2,4,11,6,285.76,2,2,3,2010,9,10,12,6,0,1,1,4,0,0,2,2,0,1,4,,,
201068804381,6,2,4,11,6,133.355,1,2,5,2010,7,20,25,0,0,1,4,10,0,0,2,2,0,1,3,,,
201068804387,5,2,4,11,6,57.152,1,2,5,2010,20,25,42,0,0,1,2,10,1,1,2,2,0,1,4,,,
201068804393,4,2,4,11,6,285.76,1,2,1,2010,20,35,59,0,0,1,2,10,0,0,2,2,0,1,8,,,
201068804400,2,2,4,11,6,19.051,2,1,7,2010,5,5,12,7,0,1,2,1,3,1,1,2,0,1,1,,,
201068804413,4,2,4,11,6,285.76,2,1,6,2010,16,30,12,1,0,1,1,10,0,0,2,2,0,1,1,,,
201068804419,2,2,4,11,6,19.051,1,2,4,2010,2,50,5,0,0,1,2,10,0,0,2,2,0,1,4,,,
201068804425,6,2,4,11,6,133.355,1,2,2,2010,6,40,24,0,0,1,2,1,0,0,2,2,0,1,1,,,
201068804434,4,2,4,11,6,285.76,1,2,3,2010,14,40,25,0,0,1,1,4,0,0,2,2,0,1,3,,,
201068804451,4,2,4,11,6,285.76,1,2,1,2010,13,10,35,0,0,1,1,10,0,0,2,2,0,1,4,,,
201068804460,2,2,4,11,6,19.051,3,2,3,2010,9,3,12,6,0,1,1,4,4,2,2,2,0,1,1,,,
201068804461,6,2,4,11,6,133.355,3,2,3,2010,11,0,12,7,0,1,1,4,0,0,2,2,0,1,1,,,
201068804470,2,2,4,11,6,19.051,2,2,3,2010,14,20,12,6,0,1,1,4,1,1,2,2,0,1,1,,,
201068804475,4,2,4,11,6,285.76,1,2,3,2010,15,0,74,0,0,1,1,4,0,0,2,2,0,1,4,,,
201068804491,4,2,4,11,6,285.76,2,2,4,2010,14,54,12,6,0,4,1,10,0,0,2,2,0,1,1,,,
201068804502,5,2,4,11,6,57.152,2,2,5,2010,23,27,12,1,0,1,2,10,1,1,2,2,0,1,1,,,
201068804509,5,2,4,11,6,57.152,1,2,7,2010,11,30,25,0,1,5,1,1,1,1,2,2,0,1,3,,,
201068804512,4,2,4,11,6,285.76,1,2,1,2010,3,0,34,0,1,5,2,1,0,0,2,2,0,1,4,,,
201068804518,6,2,4,11,6,133.355,1,2,2,2010,14,47,1,0,0,1,1,10,0,0,2,2,0,1,4,,,
201068804528,2,2,4,11,6,19.051,1,2,4,2010,8,1,1,0,0,6,1,1,1,1,2,2,0,1,1,,,
201068804533,4,2,4,11,6,285.76,1,2,5,2010,19,46,24,0,0,1,2,1,0,0,2,2,0,1,1,,,
201068804550,5,2,4,11,6,57.152,1,2,2,2010,3,5,42,0,0,1,2,4,2,1,2,2,0,1,4,,,
201068804552,4,2,4,11,6,285.76,1,2,2,2010,3,36,42,0,0,1,2,4,0,0,2,2,0,1,4,,,
201068804567,4,2,4,11,6,285.76,1,2,2,2010,16,0,42,0,0,1,1,4,0,0,2,2,0,1,4,,,
201068804575,6,2,4,11,6,133.355,1,2,3,2010,21,30,25,0,0,1,2,10,0,0,2,2,0,1,3,,,
201068804577,2,2,4,11,6,19.051,2,2,4,2010,9,23,12,6,0,1,1,4,1,2,2,2,0,1,1,,,
201068804590,4,2,4,11,6,285.76,2,2,6,2010,12,50,12,6,0,1,1,4,0,0,2,2,0,1,1,,,
201068804608,4,2,4,11,6,285.76,1,2,3,2010,9,10,25,0,0,1,1,4,0,0,2,2,0,1,3,,,
201068804611,5,2,4,11,6,57.152,3,2,7,2010,14,5,12,1,0,1,1,1,2,5,2,2,0,1,1,,,
201068804614,1,2,4,11,6,19.051,2,2,2,2010,3,22,12,2,1,5,2,4,3,2,1,2,0,1,1,,,
201068804618,6,2,4,11,6,133.355,1,2,4,2010,7,24,25,0,0,1,4,4,0,0,2,2,0,1,3,,,
201068804629,4,2,4,11,6,285.76,2,2,5,2010,13,30,12,6,0,4,1,10,0,0,2,2,0,1,1,,,
201068804636,2,2,4,11,6,19.051,3,2,6,2010,15,5,18,0,1,5,1,4,0,0,2,2,0,1,1,,,
201068804638,2,2,4,11,6,19.051,2,2,6,2010,15,50,12,1,0,1,1,4,0,0,2,2,0,1,1,,,
201068804649,4,2,4,11,6,285.76,2,2,1,2010,14,59,12,6,0,4,1,1,0,0,2,2,0,1,1,,,
201068804665,5,2,4,11,6,57.152,1,3,2,2010,10,20,42,0,1,5,1,1,2,1,2,2,0,1,8,,,
201068804667,4,2,4,11,6,285.76,1,3,3,2010,7,5,24,0,0,1,4,1,0,0,2,2,0,1,1,,,
201068804670,1,2,4,11,6,19.051,2,3,3,2010,15,20,12,2,0,1,1,1,3,2,2,2,0,1,1,,,
201068804672,6,2,4,11,6,133.355,2,3,3,2010,16,25,12,6,0,4,1,1,0,0,2,2,0,1,1,,,
201068804678,1,2,4,11,6,19.051,3,3,6,2010,16,3,12,6,0,1,1,1,4,2,2,2,0,1,1,,,
201068804688,4,2,4,11,6,285.76,1,2,6,2010,12,10,25,0,0,1,1,10,1,2,2,2,0,1,3,,,
201068804707,6,2,4,11,6,133.355,2,3,3,2010,17,54,12,1,0,1,1,1,0,0,2,2,0,1,1,,,
201068804709,4,2,4,11,6,285.76,1,3,4,2010,11,45,24,0,0,1,1,1,0,0,2,2,0,1,1,,,
201068804715,1,2,4,11,6,19.051,1,3,6,2010,22,35,34,0,0,1,2,1,3,1,1,2,0,1,4,,,
201068804716,5,2,4,11,6,57.152,1,3,7,2010,3,25,1,0,0,1,2,1,2,2,1,2,0,1,1,,,
201068804721,1,2,4,11,6,19.051,1,3,1,2010,1,3,34,0,0,1,2,2,3,2,1,2,0,1,4,,,
201068804734,3,2,4,11,6,19.051,1,3,7,2010,13,57,42,0,0,1,1,10,3,1,2,2,0,1,4,,,
201068804735,4,2,4,11,6,285.76,2,3,2,2010,8,40,12,7,1,5,1,10,0,0,2,2,0,1,1,,,
201068804740,1,2,4,11,6,19.051,2,3,4,2010,9,36,45,0,0,1,1,1,3,1,2,2,1,1,3,,,
201068804745,5,2,4,11,6,57.152,2,3,7,2010,21,56,12,7,0,1,2,1,1,3,2,2,0,1,1,,,
201068804756,4,2,4,11,6,285.76,2,3,6,2010,8,30,12,1,0,1,1,1,0,0,2,2,0,1,1,,,
201068804761,6,2,4,11,6,133.355,1,4,5,2010,7,18,59,0,0,1,2,10,0,0,2,2,0,1,4,,,
201068804768,3,2,4,11,6,19.051,1,4,1,2010,15,40,1,0,0,2,1,1,2,1,2,2,0,2,1,,,
201068804775,4,2,4,11,6,285.76,2,4,3,2010,8,59,12,1,0,1,1,2,0,0,2,2,0,1,1,,,
201068804782,2,2,4,11,6,19.051,2,4,4,2010,10,39,12,7,0,1,1,1,0,0,2,2,0,1,1,,,
201068804785,1,2,4,11,6,19.051,1,4,6,2010,16,30,10,0,0,1,1,10,3,1,2,2,0,1,1,,,
201068804791,2,2,4,11,6,19.051,2,4,1,2010,10,20,74,0,0,1,1,1,1,1,2,2,0,1,4,,,
201068804795,2,2,4,11,6,19.051,1,4,3,2010,5,55,42,0,0,1,4,1,0,0,2,2,0,1,3,,,
201068804797,4,2,4,11,6,285.76,2,4,3,2010,7,57,12,1,0,1,1,1,0,0,2,2,0,1,1,,,