CASENUM,STRATUM,REGION,PJ,PSU,PSUSTRAT,WEIGHT,VE_TOTAL,MONTH,WKDY_IM,YEAR,HOUR_IM,MINUTE_IM,EVENT1_IM,MANCOL_IM,RELJCT1_IM,RELJCT2_IM,LGTCON_IM,WEATHR_IM,MAXSEV_IM,NO_INJ_IM,ALCHL_IM,LAND_USE,PVH_INVL,TYP_INT,REL_ROAD,CF1,CF2,CF3
201069500685,3,1,26,6,1,20.242,1,4,3,2010,19,25,22,0,0,2,5,1,2,1,2,3,0,2,1,,,
201069500687,6,1,26,6,1,121.455,2,4,1,2010,21,43,12,6,0,2,3,1,0,0,2,3,0,3,1,,,
201069500693,3,1,5,6,1,16.363,1,4,7,2010,4,30,21,0,0,1,3,1,2,1,1,3,0,1,1,,,
201069500711,3,1,14,6,1,23.242,1,4,5,2010,18,45,1,0,0,1,1,1,2,1,2,3,0,1,1,,,
201069500713,3,1,14,6,1,23.242,1,4,4,2010,14,5,21,0,0,2,1,1,2,1,2,3,0,2,1,,,
201069500715,1,1,1,6,1,2.763,3,4,7,2010,12,15,12,7,0,2,1,1,5,1,2,3,0,3,1,,,
201069500719,5,1,1,6,1,58.013,2,4,5,2010,17,15,12,6,0,2,1,1,1,5,2,3,0,3,1,,,
201069500721,2,1,1,6,1,2.763,2,4,6,2010,18,19,12,6,0,2,1,1,1,1,2,3,0,8,1,,,
201069500727,3,1,11,6,1,17.883,2,3,3,2010,12,55,12,6,0,2,1,2,2,1,2,3,0,2,1,,,
201069500741,3,1,4,6,1,17.238,1,4,7,2010,1,20,21,0,0,1,3,1,3,1,1,3,0,1,1,,,
201069600468,3,1,26,6,1,20.242,3,3,6,2010,16,55,14,0,0,2,1,1,3,1,2,3,2,3,4,,,
201069600482,3,1,5,6,1,16.363,1,4,6,2010,15,24,21,0,0,1,1,1,3,1,2,3,0,1,1,,,
201069600490,3,1,20,6,1,14.82,1,4,1,2010,18,29,21,0,0,1,1,1,2,1,2,3,0,1,1,,,
201069600494,3,1,20,6,1,14.82,1,5,3,2010,1,15,21,0,0,1,3,1,2,1,2,3,0,1,1,,,
201069600505,3,1,1,6,1,19.337,1,5,7,2010,18,30,21,0,0,2,1,1,2,1,2,3,0,2,1,,,
201069600509,2,1,1,6,1,2.763,2,5,3,2010,15,25,12,6,0,2,1,1,1,2,2,3,0,2,1,,,
201069600522,2,1,2,6,1,2.763,2,4,6,2010,10,37,12,6,0,2,1,1,1,2,2,3,0,2,1,,,
201069600567,3,1,20,6,1,14.82,1,10,4,2010,5,35,22,0,0,1,1,1,2,2,2,3,0,1,1,,,
201069600568,3,1,20,6,1,14.82,1,10,7,2010,11,0,22,0,0,2,1,1,3,1,2,3,0,2,1,,,
201069600576,3,1,14,6,1,23.242,2,10,7,2010,2,20,12,1,0,2,3,1,2,2,2,3,0,2,1,,,
201069600580,3,1,26,6,1,20.242,1,10,1,2010,14,0,21,0,0,2,1,1,2,1,2,3,0,2,1,,,
201069600581,6,1,26,6,1,121.455,1,10,2,2010,17,58,38,0,1,5,3,1,0,0,2,3,0,8,4,,,
201069600583,3,1,26,6,1,20.242,1,10,1,2010,18,10,22,0,0,1,5,1,2,1,2,3,0,1,1,,,
201069600586,5,1,26,6,1,60.727,2,10,7,2010,20,0,12,6,1,5,3,1,1,2,2,3,0,3,1,,,
201069600587,3,1,26,6,1,20.242,1,10,4,2010,9,57,22,0,0,1,1,1,2,1,2,3,0,1,1,,,
201069600602,3,1,1,6,1,19.337,1,10,1,2010,21,25,21,0,0,2,3,1,3,1,2,3,0,3,1,,,
201069700122,4,4,3,75,11,298.782,3,10,6,2010,17,52,12,1,0,6,1,1,0,0,2,3,0,1,1,,,
201069700139,5,4,3,75,11,56.526,3,11,6,2010,15,25,12,6,0,2,1,1,1,1,2,3,0,8,1,,,
201069700147,3,4,3,75,11,16.15,1,11,7,2010,14,26,1,0,0,1,1,1,2,1,2,3,0,1,2,,,
201069700154,6,4,3,75,11,129.203,2,11,3,2010,8,32,12,1,0,2,1,1,0,0,2,3,0,8,1,,,
201069700194,5,4,4,75,11,56.526,2,12,3,2010,15,35,12,6,0,2,1,1,2,1,2,2,0,2,1,,,
201069700198,6,4,4,75,11,129.203,2,12,3,2010,18,10,12,6,0,4,3,1,0,0,2,2,0,1,1,,,
201091500361,3,3,1,46,8,22.464,1,9,4,2010,23,20,1,0,0,1,2,1,3,1,1,8,0,1,4,,,
201091500362,6,3,1,46,8,134.784,2,9,5,2010,13,20,12,1,0,2,1,1,0,0,2,8,0,3,1,,,
201091500372,1,3,1,46,8,22.464,2,9,5,2010,11,50,12,1,0,4,1,1,3,1,2,8,0,1,1,,,
201091500375,5,3,1,46,8,67.392,2,9,2,2010,20,38,12,6,0,2,2,1,1,1,2,8,0,2,1,,,
201091500376,1,3,1,46,8,22.464,1,9,1,2010,23,0,38,0,0,1,2,1,3,1,1,8,0,1,5,,,
201091500378,1,3,1,46,8,22.464,1,9,6,2010,21,50,53,0,0,1,2,1,3,1,2,8,0,1,4,,,
201091500380,6,3,1,46,8,134.784,2,9,3,2010,8,40,12,1,0,1,1,1,0,0,2,8,0,1,1,,,
201091500383,4,3,1,46,8,292.032,2,9,6,2010,20,32,12,1,0,1,2,1,0,0,2,8,0,1,1,,,
201091500393,2,3,1,46,8,22.464,1,9,6,2010,12,15,1,0,0,1,1,1,0,0,2,8,0,1,4,,,
201091500394,3,3,1,46,8,22.464,1,9,6,2010,21,0,21,0,0,1,2,1,2,2,2,8,0,1,1,,,
201091500398,3,3,1,46,8,22.464,1,9,1,2010,12,10,53,0,0,1,1,1,2,1,2,8,0,1,4,,,
201091500402,6,3,1,46,8,134.784,2,9,2,2010,6,50,12,2,0,2,1,1,2,1,2,8,0,3,1,,,
201091500406,3,3,1,46,8,22.464,1,9,2,2010,18,0,22,0,0,2,1,1,2,1,2,8,0,3,1,,,
201091500410,4,3,1,46,8,292.032,2,9,3,2010,12,30,12,1,0,1,1,1,0,0,2,8,0,1,1,,,
201091500412,5,3,1,46,8,67.392,2,9,4,2010,14,35,12,6,0,2,1,1,2,2,2,8,0,3,1,,,
201091500425,2,3,1,46,8,22.464,2,9,4,2010,7,15,12,6,0,2,1,1,1,1,2,8,0,2,1,,,
201091500427,1,3,1,46,8,22.464,1,9,7,2010,1,38,34,0,0,1,2,10,2,1,1,8,0,1,5,,,
201091500430,4,3,1,46,8,292.032,1,9,7,2010,11,50,32,0,0,4,1,1,0,0,2,8,0,1,2,,,
201091500431,6,3,1,46,8,134.784,2,9,7,2010,17,42,12,8,0,1,1,1,0,0,2,8,0,1,1,,,
201091500445,3,3,1,46,8,22.464,1,9,2,2010,14,20,1,0,0,1,1,1,2,1,2,8,0,1,1,,,
201091500451,1,3,1,46,8,22.464,2,9,6,2010,18,30,12,6,0,2,2,1,4,2,2,8,0,2,1,,,
201091500452,6,3,1,46,8,134.784,2,9,3,2010,17,25,12,1,0,1,1,1,1,1,2,8,0,1,1,,,
201091500453,5,3,1,46,8,67.392,2,9,4,2010,7,15,12,1,0,1,1,1,2,1,2,8,0,1,1,,,
201091500457,4,3,1,46,8,292.032,2,9,4,2010,6,20,12,6,0,2,1,1,0,0,2,8,0,2,1,,,
201091500459,3,3,1,46,8,22.464,2,9,3,2010,21,20,12,8,0,1,2,1,2,1,2,8,0,1,1,,,
201091500461,5,3,1,46,8,67.392,2,9,5,2010,18,40,12,1,0,2,1,1,2,1,2,8,0,3,1,,,
201091500471,6,3,1,46,8,134.784,2,9,5,2010,17,21,12,6,0,4,1,1,1,1,2,8,0,1,1,,,
201091500473,1,3,1,46,8,22.464,1,9,7,2010,5,30,43,0,0,1,2,1,3,2,1,8,0,1,4,,,
201091500474,1,3,1,46,8,22.464,1,9,1,2010,15,15,33,0,0,4,1,1,3,1,2,8,0,1,4,,,
201091500479,1,3,1,46,8,22.464,1,9,6,2010,20,38,42,0,0,1,3,1,4,2,2,8,0,1,8,,,
201091500484,4,3,1,46,8,292.032,2,9,2,2010,12,45,12,1,0,1,1,1,0,0,2,8,0,1,1,,,
201091500489,6,3,1,46,8,134.784,2,9,3,2010,16,5,12,6,0,2,1,1,2,1,2,8,0,3,1,,,
201091500493,3,3,1,46,8,22.464,2,9,5,2010,13,9,14,0,0,1,1,1,2,1,2,8,1,1,7,,,
201091500503,5,3,1,46,8,67.392,2,10,6,2010,17,22,12,6,0,2,1,1,1,3,2,8,0,3,1,,,
201091500508,4,3,1,46,8,292.032,2,10,7,2010,19,55,12,6,0,2,3,1,0,0,2,8,0,2,1,,,
201091500510,6,3,1,46,8,134.784,1,10,7,2010,4,20,30,0,0,1,2,1,0,0,1,8,0,1,4,,,
201091500527,6,3,1,46,8,134.784,2,10,6,2010,8,10,14,0,0,1,1,1,1,1,2,8,1,1,7,,,
201091500528,4,3,1,46,8,292.032,2,10,4,2010,6,45,12,7,0,2,4,1,0,0,2,8,0,8,1,,,
201091500548,4,3,1,46,8,292.032,2,10,3,2010,15,45,12,1,0,2,1,1,0,0,2,8,0,2,1,,,
201091500549,6,3,1,46,8,134.784,1,10,6,2010,22,39,24,0,0,1,2,1,0,0,2,8,0,1,1,,,
201091500555,3,3,1,46,8,22.464,1,10,2,2010,9,5,1,0,0,1,1,1,4,1,2,8,0,1,4,,,
201091500560,5,3,1,46,8,67.392,1,10,5,2010,16,45,30,0,0,1,1,1,1,1,2,8,0,1,4,,,
201091500568,6,3,1,46,8,134.784,1,10,6,2010,20,27,34,0,0,1,2,1,0,0,2,8,0,1,4,,,
201091500570,1,3,1,46,8,22.464,2,10,7,2010,15,24,12,7,0,1,1,1,3,1,2,8,0,1,1,,,
201091500572,4,3,1,46,8,292.032,2,10,5,2010,19,45,12,1,0,2,2,1,1,2,2,8,0,3,1,,,
201091500574,3,3,1,46,8,22.464,2,10,1,2010,15,25,12,1,0,1,1,1,2,1,2,8,0,1,1,,,
201091500585,6,3,1,46,8,134.784,1,10,7,2010,6,0,53,0,0,1,4,1,0,0,2,8,0,1,4,,,
201091500586,1,3,1,46,8,22.464,1,10,4,2010,4,30,32,0,0,1,2,5,3,1,2,8,0,1,4,,,
201091500595,5,3,1,46,8,67.392,2,10,5,2010,9,0,12,6,0,2,1,1,2,1,2,8,0,3,1,,,
201091500599,1,3,1,46,8,22.464,4,10,5,2010,10,45,12,1,0,1,1,1,3,1,2,8,0,1,1,,,
201091500601,6,3,1,46,8,134.784,1,10,1,2010,22,15,35,0,0,2,2,1,0,0,2,8,0,3,4,,,
201091500603,4,3,1,46,8,292.032,2,10,1,2010,17,0,12,6,0,1,1,2,0,0,2,8,0,1,1,,,
201091500611,5,3,1,46,8,67.392,1,10,4,2010,6,0,24,0,0,1,2,1,1,1,2,8,0,1,1,,,
201091500624,6,3,1,46,8,134.784,2,10,6,2010,11,10,12,8,0,1,1,1,0,0,2,8,0,1,1,,,
201091500626,3,3,1,46,8,22.464,2,10,5,2010,12,30,12,1,0,1,1,1,2,1,2,8,0,1,1,,,
201091500627,5,3,1,46,8,67.392,2,10,5,2010,16,49,12,6,0,2,1,1,1,2,2,8,0,2,1,,,
201091500629,4,3,1,46,8,292.032,1,10,7,2010,1,25,34,0,0,1,2,1,0,0,2,8,0,1,4,,,
201091500638,2,3,1,46,8,22.464,2,10,7,2010,1,22,12,6,0,2,2,1,3,1,1,8,0,2,1,,,
201091500641,5,3,1,46,8,67.392,2,10,4,2010,2,45,12,1,0,2,2,1,1,3,2,8,0,2,1,,,
201091500650,4,3,2,46,8,292.032,1,9,4,2010,21,0,24,0,0,1,2,1,0,0,2,8,0,1,1,,,
201091500653,3,3,2,46,8,22.464,1,9,1,2010,15,0,1,0,0,1,1,1,2,1,2,8,0,1,1,,,
201091500664,5,3,2,46,8,67.392,1,9,1,2010,5,15,30,0,0,1,2,1,1,1,2,8,0,1,5,,,
201091500665,6,3,2,46,8,134.784,1,9,1,2010,1,50,53,0,0,1,3,1,0,0,1,8,0,1,4,,,
201091500666,1,3,2,46,8,22.464,1,9,1,2010,3,30,32,0,0,1,2,1,3,2,2,8,0,1,4,,,
201091500671,1,3,2,46,8,22.464,2,9,7,2010,3,12,12,8,0,1,2,1,3,4,2,8,0,1,1,,,
201091500680,1,3,2,46,8,22.464,2,10,1,2010,3,20,59,0,0,1,2,1,3,1,1,8,1,1,3,,,
201091500682,4,3,2,46,8,292.032,1,10,2,2010,16,45,53,0,0,1,1,1,0,0,2,8,0,1,4,,,
201091500683,3,3,2,46,8,22.464,1,10,2,2010,12,15,21,0,0,1,1,1,3,1,2,8,0,1,1,,,
201091500686,1,3,2,46,8,22.464,1,10,7,2010,23,40,53,0,0,1,3,1,3,2,2,8,0,1,4,,,
201091500687,6,3,2,46,8,134.784,1,10,6,2010,22,30,53,0,0,1,3,1,0,0,1,8,0,1,4,,,
201091500688,5,3,2,46,8,67.392,1,10,7,2010,14,20,34,0,0,1,1,1,2,1,2,8,0,1,4,,,
201091500694,6,3,1,46,8,134.784,2,11,2,2010,6,45,12,1,1,5,1,1,0,0,2,8,0,1,1,,,
201091500697,3,3,1,46,8,22.464,1,11,2,2010,18,58,21,0,0,1,2,1,3,1,2,8,0,1,1,,,
201091500698,1,3,1,46,8,22.464,1,11,3,2010,9,20,34,0,0,1,1,1,3,1,2,8,0,1,4,,,
201091500699,4,3,1,46,8,292.032,2,11,3,2010,14,30,12,6,0,2,1,2,0,0,2,8,0,3,1,,,
201091500703,1,3,1,46,8,22.464,2,11,3,2010,19,5,12,6,0,2,2,2,3,2,2,8,0,2,1,,,
201091500717,6,3,1,46,8,134.784,1,11,6,2010,6,20,42,0,0,1,2,1,0,0,2,8,0,1,4,,,
201091500721,5,3,1,46,8,67.392,1,11,5,2010,22,0,42,0,0,1,3,10,2,1,2,8,0,1,5,,,
201091500722,4,3,1,46,8,292.032,2,11,6,2010,16,30,12,6,0,4,1,1,0,0,2,8,0,1,1,,,
201091500735,6,3,1,46,8,134.784,4,11,5,2010,23,50,14,0,0,1,2,1,0,0,2,8,3,1,4,,,
201091500744,6,3,1,46,8,134.784,2,11,4,2010,17,0,12,1,0,2,5,1,0,0,2,8,0,3,1,,,
201091500751,4,3,1,46,8,292.032,2,11,6,2010,7,0,12,1,0,2,1,1,0,0,2,8,0,2,1,,,
201091500759,6,3,1,46,8,134.784,2,11,6,2010,17,38,12,1,0,5,2,1,0,0,2,8,0,1,1,,,
201091500764,1,3,1,46,8,22.464,1,11,3,2010,14,35,42,0,0,1,1,1,4,4,2,8,0,1,5,,,
201091500772,4,3,1,46,8,292.032,1,11,2,2010,17,20,24,0,0,1,2,1,0,0,2,8,0,1,1,,,
201091500775,2,3,1,46,8,22.464,4,11,5,2010,15,45,12,1,0,2,1,1,1,2,2,8,0,2,1,,,
201091500776,6,3,1,46,8,134.784,2,11,2,2010,21,30,12,6,0,2,2,1,0,0,1,8,0,2,1,,,
201091500784,1,3,1,46,8,22.464,2,11,3,2010,17,47,12,1,0,1,2,10,3,3,2,8,0,1,1,,,
201091500786,3,3,1,46,8,22.464,1,11,3,2010,17,45,53,0,0,1,2,2,2,1,2,8,0,1,4,,,
201091500792,6,3,1,46,8,134.784,3,11,5,2010,1,12,12,1,0,1,2,2,1,1,2,8,0,1,1,,,
201091500796,3,3,1,46,8,22.464,1,11,7,2010,14,40,33,0,0,1,1,1,2,1,2,8,0,1,4,,,
201091500801,4,3,1,46,8,292.032,1,11,1,2010,20,55,24,0,0,1,2,1,0,0,2,8,0,1,1,,,
201091500807,2,3,1,46,8,22.464,2,11,6,2010,11,50,12,1,0,2,1,1,2,2,2,8,0,3,1,,,
201091500808,2,3,1,46,8,22.464,2,11,2,2010,6,15,12,1,0,1,4,1,0,0,2,8,0,1,1,,,
201091500809,6,3,1,46,8,134.784,1,11,6,2010,14,20,43,0,0,1,1,1,0,0,2,8,0,1,5,,,
201091500811,3,3,1,46,8,22.464,1,11,7,2010,20,0,34,0,0,1,2,1,2,1,1,8,0,1,4,,,
201091500819,5,3,1,46,8,67.392,2,11,2,2010,17,30,12,1,0,2,3,1,1,1,1,8,0,2,1,,,
201091500822,6,3,1,46,8,134.784,1,11,1,2010,8,30,53,0,0,1,1,1,0,0,2,8,0,1,4,,,
201091500823,1,3,1,46,8,22.464,2,11,7,2010,17,30,12,2,0,4,2,1,3,2,2,8,0,1,1,,,
201091500830,5,3,1,46,8,67.392,2,11,3,2010,20,25,14,0,0,1,2,1,2,1,1,8,1,1,7,,,
201091500834,4,3,1,46,8,292.032,4,11,5,2010,15,30,12,7,0,2,1,2,0,0,2,8,0,8,1,,,
201091500839,1,3,1,46,8,22.464,1,11,2,2010,12,45,53,0,0,1,1,1,3,1,2,8,0,1,4,,,
201091500844,6,3,1,46,8,134.784,2,11,7,2010,21,30,12,6,0,2,3,1,0,0,2,8,0,2,1,,,
201091500855,6,3,1,46,8,134.784,2,11,2,2010,12,20,12,1,0,2,1,10,0,0,2,8,0,2,1,,,
201091500859,4,3,1,46,8,292.032,2,11,1,2010,19,47,12,7,0,1,2,1,0,0,2,8,0,1,1,,,
201091500877,6,3,1,46,8,134.784,2,12,6,2010,21,17,12,1,0,1,2,1,0,0,2,8,0,1,1,,,
201091500881,1,3,1,46,8,22.464,1,12,7,2010,3,10,42,0,0,1,2,1,3,1,1,8,0,1,5,,,
201091500882,4,3,1,46,8,292.032,2,12,5,2010,8,15,12,1,0,1,1,1,0,0,2,8,0,1,1,,,
201091500884,5,3,1,46,8,67.392,2,12,2,2010,6,35,12,6,0,4,1,1,1,2,2,8,0,1,1,,,
201091500891,6,3,1,46,8,134.784,2,12,3,2010,17,26,12,6,0,2,3,1,0,0,2,8,0,3,1,,,
201091500906,6,3,1,46,8,134.784,2,12,5,2010,5,40,12,7,0,1,2,1,0,0,2,8,0,1,1,,,
201091500908,4,3,1,46,8,292.032,2,12,5,2010,17,40,12,6,0,4,3,1,0,0,2,8,0,1,1,,,
201091500912,5,3,1,46,8,67.392,2,12,5,2010,19,45,12,6,0,2,3,1,1,1,2,8,0,2,1,,,
201091500929,4,3,1,46,8,292.032,2,12,2,2010,6,45,12,1,0,1,1,1,0,0,2,8,0,1,1,,,
201091500931,6,3,1,46,8,134.784,2,12,4,2010,22,15,12,6,0,2,2,1,0,0,2,8,0,2,1,,,
201091500939,5,3,1,46,8,67.392,1,12,4,2010,8,0,42,0,0,1,1,3,1,1,2,8,0,1,4,,,
201091500940,1,3,1,46,8,22.464,1,12,6,2010,18,35,1,0,0,1,2,1,2,1,2,8,0,1,3,,,
201091500945,6,3,1,46,8,134.784,1,12,4,2010,6,40,42,0,0,1,2,4,0,0,2,8,0,1,5,,,
201091500950,1,3,1,46,8,22.464,1,12,4,2010,6,10,42,0,0,1,4,2,2,1,2,8,0,1,4,,,
201091500954,5,3,1,46,8,67.392,3,12,5,2010,17,40,12,2,0,2,2,1,2,2,2,8,0,2,1,,,
201091500958,4,3,1,46,8,292.032,2,12,7,2010,11,15,12,1,0,1,1,1,0,0,2,8,0,1,1,,,
201091500964,6,3,1,46,8,134.784,2,12,1,2010,17,17,12,6,0,2,3,1,2,1,2,8,0,2,1,,,
201091500976,4,3,1,46,8,292.032,2,12,3,2010,12,30,12,1,0,2,1,1,1,2,2,8,0,3,1,,,
201091500985,6,3,1,46,8,134.784,2,12,7,2010,7,30,12,8,0,1,1,1,0,0,2,8,0,1,1,,,
201091500995,1,3,1,46,8,22.464,1,12,3,2010,21,29,1,0,0,1,2,1,4,1,1,8,0,1,4,,,
201091500996,1,3,1,46,8,22.464,1,12,3,2010,17,45,39,0,0,1,2,1,4,2,2,8,0,1,5,,,
201091500998,4,3,1,46,8,292.032,2,12,4,2010,18,0,12,1,0,1,2,1,0,0,2,8,0,1,1,,,
201091500999,1,3,1,46,8,22.464,2,12,4,2010,18,38,12,6,0,2,3,1,2,3,2,8,0,2,1,,,
201091501012,6,3,1,46,8,134.784,2,12,1,2010,0,55,12,7,0,1,2,4,0,0,2,8,0,1,1,,,
201091501017,1,3,1,46,8,22.464,2,12,2,2010,18,45,12,2,0,1,3,1,4,3,2,8,0,1,1,,,
201091501018,4,3,1,46,8,292.032,2,12,3,2010,0,30,14,0,0,2,2,1,0,0,2,8,1,3,7,,,
201091501025,5,3,1,46,8,67.392,1,12,7,2010,10,0,25,0,0,1,1,10,1,1,2,8,0,1,3,,,
201091501030,3,3,1,46,8,22.464,1,12,5,2010,6,30,24,0,0,1,4,1,0,0,2,8,0,1,1,,,
201091501033,3,3,1,46,8,22.464,1,12,5,2010,14,57,1,0,0,1,1,10,0,0,2,8,0,1,3,,,
201091501038,3,3,1,46,8,22.464,2,12,3,2010,13,0,12,1,0,1,1,1,2,1,2,8,0,1,1,,,
201091501041,4,3,1,46,8,292.032,1,12,6,2010,23,20,34,0,0,2,2,2,0,0,2,8,0,3,4,,,
201091501044,3,3,1,46,8,22.464,1,12,6,2010,16,35,22,0,0,1,1,1,2,1,2,8,0,1,1,,,
201091501045,6,3,1,46,8,134.784,1,12,5,2010,9,15,42,0,0,1,1,2,0,0,2,8,0,1,4,,,
201091501052,5,3,2,46,8,67.392,1,11,2,2010,7,15,1,0,0,1,1,1,2,1,2,8,0,1,1,,,
201091501065,6,3,2,46,8,134.784,1,12,1,2010,23,20,34,0,0,1,3,1,1,1,2,8,0,1,4,,,
201091501073,4,3,2,46,8,292.032,1,12,4,2010,12,30,22,0,0,1,1,1,1,1,2,8,0,1,1,,,
201091501078,6,3,2,46,8,134.784,2,12,1,2010,14,50,12,6,0,2,1,1,0,0,2,8,0,2,1,,,
201091501080,5,3,2,46,8,67.392,1,12,5,2010,23,35,53,0,0,1,2,1,1,1,1,8,0,1,4,,,
201091501084,4,2,1,33,5,295.462,2,11,6,2010,12,50,12,2,0,2,1,1,0,0,2,1,0,3,1,,,
201091501117,2,2,1,33,5,4.617,2,11,3,2010,13,30,12,6,0,4,1,1,0,0,2,1,0,1,1,,,
201091501164,4,2,1,33,5,295.462,2,11,7,2010,9,26,12,7,0,1,1,1,0,0,2,1,0,1,1,,,
201091501227,5,2,1,33,5,60.016,2,11,6,2010,0,17,12,1,0,1,3,1,1,2,2,1,0,1,1,,,
201091501245,4,2,1,33,5,295.462,1,11,7,2010,19,19,24,0,0,1,2,1,0,0,2,1,0,1,1,,,
201091501248,6,2,1,33,5,129.265,2,11,1,2010,1,40,12,6,0,2,3,10,0,0,2,1,0,3,1,,,
201091501322,4,2,1,33,5,295.462,2,11,2,2010,17,37,12,1,0,1,5,1,0,0,2,1,0,1,1,,,
201091501336,2,2,1,33,5,4.617,2,12,4,2010,8,54,12,2,0,2,1,4,2,1,2,1,0,2,11,,,
201091501399,4,2,1,33,5,295.462,2,12,2,2010,6,48,12,7,0,4,1,4,0,0,2,1,0,1,1,,,
201091501418,1,2,1,33,5,4.617,1,12,2,2010,23,47,42,0,0,1,2,1,4,1,2,1,0,1,4,,,
201091501421,2,2,1,33,5,4.617,2,12,3,2010,10,25,12,6,0,2,1,1,2,1,2,1,0,3,1,,,
201091501431,2,2,1,33,5,4.617,2,12,4,2010,6,37,12,1,0,1,2,1,0,0,2,1,0,1,1,,,
201091501444,3,2,1,33,5,18.466,2,12,5,2010,13,4,12,6,0,2,1,1,2,1,2,1,0,2,1,,,
201091501454,6,2,1,33,5,129.265,1,12,6,2010,7,12,42,0,0,1,2,4,0,0,2,1,0,1,4,,,
201091501490,4,2,1,33,5,295.462,2,12,1,2010,12,8,12,2,0,1,1,4,0,0,2,1,0,1,1,,,
201091501564,4,2,1,33,5,295.462,2,12,3,2010,14,17,12,1,0,2,1,1,0,0,2,1,0,2,1,,,
201091501583,5,2,1,33,5,60.016,3,12,4,2010,13,49,12,2,0,2,1,1,1,4,2,1,0,2,1,,,
201091501635,4,2,1,33,5,295.462,2,12,1,2010,17,3,12,1,0,2,3,10,0,0,2,1,0,8,1,,,
201091501680,6,2,1,33,5,129.265,2,12,3,2010,15,37,12,6,0,4,1,1,0,0,2,1,0,1,1,,,
201091501682,2,2,1,33,5,4.617,2,12,4,2010,16,47,12,8,0,1,1,10,1,1,2,1,0,1,1,,,
201091501697,3,2,1,33,5,18.466,2,12,5,2010,17,41,21,0,0,1,2,1,4,1,2,1,0,1,1,,,
201091501714,4,2,1,33,5,295.462,1,12,7,2010,18,20,24,0,0,1,2,1,0,0,2,1,0,1,1,,,
201091501840,4,2,2,33,5,295.462,2,12,5,2010,8,53,12,6,0,2,1,4,0,0,2,3,0,2,1,,,
201091501850,1,2,2,33,5,4.617,2,12,7,2010,21,8,12,2,0,2,3,10,3,2,2,3,0,2,1,,,
201091501856,6,2,2,33,5,129.265,2,12,3,2010,8,36,12,6,0,2,1,1,1,1,2,3,0,3,1,,,
201091501917,4,2,2,33,5,295.462,2,12,1,2010,21,8,12,1,0,2,2,4,0,0,2,3,0,2,1,,,
201091501984,4,2,3,33,5,295.462,2,11,5,2010,18,38,12,7,0,1,2,2,0,0,2,3,0,1,1,,,
201091501992,3,2,3,33,5,18.466,1,11,2,2010,17,44,21,0,0,2,3,1,4,2,1,3,0,3,1,,,
201091502033,1,2,3,33,5,4.617,2,12,3,2010,14,1,12,6,0,4,1,1,3,1,2,3,0,1,1,,,
201091502038,6,2,3,33,5,129.265,3,12,4,2010,9,39,12,6,0,2,1,1,0,0,2,3,0,2,1,,,
201091502057,4,2,3,33,5,295.462,2,12,4,2010,11,26,12,6,0,4,1,1,1,2,2,3,0,1,1,,,
201091502368,4,2,6,33,5,290.564,2,11,1,2010,12,30,12,7,0,2,1,1,0,0,2,8,0,8,1,,,
201091502375,3,2,6,33,5,18.746,1,11,3,2010,22,44,34,0,0,1,3,1,2,1,2,8,0,1,4,,,
201091502380,6,2,6,33,5,131.223,2,11,4,2010,18,27,12,6,0,2,2,1,1,2,2,8,0,2,1,,,
201091502406,4,2,6,33,5,290.564,3,11,6,2010,16,49,12,1,0,2,1,10,1,2,2,8,0,2,1,,,
201091502416,2,2,6,33,5,9.373,2,11,2,2010,15,57,12,1,0,2,1,2,1,1,2,8,0,3,1,,,
201091502432,5,2,6,33,5,56.238,2,11,2,2010,14,23,12,1,0,2,1,1,1,1,2,8,0,2,1,,,
201091502451,4,2,6,33,5,290.564,2,12,6,2010,14,55,12,10,0,4,1,10,0,0,2,8,0,1,1,,,
201091502479,6,2,6,33,5,131.223,2,12,6,2010,23,50,12,6,0,4,3,1,1,1,2,8,0,1,1,,,
201091502490,4,2,6,33,5,290.564,2,12,2,2010,10,57,12,1,0,2,1,1,0,0,2,8,0,8,1,,,
201091502524,4,2,6,33,5,290.564,2,12,4,2010,9,4,12,1,0,2,1,1,0,0,2,8,0,2,1,,,
201091502562,4,2,6,33,5,290.564,1,12,4,2010,15,0,40,0,0,1,1,1,0,0,2,8,0,1,4,,,
201091502572,2,2,8,10,5,9.628,4,9,2,2010,19,55,12,1,0,1,3,1,3,1,1,1,2,1,1,,,
201091502573,4,2,8,10,5,298.471,2,9,4,2010,9,0,12,7,0,2,1,2,0,0,2,1,0,2,1,,,
201091502575,3,2,8,10,5,19.256,2,9,5,2010,23,30,14,0,0,1,3,1,3,1,2,1,1,1,7,,,
201091502599,3,2,8,10,5,19.256,2,11,2,2010,7,40,12,6,0,4,3,2,3,1,2,1,0,1,1,,,
201091502608,5,2,8,10,5,57.769,2,11,3,2010,17,30,12,6,0,4,3,2,2,1,2,1,0,1,1,,,
201091502617,6,2,8,10,5,134.793,1,12,2,2010,21,15,30,0,0,2,3,4,1,1,2,1,0,2,4,,,
201091502622,4,2,8,10,5,298.471,2,12,7,2010,15,15,12,7,0,1,1,10,0,0,2,1,0,1,1,,,